ISO-10303-21;
HEADER;
FILE_DESCRIPTION (( 'STEP AP214' ),
    '1' );
FILE_NAME ('70553-0001.STEP',
    '2022-02-22T01:53:33',
    ( '' ),
    ( '' ),
    'SwSTEP 2.0',
    'SolidWorks 2017',
    '' );
FILE_SCHEMA (( 'AUTOMOTIVE_DESIGN' ));
ENDSEC;

DATA;
#1 = ORIENTED_EDGE ( 'NONE', *, *, #651, .F. ) ;
#2 = DIRECTION ( 'NONE',  ( -0.0000000000000000000, -0.0000000000000000000, 1.000000000000000000 ) ) ;
#3 = LINE ( 'NONE', #133, #2290 ) ;
#4 = CARTESIAN_POINT ( 'NONE',  ( -0.05000000000000003700, 0.1650000000000002900, 0.3625000000000000400 ) ) ;
#5 = ORIENTED_EDGE ( 'NONE', *, *, #213, .T. ) ;
#6 = CARTESIAN_POINT ( 'NONE',  ( -3.414809992080329000E-017, 0.01500000000000026700, 0.5074999999999999500 ) ) ;
#7 = VECTOR ( 'NONE', #185, 39.37007874015748100 ) ;
#8 = DIRECTION ( 'NONE',  ( 0.0000000000000000000, -5.928489569583904600E-018, -1.000000000000000000 ) ) ;
#9 = ORIENTED_EDGE ( 'NONE', *, *, #557, .F. ) ;
#10 = ORIENTED_EDGE ( 'NONE', *, *, #1263, .T. ) ;
#11 = CARTESIAN_POINT ( 'NONE',  ( 0.03593045699263297500, -0.1091423857518413500, 0.01406954300736698900 ) ) ;
#12 = PLANE ( 'NONE',  #1395 ) ;
#13 = DIRECTION ( 'NONE',  ( -1.000000000000000000, 0.0000000000000000000, 0.0000000000000000000 ) ) ;
#14 = AXIS2_PLACEMENT_3D ( 'NONE', #477, #988, #228 ) ;
#15 = CARTESIAN_POINT ( 'NONE',  ( 0.06249999999999996500, 0.1270000000000002800, 0.1575000000000000000 ) ) ;
#16 = EDGE_CURVE ( 'NONE', #1125, #2377, #2268, .T. ) ;
#17 = CARTESIAN_POINT ( 'NONE',  ( 0.06249999999999997900, 0.1020000000000002700, 0.03749999999999997800 ) ) ;
#18 = CARTESIAN_POINT ( 'NONE',  ( -0.09000000000000002400, 0.2750000000000003000, 0.4174999999999999800 ) ) ;
#19 = LINE ( 'NONE', #1942, #1112 ) ;
#20 = CARTESIAN_POINT ( 'NONE',  ( 0.08999999999999996900, 0.2750000000000003000, 0.4174999999999999800 ) ) ;
#21 = FACE_OUTER_BOUND ( 'NONE', #2257, .T. ) ;
#22 = CARTESIAN_POINT ( 'NONE',  ( -0.05000000000000003700, 0.1650000000000002900, 0.1575000000000000300 ) ) ;
#23 = CARTESIAN_POINT ( 'NONE',  ( -0.1050000000000000200, 0.06500000000000026600, 0.1575000000000000300 ) ) ;
#24 = VERTEX_POINT ( 'NONE', #2368 ) ;
#25 = VECTOR ( 'NONE', #664, 39.37007874015748100 ) ;
#26 = AXIS2_PLACEMENT_3D ( 'NONE', #2246, #1760, #1788 ) ;
#27 = VERTEX_POINT ( 'NONE', #1426 ) ;
#28 = DIRECTION ( 'NONE',  ( 0.0000000000000000000, 1.000000000000000000, 0.0000000000000000000 ) ) ;
#29 = ORIENTED_EDGE ( 'NONE', *, *, #2868, .F. ) ;
#30 = CARTESIAN_POINT ( 'NONE',  ( 0.06499999999999996100, 0.01500000000000026700, 0.05750000000000000200 ) ) ;
#31 = EDGE_CURVE ( 'NONE', #773, #2233, #2562, .T. ) ;
#32 = LINE ( 'NONE', #238, #2575 ) ;
#33 = DIRECTION ( 'NONE',  ( 1.000000000000000000, 0.0000000000000000000, -0.0000000000000000000 ) ) ;
#34 = ORIENTED_EDGE ( 'NONE', *, *, #353, .T. ) ;
#35 = DIRECTION ( 'NONE',  ( 0.0000000000000000000, 0.9659258262890689800, -0.2588190451025181300 ) ) ;
#36 = VECTOR ( 'NONE', #2794, 39.37007874015748900 ) ;
#37 = VERTEX_POINT ( 'NONE', #2172 ) ;
#38 = EDGE_CURVE ( 'NONE', #2307, #1984, #621, .T. ) ;
#39 = VECTOR ( 'NONE', #740, 39.37007874015748100 ) ;
#40 = VERTEX_POINT ( 'NONE', #1676 ) ;
#41 = DIRECTION ( 'NONE',  ( 0.0000000000000000000, 0.0000000000000000000, 1.000000000000000000 ) ) ;
#42 = CARTESIAN_POINT ( 'NONE',  ( 0.1449999999999999600, 0.01500000000000026700, 0.05750000000000000200 ) ) ;
#43 = LINE ( 'NONE', #1508, #2582 ) ;
#44 = ORIENTED_EDGE ( 'NONE', *, *, #691, .T. ) ;
#45 = CARTESIAN_POINT ( 'NONE',  ( -0.05000000000000004400, 0.2050000000000002700, 0.3825000000000000100 ) ) ;
#46 = DIRECTION ( 'NONE',  ( -0.0000000000000000000, 1.000000000000000000, 0.0000000000000000000 ) ) ;
#47 = LINE ( 'NONE', #2263, #229 ) ;
#48 = ORIENTED_EDGE ( 'NONE', *, *, #1492, .T. ) ;
#49 = ORIENTED_EDGE ( 'NONE', *, *, #1335, .T. ) ;
#50 = CARTESIAN_POINT ( 'NONE',  ( 0.08999999999999994100, 0.2350000000000002900, 0.5074999999999999500 ) ) ;
#51 = AXIS2_PLACEMENT_3D ( 'NONE', #3185, #661, #1910 ) ;
#52 = EDGE_CURVE ( 'NONE', #2994, #189, #431, .T. ) ;
#53 = LINE ( 'NONE', #2937, #1495 ) ;
#54 = VERTEX_POINT ( 'NONE', #638 ) ;
#55 = CARTESIAN_POINT ( 'NONE',  ( -0.03750000000000002600, 0.07500000000000027500, -0.02749999999999997900 ) ) ;
#56 = VERTEX_POINT ( 'NONE', #663 ) ;
#57 = CARTESIAN_POINT ( 'NONE',  ( -0.06250000000000002800, 0.1270000000000002800, 0.3824999999999999000 ) ) ;
#58 = LINE ( 'NONE', #2395, #1881 ) ;
#59 = EDGE_LOOP ( 'NONE', ( #1376, #2765, #2427, #2927 ) ) ;
#60 = DIRECTION ( 'NONE',  ( -1.000000000000000000, 0.0000000000000000000, 0.0000000000000000000 ) ) ;
#61 = DIRECTION ( 'NONE',  ( -8.537024980200826700E-016, 0.0000000000000000000, 1.000000000000000000 ) ) ;
#62 = DIRECTION ( 'NONE',  ( -1.000000000000000000, -0.0000000000000000000, -0.0000000000000000000 ) ) ;
#63 = VERTEX_POINT ( 'NONE', #2636 ) ;
#64 = LINE ( 'NONE', #167, #3090 ) ;
#65 = AXIS2_PLACEMENT_3D ( 'NONE', #943, #2174, #1183 ) ;
#66 = EDGE_CURVE ( 'NONE', #3098, #815, #202, .T. ) ;
#67 = ORIENTED_EDGE ( 'NONE', *, *, #1121, .T. ) ;
#68 = LINE ( 'NONE', #512, #1343 ) ;
#69 = ORIENTED_EDGE ( 'NONE', *, *, #2311, .T. ) ;
#70 = EDGE_CURVE ( 'NONE', #1284, #2432, #3082, .T. ) ;
#71 = DIRECTION ( 'NONE',  ( -1.000000000000000000, 0.0000000000000000000, 0.0000000000000000000 ) ) ;
#72 = VECTOR ( 'NONE', #561, 39.37007874015748100 ) ;
#73 = CARTESIAN_POINT ( 'NONE',  ( -0.06406954300736704400, 0.1004304569926332800, 0.3766423857518416700 ) ) ;
#74 = ORIENTED_EDGE ( 'NONE', *, *, #2137, .F. ) ;
#75 = CARTESIAN_POINT ( 'NONE',  ( 0.06249999999999996500, 0.1150000000000002800, -0.02749999999999997900 ) ) ;
#76 = EDGE_CURVE ( 'NONE', #736, #245, #830, .T. ) ;
#77 = LINE ( 'NONE', #2603, #728 ) ;
#78 = EDGE_LOOP ( 'NONE', ( #1177, #576, #1271, #1740, #958, #2819, #2550, #3115, #1836, #169 ) ) ;
#79 = VECTOR ( 'NONE', #450, 39.37007874015748100 ) ;
#80 = ORIENTED_EDGE ( 'NONE', *, *, #274, .T. ) ;
#81 = DIRECTION ( 'NONE',  ( 0.0000000000000000000, -5.928489569583904600E-018, -1.000000000000000000 ) ) ;
#82 = ORIENTED_EDGE ( 'NONE', *, *, #645, .F. ) ;
#83 = CARTESIAN_POINT ( 'NONE',  ( 0.1249999999999999400, 0.2550000000000002800, 0.5074999999999999500 ) ) ;
#84 = CARTESIAN_POINT ( 'NONE',  ( 0.03749999999999996400, 0.1020000000000003000, 0.03749999999999997800 ) ) ;
#85 = ORIENTED_EDGE ( 'NONE', *, *, #2909, .F. ) ;
#86 = MANIFOLD_SOLID_BREP ( 'Body-Move/Copy1[1]', #478 ) ;
#87 = CARTESIAN_POINT ( 'NONE',  ( 0.1449999999999999600, 0.2050000000000002700, 0.3825000000000000100 ) ) ;
#88 = DIRECTION ( 'NONE',  ( 0.0000000000000000000, -0.0000000000000000000, 1.000000000000000000 ) ) ;
#89 = SURFACE_STYLE_FILL_AREA ( #901 ) ;
#90 = PLANE ( 'NONE',  #384 ) ;
#91 = EDGE_CURVE ( 'NONE', #2867, #406, #276, .T. ) ;
#92 = SURFACE_STYLE_FILL_AREA ( #926 ) ;
#93 = VECTOR ( 'NONE', #62, 39.37007874015748100 ) ;
#94 = VERTEX_POINT ( 'NONE', #2878 ) ;
#95 = DIRECTION ( 'NONE',  ( 0.0000000000000000000, 0.2588190451025176900, -0.9659258262890692000 ) ) ;
#96 = ADVANCED_FACE ( 'NONE', ( #3004 ), #2182, .T. ) ;
#97 = FACE_OUTER_BOUND ( 'NONE', #2579, .T. ) ;
#98 = ORIENTED_EDGE ( 'NONE', *, *, #520, .F. ) ;
#99 = VECTOR ( 'NONE', #1381, 39.37007874015748900 ) ;
#100 = CARTESIAN_POINT ( 'NONE',  ( -0.09000000000000002400, 0.2750000000000003000, 0.05750000000000000200 ) ) ;
#101 = ORIENTED_EDGE ( 'NONE', *, *, #2952, .T. ) ;
#102 = FACE_OUTER_BOUND ( 'NONE', #424, .T. ) ;
#103 = VERTEX_POINT ( 'NONE', #1446 ) ;
#104 = DIRECTION ( 'NONE',  ( 0.2505628070857284200, 0.9351131265310309600, -0.2505628070857287600 ) ) ;
#105 = CARTESIAN_POINT ( 'NONE',  ( 0.07999999999999996000, 2.731847993664263200E-016, 0.05749999999999996800 ) ) ;
#106 = LINE ( 'NONE', #1686, #2013 ) ;
#107 = VERTEX_POINT ( 'NONE', #231 ) ;
#108 = CARTESIAN_POINT ( 'NONE',  ( -0.03750000000000003300, -0.1149999999999995200, -0.01250000000000000200 ) ) ;
#109 = LINE ( 'NONE', #2561, #2016 ) ;
#110 = ORIENTED_EDGE ( 'NONE', *, *, #1028, .T. ) ;
#111 = EDGE_CURVE ( 'NONE', #2233, #1227, #2834, .T. ) ;
#112 = CARTESIAN_POINT ( 'NONE',  ( 0.06249999999999997900, 0.1020000000000002700, 0.3824999999999998400 ) ) ;
#113 = VECTOR ( 'NONE', #2390, 39.37007874015748100 ) ;
#114 = ORIENTED_EDGE ( 'NONE', *, *, #52, .F. ) ;
#115 = LINE ( 'NONE', #1577, #1681 ) ;
#116 = CARTESIAN_POINT ( 'NONE',  ( 0.06249999999999997900, -0.1149999999999995200, -0.01250000000000000200 ) ) ;
#117 = VERTEX_POINT ( 'NONE', #2973 ) ;
#118 = DIRECTION ( 'NONE',  ( -1.000000000000000000, 0.0000000000000000000, 0.0000000000000000000 ) ) ;
#119 = DIRECTION ( 'NONE',  ( -1.000000000000000000, 0.0000000000000000000, 0.0000000000000000000 ) ) ;
#120 = EDGE_LOOP ( 'NONE', ( #1328, #67, #797, #2146 ) ) ;
#121 = CARTESIAN_POINT ( 'NONE',  ( -0.02000000000000003500, 0.06500000000000026600, 0.5074999999999999500 ) ) ;
#122 = EDGE_CURVE ( 'NONE', #1122, #1088, #53, .T. ) ;
#123 = CARTESIAN_POINT ( 'NONE',  ( -0.05936091398526600200, 0.1238609139852662300, 0.3942152284963162900 ) ) ;
#124 = VERTEX_POINT ( 'NONE', #3188 ) ;
#125 = VECTOR ( 'NONE', #234, 39.37007874015748100 ) ;
#126 = ORIENTED_EDGE ( 'NONE', *, *, #956, .F. ) ;
#127 = ORIENTED_EDGE ( 'NONE', *, *, #3214, .T. ) ;
#128 = VECTOR ( 'NONE', #2326, 39.37007874015748100 ) ;
#129 = CARTESIAN_POINT ( 'NONE',  ( 0.05848076211353314700, -0.1299999999999997000, -0.01250000000000000200 ) ) ;
#130 = EDGE_CURVE ( 'NONE', #718, #346, #1956, .T. ) ;
#131 = ORIENTED_EDGE ( 'NONE', *, *, #52, .T. ) ;
#132 = VECTOR ( 'NONE', #2223, 39.37007874015748100 ) ;
#133 = CARTESIAN_POINT ( 'NONE',  ( -3.414809992080329000E-017, 0.04500000000000026900, 0.5074999999999999500 ) ) ;
#134 = ORIENTED_EDGE ( 'NONE', *, *, #2518, .T. ) ;
#135 = LINE ( 'NONE', #1275, #1742 ) ;
#136 = CARTESIAN_POINT ( 'NONE',  ( 0.1449999999999999600, 0.2750000000000003000, 0.5074999999999999500 ) ) ;
#137 = LINE ( 'NONE', #2528, #1552 ) ;
#138 = ORIENTED_EDGE ( 'NONE', *, *, #325, .F. ) ;
#139 = ORIENTED_EDGE ( 'NONE', *, *, #2557, .T. ) ;
#140 =( CONVERSION_BASED_UNIT ( 'INCH', #506 ) LENGTH_UNIT ( ) NAMED_UNIT ( #524 ) );
#141 = CIRCLE ( 'NONE', #1728, 0.03999999999999998000 ) ;
#142 = ORIENTED_EDGE ( 'NONE', *, *, #1766, .F. ) ;
#143 = PRESENTATION_LAYER_ASSIGNMENT (  '', '', ( #428 ) ) ;
#144 = CARTESIAN_POINT ( 'NONE',  ( -0.06250000000000002800, 0.07500000000000027500, 0.05750000000000000200 ) ) ;
#145 = VECTOR ( 'NONE', #2000, 39.37007874015748100 ) ;
#146 = ORIENTED_EDGE ( 'NONE', *, *, #1084, .F. ) ;
#147 = DIRECTION ( 'NONE',  ( -1.000000000000000000, 0.0000000000000000000, 0.0000000000000000000 ) ) ;
#148 = EDGE_CURVE ( 'NONE', #1469, #2853, #19, .T. ) ;
#149 = FACE_OUTER_BOUND ( 'NONE', #2096, .T. ) ;
#150 = AXIS2_PLACEMENT_3D ( 'NONE', #1874, #634, #3110 ) ;
#151 = ORIENTED_EDGE ( 'NONE', *, *, #710, .F. ) ;
#152 = DIRECTION ( 'NONE',  ( -1.000000000000000000, 0.0000000000000000000, 0.0000000000000000000 ) ) ;
#153 = EDGE_LOOP ( 'NONE', ( #2349, #915, #1895, #973, #3126, #205, #1915, #1639, #2418, #1056 ) ) ;
#154 = EDGE_CURVE ( 'NONE', #2940, #3122, #746, .T. ) ;
#155 = DIRECTION ( 'NONE',  ( -1.000000000000000000, -0.0000000000000000000, 0.0000000000000000000 ) ) ;
#156 = CARTESIAN_POINT ( 'NONE',  ( 0.03749999999999997800, 0.07700000000000026300, -0.01250000000000000200 ) ) ;
#157 = ADVANCED_FACE ( 'NONE', ( #1333 ), #1695, .T. ) ;
#158 = DIRECTION ( 'NONE',  ( -0.0000000000000000000, 0.0000000000000000000, -1.000000000000000000 ) ) ;
#159 = CARTESIAN_POINT ( 'NONE',  ( 0.1739999999999999300, 0.1850000000000002800, 0.3825000000000000100 ) ) ;
#160 = AXIS2_PLACEMENT_3D ( 'NONE', #2617, #3132, #3120 ) ;
#161 = FILL_AREA_STYLE_COLOUR ( '', #1994 ) ;
#162 = DIRECTION ( 'NONE',  ( 0.0000000000000000000, 1.000000000000000000, -0.0000000000000000000 ) ) ;
#163 = ORIENTED_EDGE ( 'NONE', *, *, #2798, .F. ) ;
#164 = VECTOR ( 'NONE', #1912, 39.37007874015748100 ) ;
#165 = VECTOR ( 'NONE', #1261, 39.37007874015748100 ) ;
#166 = EDGE_CURVE ( 'NONE', #1125, #1043, #3156, .T. ) ;
#167 = CARTESIAN_POINT ( 'NONE',  ( 0.06249999999999997900, -0.1149999999999995200, -0.01250000000000000200 ) ) ;
#168 = VERTEX_POINT ( 'NONE', #240 ) ;
#169 = ORIENTED_EDGE ( 'NONE', *, *, #3167, .T. ) ;
#170 = DIMENSIONAL_EXPONENTS ( 1.000000000000000000, 0.0000000000000000000, 0.0000000000000000000, 0.0000000000000000000, 0.0000000000000000000, 0.0000000000000000000, 0.0000000000000000000 ) ;
#171 = ORIENTED_EDGE ( 'NONE', *, *, #122, .F. ) ;
#172 = CARTESIAN_POINT ( 'NONE',  ( -0.06250000000000002800, 0.1170000000000002700, 0.007499999999999988400 ) ) ;
#173 = EDGE_CURVE ( 'NONE', #2994, #2394, #2333, .T. ) ;
#174 = VECTOR ( 'NONE', #2281, 39.37007874015748100 ) ;
#175 = VERTEX_POINT ( 'NONE', #995 ) ;
#176 = DIRECTION ( 'NONE',  ( -1.000000000000000000, -0.0000000000000000000, -0.0000000000000000000 ) ) ;
#177 = CYLINDRICAL_SURFACE ( 'NONE', #906, 0.03999999999999998000 ) ;
#178 = ORIENTED_EDGE ( 'NONE', *, *, #2347, .T. ) ;
#179 = UNCERTAINTY_MEASURE_WITH_UNIT (LENGTH_MEASURE( 1.000000000000000100E-005 ), #140, 'distance_accuracy_value', 'NONE');
#180 = DIRECTION ( 'NONE',  ( 0.2505628070857284200, 0.9351131265310309600, 0.2505628070857287600 ) ) ;
#181 = LINE ( 'NONE', #613, #2930 ) ;
#182 = ORIENTED_EDGE ( 'NONE', *, *, #2546, .T. ) ;
#183 = PRESENTATION_LAYER_ASSIGNMENT (  '', '', ( #1682 ) ) ;
#184 = FACE_OUTER_BOUND ( 'NONE', #1848, .T. ) ;
#185 = DIRECTION ( 'NONE',  ( 1.000000000000000000, -0.0000000000000000000, 0.0000000000000000000 ) ) ;
#186 = VERTEX_POINT ( 'NONE', #1224 ) ;
#187 = VECTOR ( 'NONE', #2957, 39.37007874015748100 ) ;
#188 = DIRECTION ( 'NONE',  ( 0.0000000000000000000, 0.0000000000000000000, 1.000000000000000000 ) ) ;
#189 = VERTEX_POINT ( 'NONE', #2709 ) ;
#190 = DIRECTION ( 'NONE',  ( 0.0000000000000000000, 0.0000000000000000000, 1.000000000000000000 ) ) ;
#191 = ADVANCED_FACE ( 'NONE', ( #1803 ), #739, .T. ) ;
#192 = LINE ( 'NONE', #1318, #3071 ) ;
#193 = DIRECTION ( 'NONE',  ( -1.000000000000000000, -0.0000000000000000000, -0.0000000000000000000 ) ) ;
#194 = ORIENTED_EDGE ( 'NONE', *, *, #2471, .T. ) ;
#195 = EDGE_CURVE ( 'NONE', #1435, #56, #997, .T. ) ;
#196 = ORIENTED_EDGE ( 'NONE', *, *, #845, .F. ) ;
#197 = CARTESIAN_POINT ( 'NONE',  ( 0.1249999999999999600, 0.1750000000000002900, 0.2824999999999999700 ) ) ;
#198 = CARTESIAN_POINT ( 'NONE',  ( -0.1050000000000000200, 0.06500000000000026600, 0.4874999999999999900 ) ) ;
#199 = CARTESIAN_POINT ( 'NONE',  ( 0.06249999999999997900, 0.07700000000000026300, 0.01249999999999996900 ) ) ;
#200 = CARTESIAN_POINT ( 'NONE',  ( -0.06250000000000002800, 0.1270000000000002800, 0.3975000000000000200 ) ) ;
#201 = ADVANCED_FACE ( 'NONE', ( #468 ), #207, .F. ) ;
#202 = LINE ( 'NONE', #3162, #1184 ) ;
#203 = LINE ( 'NONE', #1033, #2334 ) ;
#204 = CARTESIAN_POINT ( 'NONE',  ( -0.1450000000000000200, 0.2750000000000003000, 0.05750000000000000200 ) ) ;
#205 = ORIENTED_EDGE ( 'NONE', *, *, #1926, .F. ) ;
#206 = AXIS2_PLACEMENT_3D ( 'NONE', #2503, #1526, #33 ) ;
#207 = PLANE ( 'NONE',  #2425 ) ;
#208 = FACE_OUTER_BOUND ( 'NONE', #2843, .T. ) ;
#209 = CARTESIAN_POINT ( 'NONE',  ( -0.09000000000000002400, 0.2350000000000002900, 0.5074999999999999500 ) ) ;
#210 = CARTESIAN_POINT ( 'NONE',  ( 0.04999999999999996800, 0.2350000000000002900, 0.4174999999999999800 ) ) ;
#211 = ORIENTED_EDGE ( 'NONE', *, *, #2524, .T. ) ;
#212 = LINE ( 'NONE', #3200, #1303 ) ;
#213 = EDGE_CURVE ( 'NONE', #3187, #947, #3116, .T. ) ;
#214 = ORIENTED_EDGE ( 'NONE', *, *, #2979, .T. ) ;
#215 = VECTOR ( 'NONE', #1304, 39.37007874015748900 ) ;
#216 = DIRECTION ( 'NONE',  ( -0.0000000000000000000, -1.000000000000000000, 0.0000000000000000000 ) ) ;
#217 = ORIENTED_EDGE ( 'NONE', *, *, #166, .F. ) ;
#218 = PLANE ( 'NONE',  #1276 ) ;
#219 = LINE ( 'NONE', #1839, #3174 ) ;
#220 = DIRECTION ( 'NONE',  ( 0.0000000000000000000, -5.928489569583904600E-018, -1.000000000000000000 ) ) ;
#221 = EDGE_LOOP ( 'NONE', ( #1971, #2440, #318, #256, #2572, #2061 ) ) ;
#222 = CARTESIAN_POINT ( 'NONE',  ( -0.1050000000000000100, 0.2050000000000002700, 0.3825000000000000100 ) ) ;
#223 = VECTOR ( 'NONE', #2753, 39.37007874015748100 ) ;
#224 = EDGE_LOOP ( 'NONE', ( #1790, #1675, #1390, #1978 ) ) ;
#225 = LINE ( 'NONE', #1614, #2126 ) ;
#226 = ORIENTED_EDGE ( 'NONE', *, *, #334, .T. ) ;
#227 = AXIS2_PLACEMENT_3D ( 'NONE', #2976, #1498, #13 ) ;
#228 = DIRECTION ( 'NONE',  ( 0.0000000000000000000, 0.0000000000000000000, -1.000000000000000000 ) ) ;
#229 = VECTOR ( 'NONE', #2002, 39.37007874015748100 ) ;
#230 = ORIENTED_EDGE ( 'NONE', *, *, #1519, .F. ) ;
#231 = CARTESIAN_POINT ( 'NONE',  ( -0.03750000000000003300, 0.07700000000000027700, -0.01250000000000000200 ) ) ;
#232 = DIRECTION ( 'NONE',  ( -1.000000000000000000, 0.0000000000000000000, -0.0000000000000000000 ) ) ;
#233 = EDGE_CURVE ( 'NONE', #2751, #609, #1868, .T. ) ;
#234 = DIRECTION ( 'NONE',  ( 0.0000000000000000000, 1.000000000000000000, 0.0000000000000000000 ) ) ;
#235 = ORIENTED_EDGE ( 'NONE', *, *, #1560, .T. ) ;
#236 = DIRECTION ( 'NONE',  ( -0.0000000000000000000, 1.000000000000000000, 0.0000000000000000000 ) ) ;
#237 = EDGE_CURVE ( 'NONE', #2481, #2421, #1210, .T. ) ;
#238 = CARTESIAN_POINT ( 'NONE',  ( -0.06250000000000002800, 0.1270000000000002800, 0.3975000000000000200 ) ) ;
#239 = CARTESIAN_POINT ( 'NONE',  ( -0.03750000000000003300, 0.07700000000000027700, 0.03750000000000001200 ) ) ;
#240 = CARTESIAN_POINT ( 'NONE',  ( -0.09500000000001002100, 0.01500000000000024900, 0.5075000000000000600 ) ) ;
#241 = DIRECTION ( 'NONE',  ( 0.7071067811865474600, 0.7071067811865474600, 0.0000000000000000000 ) ) ;
#242 = CARTESIAN_POINT ( 'NONE',  ( 0.1049999999999999500, 0.1850000000000002800, 0.3825000000000000100 ) ) ;
#243 = LINE ( 'NONE', #1216, #393 ) ;
#244 = EDGE_CURVE ( 'NONE', #107, #1197, #989, .T. ) ;
#245 = VERTEX_POINT ( 'NONE', #2773 ) ;
#246 = DIRECTION ( 'NONE',  ( -1.000000000000000000, 0.0000000000000000000, 0.0000000000000000000 ) ) ;
#247 = DIRECTION ( 'NONE',  ( 0.0000000000000000000, 0.7071067811865475700, -0.7071067811865475700 ) ) ;
#248 = LINE ( 'NONE', #507, #2602 ) ;
#249 = EDGE_LOOP ( 'NONE', ( #1941, #98, #888, #3150, #977, #1708, #2020, #284 ) ) ;
#250 = DIRECTION ( 'NONE',  ( 0.0000000000000000000, 0.0000000000000000000, -1.000000000000000000 ) ) ;
#251 = LINE ( 'NONE', #2663, #756 ) ;
#252 = CARTESIAN_POINT ( 'NONE',  ( -0.03750000000000003300, -0.1299999999999997000, 0.01249999999999996900 ) ) ;
#253 = VERTEX_POINT ( 'NONE', #794 ) ;
#254 = EDGE_CURVE ( 'NONE', #2372, #485, #265, .T. ) ;
#255 = VECTOR ( 'NONE', #2933, 39.37007874015748100 ) ;
#256 = ORIENTED_EDGE ( 'NONE', *, *, #3043, .T. ) ;
#257 = DIRECTION ( 'NONE',  ( 0.5773502691896259500, 0.5773502691896259500, 0.5773502691896255100 ) ) ;
#258 = ORIENTED_EDGE ( 'NONE', *, *, #1560, .F. ) ;
#259 = FACE_OUTER_BOUND ( 'NONE', #417, .T. ) ;
#260 = CARTESIAN_POINT ( 'NONE',  ( 0.03749999999999996400, 0.07700000000000027700, 0.03750000000000001200 ) ) ;
#261 = ORIENTED_EDGE ( 'NONE', *, *, #818, .F. ) ;
#262 = VECTOR ( 'NONE', #1940, 39.37007874015748900 ) ;
#263 = SURFACE_SIDE_STYLE ('',( #2148 ) ) ;
#264 = ORIENTED_EDGE ( 'NONE', *, *, #1321, .T. ) ;
#265 = LINE ( 'NONE', #20, #2825 ) ;
#266 = VERTEX_POINT ( 'NONE', #3024 ) ;
#267 = DIRECTION ( 'NONE',  ( -0.0000000000000000000, -0.0000000000000000000, -1.000000000000000000 ) ) ;
#268 = CARTESIAN_POINT ( 'NONE',  ( -0.06250000000000002800, 0.07700000000000027700, 0.03750000000000001200 ) ) ;
#269 = ORIENTED_EDGE ( 'NONE', *, *, #3145, .F. ) ;
#270 = DIRECTION ( 'NONE',  ( 0.2505628070857294800, -0.2505628070857291400, -0.9351131265310304000 ) ) ;
#271 = EDGE_CURVE ( 'NONE', #37, #516, #2787, .T. ) ;
#272 = VERTEX_POINT ( 'NONE', #1782 ) ;
#273 = CARTESIAN_POINT ( 'NONE',  ( -0.05936091398526603000, -0.1267152284963158900, -0.009360913985265997500 ) ) ;
#274 = EDGE_CURVE ( 'NONE', #1094, #2808, #2989, .T. ) ;
#275 = CARTESIAN_POINT ( 'NONE',  ( 0.06249999999999996500, 0.07700000000000026300, 0.01249999999999996900 ) ) ;
#276 = LINE ( 'NONE', #1665, #586 ) ;
#277 = CYLINDRICAL_SURFACE ( 'NONE', #1034, 0.02500000000000002200 ) ;
#278 = EDGE_CURVE ( 'NONE', #1094, #2386, #47, .T. ) ;
#279 = DIRECTION ( 'NONE',  ( 0.0000000000000000000, -1.000000000000000000, -0.0000000000000000000 ) ) ;
#280 = ORIENTED_EDGE ( 'NONE', *, *, #479, .F. ) ;
#281 = ORIENTED_EDGE ( 'NONE', *, *, #3000, .T. ) ;
#282 = LINE ( 'NONE', #833, #472 ) ;
#283 = CARTESIAN_POINT ( 'NONE',  ( -0.06250000000000002800, 0.1020000000000002700, 0.03749999999999997800 ) ) ;
#284 = ORIENTED_EDGE ( 'NONE', *, *, #1359, .T. ) ;
#285 = FACE_OUTER_BOUND ( 'NONE', #1383, .T. ) ;
#286 = CARTESIAN_POINT ( 'NONE',  ( 0.1249999999999999600, 0.1150000000000002800, -0.02749999999999997900 ) ) ;
#287 = ORIENTED_EDGE ( 'NONE', *, *, #432, .F. ) ;
#288 = CARTESIAN_POINT ( 'NONE',  ( -0.1250000000000000300, 0.1450000000000002700, 0.007499999999999988400 ) ) ;
#289 = EDGE_CURVE ( 'NONE', #919, #1787, #1066, .T. ) ;
#290 = AXIS2_PLACEMENT_3D ( 'NONE', #1535, #41, #1791 ) ;
#291 = VECTOR ( 'NONE', #2500, 39.37007874015748100 ) ;
#292 = CARTESIAN_POINT ( 'NONE',  ( 0.06249999999999997900, -0.1299999999999997000, 0.008480762113533131900 ) ) ;
#293 = ORIENTED_EDGE ( 'NONE', *, *, #2776, .T. ) ;
#294 = DIRECTION ( 'NONE',  ( 0.0000000000000000000, -0.0000000000000000000, 1.000000000000000000 ) ) ;
#295 = CARTESIAN_POINT ( 'NONE',  ( -0.03750000000000003300, -0.1299999999999997000, -0.01250000000000000200 ) ) ;
#296 = LINE ( 'NONE', #2112, #2578 ) ;
#297 = EDGE_LOOP ( 'NONE', ( #2547, #1459, #2581, #2069 ) ) ;
#298 = EDGE_CURVE ( 'NONE', #1883, #1100, #2128, .T. ) ;
#299 = CIRCLE ( 'NONE', #1490, 0.02500000000000004000 ) ;
#300 = VERTEX_POINT ( 'NONE', #2273 ) ;
#301 = DIRECTION ( 'NONE',  ( -1.000000000000000000, 0.0000000000000000000, 0.0000000000000000000 ) ) ;
#302 = EDGE_CURVE ( 'NONE', #2088, #94, #1947, .T. ) ;
#303 = PRODUCT_DEFINITION_CONTEXT ( 'detailed design', #407, 'design' ) ;
#304 = DIRECTION ( 'NONE',  ( 0.0000000000000000000, 0.0000000000000000000, -1.000000000000000000 ) ) ;
#305 = VECTOR ( 'NONE', #1037, 39.37007874015748100 ) ;
#306 = EDGE_LOOP ( 'NONE', ( #2729, #2325, #689, #511 ) ) ;
#307 = DIRECTION ( 'NONE',  ( 1.000000000000000000, 0.0000000000000000000, -0.0000000000000000000 ) ) ;
#308 = FACE_OUTER_BOUND ( 'NONE', #3093, .T. ) ;
#309 = CARTESIAN_POINT ( 'NONE',  ( -0.09000000000000002400, 0.2750000000000003000, 0.3825000000000000100 ) ) ;
#310 = ORIENTED_EDGE ( 'NONE', *, *, #604, .T. ) ;
#311 = EDGE_LOOP ( 'NONE', ( #214, #1556, #2167, #354 ) ) ;
#312 = CARTESIAN_POINT ( 'NONE',  ( 0.03749999999999996400, 0.1450000000000002700, 0.007499999999999988400 ) ) ;
#313 = ORIENTED_EDGE ( 'NONE', *, *, #2632, .F. ) ;
#314 = CARTESIAN_POINT ( 'NONE',  ( -0.1450000000000000200, 0.2750000000000003000, 0.3825000000000000100 ) ) ;
#315 = CARTESIAN_POINT ( 'NONE',  ( 0.03749999999999997800, -0.1299999999999997000, 0.01249999999999996900 ) ) ;
#316 = EDGE_CURVE ( 'NONE', #702, #2484, #1286, .T. ) ;
#317 = ADVANCED_FACE ( 'NONE', ( #1794 ), #529, .F. ) ;
#318 = ORIENTED_EDGE ( 'NONE', *, *, #1727, .T. ) ;
#319 = FACE_OUTER_BOUND ( 'NONE', #3208, .T. ) ;
#320 = ORIENTED_EDGE ( 'NONE', *, *, #3124, .F. ) ;
#321 = DIRECTION ( 'NONE',  ( 0.0000000000000000000, -0.0000000000000000000, 1.000000000000000000 ) ) ;
#322 = VERTEX_POINT ( 'NONE', #2515 ) ;
#323 = LINE ( 'NONE', #3003, #2338 ) ;
#324 = CARTESIAN_POINT ( 'NONE',  ( -0.1449999999999999900, 0.2050000000000002700, 0.3825000000000000100 ) ) ;
#325 = EDGE_CURVE ( 'NONE', #581, #1959, #1136, .T. ) ;
#326 = CARTESIAN_POINT ( 'NONE',  ( -0.02000000000000003200, 0.01500000000000026700, 0.1575000000000000300 ) ) ;
#327 = VERTEX_POINT ( 'NONE', #2032 ) ;
#328 = VECTOR ( 'NONE', #331, 39.37007874015748100 ) ;
#329 = AXIS2_PLACEMENT_3D ( 'NONE', #3080, #1326, #2079 ) ;
#330 = ORIENTED_EDGE ( 'NONE', *, *, #2365, .F. ) ;
#331 = DIRECTION ( 'NONE',  ( -0.0000000000000000000, -0.0000000000000000000, -1.000000000000000000 ) ) ;
#332 = LINE ( 'NONE', #1315, #215 ) ;
#333 = ORIENTED_EDGE ( 'NONE', *, *, #754, .T. ) ;
#334 = EDGE_CURVE ( 'NONE', #677, #2098, #611, .T. ) ;
#335 = AXIS2_PLACEMENT_3D ( 'NONE', #537, #2041, #1554 ) ;
#336 = DIRECTION ( 'NONE',  ( 0.0000000000000000000, 1.000000000000000000, 0.0000000000000000000 ) ) ;
#337 = ADVANCED_FACE ( 'NONE', ( #308 ), #2522, .F. ) ;
#338 = VERTEX_POINT ( 'NONE', #1295 ) ;
#339 = EDGE_CURVE ( 'NONE', #712, #1187, #1832, .T. ) ;
#340 = FACE_OUTER_BOUND ( 'NONE', #249, .T. ) ;
#341 = ORIENTED_EDGE ( 'NONE', *, *, #1245, .T. ) ;
#342 = FACE_OUTER_BOUND ( 'NONE', #1117, .T. ) ;
#343 = ORIENTED_EDGE ( 'NONE', *, *, #2276, .F. ) ;
#344 = CARTESIAN_POINT ( 'NONE',  ( -3.414809992080329000E-017, 0.1150000000000002800, 0.05750000000000000200 ) ) ;
#345 = VECTOR ( 'NONE', #572, 39.37007874015748100 ) ;
#346 = VERTEX_POINT ( 'NONE', #2015 ) ;
#347 = ORIENTED_EDGE ( 'NONE', *, *, #1398, .T. ) ;
#348 = PLANE ( 'NONE',  #2514 ) ;
#349 = EDGE_CURVE ( 'NONE', #581, #1903, #2021, .T. ) ;
#350 = DIRECTION ( 'NONE',  ( 0.0000000000000000000, -0.7071067811865475700, -0.7071067811865475700 ) ) ;
#351 = AXIS2_PLACEMENT_3D ( 'NONE', #1060, #1544, #2250 ) ;
#352 = DIRECTION ( 'NONE',  ( 0.0000000000000000000, 1.000000000000000000, -0.0000000000000000000 ) ) ;
#353 = EDGE_CURVE ( 'NONE', #2261, #40, #2355, .T. ) ;
#354 = ORIENTED_EDGE ( 'NONE', *, *, #302, .F. ) ;
#355 = LINE ( 'NONE', #1282, #1656 ) ;
#356 = PLANE ( 'NONE',  #515 ) ;
#357 = ORIENTED_EDGE ( 'NONE', *, *, #2407, .T. ) ;
#358 = EDGE_LOOP ( 'NONE', ( #3065, #1482, #1657, #2278 ) ) ;
#359 = FACE_OUTER_BOUND ( 'NONE', #391, .T. ) ;
#360 = PLANE ( 'NONE',  #1964 ) ;
#361 = VERTEX_POINT ( 'NONE', #2802 ) ;
#362 = ADVANCED_FACE ( 'NONE', ( #2943 ), #2998, .T. ) ;
#363 = ORIENTED_EDGE ( 'NONE', *, *, #1551, .F. ) ;
#364 = PLANE ( 'NONE',  #3023 ) ;
#365 = FACE_OUTER_BOUND ( 'NONE', #1302, .T. ) ;
#366 = EDGE_LOOP ( 'NONE', ( #1441, #1749, #1811, #1347 ) ) ;
#367 = CARTESIAN_POINT ( 'NONE',  ( 0.01999999999999996200, 0.01500000000000026700, 0.1575000000000000300 ) ) ;
#368 = LINE ( 'NONE', #1623, #801 ) ;
#369 = ORIENTED_EDGE ( 'NONE', *, *, #31, .T. ) ;
#370 = LINE ( 'NONE', #2275, #484 ) ;
#371 = ORIENTED_EDGE ( 'NONE', *, *, #1619, .T. ) ;
#372 = EDGE_CURVE ( 'NONE', #810, #322, #2292, .T. ) ;
#373 = PLANE ( 'NONE',  #2672 ) ;
#374 = FACE_OUTER_BOUND ( 'NONE', #435, .T. ) ;
#375 = ORIENTED_EDGE ( 'NONE', *, *, #1985, .T. ) ;
#376 = VECTOR ( 'NONE', #1329, 39.37007874015748100 ) ;
#377 = DIRECTION ( 'NONE',  ( 0.0000000000000000000, 0.0000000000000000000, 1.000000000000000000 ) ) ;
#378 = ORIENTED_EDGE ( 'NONE', *, *, #3070, .T. ) ;
#379 = ADVANCED_FACE ( 'NONE', ( #1528 ), #2531, .T. ) ;
#380 = CARTESIAN_POINT ( 'NONE',  ( 0.1449999999999999600, 0.2750000000000003000, 0.05750000000000000200 ) ) ;
#381 = ORIENTED_EDGE ( 'NONE', *, *, #1245, .F. ) ;
#382 = ORIENTED_EDGE ( 'NONE', *, *, #1989, .F. ) ;
#383 = CARTESIAN_POINT ( 'NONE',  ( -0.06250000000000002800, 0.07500000000000027500, 0.01249999999999996900 ) ) ;
#384 = AXIS2_PLACEMENT_3D ( 'NONE', #344, #821, #867 ) ;
#385 = MECHANICAL_DESIGN_GEOMETRIC_PRESENTATION_REPRESENTATION (  '', ( #1035 ), #448 ) ;
#386 = CARTESIAN_POINT ( 'NONE',  ( -0.03750000000000003300, 0.1270000000000002800, 0.3975000000000000200 ) ) ;
#387 = CARTESIAN_POINT ( 'NONE',  ( 0.04999999999999996800, 0.1650000000000002900, 0.3625000000000000400 ) ) ;
#388 = EDGE_CURVE ( 'NONE', #1959, #2611, #2862, .T. ) ;
#389 = AXIS2_PLACEMENT_3D ( 'NONE', #2083, #2317, #2101 ) ;
#390 = DIRECTION ( 'NONE',  ( -1.000000000000000000, 0.0000000000000000000, 0.0000000000000000000 ) ) ;
#391 = EDGE_LOOP ( 'NONE', ( #69, #871, #2594, #2398 ) ) ;
#392 = DIMENSIONAL_EXPONENTS ( 1.000000000000000000, 0.0000000000000000000, 0.0000000000000000000, 0.0000000000000000000, 0.0000000000000000000, 0.0000000000000000000, 0.0000000000000000000 ) ;
#393 = VECTOR ( 'NONE', #2429, 39.37007874015748100 ) ;
#394 = DIRECTION ( 'NONE',  ( 0.9659258262890692000, -0.2588190451025173500, 0.0000000000000000000 ) ) ;
#395 = EDGE_CURVE ( 'NONE', #1274, #3160, #1642, .T. ) ;
#396 =( NAMED_UNIT ( * ) PLANE_ANGLE_UNIT ( ) SI_UNIT ( $, .RADIAN. ) );
#397 = ORIENTED_EDGE ( 'NONE', *, *, #905, .T. ) ;
#398 = FACE_OUTER_BOUND ( 'NONE', #1806, .T. ) ;
#399 = CARTESIAN_POINT ( 'NONE',  ( -0.09000000000000002400, 0.2750000000000003000, 0.3825000000000000100 ) ) ;
#400 = CARTESIAN_POINT ( 'NONE',  ( -0.05000000000000003700, 0.2050000000000002700, 0.1575000000000000000 ) ) ;
#401 = LINE ( 'NONE', #1417, #1505 ) ;
#402 = CARTESIAN_POINT ( 'NONE',  ( 0.06249999999999996500, 0.07700000000000027700, 0.03750000000000001200 ) ) ;
#403 = VERTEX_POINT ( 'NONE', #558 ) ;
#404 = LINE ( 'NONE', #436, #2812 ) ;
#405 = DIRECTION ( 'NONE',  ( -0.0000000000000000000, -0.0000000000000000000, -1.000000000000000000 ) ) ;
#406 = VERTEX_POINT ( 'NONE', #1569 ) ;
#407 = APPLICATION_CONTEXT ( 'automotive_design' ) ;
#408 = FACE_OUTER_BOUND ( 'NONE', #3159, .T. ) ;
#409 = CARTESIAN_POINT ( 'NONE',  ( -3.414809992080329000E-017, 0.1450000000000002700, -0.02749999999999997900 ) ) ;
#410 = VERTEX_POINT ( 'NONE', #314 ) ;
#411 = ADVANCED_FACE ( 'NONE', ( #1172 ), #840, .T. ) ;
#412 = CIRCLE ( 'NONE', #1038, 0.03999999999999998000 ) ;
#413 = ORIENTED_EDGE ( 'NONE', *, *, #671, .F. ) ;
#414 = CARTESIAN_POINT ( 'NONE',  ( -0.05848076211353319500, 0.1229807621135334400, 0.3975000000000000200 ) ) ;
#415 = EDGE_CURVE ( 'NONE', #403, #2232, #192, .T. ) ;
#416 = FACE_OUTER_BOUND ( 'NONE', #519, .T. ) ;
#417 = EDGE_LOOP ( 'NONE', ( #933, #1173, #2596, #433 ) ) ;
#418 = PLANE ( 'NONE',  #981 ) ;
#419 = DIRECTION ( 'NONE',  ( -1.000000000000000000, 0.0000000000000000000, 0.0000000000000000000 ) ) ;
#420 = VECTOR ( 'NONE', #270, 39.37007874015748900 ) ;
#421 = ORIENTED_EDGE ( 'NONE', *, *, #1359, .F. ) ;
#422 = PRODUCT_CONTEXT ( 'NONE', #1181, 'mechanical' ) ;
#423 = DIRECTION ( 'NONE',  ( -0.0000000000000000000, 0.0000000000000000000, 1.000000000000000000 ) ) ;
#424 = EDGE_LOOP ( 'NONE', ( #1443, #269, #3062, #2856 ) ) ;
#425 = CARTESIAN_POINT ( 'NONE',  ( 0.03749999999999996400, 0.07700000000000026300, 0.01249999999999996900 ) ) ;
#426 = ADVANCED_FACE ( 'NONE', ( #776 ), #3041, .F. ) ;
#427 = CARTESIAN_POINT ( 'NONE',  ( -0.03750000000000003300, 0.07700000000000026300, 0.01249999999999996900 ) ) ;
#428 = STYLED_ITEM ( 'NONE', ( #1182 ), #1588 ) ;
#429 = LENGTH_MEASURE_WITH_UNIT ( LENGTH_MEASURE( 0.02539999999999999900 ), #1896 );
#430 = DIRECTION ( 'NONE',  ( 0.0000000000000000000, -0.0000000000000000000, 1.000000000000000000 ) ) ;
#431 = LINE ( 'NONE', #409, #3199 ) ;
#432 = EDGE_CURVE ( 'NONE', #40, #1566, #2748, .T. ) ;
#433 = ORIENTED_EDGE ( 'NONE', *, *, #827, .F. ) ;
#434 = FACE_OUTER_BOUND ( 'NONE', #2050, .T. ) ;
#435 = EDGE_LOOP ( 'NONE', ( #649, #114, #2111, #942 ) ) ;
#436 = CARTESIAN_POINT ( 'NONE',  ( 0.1249999999999999600, 0.1150000000000002800, 0.5074999999999999500 ) ) ;
#437 = LINE ( 'NONE', #1503, #920 ) ;
#438 = ORIENTED_EDGE ( 'NONE', *, *, #388, .T. ) ;
#439 = DIRECTION ( 'NONE',  ( -1.000000000000000000, 0.0000000000000000000, 0.0000000000000000000 ) ) ;
#440 = ADVANCED_FACE ( 'NONE', ( #2095 ), #1834, .F. ) ;
#441 = LINE ( 'NONE', #1522, #2380 ) ;
#442 = ORIENTED_EDGE ( 'NONE', *, *, #998, .F. ) ;
#443 = EDGE_CURVE ( 'NONE', #1833, #175, #1762, .T. ) ;
#444 = CARTESIAN_POINT ( 'NONE',  ( 0.1049999999999999500, 0.04500000000000026900, 0.5074999999999999500 ) ) ;
#445 = LINE ( 'NONE', #121, #1379 ) ;
#446 = ORIENTED_EDGE ( 'NONE', *, *, #1502, .T. ) ;
#447 = DIRECTION ( 'NONE',  ( 0.2505628070857297000, -0.2505628070857297000, 0.9351131265310302900 ) ) ;
#448 =( GEOMETRIC_REPRESENTATION_CONTEXT ( 3 ) GLOBAL_UNCERTAINTY_ASSIGNED_CONTEXT ( ( #954 ) ) GLOBAL_UNIT_ASSIGNED_CONTEXT ( ( #1174, #2923, #2441 ) ) REPRESENTATION_CONTEXT ( 'NONE', 'WORKASPACE' ) );
#449 = LINE ( 'NONE', #1073, #223 ) ;
#450 = DIRECTION ( 'NONE',  ( 1.000000000000000000, 0.0000000000000000000, -0.0000000000000000000 ) ) ;
#451 = VERTEX_POINT ( 'NONE', #83 ) ;
#452 = CARTESIAN_POINT ( 'NONE',  ( 0.06249999999999995100, 0.07500000000000027500, 0.05750000000000000200 ) ) ;
#453 = FACE_OUTER_BOUND ( 'NONE', #1793, .T. ) ;
#454 = VERTEX_POINT ( 'NONE', #3067 ) ;
#455 = CARTESIAN_POINT ( 'NONE',  ( -0.03750000000000003300, 0.1450000000000002700, 0.007499999999999988400 ) ) ;
#456 = AXIS2_PLACEMENT_3D ( 'NONE', #1143, #859, #1843 ) ;
#457 = VECTOR ( 'NONE', #1039, 39.37007874015748100 ) ;
#458 = DIRECTION ( 'NONE',  ( -0.0000000000000000000, -0.0000000000000000000, 1.000000000000000000 ) ) ;
#459 = EDGE_CURVE ( 'NONE', #2808, #1966, #115, .T. ) ;
#460 = ADVANCED_FACE ( 'NONE', ( #1102 ), #589, .T. ) ;
#461 = ORIENTED_EDGE ( 'NONE', *, *, #823, .T. ) ;
#462 = CARTESIAN_POINT ( 'NONE',  ( -0.06250000000000002800, 0.07700000000000027700, 0.3824999999999999000 ) ) ;
#463 = DIRECTION ( 'NONE',  ( -1.000000000000000000, 0.0000000000000000000, 0.0000000000000000000 ) ) ;
#464 = CARTESIAN_POINT ( 'NONE',  ( -0.06250000000000002800, -0.1149999999999995200, 0.03750000000000001200 ) ) ;
#465 = PLANE ( 'NONE',  #2842 ) ;
#466 = CARTESIAN_POINT ( 'NONE',  ( -0.03750000000000003300, 0.07700000000000026300, 0.01249999999999996900 ) ) ;
#467 = DIRECTION ( 'NONE',  ( -1.000000000000000000, -0.0000000000000000000, 0.0000000000000000000 ) ) ;
#468 = FACE_OUTER_BOUND ( 'NONE', #1621, .T. ) ;
#469 = DIRECTION ( 'NONE',  ( -1.000000000000000000, -0.0000000000000000000, -0.0000000000000000000 ) ) ;
#470 = AXIS2_PLACEMENT_3D ( 'NONE', #1561, #2277, #1365 ) ;
#471 = ORIENTED_EDGE ( 'NONE', *, *, #2858, .F. ) ;
#472 = VECTOR ( 'NONE', #1098, 39.37007874015748100 ) ;
#473 = DIRECTION ( 'NONE',  ( 0.0000000000000000000, -0.0000000000000000000, -1.000000000000000000 ) ) ;
#474 = LENGTH_MEASURE_WITH_UNIT ( LENGTH_MEASURE( 0.02539999999999999900 ), #2756 );
#475 = ORIENTED_EDGE ( 'NONE', *, *, #195, .F. ) ;
#476 = VECTOR ( 'NONE', #2701, 39.37007874015748100 ) ;
#477 = CARTESIAN_POINT ( 'NONE',  ( 0.03749999999999997800, 0.07700000000000027700, 0.03750000000000001200 ) ) ;
#478 = CLOSED_SHELL ( 'NONE', ( #2430, #1104, #2305, #1444, #2123, #2595, #709, #1888, #955, #914, #1858, #2851, #1954, #847, #1705, #362, #1330, #2665, #825, #1873, #1209, #811, #935, #2446, #2792, #694, #201, #2139, #2821, #411, #3077, #2932, #3137, #3121, #96, #619, #2051, #899, #2914, #3060, #2107, #1721, #3042, #2175, #2618, #880, #590, #1921, #1908, #1176, #2543, #1362, #460, #2898, #2320, #2870, #2154, #2881, #337, #659, #2559, #2373, #157, #1430, #639, #317 ) ) ;
#479 = EDGE_CURVE ( 'NONE', #2190, #2088, #2324, .T. ) ;
#480 = CARTESIAN_POINT ( 'NONE',  ( 0.06249999999999996500, 0.07700000000000027700, 0.03750000000000001200 ) ) ;
#481 = ORIENTED_EDGE ( 'NONE', *, *, #1364, .T. ) ;
#482 = CARTESIAN_POINT ( 'NONE',  ( -3.414809992080329000E-017, 0.06500000000000026600, 0.1575000000000000000 ) ) ;
#483 = DIRECTION ( 'NONE',  ( 0.0000000000000000000, -0.0000000000000000000, -1.000000000000000000 ) ) ;
#484 = VECTOR ( 'NONE', #2504, 39.37007874015748100 ) ;
#485 = VERTEX_POINT ( 'NONE', #1801 ) ;
#486 = DIRECTION ( 'NONE',  ( -1.000000000000000000, 0.0000000000000000000, 0.0000000000000000000 ) ) ;
#487 = LINE ( 'NONE', #2100, #2163 ) ;
#488 = VERTEX_POINT ( 'NONE', #648 ) ;
#489 = AXIS2_PLACEMENT_3D ( 'NONE', #2627, #1375, #650 ) ;
#490 = PLANE ( 'NONE',  #1336 ) ;
#491 = DIRECTION ( 'NONE',  ( 0.0000000000000000000, 0.0000000000000000000, 1.000000000000000000 ) ) ;
#492 = LINE ( 'NONE', #1399, #113 ) ;
#493 = ORIENTED_EDGE ( 'NONE', *, *, #2798, .T. ) ;
#494 = DIRECTION ( 'NONE',  ( 0.7071067811867832700, -0.7071067811863116500, 0.0000000000000000000 ) ) ;
#495 = DIRECTION ( 'NONE',  ( 0.0000000000000000000, -0.0000000000000000000, -1.000000000000000000 ) ) ;
#496 = EDGE_CURVE ( 'NONE', #2010, #2391, #2396, .T. ) ;
#497 = VECTOR ( 'NONE', #336, 39.37007874015748100 ) ;
#498 = AXIS2_PLACEMENT_3D ( 'NONE', #1733, #1479, #711 ) ;
#499 = VERTEX_POINT ( 'NONE', #2668 ) ;
#500 = FILL_AREA_STYLE_COLOUR ( '', #1458 ) ;
#501 = ORIENTED_EDGE ( 'NONE', *, *, #1564, .F. ) ;
#502 = EDGE_CURVE ( 'NONE', #509, #2712, #2662, .T. ) ;
#503 = CARTESIAN_POINT ( 'NONE',  ( -0.1050000000000000200, 0.2350000000000002900, 0.5074999999999999500 ) ) ;
#504 = CARTESIAN_POINT ( 'NONE',  ( -0.1450000000000000200, 0.01500000000000024900, 0.05750000000000000200 ) ) ;
#505 = CARTESIAN_POINT ( 'NONE',  ( 0.1049999999999999500, 0.06500000000000026600, 0.5074999999999999500 ) ) ;
#506 = LENGTH_MEASURE_WITH_UNIT ( LENGTH_MEASURE( 0.02539999999999999900 ), #1647 );
#507 = CARTESIAN_POINT ( 'NONE',  ( -0.03750000000000003300, 0.1020000000000002700, 0.3824999999999998400 ) ) ;
#508 = AXIS2_PLACEMENT_3D ( 'NONE', #1870, #2062, #566 ) ;
#509 = VERTEX_POINT ( 'NONE', #1662 ) ;
#510 = VECTOR ( 'NONE', #1772, 39.37007874015748100 ) ;
#511 = ORIENTED_EDGE ( 'NONE', *, *, #2266, .T. ) ;
#512 = CARTESIAN_POINT ( 'NONE',  ( 0.06249999999999997900, -0.1299999999999997000, -0.008480762113533166600 ) ) ;
#513 = CARTESIAN_POINT ( 'NONE',  ( 0.03749999999999997800, 0.1020000000000002700, 0.3824999999999998400 ) ) ;
#514 = LINE ( 'NONE', #1139, #2681 ) ;
#515 = AXIS2_PLACEMENT_3D ( 'NONE', #2616, #2871, #1886 ) ;
#516 = VERTEX_POINT ( 'NONE', #1674 ) ;
#517 = DIRECTION ( 'NONE',  ( 0.0000000000000000000, -1.000000000000000000, 0.0000000000000000000 ) ) ;
#518 = CARTESIAN_POINT ( 'NONE',  ( 0.1249999999999999600, 0.1150000000000002800, 0.05750000000000000200 ) ) ;
#519 = EDGE_LOOP ( 'NONE', ( #3172, #1367, #1620, #226, #1550 ) ) ;
#520 = EDGE_CURVE ( 'NONE', #253, #1911, #2901, .T. ) ;
#521 = DIRECTION ( 'NONE',  ( 0.0000000000000000000, 5.928489569583903000E-018, 1.000000000000000000 ) ) ;
#522 = VECTOR ( 'NONE', #267, 39.37007874015748100 ) ;
#523 = ORIENTED_EDGE ( 'NONE', *, *, #1655, .F. ) ;
#524 = DIMENSIONAL_EXPONENTS ( 1.000000000000000000, 0.0000000000000000000, 0.0000000000000000000, 0.0000000000000000000, 0.0000000000000000000, 0.0000000000000000000, 0.0000000000000000000 ) ;
#525 = EDGE_CURVE ( 'NONE', #1435, #1494, #608, .T. ) ;
#526 = COLOUR_RGB ( '',0.7921568627450980000, 0.8196078431372548800, 0.9333333333333333500 ) ;
#527 = CARTESIAN_POINT ( 'NONE',  ( 0.08999999999999996900, 0.2750000000000003000, 0.4174999999999999800 ) ) ;
#528 = ORIENTED_EDGE ( 'NONE', *, *, #289, .F. ) ;
#529 = PLANE ( 'NONE',  #2996 ) ;
#530 = LINE ( 'NONE', #796, #3025 ) ;
#531 = ORIENTED_EDGE ( 'NONE', *, *, #2089, .T. ) ;
#532 = PLANE ( 'NONE',  #784 ) ;
#533 = LINE ( 'NONE', #1408, #1524 ) ;
#534 = ORIENTED_EDGE ( 'NONE', *, *, #1687, .F. ) ;
#535 = VECTOR ( 'NONE', #2752, 39.37007874015748100 ) ;
#536 = ORIENTED_EDGE ( 'NONE', *, *, #2125, .F. ) ;
#537 = CARTESIAN_POINT ( 'NONE',  ( 0.04999999999999996800, 0.2750000000000003000, 0.4174999999999999800 ) ) ;
#538 = ORIENTED_EDGE ( 'NONE', *, *, #2089, .F. ) ;
#539 = CARTESIAN_POINT ( 'NONE',  ( 0.05716355377495208100, 0.1216635537749523600, 0.4024158884437379300 ) ) ;
#540 = EDGE_CURVE ( 'NONE', #410, #1469, #653, .T. ) ;
#541 = CARTESIAN_POINT ( 'NONE',  ( 0.1739999999999999300, 0.2050000000000002700, 0.3825000000000000100 ) ) ;
#542 = CARTESIAN_POINT ( 'NONE',  ( 0.03749999999999996400, 0.1020000000000003000, 0.1575000000000000000 ) ) ;
#543 = VECTOR ( 'NONE', #3196, 39.37007874015748100 ) ;
#544 = DIRECTION ( 'NONE',  ( 0.0000000000000000000, -1.000000000000000000, 0.0000000000000000000 ) ) ;
#545 = DIRECTION ( 'NONE',  ( -1.000000000000000000, 0.0000000000000000000, -0.0000000000000000000 ) ) ;
#546 = EDGE_CURVE ( 'NONE', #3072, #3075, #1099, .T. ) ;
#547 = ORIENTED_EDGE ( 'NONE', *, *, #1750, .T. ) ;
#548 = EDGE_LOOP ( 'NONE', ( #1324, #1011, #2007, #1062, #1002, #3108, #872, #1015, #3095, #3119 ) ) ;
#549 = FACE_OUTER_BOUND ( 'NONE', #548, .T. ) ;
#550 = UNCERTAINTY_MEASURE_WITH_UNIT (LENGTH_MEASURE( 1.000000000000000100E-005 ), #3087, 'distance_accuracy_value', 'NONE');
#551 = AXIS2_PLACEMENT_3D ( 'NONE', #3154, #2351, #656 ) ;
#552 = ORIENTED_EDGE ( 'NONE', *, *, #546, .T. ) ;
#553 = ORIENTED_EDGE ( 'NONE', *, *, #2482, .T. ) ;
#554 = LINE ( 'NONE', #2019, #2685 ) ;
#555 = ORIENTED_EDGE ( 'NONE', *, *, #237, .T. ) ;
#556 = LINE ( 'NONE', #2631, #99 ) ;
#557 = EDGE_CURVE ( 'NONE', #253, #272, #692, .T. ) ;
#558 = CARTESIAN_POINT ( 'NONE',  ( -0.1450000000000000200, 0.2750000000000003000, 0.5074999999999999500 ) ) ;
#559 = ADVANCED_FACE ( 'NONE', ( #3142 ), #2895, .T. ) ;
#560 = ORIENTED_EDGE ( 'NONE', *, *, #3070, .F. ) ;
#561 = DIRECTION ( 'NONE',  ( 0.0000000000000000000, 0.0000000000000000000, 1.000000000000000000 ) ) ;
#562 = DIRECTION ( 'NONE',  ( -1.000000000000000000, -0.0000000000000000000, 0.0000000000000000000 ) ) ;
#563 = VECTOR ( 'NONE', #2249, 39.37007874015748100 ) ;
#564 = ORIENTED_EDGE ( 'NONE', *, *, #148, .T. ) ;
#565 = EDGE_CURVE ( 'NONE', #1500, #3022, #574, .T. ) ;
#566 = DIRECTION ( 'NONE',  ( 0.0000000000000000000, 5.928489569583903000E-018, -1.000000000000000000 ) ) ;
#567 = VECTOR ( 'NONE', #2449, 39.37007874015748100 ) ;
#568 = ORIENTED_EDGE ( 'NONE', *, *, #2433, .T. ) ;
#569 = CARTESIAN_POINT ( 'NONE',  ( -0.06250000000000002800, 0.1020000000000002700, 0.1575000000000000000 ) ) ;
#570 = LINE ( 'NONE', #1175, #3099 ) ;
#571 = ORIENTED_EDGE ( 'NONE', *, *, #2110, .T. ) ;
#572 = DIRECTION ( 'NONE',  ( 1.000000000000000000, 0.0000000000000000000, 0.0000000000000000000 ) ) ;
#573 =( NAMED_UNIT ( * ) PLANE_ANGLE_UNIT ( ) SI_UNIT ( $, .RADIAN. ) );
#574 = LINE ( 'NONE', #159, #2478 ) ;
#575 = DIRECTION ( 'NONE',  ( -1.000000000000000000, 0.0000000000000000000, 0.0000000000000000000 ) ) ;
#576 = ORIENTED_EDGE ( 'NONE', *, *, #1702, .T. ) ;
#577 = ORIENTED_EDGE ( 'NONE', *, *, #1371, .F. ) ;
#578 = DIRECTION ( 'NONE',  ( 1.000000000000000000, -0.0000000000000000000, -0.0000000000000000000 ) ) ;
#579 = CARTESIAN_POINT ( 'NONE',  ( -0.1250000000000000300, 0.07500000000000027500, 0.01249999999999996900 ) ) ;
#580 = AXIS2_PLACEMENT_3D ( 'NONE', #3113, #1653, #965 ) ;
#581 = VERTEX_POINT ( 'NONE', #427 ) ;
#582 = CARTESIAN_POINT ( 'NONE',  ( -0.03750000000000001900, 0.1020000000000002700, 0.3824999999999998400 ) ) ;
#583 = EDGE_CURVE ( 'NONE', #322, #338, #1829, .T. ) ;
#584 = CARTESIAN_POINT ( 'NONE',  ( 0.05848076211353314700, 0.1270000000000002800, 0.3975000000000000200 ) ) ;
#585 = LINE ( 'NONE', #2795, #1993 ) ;
#586 = VECTOR ( 'NONE', #1951, 39.37007874015748100 ) ;
#587 = VECTOR ( 'NONE', #1291, 39.37007874015748100 ) ;
#588 = ORIENTED_EDGE ( 'NONE', *, *, #1860, .F. ) ;
#589 = PLANE ( 'NONE',  #1999 ) ;
#590 = ADVANCED_FACE ( 'NONE', ( #2251 ), #2657, .T. ) ;
#591 = FACE_OUTER_BOUND ( 'NONE', #849, .T. ) ;
#592 = DIRECTION ( 'NONE',  ( 0.0000000000000000000, 0.0000000000000000000, 1.000000000000000000 ) ) ;
#593 = EDGE_LOOP ( 'NONE', ( #528, #1819, #2645, #1219, #3148, #1386, #2272, #2381, #680, #1278 ) ) ;
#594 = VECTOR ( 'NONE', #467, 39.37007874015748100 ) ;
#595 = DIRECTION ( 'NONE',  ( 0.9659258262890692000, 0.2588190451025176900, -0.0000000000000000000 ) ) ;
#596 = ORIENTED_EDGE ( 'NONE', *, *, #271, .F. ) ;
#597 = CARTESIAN_POINT ( 'NONE',  ( -0.03750000000000003300, 0.1170000000000002700, 0.007499999999999988400 ) ) ;
#598 = VECTOR ( 'NONE', #2643, 39.37007874015748100 ) ;
#599 = EDGE_LOOP ( 'NONE', ( #110, #2470, #992, #2678 ) ) ;
#600 = EDGE_CURVE ( 'NONE', #27, #1342, #2166, .T. ) ;
#601 = VECTOR ( 'NONE', #864, 39.37007874015748100 ) ;
#602 = CARTESIAN_POINT ( 'NONE',  ( 0.08999999999999996900, 0.2750000000000003000, 0.05750000000000000200 ) ) ;
#603 = EDGE_LOOP ( 'NONE', ( #2074, #2873, #1949, #438 ) ) ;
#604 = EDGE_CURVE ( 'NONE', #516, #762, #1434, .T. ) ;
#605 = LINE ( 'NONE', #1511, #1752 ) ;
#606 = ORIENTED_EDGE ( 'NONE', *, *, #909, .F. ) ;
#607 = CARTESIAN_POINT ( 'NONE',  ( 0.01999999999999996600, 0.04500000000000026900, 0.5074999999999999500 ) ) ;
#608 = LINE ( 'NONE', #2412, #2746 ) ;
#609 = VERTEX_POINT ( 'NONE', #961 ) ;
#610 = CARTESIAN_POINT ( 'NONE',  ( 0.06249999999999997900, 0.1270000000000002800, 0.03750000000000001200 ) ) ;
#611 = LINE ( 'NONE', #45, #457 ) ;
#612 = ORIENTED_EDGE ( 'NONE', *, *, #1121, .F. ) ;
#613 = CARTESIAN_POINT ( 'NONE',  ( -0.02000000000000011100, 0.04500000000000026900, 0.5074999999999999500 ) ) ;
#614 = ORIENTED_EDGE ( 'NONE', *, *, #1512, .F. ) ;
#615 = CARTESIAN_POINT ( 'NONE',  ( -0.1050000000000000100, 0.1850000000000002500, 0.3825000000000000100 ) ) ;
#616 = DIRECTION ( 'NONE',  ( -1.000000000000000000, 0.0000000000000000000, 0.0000000000000000000 ) ) ;
#617 = AXIS2_PLACEMENT_3D ( 'NONE', #2955, #957, #2406 ) ;
#618 = CARTESIAN_POINT ( 'NONE',  ( 0.09499999999999995900, 0.01500000000000026700, 0.5074999999999999500 ) ) ;
#619 = ADVANCED_FACE ( 'NONE', ( #416 ), #1193, .F. ) ;
#620 = EDGE_CURVE ( 'NONE', #3205, #810, #492, .T. ) ;
#621 = LINE ( 'NONE', #2646, #2409 ) ;
#622 = DIRECTION ( 'NONE',  ( 0.0000000000000000000, 0.0000000000000000000, 1.000000000000000000 ) ) ;
#623 = CIRCLE ( 'NONE', #3079, 0.05000000000000001000 ) ;
#624 = CARTESIAN_POINT ( 'NONE',  ( 0.04999999999999996800, 0.2050000000000002700, 0.3825000000000000100 ) ) ;
#625 = ORIENTED_EDGE ( 'NONE', *, *, #1179, .F. ) ;
#626 = CARTESIAN_POINT ( 'NONE',  ( 0.1249999999999999400, 0.04500000000000026900, 0.5074999999999999500 ) ) ;
#627 = EDGE_CURVE ( 'NONE', #919, #300, #733, .T. ) ;
#628 = FACE_OUTER_BOUND ( 'NONE', #2888, .T. ) ;
#629 = DIRECTION ( 'NONE',  ( 0.0000000000000000000, 0.0000000000000000000, 1.000000000000000000 ) ) ;
#630 = ORIENTED_EDGE ( 'NONE', *, *, #2889, .T. ) ;
#631 = VERTEX_POINT ( 'NONE', #2635 ) ;
#632 = LINE ( 'NONE', #2673, #835 ) ;
#633 = EDGE_LOOP ( 'NONE', ( #2245, #442, #82, #568 ) ) ;
#634 = DIRECTION ( 'NONE',  ( 1.000000000000000000, -0.0000000000000000000, -0.0000000000000000000 ) ) ;
#635 = EDGE_CURVE ( 'NONE', #3010, #2864, #533, .T. ) ;
#636 = VECTOR ( 'NONE', #2621, 39.37007874015748100 ) ;
#637 = ORIENTED_EDGE ( 'NONE', *, *, #1692, .F. ) ;
#638 = CARTESIAN_POINT ( 'NONE',  ( 0.1249999999999999600, 0.1750000000000002400, 0.007499999999999988400 ) ) ;
#639 = ADVANCED_FACE ( 'NONE', ( #2435 ), #1025, .F. ) ;
#640 = AXIS2_PLACEMENT_3D ( 'NONE', #1307, #544, #1611 ) ;
#641 = LINE ( 'NONE', #1293, #2609 ) ;
#642 = EDGE_LOOP ( 'NONE', ( #2845, #264, #1251, #2651 ) ) ;
#643 = FACE_OUTER_BOUND ( 'NONE', #1131, .T. ) ;
#644 = ORIENTED_EDGE ( 'NONE', *, *, #3173, .T. ) ;
#645 = EDGE_CURVE ( 'NONE', #1138, #2215, #43, .T. ) ;
#646 = AXIS2_PLACEMENT_3D ( 'NONE', #2028, #2742, #2988 ) ;
#647 = VECTOR ( 'NONE', #2879, 39.37007874015748100 ) ;
#648 = CARTESIAN_POINT ( 'NONE',  ( -0.1050000000000000200, 0.1650000000000002900, 0.3625000000000000400 ) ) ;
#649 = ORIENTED_EDGE ( 'NONE', *, *, #3167, .F. ) ;
#650 = DIRECTION ( 'NONE',  ( 1.000000000000000000, 0.0000000000000000000, 0.0000000000000000000 ) ) ;
#651 = EDGE_CURVE ( 'NONE', #1238, #94, #1677, .T. ) ;
#652 =( LENGTH_UNIT ( ) NAMED_UNIT ( * ) SI_UNIT ( $, .METRE. ) );
#653 = LINE ( 'NONE', #2375, #1603 ) ;
#654 = CARTESIAN_POINT ( 'NONE',  ( 0.05848076211353314700, 0.1229807621135334400, 0.3975000000000000200 ) ) ;
#655 = ORIENTED_EDGE ( 'NONE', *, *, #2889, .F. ) ;
#656 = DIRECTION ( 'NONE',  ( 0.0000000000000000000, 0.0000000000000000000, 1.000000000000000000 ) ) ;
#657 = CARTESIAN_POINT ( 'NONE',  ( -0.03750000000000003300, 0.07700000000000027700, 0.03750000000000001200 ) ) ;
#658 = VERTEX_POINT ( 'NONE', #1738 ) ;
#659 = ADVANCED_FACE ( 'NONE', ( #149 ), #1866, .F. ) ;
#660 = VERTEX_POINT ( 'NONE', #1236 ) ;
#661 = DIRECTION ( 'NONE',  ( -1.000000000000000000, 0.0000000000000000000, 0.0000000000000000000 ) ) ;
#662 = EDGE_CURVE ( 'NONE', #117, #2789, #854, .T. ) ;
#663 = CARTESIAN_POINT ( 'NONE',  ( -0.1050000000000000200, 0.1650000000000002900, 0.1575000000000000300 ) ) ;
#664 = DIRECTION ( 'NONE',  ( 0.0000000000000000000, -5.928489569583904600E-018, 1.000000000000000000 ) ) ;
#665 = AXIS2_PLACEMENT_3D ( 'NONE', #2677, #960, #1711 ) ;
#666 = DIRECTION ( 'NONE',  ( -1.000000000000000000, 0.0000000000000000000, -0.0000000000000000000 ) ) ;
#667 = COLOUR_RGB ( '',0.7921568627450980000, 0.8196078431372548800, 0.9333333333333333500 ) ;
#668 = ORIENTED_EDGE ( 'NONE', *, *, #1575, .F. ) ;
#669 = LINE ( 'NONE', #1513, #1496 ) ;
#670 = DIRECTION ( 'NONE',  ( 0.0000000000000000000, -1.000000000000000000, -0.0000000000000000000 ) ) ;
#671 = EDGE_CURVE ( 'NONE', #1197, #2481, #2511, .T. ) ;
#672 = ORIENTED_EDGE ( 'NONE', *, *, #662, .F. ) ;
#673 = SURFACE_SIDE_STYLE ('',( #89 ) ) ;
#674 = LINE ( 'NONE', #2820, #1188 ) ;
#675 = DIRECTION ( 'NONE',  ( -0.0000000000000000000, -1.000000000000000000, -0.0000000000000000000 ) ) ;
#676 = ADVANCED_FACE ( 'NONE', ( #3182 ), #218, .T. ) ;
#677 = VERTEX_POINT ( 'NONE', #1457 ) ;
#678 = FACE_OUTER_BOUND ( 'NONE', #1372, .T. ) ;
#679 = CARTESIAN_POINT ( 'NONE',  ( -0.1250000000000000300, 0.1450000000000002700, 0.2824999999999999700 ) ) ;
#680 = ORIENTED_EDGE ( 'NONE', *, *, #1424, .F. ) ;
#681 = AXIS2_PLACEMENT_3D ( 'NONE', #2586, #595, #1607 ) ;
#682 = LINE ( 'NONE', #2423, #1124 ) ;
#683 = EDGE_CURVE ( 'NONE', #2737, #2042, #1205, .T. ) ;
#684 = ORIENTED_EDGE ( 'NONE', *, *, #1398, .F. ) ;
#685 = CYLINDRICAL_SURFACE ( 'NONE', #2785, 0.02500000000000002200 ) ;
#686 = DIRECTION ( 'NONE',  ( -0.0000000000000000000, 1.000000000000000000, 0.0000000000000000000 ) ) ;
#687 = ORIENTED_EDGE ( 'NONE', *, *, #979, .F. ) ;
#688 = LINE ( 'NONE', #209, #1898 ) ;
#689 = ORIENTED_EDGE ( 'NONE', *, *, #2493, .T. ) ;
#690 = CARTESIAN_POINT ( 'NONE',  ( 0.1249999999999999600, 0.1450000000000002700, 0.007499999999999988400 ) ) ;
#691 = EDGE_CURVE ( 'NONE', #1966, #1699, #1792, .T. ) ;
#692 = LINE ( 'NONE', #1688, #7 ) ;
#693 = ORIENTED_EDGE ( 'NONE', *, *, #2212, .F. ) ;
#694 = ADVANCED_FACE ( 'NONE', ( #1478 ), #2206, .F. ) ;
#695 = CARTESIAN_POINT ( 'NONE',  ( 0.06249999999999996500, -0.1299999999999997000, 0.01249999999999996900 ) ) ;
#696 = CARTESIAN_POINT ( 'NONE',  ( 0.06249999999999996500, 0.07500000000000027500, 0.007499999999999988400 ) ) ;
#697 = VECTOR ( 'NONE', #3140, 39.37007874015748100 ) ;
#698 = VERTEX_POINT ( 'NONE', #717 ) ;
#699 = CARTESIAN_POINT ( 'NONE',  ( -3.414809992080329000E-017, 0.04500000000000026900, 0.5074999999999999500 ) ) ;
#700 = CARTESIAN_POINT ( 'NONE',  ( 0.01999999999999996600, 0.06500000000000026600, 0.1575000000000000300 ) ) ;
#701 = DIRECTION ( 'NONE',  ( -1.000000000000000000, -0.0000000000000000000, -0.0000000000000000000 ) ) ;
#702 = VERTEX_POINT ( 'NONE', #2971 ) ;
#703 = CARTESIAN_POINT ( 'NONE',  ( 0.06249999999999996500, 0.1270000000000002800, 0.03750000000000001200 ) ) ;
#704 = CARTESIAN_POINT ( 'NONE',  ( 0.06249999999999997900, 0.07700000000000027700, 0.03750000000000001200 ) ) ;
#705 = CARTESIAN_POINT ( 'NONE',  ( -0.1250000000000000300, 0.07500000000000027500, -0.02749999999999997900 ) ) ;
#706 = DIRECTION ( 'NONE',  ( 0.0000000000000000000, 0.0000000000000000000, 1.000000000000000000 ) ) ;
#707 = DIRECTION ( 'NONE',  ( 0.7071067811865475700, -0.7071067811865475700, 0.0000000000000000000 ) ) ;
#708 = DIRECTION ( 'NONE',  ( -1.000000000000000000, -0.0000000000000000000, -0.0000000000000000000 ) ) ;
#709 = ADVANCED_FACE ( 'NONE', ( #2018 ), #2483, .F. ) ;
#710 = EDGE_CURVE ( 'NONE', #327, #2232, #2058, .T. ) ;
#711 = DIRECTION ( 'NONE',  ( 0.0000000000000000000, 0.0000000000000000000, 1.000000000000000000 ) ) ;
#712 = VERTEX_POINT ( 'NONE', #2727 ) ;
#713 = LINE ( 'NONE', #3101, #2529 ) ;
#714 = ORIENTED_EDGE ( 'NONE', *, *, #2493, .F. ) ;
#715 = PLANE ( 'NONE',  #665 ) ;
#716 = EDGE_CURVE ( 'NONE', #117, #2739, #2551, .T. ) ;
#717 = CARTESIAN_POINT ( 'NONE',  ( -0.06250000000000002800, 0.1270000000000002800, 0.03750000000000001200 ) ) ;
#718 = VERTEX_POINT ( 'NONE', #1257 ) ;
#719 = PRODUCT_DEFINITION_SHAPE ( 'NONE', 'NONE',  #1875 ) ;
#720 = VECTOR ( 'NONE', #917, 39.37007874015748100 ) ;
#721 = CARTESIAN_POINT ( 'NONE',  ( 0.03749999999999996400, 0.1270000000000002800, 0.03750000000000001200 ) ) ;
#722 = ORIENTED_EDGE ( 'NONE', *, *, #1687, .T. ) ;
#723 = EDGE_LOOP ( 'NONE', ( #1120, #2164, #1228, #1764 ) ) ;
#724 = AXIS2_PLACEMENT_3D ( 'NONE', #210, #3178, #190 ) ;
#725 = AXIS2_PLACEMENT_3D ( 'NONE', #1214, #3209, #706 ) ;
#726 = LINE ( 'NONE', #602, #72 ) ;
#727 = ORIENTED_EDGE ( 'NONE', *, *, #2847, .F. ) ;
#728 = VECTOR ( 'NONE', #878, 39.37007874015748100 ) ;
#729 = DIRECTION ( 'NONE',  ( -1.000000000000000000, 0.0000000000000000000, 0.0000000000000000000 ) ) ;
#730 = ORIENTED_EDGE ( 'NONE', *, *, #2942, .F. ) ;
#731 = EDGE_CURVE ( 'NONE', #186, #168, #940, .T. ) ;
#732 = DIRECTION ( 'NONE',  ( -1.000000000000000000, 0.0000000000000000000, 0.0000000000000000000 ) ) ;
#733 = LINE ( 'NONE', #2625, #1283 ) ;
#734 = ORIENTED_EDGE ( 'NONE', *, *, #1179, .T. ) ;
#735 = EDGE_CURVE ( 'NONE', #2394, #54, #2659, .T. ) ;
#736 = VERTEX_POINT ( 'NONE', #705 ) ;
#737 = CARTESIAN_POINT ( 'NONE',  ( -0.06250000000000002800, 0.07700000000000026300, 0.01249999999999996900 ) ) ;
#738 = ORIENTED_EDGE ( 'NONE', *, *, #745, .F. ) ;
#739 = PLANE ( 'NONE',  #725 ) ;
#740 = DIRECTION ( 'NONE',  ( 1.000000000000000000, -0.0000000000000000000, 0.0000000000000000000 ) ) ;
#741 = DIRECTION ( 'NONE',  ( 0.0000000000000000000, -1.000000000000000000, 0.0000000000000000000 ) ) ;
#742 = CARTESIAN_POINT ( 'NONE',  ( -0.03750000000000003300, 0.1270000000000002800, 0.3975000000000000200 ) ) ;
#743 = PLANE ( 'NONE',  #1905 ) ;
#744 = DIRECTION ( 'NONE',  ( 0.9659258262890692000, -0.2588190451025173500, 0.0000000000000000000 ) ) ;
#745 = EDGE_CURVE ( 'NONE', #2808, #516, #2622, .T. ) ;
#746 = LINE ( 'NONE', #452, #1540 ) ;
#747 = DIRECTION ( 'NONE',  ( -0.0000000000000000000, -0.0000000000000000000, -1.000000000000000000 ) ) ;
#748 = LINE ( 'NONE', #1814, #2563 ) ;
#749 = CARTESIAN_POINT ( 'NONE',  ( 0.1739999999999999300, 0.1850000000000002800, 0.3825000000000000100 ) ) ;
#750 = DIRECTION ( 'NONE',  ( -1.000000000000000000, 0.0000000000000000000, 0.0000000000000000000 ) ) ;
#751 = ORIENTED_EDGE ( 'NONE', *, *, #334, .F. ) ;
#752 = ORIENTED_EDGE ( 'NONE', *, *, #2535, .F. ) ;
#753 = FACE_OUTER_BOUND ( 'NONE', #3051, .T. ) ;
#754 = EDGE_CURVE ( 'NONE', #253, #609, #1352, .T. ) ;
#755 = ORIENTED_EDGE ( 'NONE', *, *, #604, .F. ) ;
#756 = VECTOR ( 'NONE', #2686, 39.37007874015748100 ) ;
#757 = CARTESIAN_POINT ( 'NONE',  ( -0.05000000000000003700, 0.2750000000000003000, 0.4174999999999999800 ) ) ;
#758 = ORIENTED_EDGE ( 'NONE', *, *, #1824, .T. ) ;
#759 = CARTESIAN_POINT ( 'NONE',  ( -0.04283644622504792500, -0.1349158884437376700, 0.007163553774952073500 ) ) ;
#760 = LINE ( 'NONE', #2899, #3017 ) ;
#761 = DIRECTION ( 'NONE',  ( 0.0000000000000000000, 5.928489569583903000E-018, 1.000000000000000000 ) ) ;
#762 = VERTEX_POINT ( 'NONE', #513 ) ;
#763 = DIRECTION ( 'NONE',  ( 0.0000000000000000000, 1.000000000000000000, -0.0000000000000000000 ) ) ;
#764 = DIRECTION ( 'NONE',  ( -1.000000000000000000, -0.0000000000000000000, -0.0000000000000000000 ) ) ;
#765 = LINE ( 'NONE', #73, #2506 ) ;
#766 = ORIENTED_EDGE ( 'NONE', *, *, #2404, .F. ) ;
#767 = DIRECTION ( 'NONE',  ( 0.2505628070857287000, -0.9351131265310309600, 0.2505628070857287000 ) ) ;
#768 = FACE_OUTER_BOUND ( 'NONE', #1546, .T. ) ;
#769 = ORIENTED_EDGE ( 'NONE', *, *, #111, .F. ) ;
#770 = MECHANICAL_DESIGN_GEOMETRIC_PRESENTATION_REPRESENTATION (  '', ( #428 ), #2863 ) ;
#771 = DIRECTION ( 'NONE',  ( 0.0000000000000000000, -0.0000000000000000000, -1.000000000000000000 ) ) ;
#772 = LINE ( 'NONE', #42, #1907 ) ;
#773 = VERTEX_POINT ( 'NONE', #57 ) ;
#774 = DIRECTION ( 'NONE',  ( 0.0000000000000000000, 0.0000000000000000000, 1.000000000000000000 ) ) ;
#775 = EDGE_CURVE ( 'NONE', #327, #1421, #772, .T. ) ;
#776 = FACE_OUTER_BOUND ( 'NONE', #1629, .T. ) ;
#777 = ORIENTED_EDGE ( 'NONE', *, *, #2367, .F. ) ;
#778 = FILL_AREA_STYLE ('',( #500 ) ) ;
#779 = ORIENTED_EDGE ( 'NONE', *, *, #1744, .T. ) ;
#780 = DIRECTION ( 'NONE',  ( 0.0000000000000000000, 0.0000000000000000000, -1.000000000000000000 ) ) ;
#781 = DIRECTION ( 'NONE',  ( 0.0000000000000000000, -1.000000000000000000, 0.0000000000000000000 ) ) ;
#782 = PLANE ( 'NONE',  #646 ) ;
#783 = PLANE ( 'NONE',  #2735 ) ;
#784 = AXIS2_PLACEMENT_3D ( 'NONE', #1802, #1633, #808 ) ;
#785 = VERTEX_POINT ( 'NONE', #504 ) ;
#786 = FACE_OUTER_BOUND ( 'NONE', #1019, .T. ) ;
#787 = ORIENTED_EDGE ( 'NONE', *, *, #1263, .F. ) ;
#788 = DIRECTION ( 'NONE',  ( 0.0000000000000000000, -5.928489569583904600E-018, -1.000000000000000000 ) ) ;
#789 = CARTESIAN_POINT ( 'NONE',  ( -0.08000000000000002900, 2.731847993664263200E-016, 0.5074999999999999500 ) ) ;
#790 = VECTOR ( 'NONE', #1595, 39.37007874015748100 ) ;
#791 = EDGE_CURVE ( 'NONE', #658, #406, #1322, .T. ) ;
#792 = AXIS2_PLACEMENT_3D ( 'NONE', #129, #394, #1882 ) ;
#793 = ORIENTED_EDGE ( 'NONE', *, *, #298, .T. ) ;
#794 = CARTESIAN_POINT ( 'NONE',  ( -0.1050000000000000800, 0.06500000000000026600, 0.4874999999999999900 ) ) ;
#795 = PRESENTATION_STYLE_ASSIGNMENT (( #3015 ) ) ;
#796 = CARTESIAN_POINT ( 'NONE',  ( -0.1050000000000000100, 0.2750000000000003000, 0.3825000000000000100 ) ) ;
#797 = ORIENTED_EDGE ( 'NONE', *, *, #1413, .F. ) ;
#798 = EDGE_CURVE ( 'NONE', #2675, #3098, #1250, .T. ) ;
#799 = VECTOR ( 'NONE', #2757, 39.37007874015748100 ) ;
#800 = EDGE_LOOP ( 'NONE', ( #341, #1845, #2156, #779 ) ) ;
#801 = VECTOR ( 'NONE', #1894, 39.37007874015748100 ) ;
#802 = CARTESIAN_POINT ( 'NONE',  ( 0.1739999999999999300, 0.2050000000000002700, 0.3825000000000000100 ) ) ;
#803 = ORIENTED_EDGE ( 'NONE', *, *, #1963, .F. ) ;
#804 = DIRECTION ( 'NONE',  ( 0.0000000000000000000, 0.0000000000000000000, -1.000000000000000000 ) ) ;
#805 = LINE ( 'NONE', #1064, #1057 ) ;
#806 = CARTESIAN_POINT ( 'NONE',  ( -0.03750000000000003300, 0.07500000000000027500, 0.007499999999999988400 ) ) ;
#807 = ORIENTED_EDGE ( 'NONE', *, *, #2763, .F. ) ;
#808 = DIRECTION ( 'NONE',  ( 0.0000000000000000000, 0.0000000000000000000, -1.000000000000000000 ) ) ;
#809 = VECTOR ( 'NONE', #2939, 39.37007874015748100 ) ;
#810 = VERTEX_POINT ( 'NONE', #30 ) ;
#811 = ADVANCED_FACE ( 'NONE', ( #342 ), #2262, .T. ) ;
#812 = ORIENTED_EDGE ( 'NONE', *, *, #2606, .F. ) ;
#813 = CARTESIAN_POINT ( 'NONE',  ( 0.06249999999999997900, 0.1270000000000002800, 0.03750000000000001200 ) ) ;
#814 = AXIS2_PLACEMENT_3D ( 'NONE', #1080, #824, #1072 ) ;
#815 = VERTEX_POINT ( 'NONE', #2771 ) ;
#816 = DIRECTION ( 'NONE',  ( -0.0000000000000000000, -0.0000000000000000000, -1.000000000000000000 ) ) ;
#817 = CARTESIAN_POINT ( 'NONE',  ( -0.1050000000000000200, 0.2350000000000002900, 0.5074999999999999500 ) ) ;
#818 = EDGE_CURVE ( 'NONE', #1761, #2197, #1061, .T. ) ;
#819 = CARTESIAN_POINT ( 'NONE',  ( 0.06249999999999996500, 0.1150000000000002800, 0.1575000000000000000 ) ) ;
#820 = AXIS2_PLACEMENT_3D ( 'NONE', #853, #2816, #2806 ) ;
#821 = DIRECTION ( 'NONE',  ( 0.0000000000000000000, 0.0000000000000000000, 1.000000000000000000 ) ) ;
#822 = CARTESIAN_POINT ( 'NONE',  ( 0.03749999999999997800, -0.1149999999999995200, 0.03750000000000001200 ) ) ;
#823 = EDGE_CURVE ( 'NONE', #406, #1930, #1246, .T. ) ;
#824 = DIRECTION ( 'NONE',  ( -1.000000000000000000, 0.0000000000000000000, 0.0000000000000000000 ) ) ;
#825 = ADVANCED_FACE ( 'NONE', ( #1168 ), #3008, .T. ) ;
#826 = DIRECTION ( 'NONE',  ( 0.0000000000000000000, -0.0000000000000000000, -1.000000000000000000 ) ) ;
#827 = EDGE_CURVE ( 'NONE', #2767, #1274, #2981, .T. ) ;
#828 = PLANE ( 'NONE',  #2897 ) ;
#829 = ORIENTED_EDGE ( 'NONE', *, *, #2784, .T. ) ;
#830 = LINE ( 'NONE', #2628, #2525 ) ;
#831 = LINE ( 'NONE', #6, #165 ) ;
#832 = ORIENTED_EDGE ( 'NONE', *, *, #1838, .T. ) ;
#833 = CARTESIAN_POINT ( 'NONE',  ( -0.06250000000000002800, 0.1450000000000002700, 0.007499999999999988400 ) ) ;
#834 = ORIENTED_EDGE ( 'NONE', *, *, #2024, .F. ) ;
#835 = VECTOR ( 'NONE', #2420, 39.37007874015748100 ) ;
#836 = DIRECTION ( 'NONE',  ( 0.0000000000000000000, 1.000000000000000000, 0.0000000000000000000 ) ) ;
#837 = EDGE_LOOP ( 'NONE', ( #3027, #397, #2687, #281, #3031, #2118, #3136, #1773, #139, #552, #2239, #2666 ) ) ;
#838 = LINE ( 'NONE', #123, #2689 ) ;
#839 = AXIS2_PLACEMENT_3D ( 'NONE', #1641, #1140, #2165 ) ;
#840 = PLANE ( 'NONE',  #640 ) ;
#841 = VERTEX_POINT ( 'NONE', #2759 ) ;
#842 = DIRECTION ( 'NONE',  ( 0.2505628070857294800, -0.2505628070857291400, -0.9351131265310304000 ) ) ;
#843 = CIRCLE ( 'NONE', #3066, 0.05000000000000001000 ) ;
#844 = ORIENTED_EDGE ( 'NONE', *, *, #298, .F. ) ;
#845 = EDGE_CURVE ( 'NONE', #1284, #702, #850, .T. ) ;
#846 = CARTESIAN_POINT ( 'NONE',  ( -3.414809992080329000E-017, 0.1270000000000002800, 0.1575000000000000000 ) ) ;
#847 = ADVANCED_FACE ( 'NONE', ( #453 ), #1536, .F. ) ;
#848 = LINE ( 'NONE', #2857, #2203 ) ;
#849 = EDGE_LOOP ( 'NONE', ( #363, #912, #2130, #1855 ) ) ;
#850 = LINE ( 'NONE', #288, #2782 ) ;
#851 = ORIENTED_EDGE ( 'NONE', *, *, #1512, .T. ) ;
#852 = CARTESIAN_POINT ( 'NONE',  ( -0.1250000000000000300, 0.1450000000000002700, 0.007499999999999988400 ) ) ;
#853 = CARTESIAN_POINT ( 'NONE',  ( -3.414809992080329000E-017, 0.1150000000000002800, 0.5074999999999999500 ) ) ;
#854 = LINE ( 'NONE', #1249, #1759 ) ;
#855 = ORIENTED_EDGE ( 'NONE', *, *, #1985, .F. ) ;
#856 = AXIS2_PLACEMENT_3D ( 'NONE', #2880, #1448, #2671 ) ;
#857 = EDGE_CURVE ( 'NONE', #1777, #1122, #1096, .T. ) ;
#858 = VECTOR ( 'NONE', #2027, 39.37007874015748100 ) ;
#859 = DIRECTION ( 'NONE',  ( -1.000000000000000000, 0.0000000000000000000, 0.0000000000000000000 ) ) ;
#860 = ORIENTED_EDGE ( 'NONE', *, *, #2688, .T. ) ;
#861 = DIRECTION ( 'NONE',  ( 0.0000000000000000000, 5.928489569583903000E-018, 1.000000000000000000 ) ) ;
#862 = ORIENTED_EDGE ( 'NONE', *, *, #353, .F. ) ;
#863 = ORIENTED_EDGE ( 'NONE', *, *, #1065, .F. ) ;
#864 = DIRECTION ( 'NONE',  ( 0.0000000000000000000, -0.0000000000000000000, 1.000000000000000000 ) ) ;
#865 = EDGE_CURVE ( 'NONE', #2189, #2481, #2247, .T. ) ;
#866 = DIRECTION ( 'NONE',  ( 0.0000000000000000000, 0.0000000000000000000, 1.000000000000000000 ) ) ;
#867 = DIRECTION ( 'NONE',  ( 1.000000000000000000, 0.0000000000000000000, -0.0000000000000000000 ) ) ;
#868 = DIRECTION ( 'NONE',  ( 0.0000000000000000000, -1.000000000000000000, -5.928489569583903000E-018 ) ) ;
#869 = ORIENTED_EDGE ( 'NONE', *, *, #1645, .T. ) ;
#870 = FACE_OUTER_BOUND ( 'NONE', #224, .T. ) ;
#871 = ORIENTED_EDGE ( 'NONE', *, *, #2433, .F. ) ;
#872 = ORIENTED_EDGE ( 'NONE', *, *, #1130, .F. ) ;
#873 = VECTOR ( 'NONE', #1086, 39.37007874015748100 ) ;
#874 = DIRECTION ( 'NONE',  ( 1.000000000000000000, 0.0000000000000000000, 0.0000000000000000000 ) ) ;
#875 = EDGE_CURVE ( 'NONE', #103, #2307, #77, .T. ) ;
#876 = ORIENTED_EDGE ( 'NONE', *, *, #731, .F. ) ;
#877 = FACE_OUTER_BOUND ( 'NONE', #2620, .T. ) ;
#878 = DIRECTION ( 'NONE',  ( -1.000000000000000000, -0.0000000000000000000, 0.0000000000000000000 ) ) ;
#879 = CARTESIAN_POINT ( 'NONE',  ( 0.06249999999999997900, 0.1270000000000002800, 0.3824999999999999000 ) ) ;
#880 = ADVANCED_FACE ( 'NONE', ( #374 ), #1377, .F. ) ;
#881 = ORIENTED_EDGE ( 'NONE', *, *, #372, .T. ) ;
#882 = LINE ( 'NONE', #1543, #174 ) ;
#883 = VERTEX_POINT ( 'NONE', #2521 ) ;
#884 = EDGE_CURVE ( 'NONE', #841, #963, #3064, .T. ) ;
#885 = AXIS2_PLACEMENT_3D ( 'NONE', #1296, #2255, #3026 ) ;
#886 = VECTOR ( 'NONE', #2300, 39.37007874015748100 ) ;
#887 = CARTESIAN_POINT ( 'NONE',  ( -0.05000000000000004400, 0.2750000000000003000, 0.4574999999999999600 ) ) ;
#888 = ORIENTED_EDGE ( 'NONE', *, *, #2745, .F. ) ;
#889 = FILL_AREA_STYLE_COLOUR ( '', #667 ) ;
#890 = VECTOR ( 'NONE', #241, 39.37007874015748900 ) ;
#891 = ORIENTED_EDGE ( 'NONE', *, *, #1258, .T. ) ;
#892 = CARTESIAN_POINT ( 'NONE',  ( 0.03749999999999996400, 0.1270000000000002800, 0.3975000000000000200 ) ) ;
#893 = LINE ( 'NONE', #927, #809 ) ;
#894 = ORIENTED_EDGE ( 'NONE', *, *, #1012, .T. ) ;
#895 = CARTESIAN_POINT ( 'NONE',  ( -0.06250000000000002800, 0.1450000000000002700, 0.007499999999999953800 ) ) ;
#896 = EDGE_CURVE ( 'NONE', #3134, #2945, #2619, .T. ) ;
#897 = VECTOR ( 'NONE', #816, 39.37007874015748100 ) ;
#898 = ORIENTED_EDGE ( 'NONE', *, *, #1424, .T. ) ;
#899 = ADVANCED_FACE ( 'NONE', ( #937 ), #348, .F. ) ;
#900 = ORIENTED_EDGE ( 'NONE', *, *, #502, .F. ) ;
#901 = FILL_AREA_STYLE ('',( #889 ) ) ;
#902 = SURFACE_SIDE_STYLE ('',( #92 ) ) ;
#903 = DIRECTION ( 'NONE',  ( -1.000000000000000000, 0.0000000000000000000, 0.0000000000000000000 ) ) ;
#904 = PLANE ( 'NONE',  #1853 ) ;
#905 = EDGE_CURVE ( 'NONE', #245, #1600, #3139, .T. ) ;
#906 = AXIS2_PLACEMENT_3D ( 'NONE', #757, #2224, #1016 ) ;
#907 = CARTESIAN_POINT ( 'NONE',  ( 0.1049999999999999500, 0.2350000000000002900, 0.3825000000000000100 ) ) ;
#908 = CARTESIAN_POINT ( 'NONE',  ( -0.03750000000000003300, -0.1149999999999995200, -0.01250000000000000200 ) ) ;
#909 = EDGE_CURVE ( 'NONE', #2190, #1043, #2055, .T. ) ;
#910 = DIRECTION ( 'NONE',  ( 1.000000000000000000, -0.0000000000000000000, 0.0000000000000000000 ) ) ;
#911 = CARTESIAN_POINT ( 'NONE',  ( 0.1739999999999999300, 0.2750000000000003000, 0.3825000000000000100 ) ) ;
#912 = ORIENTED_EDGE ( 'NONE', *, *, #2670, .T. ) ;
#913 = DIRECTION ( 'NONE',  ( -0.5773502691896259500, 0.5773502691896259500, 0.5773502691896255100 ) ) ;
#914 = ADVANCED_FACE ( 'NONE', ( #259 ), #2329, .F. ) ;
#915 = ORIENTED_EDGE ( 'NONE', *, *, #934, .T. ) ;
#916 = FACE_OUTER_BOUND ( 'NONE', #3046, .T. ) ;
#917 = DIRECTION ( 'NONE',  ( 0.0000000000000000000, -1.000000000000000000, 0.0000000000000000000 ) ) ;
#918 = ORIENTED_EDGE ( 'NONE', *, *, #459, .F. ) ;
#919 = VERTEX_POINT ( 'NONE', #1856 ) ;
#920 = VECTOR ( 'NONE', #2966, 39.37007874015748100 ) ;
#921 = DIRECTION ( 'NONE',  ( 0.0000000000000000000, 1.000000000000000000, -5.928489569583903000E-018 ) ) ;
#922 = EDGE_CURVE ( 'NONE', #94, #2860, #225, .T. ) ;
#923 = LINE ( 'NONE', #2364, #636 ) ;
#924 =( NAMED_UNIT ( * ) PLANE_ANGLE_UNIT ( ) SI_UNIT ( $, .RADIAN. ) );
#925 = EDGE_LOOP ( 'NONE', ( #2327, #881, #1559, #2133, #1023, #2760, #171, #481 ) ) ;
#926 = FILL_AREA_STYLE ('',( #161 ) ) ;
#927 = CARTESIAN_POINT ( 'NONE',  ( -3.414809992080329000E-017, 0.1750000000000002900, 0.05750000000000000200 ) ) ;
#928 = CARTESIAN_POINT ( 'NONE',  ( 0.1049999999999999500, 0.06500000000000026600, 0.1575000000000000300 ) ) ;
#929 = VECTOR ( 'NONE', #1407, 39.37007874015748100 ) ;
#930 = ORIENTED_EDGE ( 'NONE', *, *, #1750, .F. ) ;
#931 = CARTESIAN_POINT ( 'NONE',  ( 0.03749999999999996400, 0.1020000000000003000, 0.03749999999999997800 ) ) ;
#932 = FACE_OUTER_BOUND ( 'NONE', #1899, .T. ) ;
#933 = ORIENTED_EDGE ( 'NONE', *, *, #1200, .T. ) ;
#934 = EDGE_CURVE ( 'NONE', #245, #1138, #1977, .T. ) ;
#935 = ADVANCED_FACE ( 'NONE', ( #184 ), #356, .F. ) ;
#936 = CARTESIAN_POINT ( 'NONE',  ( -0.04151923788646686600, 0.1229807621135334400, 0.3975000000000000200 ) ) ;
#937 = FACE_OUTER_BOUND ( 'NONE', #1337, .T. ) ;
#938 = DIRECTION ( 'NONE',  ( 1.000000000000000000, 0.0000000000000000000, -0.0000000000000000000 ) ) ;
#939 = CARTESIAN_POINT ( 'NONE',  ( -0.03750000000000003300, 0.1270000000000002800, 0.3824999999999999000 ) ) ;
#940 = LINE ( 'NONE', #1950, #79 ) ;
#941 = DIRECTION ( 'NONE',  ( 0.0000000000000000000, 1.000000000000000000, 0.0000000000000000000 ) ) ;
#942 = ORIENTED_EDGE ( 'NONE', *, *, #2557, .F. ) ;
#943 = CARTESIAN_POINT ( 'NONE',  ( -0.1250000000000000300, 0.1750000000000002900, 0.007499999999999988400 ) ) ;
#944 = CARTESIAN_POINT ( 'NONE',  ( -3.414809992080329000E-017, 0.1450000000000002700, -0.02749999999999997900 ) ) ;
#945 = ORIENTED_EDGE ( 'NONE', *, *, #662, .T. ) ;
#946 = EDGE_CURVE ( 'NONE', #1227, #698, #487, .T. ) ;
#947 = VERTEX_POINT ( 'NONE', #607 ) ;
#948 = DIRECTION ( 'NONE',  ( 0.0000000000000000000, -5.928489569583904600E-018, -1.000000000000000000 ) ) ;
#949 = DIRECTION ( 'NONE',  ( -1.000000000000000000, 0.0000000000000000000, 0.0000000000000000000 ) ) ;
#950 = PRODUCT_RELATED_PRODUCT_CATEGORY ( 'part', '', ( #1518 ) ) ;
#951 = AXIS2_PLACEMENT_3D ( 'NONE', #239, #469, #2225 ) ;
#952 = ORIENTED_EDGE ( 'NONE', *, *, #2776, .F. ) ;
#953 = DIRECTION ( 'NONE',  ( 0.7071067811867836100, 0.7071067811863115400, 0.0000000000000000000 ) ) ;
#954 = UNCERTAINTY_MEASURE_WITH_UNIT (LENGTH_MEASURE( 1.000000000000000100E-005 ), #1174, 'distance_accuracy_value', 'NONE');
#955 = ADVANCED_FACE ( 'NONE', ( #340 ), #2339, .F. ) ;
#956 = EDGE_CURVE ( 'NONE', #963, #2042, #1719, .T. ) ;
#957 = DIRECTION ( 'NONE',  ( -1.000000000000000000, 0.0000000000000000000, 0.0000000000000000000 ) ) ;
#958 = ORIENTED_EDGE ( 'NONE', *, *, #3149, .F. ) ;
#959 = LINE ( 'NONE', #1254, #125 ) ;
#960 = DIRECTION ( 'NONE',  ( 0.0000000000000000000, 0.7071067811865475700, -0.7071067811865475700 ) ) ;
#961 = CARTESIAN_POINT ( 'NONE',  ( -0.1250000000000000300, 0.04500000000000026900, 0.5074999999999999500 ) ) ;
#962 = VERTEX_POINT ( 'NONE', #615 ) ;
#963 = VERTEX_POINT ( 'NONE', #1636 ) ;
#964 = LINE ( 'NONE', #2068, #790 ) ;
#965 = DIRECTION ( 'NONE',  ( 0.0000000000000000000, 0.0000000000000000000, 1.000000000000000000 ) ) ;
#966 = CARTESIAN_POINT ( 'NONE',  ( -0.1250000000000000300, 0.1150000000000002800, 0.5074999999999999500 ) ) ;
#967 = ORIENTED_EDGE ( 'NONE', *, *, #600, .F. ) ;
#968 = CYLINDRICAL_SURFACE ( 'NONE', #617, 0.05000000000000001000 ) ;
#969 = ORIENTED_EDGE ( 'NONE', *, *, #525, .T. ) ;
#970 = MECHANICAL_DESIGN_GEOMETRIC_PRESENTATION_REPRESENTATION (  '', ( #1682 ), #2178 ) ;
#971 = ADVANCED_FACE ( 'NONE', ( #1475 ), #2836, .F. ) ;
#972 = DIRECTION ( 'NONE',  ( 1.000000000000000000, 0.0000000000000000000, 0.0000000000000000000 ) ) ;
#973 = ORIENTED_EDGE ( 'NONE', *, *, #2700, .T. ) ;
#974 = DIRECTION ( 'NONE',  ( -0.0000000000000000000, -0.0000000000000000000, 1.000000000000000000 ) ) ;
#975 = LINE ( 'NONE', #1082, #36 ) ;
#976 = CARTESIAN_POINT ( 'NONE',  ( -3.414809992080329000E-017, 0.1650000000000002900, 0.1575000000000000000 ) ) ;
#977 = ORIENTED_EDGE ( 'NONE', *, *, #1865, .F. ) ;
#978 = CARTESIAN_POINT ( 'NONE',  ( -0.05848076211353319500, -0.1299999999999997000, -0.008480762113533166600 ) ) ;
#979 = EDGE_CURVE ( 'NONE', #2827, #3165, #1520, .T. ) ;
#980 = CARTESIAN_POINT ( 'NONE',  ( -0.03750000000000003300, 0.07700000000000027700, 0.03750000000000001200 ) ) ;
#981 = AXIS2_PLACEMENT_3D ( 'NONE', #1436, #1917, #972 ) ;
#982 = LINE ( 'NONE', #749, #1634 ) ;
#983 = ORIENTED_EDGE ( 'NONE', *, *, #1450, .F. ) ;
#984 = CARTESIAN_POINT ( 'NONE',  ( -3.414809992080329000E-017, 0.1020000000000002700, 0.1575000000000000000 ) ) ;
#985 = EDGE_CURVE ( 'NONE', #2789, #947, #3, .T. ) ;
#986 = VECTOR ( 'NONE', #104, 39.37007874015748100 ) ;
#987 = EDGE_LOOP ( 'NONE', ( #493, #1880, #1763, #1432 ) ) ;
#988 = DIRECTION ( 'NONE',  ( 1.000000000000000000, -0.0000000000000000000, -0.0000000000000000000 ) ) ;
#989 = LINE ( 'NONE', #2473, #3107 ) ;
#990 = EDGE_LOOP ( 'NONE', ( #1369, #2849, #1823, #1945 ) ) ;
#991 = PLANE ( 'NONE',  #1572 ) ;
#992 = ORIENTED_EDGE ( 'NONE', *, *, #1335, .F. ) ;
#993 = PLANE ( 'NONE',  #2006 ) ;
#994 = DIRECTION ( 'NONE',  ( 0.2505628070857287000, -0.9351131265310309600, -0.2505628070857287000 ) ) ;
#995 = CARTESIAN_POINT ( 'NONE',  ( 0.08999999999999996900, 0.2750000000000003000, 0.3825000000000000100 ) ) ;
#996 = CARTESIAN_POINT ( 'NONE',  ( -0.03750000000000003300, 0.1270000000000002800, 0.03750000000000001200 ) ) ;
#997 = LINE ( 'NONE', #976, #543 ) ;
#998 = EDGE_CURVE ( 'NONE', #2215, #841, #2549, .T. ) ;
#999 = CARTESIAN_POINT ( 'NONE',  ( -0.06250000000000002800, -0.1299999999999997000, 0.01249999999999996900 ) ) ;
#1000 = PRESENTATION_LAYER_ASSIGNMENT (  '', '', ( #1879 ) ) ;
#1001 = ORIENTED_EDGE ( 'NONE', *, *, #884, .T. ) ;
#1002 = ORIENTED_EDGE ( 'NONE', *, *, #2294, .F. ) ;
#1003 = VECTOR ( 'NONE', #279, 39.37007874015748100 ) ;
#1004 = ORIENTED_EDGE ( 'NONE', *, *, #909, .T. ) ;
#1005 = CARTESIAN_POINT ( 'NONE',  ( 0.03749999999999996400, 0.07700000000000027700, 0.03750000000000001200 ) ) ;
#1006 = DIRECTION ( 'NONE',  ( -0.0000000000000000000, 1.000000000000000000, 0.0000000000000000000 ) ) ;
#1007 = ORIENTED_EDGE ( 'NONE', *, *, #2928, .F. ) ;
#1008 = DIRECTION ( 'NONE',  ( 0.0000000000000000000, -0.0000000000000000000, -1.000000000000000000 ) ) ;
#1009 = LINE ( 'NONE', #2132, #2003 ) ;
#1010 = DIRECTION ( 'NONE',  ( -0.0000000000000000000, -1.000000000000000000, 0.0000000000000000000 ) ) ;
#1011 = ORIENTED_EDGE ( 'NONE', *, *, #1602, .F. ) ;
#1012 = EDGE_CURVE ( 'NONE', #2974, #451, #2389, .T. ) ;
#1013 = CARTESIAN_POINT ( 'NONE',  ( -0.1250000000000000300, 0.07500000000000027500, -0.02749999999999997900 ) ) ;
#1014 = VECTOR ( 'NONE', #1036, 39.37007874015748100 ) ;
#1015 = ORIENTED_EDGE ( 'NONE', *, *, #339, .F. ) ;
#1016 = DIRECTION ( 'NONE',  ( 0.0000000000000000000, 0.0000000000000000000, 1.000000000000000000 ) ) ;
#1017 = VECTOR ( 'NONE', #447, 39.37007874015748900 ) ;
#1018 = DIRECTION ( 'NONE',  ( 0.0000000000000000000, -0.0000000000000000000, -1.000000000000000000 ) ) ;
#1019 = EDGE_LOOP ( 'NONE', ( #1325, #182, #1976, #3089 ) ) ;
#1020 = CARTESIAN_POINT ( 'NONE',  ( -0.03750000000000003300, 0.07700000000000027700, 0.03750000000000001200 ) ) ;
#1021 = VECTOR ( 'NONE', #3118, 39.37007874015748100 ) ;
#1022 = DIRECTION ( 'NONE',  ( 0.0000000000000000000, 0.0000000000000000000, 1.000000000000000000 ) ) ;
#1023 = ORIENTED_EDGE ( 'NONE', *, *, #979, .T. ) ;
#1024 = CARTESIAN_POINT ( 'NONE',  ( 0.1049999999999999500, 0.06500000000000026600, 0.5074999999999999500 ) ) ;
#1025 = CYLINDRICAL_SURFACE ( 'NONE', #2208, 0.05000000000000001000 ) ;
#1026 = DIRECTION ( 'NONE',  ( 0.0000000000000000000, 0.7071067811865474600, -0.7071067811865474600 ) ) ;
#1027 = ORIENTED_EDGE ( 'NONE', *, *, #2287, .T. ) ;
#1028 = EDGE_CURVE ( 'NONE', #631, #2767, #412, .T. ) ;
#1029 = CARTESIAN_POINT ( 'NONE',  ( -0.03750000000000003300, 0.1270000000000002800, 0.03750000000000001200 ) ) ;
#1030 = DIRECTION ( 'NONE',  ( 0.7071067811867836100, 0.7071067811863115400, 0.0000000000000000000 ) ) ;
#1031 = ORIENTED_EDGE ( 'NONE', *, *, #254, .T. ) ;
#1032 = DIRECTION ( 'NONE',  ( 1.000000000000000000, -0.0000000000000000000, 0.0000000000000000000 ) ) ;
#1033 = CARTESIAN_POINT ( 'NONE',  ( -0.03750000000000003300, 0.1229807621135334400, 0.3975000000000000200 ) ) ;
#1034 = AXIS2_PLACEMENT_3D ( 'NONE', #980, #708, #2925 ) ;
#1035 = STYLED_ITEM ( 'NONE', ( #1768 ), #86 ) ;
#1036 = DIRECTION ( 'NONE',  ( -0.0000000000000000000, 0.0000000000000000000, -1.000000000000000000 ) ) ;
#1037 = DIRECTION ( 'NONE',  ( 0.0000000000000000000, -5.928489569583904600E-018, 1.000000000000000000 ) ) ;
#1038 = AXIS2_PLACEMENT_3D ( 'NONE', #2403, #675, #1400 ) ;
#1039 = DIRECTION ( 'NONE',  ( -0.0000000000000000000, 0.0000000000000000000, 1.000000000000000000 ) ) ;
#1040 = VECTOR ( 'NONE', #2005, 39.37007874015748100 ) ;
#1041 = CARTESIAN_POINT ( 'NONE',  ( 0.04999999999999996800, 0.2750000000000003000, 0.4174999999999999800 ) ) ;
#1042 = CARTESIAN_POINT ( 'NONE',  ( -0.03750000000000002600, 0.07500000000000027500, 0.05750000000000000200 ) ) ;
#1043 = VERTEX_POINT ( 'NONE', #1428 ) ;
#1044 = LINE ( 'NONE', #2576, #2567 ) ;
#1045 = EDGE_CURVE ( 'NONE', #2655, #3160, #2859, .T. ) ;
#1046 = DIRECTION ( 'NONE',  ( 1.000000000000000000, 0.0000000000000000000, -0.0000000000000000000 ) ) ;
#1047 = ORIENTED_EDGE ( 'NONE', *, *, #38, .F. ) ;
#1048 = VECTOR ( 'NONE', #1613, 39.37007874015748100 ) ;
#1049 = PLANE ( 'NONE',  #1704 ) ;
#1050 = ORIENTED_EDGE ( 'NONE', *, *, #3145, .T. ) ;
#1051 = DIRECTION ( 'NONE',  ( 0.7071067811865474600, -0.7071067811865474600, 0.0000000000000000000 ) ) ;
#1052 = FACE_OUTER_BOUND ( 'NONE', #1568, .T. ) ;
#1053 = ORIENTED_EDGE ( 'NONE', *, *, #2790, .T. ) ;
#1054 = DIRECTION ( 'NONE',  ( 0.0000000000000000000, 1.000000000000000000, -0.0000000000000000000 ) ) ;
#1055 = FACE_OUTER_BOUND ( 'NONE', #1499, .T. ) ;
#1056 = ORIENTED_EDGE ( 'NONE', *, *, #3088, .F. ) ;
#1057 = VECTOR ( 'NONE', #1032, 39.37007874015748100 ) ;
#1058 = ORIENTED_EDGE ( 'NONE', *, *, #2047, .T. ) ;
#1059 = CARTESIAN_POINT ( 'NONE',  ( -3.414809992080329000E-017, 0.01500000000000026700, 0.05750000000000000200 ) ) ;
#1060 = CARTESIAN_POINT ( 'NONE',  ( -0.09500000000001003500, 0.01500000000000026700, 0.05750000000000000200 ) ) ;
#1061 = LINE ( 'NONE', #275, #2318 ) ;
#1062 = ORIENTED_EDGE ( 'NONE', *, *, #1393, .F. ) ;
#1063 = CARTESIAN_POINT ( 'NONE',  ( -0.03750000000000003300, 0.1450000000000002700, 0.007499999999999988400 ) ) ;
#1064 = CARTESIAN_POINT ( 'NONE',  ( 0.06249999999999997900, 0.1270000000000002800, 0.3824999999999999000 ) ) ;
#1065 = EDGE_CURVE ( 'NONE', #762, #883, #1902, .T. ) ;
#1066 = LINE ( 'NONE', #1269, #2213 ) ;
#1067 = DIRECTION ( 'NONE',  ( -1.000000000000000000, -0.0000000000000000000, 0.0000000000000000000 ) ) ;
#1068 = VERTEX_POINT ( 'NONE', #1167 ) ;
#1069 = ORIENTED_EDGE ( 'NONE', *, *, #2577, .F. ) ;
#1070 = CARTESIAN_POINT ( 'NONE',  ( -0.03750000000000003300, 0.1020000000000003000, 0.03749999999999997800 ) ) ;
#1071 = CARTESIAN_POINT ( 'NONE',  ( 0.06499999999999996100, 0.01500000000000026700, 0.05750000000000000200 ) ) ;
#1072 = DIRECTION ( 'NONE',  ( 0.0000000000000000000, 0.0000000000000000000, 1.000000000000000000 ) ) ;
#1073 = CARTESIAN_POINT ( 'NONE',  ( -0.06250000000000002800, 0.1150000000000002800, 0.1575000000000000000 ) ) ;
#1074 = DIRECTION ( 'NONE',  ( 1.000000000000000000, 0.0000000000000000000, 0.0000000000000000000 ) ) ;
#1075 = AXIS2_PLACEMENT_3D ( 'NONE', #2066, #2764, #575 ) ;
#1076 = ORIENTED_EDGE ( 'NONE', *, *, #2612, .F. ) ;
#1077 = DIRECTION ( 'NONE',  ( 0.0000000000000000000, -0.0000000000000000000, -1.000000000000000000 ) ) ;
#1078 = VECTOR ( 'NONE', #1095, 39.37007874015748100 ) ;
#1079 = ORIENTED_EDGE ( 'NONE', *, *, #2180, .F. ) ;
#1080 = CARTESIAN_POINT ( 'NONE',  ( 0.06249999999999997900, 0.07700000000000027700, 0.03750000000000001200 ) ) ;
#1081 = VECTOR ( 'NONE', #1046, 39.37007874015748100 ) ;
#1082 = CARTESIAN_POINT ( 'NONE',  ( -0.09500000000001003500, 0.01500000000000026700, 0.5074999999999999500 ) ) ;
#1083 = ORIENTED_EDGE ( 'NONE', *, *, #946, .F. ) ;
#1084 = EDGE_CURVE ( 'NONE', #1088, #2751, #2209, .T. ) ;
#1085 = LINE ( 'NONE', #610, #1663 ) ;
#1086 = DIRECTION ( 'NONE',  ( 0.0000000000000000000, 1.000000000000000000, 0.0000000000000000000 ) ) ;
#1087 = ADVANCED_FACE ( 'NONE', ( #3030 ), #1690, .T. ) ;
#1088 = VERTEX_POINT ( 'NONE', #2136 ) ;
#1089 = DIRECTION ( 'NONE',  ( 0.0000000000000000000, -0.0000000000000000000, -1.000000000000000000 ) ) ;
#1090 = VECTOR ( 'NONE', #2447, 39.37007874015748100 ) ;
#1091 = ORIENTED_EDGE ( 'NONE', *, *, #1065, .T. ) ;
#1092 = LINE ( 'NONE', #2046, #2934 ) ;
#1093 = FILL_AREA_STYLE ('',( #1570 ) ) ;
#1094 = VERTEX_POINT ( 'NONE', #654 ) ;
#1095 = DIRECTION ( 'NONE',  ( 0.0000000000000000000, 1.000000000000000000, -0.0000000000000000000 ) ) ;
#1096 = LINE ( 'NONE', #789, #2352 ) ;
#1097 = ORIENTED_EDGE ( 'NONE', *, *, #3128, .F. ) ;
#1098 = DIRECTION ( 'NONE',  ( 0.0000000000000000000, -1.000000000000000000, -0.0000000000000000000 ) ) ;
#1099 = LINE ( 'NONE', #1180, #2822 ) ;
#1100 = VERTEX_POINT ( 'NONE', #3143 ) ;
#1101 = DIRECTION ( 'NONE',  ( 0.0000000000000000000, 5.928489569583903000E-018, -1.000000000000000000 ) ) ;
#1102 = FACE_OUTER_BOUND ( 'NONE', #633, .T. ) ;
#1103 = ORIENTED_EDGE ( 'NONE', *, *, #3189, .F. ) ;
#1104 = ADVANCED_FACE ( 'NONE', ( #2474 ), #2173, .F. ) ;
#1105 = CARTESIAN_POINT ( 'NONE',  ( 0.04999999999999998200, 0.1850000000000002800, 0.3825000000000000100 ) ) ;
#1106 = EDGE_CURVE ( 'NONE', #2063, #499, #1638, .T. ) ;
#1107 = ORIENTED_EDGE ( 'NONE', *, *, #38, .T. ) ;
#1108 = PLANE ( 'NONE',  #2445 ) ;
#1109 = DIRECTION ( 'NONE',  ( 0.0000000000000000000, 1.000000000000000000, -5.928489569583903000E-018 ) ) ;
#1110 = DIRECTION ( 'NONE',  ( 0.0000000000000000000, 0.0000000000000000000, 1.000000000000000000 ) ) ;
#1111 = CARTESIAN_POINT ( 'NONE',  ( 0.04999999999999996800, 0.1650000000000002900, 0.3825000000000000100 ) ) ;
#1112 = VECTOR ( 'NONE', #1974, 39.37007874015748100 ) ;
#1113 = FACE_OUTER_BOUND ( 'NONE', #297, .T. ) ;
#1114 = DIRECTION ( 'NONE',  ( 0.0000000000000000000, 0.0000000000000000000, -1.000000000000000000 ) ) ;
#1115 = VERTEX_POINT ( 'NONE', #700 ) ;
#1116 = PLANE ( 'NONE',  #508 ) ;
#1117 = EDGE_LOOP ( 'NONE', ( #2323, #1884, #2204, #2947 ) ) ;
#1118 = VECTOR ( 'NONE', #2200, 39.37007874015748100 ) ;
#1119 = CARTESIAN_POINT ( 'NONE',  ( -0.06250000000000002800, 0.07700000000000027700, 0.3824999999999999000 ) ) ;
#1120 = ORIENTED_EDGE ( 'NONE', *, *, #3043, .F. ) ;
#1121 = EDGE_CURVE ( 'NONE', #1804, #2081, #1385, .T. ) ;
#1122 = VERTEX_POINT ( 'NONE', #2647 ) ;
#1123 = DIRECTION ( 'NONE',  ( -0.0000000000000000000, -0.7071067811865474600, 0.7071067811865474600 ) ) ;
#1124 = VECTOR ( 'NONE', #2920, 39.37007874015748900 ) ;
#1125 = VERTEX_POINT ( 'NONE', #1666 ) ;
#1126 = PLANE ( 'NONE',  #1533 ) ;
#1127 = VECTOR ( 'NONE', #874, 39.37007874015748100 ) ;
#1128 = EDGE_LOOP ( 'NONE', ( #1736, #738, #1289, #313 ) ) ;
#1129 = LINE ( 'NONE', #3197, #1471 ) ;
#1130 = EDGE_CURVE ( 'NONE', #1187, #3205, #570, .T. ) ;
#1131 = EDGE_LOOP ( 'NONE', ( #2774, #851, #3183, #2585 ) ) ;
#1132 = DIRECTION ( 'NONE',  ( 0.0000000000000000000, 5.928489569583903000E-018, 1.000000000000000000 ) ) ;
#1133 = VECTOR ( 'NONE', #162, 39.37007874015748100 ) ;
#1134 = ORIENTED_EDGE ( 'NONE', *, *, #2404, .T. ) ;
#1135 = AXIS2_PLACEMENT_3D ( 'NONE', #742, #2479, #521 ) ;
#1136 = CIRCLE ( 'NONE', #3161, 0.02500000000000002200 ) ;
#1137 = DIRECTION ( 'NONE',  ( -0.0000000000000000000, 1.000000000000000000, 0.0000000000000000000 ) ) ;
#1138 = VERTEX_POINT ( 'NONE', #1389 ) ;
#1139 = CARTESIAN_POINT ( 'NONE',  ( -0.1050000000000000200, 0.1850000000000002800, 0.3825000000000000100 ) ) ;
#1140 = DIRECTION ( 'NONE',  ( -1.000000000000000000, 0.0000000000000000000, 0.0000000000000000000 ) ) ;
#1141 = EDGE_LOOP ( 'NONE', ( #2343, #1466, #876, #1256 ) ) ;
#1142 =( NAMED_UNIT ( * ) SI_UNIT ( $, .STERADIAN. ) SOLID_ANGLE_UNIT ( ) );
#1143 = CARTESIAN_POINT ( 'NONE',  ( -0.09000000000000002400, 0.2750000000000003000, 0.3825000000000000100 ) ) ;
#1144 = CARTESIAN_POINT ( 'NONE',  ( -0.09000000000000002400, 0.2350000000000002900, 0.4174999999999999800 ) ) ;
#1145 = ADVANCED_FACE ( 'NONE', ( #2780 ), #2428, .T. ) ;
#1146 = ORIENTED_EDGE ( 'NONE', *, *, #540, .F. ) ;
#1147 = ORIENTED_EDGE ( 'NONE', *, *, #395, .T. ) ;
#1148 = FACE_OUTER_BOUND ( 'NONE', #2466, .T. ) ;
#1149 = DIRECTION ( 'NONE',  ( 1.000000000000000000, 0.0000000000000000000, 0.0000000000000000000 ) ) ;
#1150 = ORIENTED_EDGE ( 'NONE', *, *, #1817, .T. ) ;
#1151 = ORIENTED_EDGE ( 'NONE', *, *, #2477, .T. ) ;
#1152 = VECTOR ( 'NONE', #767, 39.37007874015748900 ) ;
#1153 = DIRECTION ( 'NONE',  ( -1.000000000000000000, 0.0000000000000000000, 0.0000000000000000000 ) ) ;
#1154 = DIRECTION ( 'NONE',  ( 0.0000000000000000000, -1.000000000000000000, 0.0000000000000000000 ) ) ;
#1155 = ORIENTED_EDGE ( 'NONE', *, *, #1904, .F. ) ;
#1156 = LINE ( 'NONE', #1924, #1416 ) ;
#1157 = DIRECTION ( 'NONE',  ( 0.0000000000000000000, -5.928489569583904600E-018, -1.000000000000000000 ) ) ;
#1158 = ORIENTED_EDGE ( 'NONE', *, *, #2082, .F. ) ;
#1159 = EDGE_CURVE ( 'NONE', #2042, #1606, #893, .T. ) ;
#1160 = AXIS2_PLACEMENT_3D ( 'NONE', #1983, #707, #1952 ) ;
#1161 = ADVANCED_FACE ( 'NONE', ( #1382 ), #465, .F. ) ;
#1162 = CIRCLE ( 'NONE', #14, 0.02500000000000002200 ) ;
#1163 = CARTESIAN_POINT ( 'NONE',  ( 0.06499999999999996100, 0.01500000000000026700, 0.5074999999999999500 ) ) ;
#1164 =( CONVERSION_BASED_UNIT ( 'INCH', #429 ) LENGTH_UNIT ( ) NAMED_UNIT ( #392 ) );
#1165 = FACE_OUTER_BOUND ( 'NONE', #1624, .T. ) ;
#1166 = ORIENTED_EDGE ( 'NONE', *, *, #2524, .F. ) ;
#1167 = CARTESIAN_POINT ( 'NONE',  ( 0.09499999999999994600, 0.01500000000000026700, 0.05750000000000000200 ) ) ;
#1168 = FACE_OUTER_BOUND ( 'NONE', #1530, .T. ) ;
#1169 = ORIENTED_EDGE ( 'NONE', *, *, #2024, .T. ) ;
#1170 = VECTOR ( 'NONE', #2157, 39.37007874015748100 ) ;
#1171 = EDGE_LOOP ( 'NONE', ( #900, #2894, #1199, #1415 ) ) ;
#1172 = FACE_OUTER_BOUND ( 'NONE', #837, .T. ) ;
#1173 = ORIENTED_EDGE ( 'NONE', *, *, #1045, .T. ) ;
#1174 =( CONVERSION_BASED_UNIT ( 'INCH', #1617 ) LENGTH_UNIT ( ) NAMED_UNIT ( #1392 ) );
#1175 = CARTESIAN_POINT ( 'NONE',  ( -0.08000000000000002900, 2.731847993664263200E-016, 0.05750000000000000200 ) ) ;
#1176 = ADVANCED_FACE ( 'NONE', ( #2431 ), #12, .T. ) ;
#1177 = ORIENTED_EDGE ( 'NONE', *, *, #154, .F. ) ;
#1178 = CARTESIAN_POINT ( 'NONE',  ( 0.05848076211353314700, -0.1299999999999997000, -0.008480762113533166600 ) ) ;
#1179 = EDGE_CURVE ( 'NONE', #2739, #103, #2544, .T. ) ;
#1180 = CARTESIAN_POINT ( 'NONE',  ( 0.1249999999999999600, 0.07500000000000027500, 0.05750000000000000200 ) ) ;
#1181 = APPLICATION_CONTEXT ( 'automotive_design' ) ;
#1182 = PRESENTATION_STYLE_ASSIGNMENT (( #2861 ) ) ;
#1183 = DIRECTION ( 'NONE',  ( 0.0000000000000000000, -0.0000000000000000000, 1.000000000000000000 ) ) ;
#1184 = VECTOR ( 'NONE', #1439, 39.37007874015748100 ) ;
#1185 = FACE_OUTER_BOUND ( 'NONE', #221, .T. ) ;
#1186 = CARTESIAN_POINT ( 'NONE',  ( -0.06250000000000002800, -0.1149999999999995200, 0.01249999999999996900 ) ) ;
#1187 = VERTEX_POINT ( 'NONE', #2892 ) ;
#1188 = VECTOR ( 'NONE', #1827, 39.37007874015748100 ) ;
#1189 = ADVANCED_FACE ( 'NONE', ( #643 ), #1757, .T. ) ;
#1190 = ORIENTED_EDGE ( 'NONE', *, *, #237, .F. ) ;
#1191 = CARTESIAN_POINT ( 'NONE',  ( 0.06249999999999997900, -0.1299999999999997000, -0.01250000000000000200 ) ) ;
#1192 = PRESENTATION_LAYER_ASSIGNMENT (  '', '', ( #1035 ) ) ;
#1193 = PLANE ( 'NONE',  #2362 ) ;
#1194 = LINE ( 'NONE', #2452, #476 ) ;
#1195 = EDGE_CURVE ( 'NONE', #488, #1494, #2855, .T. ) ;
#1196 = VECTOR ( 'NONE', #1751, 39.37007874015748100 ) ;
#1197 = VERTEX_POINT ( 'NONE', #2975 ) ;
#1198 = CARTESIAN_POINT ( 'NONE',  ( 0.04151923788646681000, 0.1229807621135334400, 0.3975000000000000200 ) ) ;
#1199 = ORIENTED_EDGE ( 'NONE', *, *, #565, .F. ) ;
#1200 = EDGE_CURVE ( 'NONE', #2767, #2655, #688, .T. ) ;
#1201 = FACE_OUTER_BOUND ( 'NONE', #1610, .T. ) ;
#1202 = DIRECTION ( 'NONE',  ( -0.0000000000000000000, -1.000000000000000000, 0.0000000000000000000 ) ) ;
#1203 = ORIENTED_EDGE ( 'NONE', *, *, #244, .T. ) ;
#1204 = DIRECTION ( 'NONE',  ( 0.0000000000000000000, 0.0000000000000000000, 1.000000000000000000 ) ) ;
#1205 = LINE ( 'NONE', #1753, #3103 ) ;
#1206 = CARTESIAN_POINT ( 'NONE',  ( -0.03750000000000003300, 0.1020000000000002700, 0.03749999999999997800 ) ) ;
#1207 = ORIENTED_EDGE ( 'NONE', *, *, #166, .T. ) ;
#1208 = PLANE ( 'NONE',  #1694 ) ;
#1209 = ADVANCED_FACE ( 'NONE', ( #1862 ), #2199, .T. ) ;
#1210 = LINE ( 'NONE', #464, #1565 ) ;
#1211 = VERTEX_POINT ( 'NONE', #2442 ) ;
#1212 = DIRECTION ( 'NONE',  ( -1.000000000000000000, -0.0000000000000000000, -0.0000000000000000000 ) ) ;
#1213 = CLOSED_SHELL ( 'NONE', ( #2683, #1684, #2803, #1810, #3092, #2408, #1637, #379, #440, #191, #3109, #1651, #971, #2649, #1319, #1464, #1828, #1590 ) ) ;
#1214 = CARTESIAN_POINT ( 'NONE',  ( 0.03749999999999997800, 0.07700000000000027700, 0.03750000000000001200 ) ) ;
#1215 = DIRECTION ( 'NONE',  ( 0.0000000000000000000, -0.0000000000000000000, 1.000000000000000000 ) ) ;
#1216 = CARTESIAN_POINT ( 'NONE',  ( -0.04151923788646686600, 0.1270000000000002800, 0.3975000000000000200 ) ) ;
#1217 = EDGE_CURVE ( 'NONE', #124, #1996, #1821, .T. ) ;
#1218 = AXIS2_PLACEMENT_3D ( 'NONE', #1281, #35, #1784 ) ;
#1219 = ORIENTED_EDGE ( 'NONE', *, *, #70, .T. ) ;
#1220 = DIRECTION ( 'NONE',  ( 0.0000000000000000000, 0.0000000000000000000, 1.000000000000000000 ) ) ;
#1221 = DIRECTION ( 'NONE',  ( 0.0000000000000000000, -1.000000000000000000, 0.0000000000000000000 ) ) ;
#1222 = VERTEX_POINT ( 'NONE', #978 ) ;
#1223 = ORIENTED_EDGE ( 'NONE', *, *, #3149, .T. ) ;
#1224 = CARTESIAN_POINT ( 'NONE',  ( -0.1450000000000000200, 0.01500000000000024900, 0.5074999999999999500 ) ) ;
#1225 = LINE ( 'NONE', #2637, #3047 ) ;
#1226 = CARTESIAN_POINT ( 'NONE',  ( 0.1049999999999999500, 0.1650000000000002900, 0.3625000000000000400 ) ) ;
#1227 = VERTEX_POINT ( 'NONE', #996 ) ;
#1228 = ORIENTED_EDGE ( 'NONE', *, *, #683, .F. ) ;
#1229 = VECTOR ( 'NONE', #2980, 39.37007874015748100 ) ;
#1230 = EDGE_CURVE ( 'NONE', #2737, #736, #1129, .T. ) ;
#1231 = CARTESIAN_POINT ( 'NONE',  ( 0.06249999999999997900, 0.07700000000000026300, 0.01249999999999996900 ) ) ;
#1232 = VECTOR ( 'NONE', #836, 39.37007874015748100 ) ;
#1233 = AXIS2_PLACEMENT_3D ( 'NONE', #1582, #578, #2314 ) ;
#1234 = DIRECTION ( 'NONE',  ( 0.0000000000000000000, 0.0000000000000000000, 1.000000000000000000 ) ) ;
#1235 = EDGE_LOOP ( 'NONE', ( #49, #1147, #1967, #1889, #2519, #2936, #758, #2902, #2804, #2301 ) ) ;
#1236 = CARTESIAN_POINT ( 'NONE',  ( 0.1449999999999999600, 0.2750000000000003000, 0.3825000000000000100 ) ) ;
#1237 = LINE ( 'NONE', #462, #1090 ) ;
#1238 = VERTEX_POINT ( 'NONE', #2244 ) ;
#1239 = DIRECTION ( 'NONE',  ( -0.0000000000000000000, 0.0000000000000000000, -1.000000000000000000 ) ) ;
#1240 = EDGE_CURVE ( 'NONE', #27, #2432, #3179, .T. ) ;
#1241 = CARTESIAN_POINT ( 'NONE',  ( 0.05716355377495208800, -0.1349158884437376700, 0.007163553774952073500 ) ) ;
#1242 = LINE ( 'NONE', #482, #567 ) ;
#1243 = ORIENTED_EDGE ( 'NONE', *, *, #2590, .T. ) ;
#1244 =( CONVERSION_BASED_UNIT ( 'INCH', #474 ) LENGTH_UNIT ( ) NAMED_UNIT ( #170 ) );
#1245 = EDGE_CURVE ( 'NONE', #962, #1266, #982, .T. ) ;
#1246 = LINE ( 'NONE', #2501, #305 ) ;
#1247 = ORIENTED_EDGE ( 'NONE', *, *, #1130, .T. ) ;
#1248 = DIRECTION ( 'NONE',  ( 0.0000000000000000000, -1.000000000000000000, 0.0000000000000000000 ) ) ;
#1249 = CARTESIAN_POINT ( 'NONE',  ( 0.1049999999999999500, 0.06500000000000026600, 0.4874999999999999900 ) ) ;
#1250 = LINE ( 'NONE', #802, #3068 ) ;
#1251 = ORIENTED_EDGE ( 'NONE', *, *, #459, .T. ) ;
#1252 = DIRECTION ( 'NONE',  ( 1.000000000000000000, 0.0000000000000000000, 0.0000000000000000000 ) ) ;
#1253 = DIRECTION ( 'NONE',  ( -1.000000000000000000, 0.0000000000000000000, 0.0000000000000000000 ) ) ;
#1254 = CARTESIAN_POINT ( 'NONE',  ( -0.06250000000000002800, -0.1299999999999997000, 0.01249999999999996900 ) ) ;
#1255 = ORIENTED_EDGE ( 'NONE', *, *, #233, .T. ) ;
#1256 = ORIENTED_EDGE ( 'NONE', *, *, #1502, .F. ) ;
#1257 = CARTESIAN_POINT ( 'NONE',  ( 0.06249999999999997900, 0.1020000000000003000, 0.03749999999999997800 ) ) ;
#1258 = EDGE_CURVE ( 'NONE', #1494, #1266, #1975, .T. ) ;
#1259 = CARTESIAN_POINT ( 'NONE',  ( -0.05848076211353319500, 0.1020000000000002700, 0.3975000000000000200 ) ) ;
#1260 = PLANE ( 'NONE',  #1825 ) ;
#1261 = DIRECTION ( 'NONE',  ( 1.000000000000000000, 0.0000000000000000000, -0.0000000000000000000 ) ) ;
#1262 = VECTOR ( 'NONE', #1410, 39.37007874015748100 ) ;
#1263 = EDGE_CURVE ( 'NONE', #1115, #2739, #1242, .T. ) ;
#1264 = VECTOR ( 'NONE', #2417, 39.37007874015748900 ) ;
#1265 = ORIENTED_EDGE ( 'NONE', *, *, #1946, .F. ) ;
#1266 = VERTEX_POINT ( 'NONE', #3211 ) ;
#1267 = VECTOR ( 'NONE', #2797, 39.37007874015748100 ) ;
#1268 = ORIENTED_EDGE ( 'NONE', *, *, #2237, .F. ) ;
#1269 = CARTESIAN_POINT ( 'NONE',  ( 0.03749999999999997800, 0.07500000000000027500, 0.05750000000000000200 ) ) ;
#1270 = LINE ( 'NONE', #579, #3129 ) ;
#1271 = ORIENTED_EDGE ( 'NONE', *, *, #2763, .T. ) ;
#1272 = CARTESIAN_POINT ( 'NONE',  ( -3.414809992080329000E-017, 0.1270000000000002800, 0.1575000000000000000 ) ) ;
#1273 = FACE_OUTER_BOUND ( 'NONE', #990, .T. ) ;
#1274 = VERTEX_POINT ( 'NONE', #2230 ) ;
#1275 = CARTESIAN_POINT ( 'NONE',  ( 0.1739999999999999300, 0.2750000000000003000, 0.3825000000000000100 ) ) ;
#1276 = AXIS2_PLACEMENT_3D ( 'NONE', #2693, #744, #2218 ) ;
#1277 = DIRECTION ( 'NONE',  ( 1.000000000000000000, -0.0000000000000000000, -0.0000000000000000000 ) ) ;
#1278 = ORIENTED_EDGE ( 'NONE', *, *, #2407, .F. ) ;
#1279 = DIRECTION ( 'NONE',  ( 0.0000000000000000000, 1.000000000000000000, 0.0000000000000000000 ) ) ;
#1280 = VECTOR ( 'NONE', #842, 39.37007874015748900 ) ;
#1281 = CARTESIAN_POINT ( 'NONE',  ( 0.06249999999999997900, 0.1020000000000002700, 0.3824999999999998400 ) ) ;
#1282 = CARTESIAN_POINT ( 'NONE',  ( -0.02000000000000003500, 0.06500000000000026600, 0.1575000000000000300 ) ) ;
#1283 = VECTOR ( 'NONE', #2876, 39.37007874015748100 ) ;
#1284 = VERTEX_POINT ( 'NONE', #2475 ) ;
#1285 = EDGE_CURVE ( 'NONE', #338, #2091, #2509, .T. ) ;
#1286 = LINE ( 'NONE', #1063, #2439 ) ;
#1287 = CARTESIAN_POINT ( 'NONE',  ( -0.1250000000000000300, 0.1450000000000002700, -0.02749999999999997900 ) ) ;
#1288 = CARTESIAN_POINT ( 'NONE',  ( -0.03750000000000003300, -0.1149999999999995200, -0.01250000000000000200 ) ) ;
#1289 = ORIENTED_EDGE ( 'NONE', *, *, #274, .F. ) ;
#1290 = DIRECTION ( 'NONE',  ( -0.0000000000000000000, 1.000000000000000000, 0.0000000000000000000 ) ) ;
#1291 = DIRECTION ( 'NONE',  ( 0.0000000000000000000, -0.0000000000000000000, -1.000000000000000000 ) ) ;
#1292 = AXIS2_PLACEMENT_3D ( 'NONE', #1529, #2505, #2962 ) ;
#1293 = CARTESIAN_POINT ( 'NONE',  ( -0.1050000000000000200, 0.2350000000000002900, 0.3825000000000000100 ) ) ;
#1294 = ORIENTED_EDGE ( 'NONE', *, *, #1608, .F. ) ;
#1295 = CARTESIAN_POINT ( 'NONE',  ( 0.07999999999999996000, 2.731847993664263200E-016, 0.5074999999999999500 ) ) ;
#1296 = CARTESIAN_POINT ( 'NONE',  ( 0.03749999999999997800, 0.07700000000000027700, 0.03750000000000001200 ) ) ;
#1297 = CARTESIAN_POINT ( 'NONE',  ( -0.06499999999999252200, 0.01500000000000277700, 0.05750000000000000200 ) ) ;
#1298 = VERTEX_POINT ( 'NONE', #2718 ) ;
#1299 = ORIENTED_EDGE ( 'NONE', *, *, #2724, .F. ) ;
#1300 = VECTOR ( 'NONE', #1154, 39.37007874015748100 ) ;
#1301 = EDGE_CURVE ( 'NONE', #300, #1284, #2205, .T. ) ;
#1302 = EDGE_LOOP ( 'NONE', ( #3104, #2060, #382, #1265, #1718, #2583, #3033, #1553, #3069, #2604 ) ) ;
#1303 = VECTOR ( 'NONE', #2653, 39.37007874015748100 ) ;
#1304 = DIRECTION ( 'NONE',  ( 0.2505628070857297000, 0.2505628070857291400, 0.9351131265310304000 ) ) ;
#1305 = ORIENTED_EDGE ( 'NONE', *, *, #31, .F. ) ;
#1306 = VECTOR ( 'NONE', #1089, 39.37007874015748100 ) ;
#1307 = CARTESIAN_POINT ( 'NONE',  ( -0.1250000000000000300, 0.07500000000000027500, 0.05750000000000000200 ) ) ;
#1308 = VERTEX_POINT ( 'NONE', #1447 ) ;
#1309 = CARTESIAN_POINT ( 'NONE',  ( 0.03749999999999997800, -0.1149999999999995200, -0.01250000000000000200 ) ) ;
#1310 = VECTOR ( 'NONE', #788, 39.37007874015748100 ) ;
#1311 = EDGE_CURVE ( 'NONE', #2827, #1115, #2121, .T. ) ;
#1312 = ORIENTED_EDGE ( 'NONE', *, *, #2590, .F. ) ;
#1313 = VECTOR ( 'NONE', #1962, 39.37007874015748100 ) ;
#1314 = ORIENTED_EDGE ( 'NONE', *, *, #1311, .F. ) ;
#1315 = CARTESIAN_POINT ( 'NONE',  ( 0.03593045699263296100, 0.1004304569926332800, 0.3766423857518416700 ) ) ;
#1316 = VECTOR ( 'NONE', #1137, 39.37007874015748100 ) ;
#1317 = ORIENTED_EDGE ( 'NONE', *, *, #754, .F. ) ;
#1318 = CARTESIAN_POINT ( 'NONE',  ( 0.1449999999999999600, 0.2750000000000003000, 0.5074999999999999500 ) ) ;
#1319 = ADVANCED_FACE ( 'NONE', ( #1201 ), #1771, .F. ) ;
#1320 = CARTESIAN_POINT ( 'NONE',  ( -0.04151923788646686600, 0.1060192378864671100, 0.3975000000000000200 ) ) ;
#1321 = EDGE_CURVE ( 'NONE', #883, #2808, #805, .T. ) ;
#1322 = CIRCLE ( 'NONE', #2758, 0.02500000000000002200 ) ;
#1323 = PLANE ( 'NONE',  #1075 ) ;
#1324 = ORIENTED_EDGE ( 'NONE', *, *, #1106, .F. ) ;
#1325 = ORIENTED_EDGE ( 'NONE', *, *, #66, .T. ) ;
#1326 = DIRECTION ( 'NONE',  ( 0.0000000000000000000, 0.0000000000000000000, 1.000000000000000000 ) ) ;
#1327 = PLANE ( 'NONE',  #2954 ) ;
#1328 = ORIENTED_EDGE ( 'NONE', *, *, #2839, .T. ) ;
#1329 = DIRECTION ( 'NONE',  ( -1.000000000000000000, 0.0000000000000000000, 0.0000000000000000000 ) ) ;
#1330 = ADVANCED_FACE ( 'NONE', ( #2468 ), #782, .T. ) ;
#1331 = AXIS2_PLACEMENT_3D ( 'NONE', #2571, #88, #307 ) ;
#1332 = CARTESIAN_POINT ( 'NONE',  ( 0.1049999999999999500, 0.1650000000000002900, 0.3825000000000000100 ) ) ;
#1333 = FACE_OUTER_BOUND ( 'NONE', #2038, .T. ) ;
#1334 = VECTOR ( 'NONE', #2788, 39.37007874015748100 ) ;
#1335 = EDGE_CURVE ( 'NONE', #1594, #1274, #141, .T. ) ;
#1336 = AXIS2_PLACEMENT_3D ( 'NONE', #1483, #1470, #28 ) ;
#1337 = EDGE_LOOP ( 'NONE', ( #2801, #1103, #3201, #644, #1047 ) ) ;
#1338 = LINE ( 'NONE', #2648, #1775 ) ;
#1339 = EDGE_LOOP ( 'NONE', ( #421, #1510, #1146, #1158, #2495, #2045 ) ) ;
#1340 = EDGE_CURVE ( 'NONE', #1930, #3218, #449, .T. ) ;
#1341 = LINE ( 'NONE', #984, #594 ) ;
#1342 = VERTEX_POINT ( 'NONE', #2286 ) ;
#1343 = VECTOR ( 'NONE', #3206, 39.37007874015748100 ) ;
#1344 = ORIENTED_EDGE ( 'NONE', *, *, #1608, .T. ) ;
#1345 = CARTESIAN_POINT ( 'NONE',  ( 0.06499999999999996100, 0.01500000000000026700, 0.05750000000000000200 ) ) ;
#1346 = DIRECTION ( 'NONE',  ( 1.000000000000000000, 0.0000000000000000000, 0.0000000000000000000 ) ) ;
#1347 = ORIENTED_EDGE ( 'NONE', *, *, #388, .F. ) ;
#1348 = AXIS2_PLACEMENT_3D ( 'NONE', #2361, #1901, #2369 ) ;
#1349 = LINE ( 'NONE', #582, #1280 ) ;
#1350 = EDGE_LOOP ( 'NONE', ( #2260, #536, #1438, #1867 ) ) ;
#1351 = CARTESIAN_POINT ( 'NONE',  ( -0.1250000000000000300, 0.1150000000000002800, 0.007499999999999988400 ) ) ;
#1352 = LINE ( 'NONE', #2438, #1388 ) ;
#1353 = ORIENTED_EDGE ( 'NONE', *, *, #2298, .F. ) ;
#1354 = AXIS2_PLACEMENT_3D ( 'NONE', #1394, #158, #147 ) ;
#1355 = CARTESIAN_POINT ( 'NONE',  ( -0.05000000000000004400, 0.2050000000000002700, 0.3824999999999999500 ) ) ;
#1356 = AXIS2_PLACEMENT_3D ( 'NONE', #1876, #377, #2092 ) ;
#1357 = VECTOR ( 'NONE', #1110, 39.37007874015748100 ) ;
#1358 = ORIENTED_EDGE ( 'NONE', *, *, #3018, .T. ) ;
#1359 = EDGE_CURVE ( 'NONE', #2853, #2115, #530, .T. ) ;
#1360 = ORIENTED_EDGE ( 'NONE', *, *, #710, .T. ) ;
#1361 = CARTESIAN_POINT ( 'NONE',  ( -0.06250000000000002800, 0.1020000000000003000, 0.03749999999999997800 ) ) ;
#1362 = ADVANCED_FACE ( 'NONE', ( #1165 ), #1260, .T. ) ;
#1363 = DIRECTION ( 'NONE',  ( 1.000000000000000000, 0.0000000000000000000, 0.0000000000000000000 ) ) ;
#1364 = EDGE_CURVE ( 'NONE', #1122, #3205, #370, .T. ) ;
#1365 = DIRECTION ( 'NONE',  ( -1.000000000000000000, 0.0000000000000000000, 0.0000000000000000000 ) ) ;
#1366 = DIRECTION ( 'NONE',  ( 0.0000000000000000000, -0.0000000000000000000, 1.000000000000000000 ) ) ;
#1367 = ORIENTED_EDGE ( 'NONE', *, *, #525, .F. ) ;
#1368 = DIRECTION ( 'NONE',  ( -0.0000000000000000000, -1.000000000000000000, 0.0000000000000000000 ) ) ;
#1369 = ORIENTED_EDGE ( 'NONE', *, *, #479, .T. ) ;
#1370 = VECTOR ( 'NONE', #2929, 39.37007874015748100 ) ;
#1371 = EDGE_CURVE ( 'NONE', #1298, #454, #2052, .T. ) ;
#1372 = EDGE_LOOP ( 'NONE', ( #1660, #369, #1980, #3006 ) ) ;
#1373 = CARTESIAN_POINT ( 'NONE',  ( 0.1049999999999999500, 0.1650000000000002900, 0.5074999999999999500 ) ) ;
#1374 = FACE_OUTER_BOUND ( 'NONE', #2791, .T. ) ;
#1375 = DIRECTION ( 'NONE',  ( 0.0000000000000000000, 0.0000000000000000000, 1.000000000000000000 ) ) ;
#1376 = ORIENTED_EDGE ( 'NONE', *, *, #2674, .T. ) ;
#1377 = PLANE ( 'NONE',  #1356 ) ;
#1378 = DIRECTION ( 'NONE',  ( -1.000000000000000000, -0.0000000000000000000, 0.0000000000000000000 ) ) ;
#1379 = VECTOR ( 'NONE', #405, 39.37007874015748100 ) ;
#1380 = ORIENTED_EDGE ( 'NONE', *, *, #1488, .T. ) ;
#1381 = DIRECTION ( 'NONE',  ( 0.2505628070857287000, -0.9351131265310309600, -0.2505628070857287000 ) ) ;
#1382 = FACE_OUTER_BOUND ( 'NONE', #2399, .T. ) ;
#1383 = EDGE_LOOP ( 'NONE', ( #577, #2026, #44, #3045 ) ) ;
#1384 = DIRECTION ( 'NONE',  ( 0.0000000000000000000, 0.2588190451025176900, 0.9659258262890692000 ) ) ;
#1385 = LINE ( 'NONE', #3177, #647 ) ;
#1386 = ORIENTED_EDGE ( 'NONE', *, *, #896, .F. ) ;
#1387 = AXIS2_PLACEMENT_3D ( 'NONE', #455, #1931, #430 ) ;
#1388 = VECTOR ( 'NONE', #2935, 39.37007874015748100 ) ;
#1389 = CARTESIAN_POINT ( 'NONE',  ( -0.06250000000000002800, 0.1450000000000002700, -0.02749999999999997900 ) ) ;
#1390 = ORIENTED_EDGE ( 'NONE', *, *, #1727, .F. ) ;
#1391 = CARTESIAN_POINT ( 'NONE',  ( -0.03750000000000003300, 0.1020000000000002700, 0.03749999999999997800 ) ) ;
#1392 = DIMENSIONAL_EXPONENTS ( 1.000000000000000000, 0.0000000000000000000, 0.0000000000000000000, 0.0000000000000000000, 0.0000000000000000000, 0.0000000000000000000, 0.0000000000000000000 ) ;
#1393 = EDGE_CURVE ( 'NONE', #2640, #1068, #605, .T. ) ;
#1394 = CARTESIAN_POINT ( 'NONE',  ( -0.03750000000000003300, 0.07700000000000026300, -0.01250000000000000200 ) ) ;
#1395 = AXIS2_PLACEMENT_3D ( 'NONE', #1486, #729, #2220 ) ;
#1396 = ORIENTED_EDGE ( 'NONE', *, *, #1551, .T. ) ;
#1397 = CARTESIAN_POINT ( 'NONE',  ( -0.04151923788646686600, 0.1020000000000002700, 0.3975000000000000200 ) ) ;
#1398 = EDGE_CURVE ( 'NONE', #2072, #702, #2348, .T. ) ;
#1399 = CARTESIAN_POINT ( 'NONE',  ( -3.414809992080329000E-017, 0.01500000000000026700, 0.05750000000000000200 ) ) ;
#1400 = DIRECTION ( 'NONE',  ( 0.0000000000000000000, 0.0000000000000000000, 1.000000000000000000 ) ) ;
#1401 = PLANE ( 'NONE',  #2833 ) ;
#1402 = CARTESIAN_POINT ( 'NONE',  ( -0.06250000000000002800, 0.1450000000000002700, 0.007499999999999988400 ) ) ;
#1403 = LINE ( 'NONE', #3028, #1262 ) ;
#1404 = DIMENSIONAL_EXPONENTS ( 1.000000000000000000, 0.0000000000000000000, 0.0000000000000000000, 0.0000000000000000000, 0.0000000000000000000, 0.0000000000000000000, 0.0000000000000000000 ) ;
#1405 = VECTOR ( 'NONE', #220, 39.37007874015748100 ) ;
#1406 = LINE ( 'NONE', #1241, #510 ) ;
#1407 = DIRECTION ( 'NONE',  ( 0.0000000000000000000, 1.000000000000000000, -0.0000000000000000000 ) ) ;
#1408 = CARTESIAN_POINT ( 'NONE',  ( -3.414809992080329000E-017, 0.06500000000000026600, 0.1575000000000000000 ) ) ;
#1409 = ORIENTED_EDGE ( 'NONE', *, *, #1878, .F. ) ;
#1410 = DIRECTION ( 'NONE',  ( -0.0000000000000000000, -0.0000000000000000000, -1.000000000000000000 ) ) ;
#1411 = EDGE_LOOP ( 'NONE', ( #1754, #1305, #531, #2176 ) ) ;
#1412 = LINE ( 'NONE', #400, #2075 ) ;
#1413 = EDGE_CURVE ( 'NONE', #485, #2081, #2699, .T. ) ;
#1414 = CARTESIAN_POINT ( 'NONE',  ( 0.1249999999999999600, 0.2350000000000002900, 0.5074999999999999500 ) ) ;
#1415 = ORIENTED_EDGE ( 'NONE', *, *, #3189, .T. ) ;
#1416 = VECTOR ( 'NONE', #2854, 39.37007874015748100 ) ;
#1417 = CARTESIAN_POINT ( 'NONE',  ( 0.06499999999999996100, 0.01500000000000026700, 0.05750000000000000200 ) ) ;
#1418 = ORIENTED_EDGE ( 'NONE', *, *, #985, .T. ) ;
#1419 = EDGE_CURVE ( 'NONE', #2072, #1799, #1092, .T. ) ;
#1420 = VECTOR ( 'NONE', #2411, 39.37007874015748100 ) ;
#1421 = VERTEX_POINT ( 'NONE', #2034 ) ;
#1422 = DIRECTION ( 'NONE',  ( 1.000000000000000000, 0.0000000000000000000, 0.0000000000000000000 ) ) ;
#1423 = APPLICATION_PROTOCOL_DEFINITION ( 'draft international standard', 'automotive_design', 1998, #1181 ) ;
#1424 = EDGE_CURVE ( 'NONE', #2197, #1504, #299, .T. ) ;
#1425 = VECTOR ( 'NONE', #2786, 39.37007874015748100 ) ;
#1426 = CARTESIAN_POINT ( 'NONE',  ( 0.06249999999999996500, 0.1170000000000002700, 0.007499999999999988400 ) ) ;
#1427 = ORIENTED_EDGE ( 'NONE', *, *, #2125, .T. ) ;
#1428 = CARTESIAN_POINT ( 'NONE',  ( 0.06249999999999997900, -0.1149999999999995200, -0.01250000000000000200 ) ) ;
#1429 = CARTESIAN_POINT ( 'NONE',  ( 0.06249999999999996500, 0.07500000000000028900, 0.01249999999999996900 ) ) ;
#1430 = ADVANCED_FACE ( 'NONE', ( #1717 ), #2264, .F. ) ;
#1431 = VECTOR ( 'NONE', #2416, 39.37007874015748100 ) ;
#1432 = ORIENTED_EDGE ( 'NONE', *, *, #3039, .F. ) ;
#1433 = CARTESIAN_POINT ( 'NONE',  ( 0.03749999999999996400, 0.1170000000000002700, 0.007499999999999988400 ) ) ;
#1434 = LINE ( 'NONE', #112, #2393 ) ;
#1435 = VERTEX_POINT ( 'NONE', #22 ) ;
#1436 = CARTESIAN_POINT ( 'NONE',  ( 0.1739999999999999300, 0.2750000000000003000, 0.3825000000000000100 ) ) ;
#1437 = VECTOR ( 'NONE', #2900, 39.37007874015748100 ) ;
#1438 = ORIENTED_EDGE ( 'NONE', *, *, #1285, .F. ) ;
#1439 = DIRECTION ( 'NONE',  ( -1.000000000000000000, -0.0000000000000000000, -0.0000000000000000000 ) ) ;
#1440 = CARTESIAN_POINT ( 'NONE',  ( -0.06250000000000002800, 0.07700000000000027700, 0.03750000000000001200 ) ) ;
#1441 = ORIENTED_EDGE ( 'NONE', *, *, #2724, .T. ) ;
#1442 = CARTESIAN_POINT ( 'NONE',  ( -0.05848076211353319500, -0.1299999999999997000, 0.008480762113533131900 ) ) ;
#1443 = ORIENTED_EDGE ( 'NONE', *, *, #2482, .F. ) ;
#1444 = ADVANCED_FACE ( 'NONE', ( #768 ), #2321, .T. ) ;
#1445 = DIRECTION ( 'NONE',  ( 0.0000000000000000000, 0.0000000000000000000, 1.000000000000000000 ) ) ;
#1446 = CARTESIAN_POINT ( 'NONE',  ( 0.1049999999999999500, 0.1650000000000002900, 0.1575000000000000300 ) ) ;
#1447 = CARTESIAN_POINT ( 'NONE',  ( 0.06249999999999996500, 0.1270000000000002800, 0.03750000000000001200 ) ) ;
#1448 = DIRECTION ( 'NONE',  ( 0.0000000000000000000, -0.0000000000000000000, 1.000000000000000000 ) ) ;
#1449 = LINE ( 'NONE', #466, #1770 ) ;
#1450 = EDGE_CURVE ( 'NONE', #175, #485, #726, .T. ) ;
#1451 = DIRECTION ( 'NONE',  ( 0.0000000000000000000, -1.000000000000000000, -8.892734354375856100E-017 ) ) ;
#1452 = VERTEX_POINT ( 'NONE', #1813 ) ;
#1453 = ORIENTED_EDGE ( 'NONE', *, *, #1084, .T. ) ;
#1454 = VECTOR ( 'NONE', #913, 39.37007874015748100 ) ;
#1455 = ORIENTED_EDGE ( 'NONE', *, *, #316, .T. ) ;
#1456 = AXIS2_PLACEMENT_3D ( 'NONE', #1982, #2198, #1252 ) ;
#1457 = CARTESIAN_POINT ( 'NONE',  ( -0.05000000000000003700, 0.2050000000000002700, 0.1575000000000000000 ) ) ;
#1458 = COLOUR_RGB ( '',0.7921568627450980000, 0.8196078431372548800, 0.9333333333333333500 ) ;
#1459 = ORIENTED_EDGE ( 'NONE', *, *, #557, .T. ) ;
#1460 = VECTOR ( 'NONE', #236, 39.37007874015748100 ) ;
#1461 = DIRECTION ( 'NONE',  ( 1.000000000000000000, 0.0000000000000000000, -0.0000000000000000000 ) ) ;
#1462 = CARTESIAN_POINT ( 'NONE',  ( -0.05000000000000003700, 0.2750000000000003000, 0.4574999999999999600 ) ) ;
#1463 = AXIS2_PLACEMENT_3D ( 'NONE', #1191, #2910, #2179 ) ;
#1464 = ADVANCED_FACE ( 'NONE', ( #2613 ), #2545, .T. ) ;
#1465 = LINE ( 'NONE', #1059, #2926 ) ;
#1466 = ORIENTED_EDGE ( 'NONE', *, *, #2858, .T. ) ;
#1467 = DIRECTION ( 'NONE',  ( 0.0000000000000000000, 0.0000000000000000000, 1.000000000000000000 ) ) ;
#1468 = LINE ( 'NONE', #2357, #1127 ) ;
#1469 = VERTEX_POINT ( 'NONE', #324 ) ;
#1470 = DIRECTION ( 'NONE',  ( 0.9659258262890688700, 0.0000000000000000000, -0.2588190451025187400 ) ) ;
#1471 = VECTOR ( 'NONE', #495, 39.37007874015748100 ) ;
#1472 = DIRECTION ( 'NONE',  ( 0.0000000000000000000, 1.000000000000000000, 0.0000000000000000000 ) ) ;
#1473 = EDGE_LOOP ( 'NONE', ( #1069, #1427, #1840, #2747 ) ) ;
#1474 = DIRECTION ( 'NONE',  ( 1.000000000000000000, 0.0000000000000000000, -0.0000000000000000000 ) ) ;
#1475 = FACE_OUTER_BOUND ( 'NONE', #2959, .T. ) ;
#1476 = CARTESIAN_POINT ( 'NONE',  ( 0.01999999999999996600, 0.01500000000000026700, 0.1575000000000000300 ) ) ;
#1477 = ORIENTED_EDGE ( 'NONE', *, *, #1419, .T. ) ;
#1478 = FACE_OUTER_BOUND ( 'NONE', #59, .T. ) ;
#1479 = DIRECTION ( 'NONE',  ( 0.0000000000000000000, 1.000000000000000000, -0.0000000000000000000 ) ) ;
#1480 = ORIENTED_EDGE ( 'NONE', *, *, #3106, .F. ) ;
#1481 = EDGE_CURVE ( 'NONE', #1222, #24, #109, .T. ) ;
#1482 = ORIENTED_EDGE ( 'NONE', *, *, #278, .T. ) ;
#1483 = CARTESIAN_POINT ( 'NONE',  ( 0.03749999999999997800, 0.07700000000000027700, 0.3824999999999999000 ) ) ;
#1484 = CARTESIAN_POINT ( 'NONE',  ( -0.1050000000000000200, 0.2550000000000002800, 0.5074999999999999500 ) ) ;
#1485 = DIRECTION ( 'NONE',  ( -0.7071067811865475700, 0.0000000000000000000, -0.7071067811865475700 ) ) ;
#1486 = CARTESIAN_POINT ( 'NONE',  ( -0.03750000000000003300, 0.07500000000000027500, 0.007499999999999988400 ) ) ;
#1487 = CARTESIAN_POINT ( 'NONE',  ( 0.1249999999999999600, 0.1450000000000002700, -0.02749999999999997900 ) ) ;
#1488 = EDGE_CURVE ( 'NONE', #1566, #1933, #1349, .T. ) ;
#1489 = CARTESIAN_POINT ( 'NONE',  ( -0.05000000000000004400, 0.2750000000000003000, 0.3825000000000000100 ) ) ;
#1490 = AXIS2_PLACEMENT_3D ( 'NONE', #260, #2004, #774 ) ;
#1491 = CARTESIAN_POINT ( 'NONE',  ( -0.1450000000000000200, 0.2050000000000002700, 0.05750000000000000200 ) ) ;
#1492 = EDGE_CURVE ( 'NONE', #2712, #2307, #2285, .T. ) ;
#1493 = DIRECTION ( 'NONE',  ( 0.0000000000000000000, 0.0000000000000000000, 1.000000000000000000 ) ) ;
#1494 = VERTEX_POINT ( 'NONE', #3054 ) ;
#1495 = VECTOR ( 'NONE', #1474, 39.37007874015748100 ) ;
#1496 = VECTOR ( 'NONE', #750, 39.37007874015748100 ) ;
#1497 = CARTESIAN_POINT ( 'NONE',  ( -0.03750000000000003300, 0.07700000000000027700, 0.03750000000000001200 ) ) ;
#1498 = DIRECTION ( 'NONE',  ( -0.0000000000000000000, 0.0000000000000000000, -1.000000000000000000 ) ) ;
#1499 = EDGE_LOOP ( 'NONE', ( #1380, #1268, #1353, #1007 ) ) ;
#1500 = VERTEX_POINT ( 'NONE', #1105 ) ;
#1501 = FACE_OUTER_BOUND ( 'NONE', #2781, .T. ) ;
#1502 = EDGE_CURVE ( 'NONE', #785, #186, #2282, .T. ) ;
#1503 = CARTESIAN_POINT ( 'NONE',  ( 0.04151923788646681000, 0.1020000000000002700, 0.3975000000000000200 ) ) ;
#1504 = VERTEX_POINT ( 'NONE', #84 ) ;
#1505 = VECTOR ( 'NONE', #2354, 39.37007874015748900 ) ;
#1506 = CARTESIAN_POINT ( 'NONE',  ( -0.03750000000000003300, 0.1020000000000002700, 0.03749999999999997800 ) ) ;
#1507 = ORIENTED_EDGE ( 'NONE', *, *, #66, .F. ) ;
#1508 = CARTESIAN_POINT ( 'NONE',  ( -0.06250000000000002800, 0.1450000000000002700, 0.007499999999999988400 ) ) ;
#1509 = VECTOR ( 'NONE', #948, 39.37007874015748100 ) ;
#1510 = ORIENTED_EDGE ( 'NONE', *, *, #148, .F. ) ;
#1511 = CARTESIAN_POINT ( 'NONE',  ( 0.07999999999999996000, 2.731847993664263200E-016, 0.05750000000000000200 ) ) ;
#1512 = EDGE_CURVE ( 'NONE', #2421, #266, #1939, .T. ) ;
#1513 = CARTESIAN_POINT ( 'NONE',  ( 0.06249999999999997900, 0.07700000000000027700, -0.01250000000000000200 ) ) ;
#1514 = AXIS2_PLACEMENT_3D ( 'NONE', #1934, #3181, #1707 ) ;
#1515 = FACE_OUTER_BOUND ( 'NONE', #2626, .T. ) ;
#1516 = ORIENTED_EDGE ( 'NONE', *, *, #857, .T. ) ;
#1517 = DIRECTION ( 'NONE',  ( 0.0000000000000000000, -0.7071067811865475700, -0.7071067811865475700 ) ) ;
#1518 = PRODUCT ( '70553-0001', '70553-0001', '', ( #422 ) ) ;
#1519 = EDGE_CURVE ( 'NONE', #168, #1777, #975, .T. ) ;
#1520 = LINE ( 'NONE', #1913, #2938 ) ;
#1521 = ORIENTED_EDGE ( 'NONE', *, *, #1371, .T. ) ;
#1522 = CARTESIAN_POINT ( 'NONE',  ( -3.414809992080329000E-017, 0.1020000000000002700, 0.1575000000000000000 ) ) ;
#1523 = DIRECTION ( 'NONE',  ( -1.000000000000000000, -0.0000000000000000000, -0.0000000000000000000 ) ) ;
#1524 = VECTOR ( 'NONE', #938, 39.37007874015748100 ) ;
#1525 = ORIENTED_EDGE ( 'NONE', *, *, #173, .F. ) ;
#1526 = DIRECTION ( 'NONE',  ( 0.0000000000000000000, 0.0000000000000000000, 1.000000000000000000 ) ) ;
#1527 = DIRECTION ( 'NONE',  ( -0.0000000000000000000, -1.000000000000000000, -0.0000000000000000000 ) ) ;
#1528 = FACE_OUTER_BOUND ( 'NONE', #358, .T. ) ;
#1529 = CARTESIAN_POINT ( 'NONE',  ( 0.1249999999999999600, 0.1150000000000002800, 0.2824999999999999700 ) ) ;
#1530 = EDGE_LOOP ( 'NONE', ( #230, #471, #2453, #2424 ) ) ;
#1531 = CARTESIAN_POINT ( 'NONE',  ( -0.03750000000000003300, -0.1149999999999995200, -0.01250000000000000200 ) ) ;
#1532 = MANIFOLD_SOLID_BREP ( 'Body-Move/Copy1[3]', #2363 ) ;
#1533 = AXIS2_PLACEMENT_3D ( 'NONE', #2837, #3073, #2330 ) ;
#1534 = ORIENTED_EDGE ( 'NONE', *, *, #2382, .F. ) ;
#1535 = CARTESIAN_POINT ( 'NONE',  ( -3.414809992080329000E-017, 0.1150000000000002800, 0.1575000000000000000 ) ) ;
#1536 = PLANE ( 'NONE',  #1861 ) ;
#1537 = EDGE_CURVE ( 'NONE', #2115, #1911, #2117, .T. ) ;
#1538 = DIRECTION ( 'NONE',  ( -1.000000000000000000, -0.0000000000000000000, -0.0000000000000000000 ) ) ;
#1539 = EDGE_CURVE ( 'NONE', #338, #2640, #219, .T. ) ;
#1540 = VECTOR ( 'NONE', #1008, 39.37007874015748100 ) ;
#1541 = LINE ( 'NONE', #2312, #2105 ) ;
#1542 = ORIENTED_EDGE ( 'NONE', *, *, #2700, .F. ) ;
#1543 = CARTESIAN_POINT ( 'NONE',  ( 0.1049999999999999500, 0.06500000000000026600, 0.4874999999999999900 ) ) ;
#1544 = DIRECTION ( 'NONE',  ( -0.7071067811865475700, -0.7071067811865475700, 0.0000000000000000000 ) ) ;
#1545 = LINE ( 'NONE', #2565, #1267 ) ;
#1546 = EDGE_LOOP ( 'NONE', ( #1516, #2642, #1453, #1255, #1671, #894, #2679, #1418, #1169, #2623, #3130, #2353, #1586, #1360, #2566, #1720, #2510, #2552 ) ) ;
#1547 = DIRECTION ( 'NONE',  ( 0.0000000000000000000, 1.000000000000000000, -5.928489569583903000E-018 ) ) ;
#1548 = LINE ( 'NONE', #679, #2040 ) ;
#1549 = CARTESIAN_POINT ( 'NONE',  ( 0.1449999999999999600, 0.2750000000000003000, 0.4574999999999999600 ) ) ;
#1550 = ORIENTED_EDGE ( 'NONE', *, *, #2574, .F. ) ;
#1551 = EDGE_CURVE ( 'NONE', #1238, #1452, #1670, .T. ) ;
#1552 = VECTOR ( 'NONE', #3040, 39.37007874015748100 ) ;
#1553 = ORIENTED_EDGE ( 'NONE', *, *, #2807, .T. ) ;
#1554 = DIRECTION ( 'NONE',  ( 0.0000000000000000000, 0.0000000000000000000, 1.000000000000000000 ) ) ;
#1555 = DIRECTION ( 'NONE',  ( 1.000000000000000000, -0.0000000000000000000, 0.0000000000000000000 ) ) ;
#1556 = ORIENTED_EDGE ( 'NONE', *, *, #2670, .F. ) ;
#1557 = CARTESIAN_POINT ( 'NONE',  ( -0.03750000000000003300, 0.1270000000000002800, 0.03750000000000001200 ) ) ;
#1558 = VECTOR ( 'NONE', #46, 39.37007874015748100 ) ;
#1559 = ORIENTED_EDGE ( 'NONE', *, *, #2956, .F. ) ;
#1560 = EDGE_CURVE ( 'NONE', #1211, #40, #765, .T. ) ;
#1561 = CARTESIAN_POINT ( 'NONE',  ( -0.03750000000000003300, 0.1020000000000002700, 0.3824999999999998400 ) ) ;
#1562 = AXIS2_PLACEMENT_3D ( 'NONE', #252, #1215, #1461 ) ;
#1563 = VERTEX_POINT ( 'NONE', #1309 ) ;
#1564 = EDGE_CURVE ( 'NONE', #1883, #2072, #2815, .T. ) ;
#1565 = VECTOR ( 'NONE', #1204, 39.37007874015748100 ) ;
#1566 = VERTEX_POINT ( 'NONE', #1320 ) ;
#1567 = DIRECTION ( 'NONE',  ( 1.000000000000000000, 0.0000000000000000000, -0.0000000000000000000 ) ) ;
#1568 = EDGE_LOOP ( 'NONE', ( #375, #752, #534, #863 ) ) ;
#1569 = CARTESIAN_POINT ( 'NONE',  ( -0.06250000000000002800, 0.1020000000000003000, 0.03749999999999997800 ) ) ;
#1570 = FILL_AREA_STYLE_COLOUR ( '', #526 ) ;
#1571 = EDGE_CURVE ( 'NONE', #1903, #2611, #2852, .T. ) ;
#1572 = AXIS2_PLACEMENT_3D ( 'NONE', #1920, #2913, #2184 ) ;
#1573 = ADVANCED_FACE ( 'NONE', ( #1055 ), #373, .T. ) ;
#1574 = CARTESIAN_POINT ( 'NONE',  ( 0.04999999999999998200, 0.2050000000000002700, 0.1575000000000000000 ) ) ;
#1575 = EDGE_CURVE ( 'NONE', #1787, #2940, #1468, .T. ) ;
#1576 = AXIS2_PLACEMENT_3D ( 'NONE', #402, #2140, #2120 ) ;
#1577 = CARTESIAN_POINT ( 'NONE',  ( 0.06249999999999997900, 0.1270000000000002800, 0.3975000000000000200 ) ) ;
#1578 = DIRECTION ( 'NONE',  ( 0.2505628070857297000, 0.2505628070857291400, 0.9351131265310304000 ) ) ;
#1579 = CARTESIAN_POINT ( 'NONE',  ( 0.06249999999999996500, 0.07500000000000027500, -0.02749999999999997900 ) ) ;
#1580 = VECTOR ( 'NONE', #473, 39.37007874015748100 ) ;
#1581 = ORIENTED_EDGE ( 'NONE', *, *, #3029, .F. ) ;
#1582 = CARTESIAN_POINT ( 'NONE',  ( -0.03750000000000003300, 0.07700000000000027700, 0.03750000000000001200 ) ) ;
#1583 = ORIENTED_EDGE ( 'NONE', *, *, #2652, .T. ) ;
#1584 = LINE ( 'NONE', #1013, #2274 ) ;
#1585 = PLANE ( 'NONE',  #2295 ) ;
#1586 = ORIENTED_EDGE ( 'NONE', *, *, #2577, .T. ) ;
#1587 = FACE_OUTER_BOUND ( 'NONE', #153, .T. ) ;
#1588 = ADVANCED_BREP_SHAPE_REPRESENTATION ( '70553-0001', ( #86, #2486, #1532, #489 ), #2099 ) ;
#1589 = CARTESIAN_POINT ( 'NONE',  ( -0.03750000000000003300, -0.1299999999999997000, 0.008480762113533131900 ) ) ;
#1590 = ADVANCED_FACE ( 'NONE', ( #1515 ), #1661, .F. ) ;
#1591 = ORIENTED_EDGE ( 'NONE', *, *, #1767, .F. ) ;
#1592 =( LENGTH_UNIT ( ) NAMED_UNIT ( * ) SI_UNIT ( $, .METRE. ) );
#1593 = LINE ( 'NONE', #695, #1420 ) ;
#1594 = VERTEX_POINT ( 'NONE', #887 ) ;
#1595 = DIRECTION ( 'NONE',  ( 1.000000000000000000, 0.0000000000000000000, 0.0000000000000000000 ) ) ;
#1596 = EDGE_LOOP ( 'NONE', ( #2692, #10, #734, #2555, #1107, #101, #2014, #2723, #371, #2882, #378, #687 ) ) ;
#1597 = DIRECTION ( 'NONE',  ( 0.0000000000000000000, 1.000000000000000000, 0.0000000000000000000 ) ) ;
#1598 = AXIS2_PLACEMENT_3D ( 'NONE', #1206, #3153, #3131 ) ;
#1599 = VECTOR ( 'NONE', #2738, 39.37007874015748100 ) ;
#1600 = VERTEX_POINT ( 'NONE', #383 ) ;
#1601 = CARTESIAN_POINT ( 'NONE',  ( 0.05848076211353314700, 0.1020000000000002700, 0.3975000000000000200 ) ) ;
#1602 = EDGE_CURVE ( 'NONE', #1421, #2063, #2344, .T. ) ;
#1603 = VECTOR ( 'NONE', #1202, 39.37007874015748100 ) ;
#1604 = ORIENTED_EDGE ( 'NONE', *, *, #1481, .F. ) ;
#1605 = VECTOR ( 'NONE', #352, 39.37007874015748100 ) ;
#1606 = VERTEX_POINT ( 'NONE', #1644 ) ;
#1607 = DIRECTION ( 'NONE',  ( 0.0000000000000000000, 0.0000000000000000000, 1.000000000000000000 ) ) ;
#1608 = EDGE_CURVE ( 'NONE', #117, #361, #848, .T. ) ;
#1609 = PLANE ( 'NONE',  #2884 ) ;
#1610 = EDGE_LOOP ( 'NONE', ( #855, #755, #596, #2039 ) ) ;
#1611 = DIRECTION ( 'NONE',  ( 0.0000000000000000000, -0.0000000000000000000, -1.000000000000000000 ) ) ;
#1612 = CARTESIAN_POINT ( 'NONE',  ( -0.1450000000000000200, 0.01500000000000024900, 0.05750000000000000200 ) ) ;
#1613 = DIRECTION ( 'NONE',  ( 1.000000000000000000, 0.0000000000000000000, -0.0000000000000000000 ) ) ;
#1614 = CARTESIAN_POINT ( 'NONE',  ( 0.04151923788646681000, -0.1299999999999997000, -0.01250000000000000200 ) ) ;
#1615 = CARTESIAN_POINT ( 'NONE',  ( 0.06249999999999997900, -0.1299999999999997000, 0.008480762113533131900 ) ) ;
#1616 = CARTESIAN_POINT ( 'NONE',  ( -0.1050000000000000200, 0.2350000000000002900, 0.3825000000000000100 ) ) ;
#1617 = LENGTH_MEASURE_WITH_UNIT ( LENGTH_MEASURE( 0.02539999999999999900 ), #652 );
#1618 = VECTOR ( 'NONE', #2906, 39.37007874015748100 ) ;
#1619 = EDGE_CURVE ( 'NONE', #56, #3010, #368, .T. ) ;
#1620 = ORIENTED_EDGE ( 'NONE', *, *, #2740, .F. ) ;
#1621 = EDGE_LOOP ( 'NONE', ( #1927, #3057, #29, #1317 ) ) ;
#1622 = LINE ( 'NONE', #3146, #1454 ) ;
#1623 = CARTESIAN_POINT ( 'NONE',  ( -0.1050000000000000200, 0.06500000000000026600, 0.1575000000000000300 ) ) ;
#1624 = EDGE_LOOP ( 'NONE', ( #1635, #1737, #1525, #131 ) ) ;
#1625 = EDGE_CURVE ( 'NONE', #272, #2864, #445, .T. ) ;
#1626 = LINE ( 'NONE', #2177, #2533 ) ;
#1627 = ORIENTED_EDGE ( 'NONE', *, *, #791, .T. ) ;
#1628 = LINE ( 'NONE', #1779, #291 ) ;
#1629 = EDGE_LOOP ( 'NONE', ( #1243, #614, #2987, #1891 ) ) ;
#1630 = FACE_OUTER_BOUND ( 'NONE', #642, .T. ) ;
#1631 = CARTESIAN_POINT ( 'NONE',  ( 0.06249999999999997900, 0.1229807621135334400, 0.3975000000000000200 ) ) ;
#1632 = VERTEX_POINT ( 'NONE', #2846 ) ;
#1633 = DIRECTION ( 'NONE',  ( 1.000000000000000000, -0.0000000000000000000, 0.0000000000000000000 ) ) ;
#1634 = VECTOR ( 'NONE', #2924, 39.37007874015748100 ) ;
#1635 = ORIENTED_EDGE ( 'NONE', *, *, #2102, .F. ) ;
#1636 = CARTESIAN_POINT ( 'NONE',  ( -0.1250000000000000300, 0.1750000000000002400, 0.007499999999999988400 ) ) ;
#1637 = ADVANCED_FACE ( 'NONE', ( #1630 ), #364, .T. ) ;
#1638 = LINE ( 'NONE', #1900, #1431 ) ;
#1639 = ORIENTED_EDGE ( 'NONE', *, *, #823, .F. ) ;
#1640 = AXIS2_PLACEMENT_3D ( 'NONE', #2705, #1234, #3219 ) ;
#1641 = CARTESIAN_POINT ( 'NONE',  ( -0.06250000000000002800, 0.07700000000000027700, 0.03750000000000001200 ) ) ;
#1642 = LINE ( 'NONE', #100, #897 ) ;
#1643 = ORIENTED_EDGE ( 'NONE', *, *, #922, .F. ) ;
#1644 = CARTESIAN_POINT ( 'NONE',  ( 0.1249999999999999600, 0.1750000000000002900, 0.05750000000000000200 ) ) ;
#1645 = EDGE_CURVE ( 'NONE', #272, #2751, #181, .T. ) ;
#1646 = ORIENTED_EDGE ( 'NONE', *, *, #316, .F. ) ;
#1647 =( LENGTH_UNIT ( ) NAMED_UNIT ( * ) SI_UNIT ( $, .METRE. ) );
#1648 = DIRECTION ( 'NONE',  ( 1.000000000000000000, -0.0000000000000000000, 0.0000000000000000000 ) ) ;
#1649 = DIRECTION ( 'NONE',  ( -0.7071067811865474600, 0.0000000000000000000, -0.7071067811865474600 ) ) ;
#1650 = PLANE ( 'NONE',  #1746 ) ;
#1651 = ADVANCED_FACE ( 'NONE', ( #408 ), #2124, .T. ) ;
#1652 = CARTESIAN_POINT ( 'NONE',  ( -0.03750000000000003300, 0.07700000000000027700, 0.03750000000000001200 ) ) ;
#1653 = DIRECTION ( 'NONE',  ( 0.9659258262890692000, 0.2588190451025176900, -0.0000000000000000000 ) ) ;
#1654 = ORIENTED_EDGE ( 'NONE', *, *, #1989, .T. ) ;
#1655 = EDGE_CURVE ( 'NONE', #103, #509, #2049, .T. ) ;
#1656 = VECTOR ( 'NONE', #1010, 39.37007874015748100 ) ;
#1657 = ORIENTED_EDGE ( 'NONE', *, *, #2535, .T. ) ;
#1658 = LINE ( 'NONE', #1531, #132 ) ;
#1659 = EDGE_CURVE ( 'NONE', #2210, #37, #296, .T. ) ;
#1660 = ORIENTED_EDGE ( 'NONE', *, *, #2471, .F. ) ;
#1661 = PLANE ( 'NONE',  #2840 ) ;
#1662 = CARTESIAN_POINT ( 'NONE',  ( 0.1049999999999999500, 0.1650000000000002900, 0.3625000000000000400 ) ) ;
#1663 = VECTOR ( 'NONE', #119, 39.37007874015748100 ) ;
#1664 = ORIENTED_EDGE ( 'NONE', *, *, #3117, .F. ) ;
#1665 = CARTESIAN_POINT ( 'NONE',  ( -0.03750000000000003300, 0.1020000000000003000, 0.03749999999999997800 ) ) ;
#1666 = CARTESIAN_POINT ( 'NONE',  ( 0.06249999999999997900, -0.1149999999999995200, 0.01249999999999996900 ) ) ;
#1667 = ADVANCED_FACE ( 'NONE', ( #2315 ), #2345, .F. ) ;
#1668 = LINE ( 'NONE', #2540, #1014 ) ;
#1669 = CARTESIAN_POINT ( 'NONE',  ( -0.03750000000000003300, 0.1020000000000002700, 0.3824999999999999000 ) ) ;
#1670 = LINE ( 'NONE', #315, #1425 ) ;
#1671 = ORIENTED_EDGE ( 'NONE', *, *, #2868, .T. ) ;
#1672 = DIRECTION ( 'NONE',  ( 0.0000000000000000000, 0.0000000000000000000, 1.000000000000000000 ) ) ;
#1673 = VECTOR ( 'NONE', #2360, 39.37007874015748100 ) ;
#1674 = CARTESIAN_POINT ( 'NONE',  ( 0.06249999999999997900, 0.1020000000000002700, 0.3824999999999998400 ) ) ;
#1675 = ORIENTED_EDGE ( 'NONE', *, *, #1159, .T. ) ;
#1676 = CARTESIAN_POINT ( 'NONE',  ( -0.05848076211353319500, 0.1060192378864671100, 0.3975000000000000200 ) ) ;
#1677 = LINE ( 'NONE', #11, #2986 ) ;
#1678 = ORIENTED_EDGE ( 'NONE', *, *, #716, .F. ) ;
#1679 = CARTESIAN_POINT ( 'NONE',  ( 0.06249999999999997900, 0.07700000000000026300, -0.01250000000000000200 ) ) ;
#1680 = EDGE_CURVE ( 'NONE', #2232, #660, #3021, .T. ) ;
#1681 = VECTOR ( 'NONE', #2073, 39.37007874015748100 ) ;
#1682 = STYLED_ITEM ( 'NONE', ( #795 ), #2486 ) ;
#1683 = PLANE ( 'NONE',  #1354 ) ;
#1684 = ADVANCED_FACE ( 'NONE', ( #932 ), #685, .F. ) ;
#1685 = VERTEX_POINT ( 'NONE', #936 ) ;
#1686 = CARTESIAN_POINT ( 'NONE',  ( -0.05848076211353319500, -0.1299999999999997000, -0.01250000000000000200 ) ) ;
#1687 = EDGE_CURVE ( 'NONE', #883, #2386, #2654, .T. ) ;
#1688 = CARTESIAN_POINT ( 'NONE',  ( 0.1049999999999999500, 0.06500000000000026600, 0.4874999999999999900 ) ) ;
#1689 = DIRECTION ( 'NONE',  ( -1.000000000000000000, -0.0000000000000000000, 0.0000000000000000000 ) ) ;
#1690 = PLANE ( 'NONE',  #1922 ) ;
#1691 = DIRECTION ( 'NONE',  ( 1.000000000000000000, 0.0000000000000000000, -0.0000000000000000000 ) ) ;
#1692 = EDGE_CURVE ( 'NONE', #2391, #1222, #106, .T. ) ;
#1693 = PLANE ( 'NONE',  #1514 ) ;
#1694 = AXIS2_PLACEMENT_3D ( 'NONE', #1462, #2661, #1691 ) ;
#1695 = CYLINDRICAL_SURFACE ( 'NONE', #2601, 0.02500000000000004000 ) ;
#1696 = LINE ( 'NONE', #518, #1040 ) ;
#1697 = CARTESIAN_POINT ( 'NONE',  ( 0.1449999999999999600, 0.2750000000000003000, 0.3825000000000000100 ) ) ;
#1698 = EDGE_LOOP ( 'NONE', ( #668, #357, #261, #2982 ) ) ;
#1699 = VERTEX_POINT ( 'NONE', #3184 ) ;
#1700 = DIRECTION ( 'NONE',  ( 1.000000000000000000, 0.0000000000000000000, 0.0000000000000000000 ) ) ;
#1701 = VECTOR ( 'NONE', #3190, 39.37007874015748100 ) ;
#1702 = EDGE_CURVE ( 'NONE', #2940, #1761, #1593, .T. ) ;
#1703 = DIRECTION ( 'NONE',  ( 0.0000000000000000000, 0.7071067811865474600, 0.7071067811865474600 ) ) ;
#1704 = AXIS2_PLACEMENT_3D ( 'NONE', #3034, #2299, #301 ) ;
#1705 = ADVANCED_FACE ( 'NONE', ( #1818 ), #418, .F. ) ;
#1706 = VECTOR ( 'NONE', #2267, 39.37007874015748100 ) ;
#1707 = DIRECTION ( 'NONE',  ( 0.0000000000000000000, 0.0000000000000000000, 1.000000000000000000 ) ) ;
#1708 = ORIENTED_EDGE ( 'NONE', *, *, #2784, .F. ) ;
#1709 = EDGE_CURVE ( 'NONE', #1804, #631, #760, .T. ) ;
#1710 = FACE_OUTER_BOUND ( 'NONE', #2094, .T. ) ;
#1711 = DIRECTION ( 'NONE',  ( 0.0000000000000000000, 0.7071067811865474600, 0.7071067811865474600 ) ) ;
#1712 = ORIENTED_EDGE ( 'NONE', *, *, #1897, .F. ) ;
#1713 = CARTESIAN_POINT ( 'NONE',  ( 0.06249999999999997900, 0.1020000000000002700, 0.3824999999999999000 ) ) ;
#1714 = VECTOR ( 'NONE', #2076, 39.37007874015748100 ) ;
#1715 = ORIENTED_EDGE ( 'NONE', *, *, #1692, .T. ) ;
#1716 = PLANE ( 'NONE',  #1387 ) ;
#1717 = FACE_OUTER_BOUND ( 'NONE', #1698, .T. ) ;
#1718 = ORIENTED_EDGE ( 'NONE', *, *, #1981, .F. ) ;
#1719 = LINE ( 'NONE', #2350, #2893 ) ;
#1720 = ORIENTED_EDGE ( 'NONE', *, *, #3204, .F. ) ;
#1721 = ADVANCED_FACE ( 'NONE', ( #1710 ), #715, .F. ) ;
#1722 = VECTOR ( 'NONE', #517, 39.37007874015748100 ) ;
#1723 = EDGE_LOOP ( 'NONE', ( #1583, #2743, #2476, #151, #2696, #2725 ) ) ;
#1724 = CARTESIAN_POINT ( 'NONE',  ( -0.1250000000000000300, 0.06500000000000026600, 0.5074999999999999500 ) ) ;
#1725 = DIRECTION ( 'NONE',  ( 0.0000000000000000000, -8.892734354375857300E-017, 1.000000000000000000 ) ) ;
#1726 = ORIENTED_EDGE ( 'NONE', *, *, #1842, .T. ) ;
#1727 = EDGE_CURVE ( 'NONE', #54, #1606, #1748, .T. ) ;
#1728 = AXIS2_PLACEMENT_3D ( 'NONE', #2999, #2523, #2017 ) ;
#1729 = ORIENTED_EDGE ( 'NONE', *, *, #2064, .T. ) ;
#1730 = CARTESIAN_POINT ( 'NONE',  ( 0.07999999999999996000, 2.731847993664263200E-016, 0.5074999999999999500 ) ) ;
#1731 = DIRECTION ( 'NONE',  ( 0.0000000000000000000, 1.000000000000000000, 0.0000000000000000000 ) ) ;
#1732 = EDGE_CURVE ( 'NONE', #499, #785, #2736, .T. ) ;
#1733 = CARTESIAN_POINT ( 'NONE',  ( 0.1049999999999999500, 0.1650000000000002900, 0.3825000000000000100 ) ) ;
#1734 = ORIENTED_EDGE ( 'NONE', *, *, #2382, .T. ) ;
#1735 = FACE_OUTER_BOUND ( 'NONE', #3111, .T. ) ;
#1736 = ORIENTED_EDGE ( 'NONE', *, *, #271, .T. ) ;
#1737 = ORIENTED_EDGE ( 'NONE', *, *, #2287, .F. ) ;
#1738 = CARTESIAN_POINT ( 'NONE',  ( -0.06250000000000002800, 0.07700000000000026300, 0.01249999999999996900 ) ) ;
#1739 = LINE ( 'NONE', #1272, #1081 ) ;
#1740 = ORIENTED_EDGE ( 'NONE', *, *, #1217, .T. ) ;
#1741 = DIRECTION ( 'NONE',  ( -1.000000000000000000, -0.0000000000000000000, -0.0000000000000000000 ) ) ;
#1742 = VECTOR ( 'NONE', #2830, 39.37007874015748100 ) ;
#1743 = CARTESIAN_POINT ( 'NONE',  ( -0.1250000000000000300, 0.1170000000000002800, 0.007499999999999988400 ) ) ;
#1744 = EDGE_CURVE ( 'NONE', #2853, #962, #3217, .T. ) ;
#1745 = CARTESIAN_POINT ( 'NONE',  ( -0.08000000000000002900, 2.731847993664263200E-016, 0.05750000000000000200 ) ) ;
#1746 = AXIS2_PLACEMENT_3D ( 'NONE', #380, #3215, #2916 ) ;
#1747 = ORIENTED_EDGE ( 'NONE', *, *, #540, .T. ) ;
#1748 = LINE ( 'NONE', #197, #598 ) ;
#1749 = ORIENTED_EDGE ( 'NONE', *, *, #2498, .T. ) ;
#1750 = EDGE_CURVE ( 'NONE', #1211, #773, #1237, .T. ) ;
#1751 = DIRECTION ( 'NONE',  ( -0.0000000000000000000, -0.0000000000000000000, -1.000000000000000000 ) ) ;
#1752 = VECTOR ( 'NONE', #3036, 39.37007874015748900 ) ;
#1753 = CARTESIAN_POINT ( 'NONE',  ( -0.1250000000000000300, 0.1150000000000002800, 0.05750000000000000200 ) ) ;
#1754 = ORIENTED_EDGE ( 'NONE', *, *, #2298, .T. ) ;
#1755 = DIRECTION ( 'NONE',  ( 0.0000000000000000000, -0.7071067811865476800, 0.7071067811865473500 ) ) ;
#1756 = VECTOR ( 'NONE', #2161, 39.37007874015748100 ) ;
#1757 = PLANE ( 'NONE',  #1562 ) ;
#1758 = ORIENTED_EDGE ( 'NONE', *, *, #3000, .F. ) ;
#1759 = VECTOR ( 'NONE', #1972, 39.37007874015748100 ) ;
#1760 = DIRECTION ( 'NONE',  ( 0.0000000000000000000, 0.0000000000000000000, -1.000000000000000000 ) ) ;
#1761 = VERTEX_POINT ( 'NONE', #1938 ) ;
#1762 = LINE ( 'NONE', #2044, #497 ) ;
#1763 = ORIENTED_EDGE ( 'NONE', *, *, #2790, .F. ) ;
#1764 = ORIENTED_EDGE ( 'NONE', *, *, #2720, .F. ) ;
#1765 = CARTESIAN_POINT ( 'NONE',  ( 0.06249999999999997900, 0.1020000000000002700, 0.3824999999999998400 ) ) ;
#1766 = EDGE_CURVE ( 'NONE', #451, #2789, #404, .T. ) ;
#1767 = EDGE_CURVE ( 'NONE', #2497, #1308, #2155, .T. ) ;
#1768 = PRESENTATION_STYLE_ASSIGNMENT (( #2614 ) ) ;
#1769 = CARTESIAN_POINT ( 'NONE',  ( -0.03750000000000003300, 0.07700000000000026300, 0.01249999999999996900 ) ) ;
#1770 = VECTOR ( 'NONE', #701, 39.37007874015748100 ) ;
#1771 = PLANE ( 'NONE',  #1218 ) ;
#1772 = DIRECTION ( 'NONE',  ( 0.2505628070857284200, 0.9351131265310309600, 0.2505628070857287600 ) ) ;
#1773 = ORIENTED_EDGE ( 'NONE', *, *, #154, .T. ) ;
#1774 = EDGE_LOOP ( 'NONE', ( #2817, #1083, #2658, #1203 ) ) ;
#1775 = VECTOR ( 'NONE', #1731, 39.37007874015748100 ) ;
#1776 = PLANE ( 'NONE',  #26 ) ;
#1777 = VERTEX_POINT ( 'NONE', #2634 ) ;
#1778 = LINE ( 'NONE', #200, #2419 ) ;
#1779 = CARTESIAN_POINT ( 'NONE',  ( 0.01999999999999996600, 0.06500000000000026600, 0.5074999999999999500 ) ) ;
#1780 = EDGE_LOOP ( 'NONE', ( #2978, #812, #1312, #1534 ) ) ;
#1781 = VECTOR ( 'NONE', #216, 39.37007874015748100 ) ;
#1782 = CARTESIAN_POINT ( 'NONE',  ( -0.02000000000000011800, 0.06500000000000026600, 0.4874999999999999900 ) ) ;
#1783 = EDGE_LOOP ( 'NONE', ( #672, #2306, #5, #2153 ) ) ;
#1784 = DIRECTION ( 'NONE',  ( -1.000000000000000000, 0.0000000000000000000, 0.0000000000000000000 ) ) ;
#1785 = EDGE_CURVE ( 'NONE', #2675, #660, #3170, .T. ) ;
#1786 = CARTESIAN_POINT ( 'NONE',  ( -0.1450000000000000200, 0.2750000000000003000, 0.5074999999999999500 ) ) ;
#1787 = VERTEX_POINT ( 'NONE', #3171 ) ;
#1788 = DIRECTION ( 'NONE',  ( -1.000000000000000000, 0.0000000000000000000, -0.0000000000000000000 ) ) ;
#1789 = VECTOR ( 'NONE', #1725, 39.37007874015748100 ) ;
#1790 = ORIENTED_EDGE ( 'NONE', *, *, #956, .T. ) ;
#1791 = DIRECTION ( 'NONE',  ( 1.000000000000000000, 0.0000000000000000000, -0.0000000000000000000 ) ) ;
#1792 = CIRCLE ( 'NONE', #2490, 0.05000000000000001000 ) ;
#1793 = EDGE_LOOP ( 'NONE', ( #1654, #1031, #983, #2811 ) ) ;
#1794 = FACE_OUTER_BOUND ( 'NONE', #2288, .T. ) ;
#1795 = EDGE_LOOP ( 'NONE', ( #2456, #571, #1480, #85, #523, #625, #1678, #1344 ) ) ;
#1796 = AXIS2_PLACEMENT_3D ( 'NONE', #505, #741, #2487 ) ;
#1797 = EDGE_LOOP ( 'NONE', ( #330, #2970, #2291, #461 ) ) ;
#1798 = CARTESIAN_POINT ( 'NONE',  ( -0.03750000000000003300, 0.1020000000000002700, 0.3824999999999998400 ) ) ;
#1799 = VERTEX_POINT ( 'NONE', #172 ) ;
#1800 = AXIS2_PLACEMENT_3D ( 'NONE', #1119, #3063, #1597 ) ;
#1801 = CARTESIAN_POINT ( 'NONE',  ( 0.08999999999999996900, 0.2750000000000003000, 0.4174999999999999800 ) ) ;
#1802 = CARTESIAN_POINT ( 'NONE',  ( -0.1250000000000000300, 0.1150000000000002800, 0.2824999999999999700 ) ) ;
#1803 = FACE_OUTER_BOUND ( 'NONE', #2022, .T. ) ;
#1804 = VERTEX_POINT ( 'NONE', #1928 ) ;
#1805 = CARTESIAN_POINT ( 'NONE',  ( 0.01999999999999995900, 0.01500000000000026700, 0.05750000000000000200 ) ) ;
#1806 = EDGE_LOOP ( 'NONE', ( #684, #1477, #1542, #3053, #1001, #1664, #2316, #1027, #967, #2293, #3168, #1830 ) ) ;
#1807 = CIRCLE ( 'NONE', #160, 0.02500000000000002200 ) ;
#1808 = ORIENTED_EDGE ( 'NONE', *, *, #1364, .F. ) ;
#1809 = DIRECTION ( 'NONE',  ( -0.0000000000000000000, 0.0000000000000000000, 1.000000000000000000 ) ) ;
#1810 = ADVANCED_FACE ( 'NONE', ( #1273 ), #3151, .T. ) ;
#1811 = ORIENTED_EDGE ( 'NONE', *, *, #2450, .F. ) ;
#1812 = LINE ( 'NONE', #273, #1152 ) ;
#1813 = CARTESIAN_POINT ( 'NONE',  ( 0.03749999999999997800, 0.07700000000000026300, 0.01249999999999996900 ) ) ;
#1814 = CARTESIAN_POINT ( 'NONE',  ( -0.1250000000000000300, 0.1750000000000002900, 0.007499999999999988400 ) ) ;
#1815 = VECTOR ( 'NONE', #666, 39.37007874015748100 ) ;
#1816 = ORIENTED_EDGE ( 'NONE', *, *, #1946, .T. ) ;
#1817 = EDGE_CURVE ( 'NONE', #1563, #2860, #682, .T. ) ;
#1818 = FACE_OUTER_BOUND ( 'NONE', #2147, .T. ) ;
#1819 = ORIENTED_EDGE ( 'NONE', *, *, #627, .T. ) ;
#1820 = DIRECTION ( 'NONE',  ( -0.0000000000000000000, 1.000000000000000000, 0.0000000000000000000 ) ) ;
#1821 = LINE ( 'NONE', #2461, #1789 ) ;
#1822 = DIRECTION ( 'NONE',  ( 0.0000000000000000000, -1.000000000000000000, 0.0000000000000000000 ) ) ;
#1823 = ORIENTED_EDGE ( 'NONE', *, *, #922, .T. ) ;
#1824 = EDGE_CURVE ( 'NONE', #660, #175, #2541, .T. ) ;
#1825 = AXIS2_PLACEMENT_3D ( 'NONE', #2775, #1290, #294 ) ;
#1826 = ORIENTED_EDGE ( 'NONE', *, *, #496, .T. ) ;
#1827 = DIRECTION ( 'NONE',  ( 1.000000000000000000, 0.0000000000000000000, 0.0000000000000000000 ) ) ;
#1828 = ADVANCED_FACE ( 'NONE', ( #1052 ), #490, .F. ) ;
#1829 = LINE ( 'NONE', #1163, #262 ) ;
#1830 = ORIENTED_EDGE ( 'NONE', *, *, #845, .T. ) ;
#1831 = CARTESIAN_POINT ( 'NONE',  ( 0.05848076211353314700, -0.1299999999999997000, 0.008480762113533131900 ) ) ;
#1832 = LINE ( 'NONE', #1991, #3186 ) ;
#1833 = VERTEX_POINT ( 'NONE', #2983 ) ;
#1834 = PLANE ( 'NONE',  #814 ) ;
#1835 = EDGE_CURVE ( 'NONE', #2945, #2432, #843, .T. ) ;
#1836 = ORIENTED_EDGE ( 'NONE', *, *, #2102, .T. ) ;
#1837 = VECTOR ( 'NONE', #1755, 39.37007874015748100 ) ;
#1838 = EDGE_CURVE ( 'NONE', #2867, #2413, #2972, .T. ) ;
#1839 = CARTESIAN_POINT ( 'NONE',  ( 0.07999999999999996000, 2.731847993664263200E-016, 0.05750000000000000200 ) ) ;
#1840 = ORIENTED_EDGE ( 'NONE', *, *, #2011, .T. ) ;
#1841 = LINE ( 'NONE', #819, #1003 ) ;
#1842 = EDGE_CURVE ( 'NONE', #718, #516, #2241, .T. ) ;
#1843 = DIRECTION ( 'NONE',  ( 0.0000000000000000000, 0.0000000000000000000, 1.000000000000000000 ) ) ;
#1844 = ORIENTED_EDGE ( 'NONE', *, *, #857, .F. ) ;
#1845 = ORIENTED_EDGE ( 'NONE', *, *, #2574, .T. ) ;
#1846 = LINE ( 'NONE', #966, #1701 ) ;
#1847 = CARTESIAN_POINT ( 'NONE',  ( 0.1049999999999999500, 0.2750000000000003000, 0.3825000000000000100 ) ) ;
#1848 = EDGE_LOOP ( 'NONE', ( #2346, #1314, #2202, #834, #2530 ) ) ;
#1849 = LINE ( 'NONE', #3193, #1460 ) ;
#1850 = DIRECTION ( 'NONE',  ( -1.000000000000000000, 0.0000000000000000000, 0.0000000000000000000 ) ) ;
#1851 = EDGE_LOOP ( 'NONE', ( #1758, #2891, #860, #832, #693, #2337, #2907, #347, #1455, #553 ) ) ;
#1852 =( NAMED_UNIT ( * ) SI_UNIT ( $, .STERADIAN. ) SOLID_ANGLE_UNIT ( ) );
#1853 = AXIS2_PLACEMENT_3D ( 'NONE', #2138, #616, #1887 ) ;
#1854 = FACE_OUTER_BOUND ( 'NONE', #599, .T. ) ;
#1855 = ORIENTED_EDGE ( 'NONE', *, *, #2992, .T. ) ;
#1856 = CARTESIAN_POINT ( 'NONE',  ( 0.03749999999999996400, 0.07500000000000027500, -0.02749999999999997900 ) ) ;
#1857 = PLANE ( 'NONE',  #329 ) ;
#1858 = ADVANCED_FACE ( 'NONE', ( #1854 ), #177, .F. ) ;
#1859 = ORIENTED_EDGE ( 'NONE', *, *, #2688, .F. ) ;
#1860 = EDGE_CURVE ( 'NONE', #1469, #499, #2422, .T. ) ;
#1861 = AXIS2_PLACEMENT_3D ( 'NONE', #527, #1555, #2283 ) ;
#1862 = FACE_OUTER_BOUND ( 'NONE', #1350, .T. ) ;
#1863 = EDGE_LOOP ( 'NONE', ( #333, #2684, #2517, #9 ) ) ;
#1864 = DIRECTION ( 'NONE',  ( 0.0000000000000000000, 0.0000000000000000000, 1.000000000000000000 ) ) ;
#1865 = EDGE_CURVE ( 'NONE', #488, #56, #3133, .T. ) ;
#1866 = CYLINDRICAL_SURFACE ( 'NONE', #951, 0.05000000000000001000 ) ;
#1867 = ORIENTED_EDGE ( 'NONE', *, *, #1539, .T. ) ;
#1868 = LINE ( 'NONE', #699, #2516 ) ;
#1869 = EDGE_LOOP ( 'NONE', ( #3213, #343, #606, #1712 ) ) ;
#1870 = CARTESIAN_POINT ( 'NONE',  ( 0.06249999999999997900, 0.1020000000000002700, 0.03749999999999997800 ) ) ;
#1871 = CARTESIAN_POINT ( 'NONE',  ( 0.04999999999999998200, 0.2750000000000003000, 0.4574999999999999600 ) ) ;
#1872 = ORIENTED_EDGE ( 'NONE', *, *, #2388, .F. ) ;
#1873 = ADVANCED_FACE ( 'NONE', ( #3056 ), #743, .T. ) ;
#1874 = CARTESIAN_POINT ( 'NONE',  ( -0.06250000000000002800, 0.07700000000000027700, 0.03750000000000001200 ) ) ;
#1875 = PRODUCT_DEFINITION ( 'UNKNOWN', '', #2489, #303 ) ;
#1876 = CARTESIAN_POINT ( 'NONE',  ( -3.414809992080329000E-017, 0.1150000000000002800, -0.02749999999999997900 ) ) ;
#1877 = DIRECTION ( 'NONE',  ( 0.7071067811865475700, 0.0000000000000000000, -0.7071067811865475700 ) ) ;
#1878 = EDGE_CURVE ( 'NONE', #361, #451, #2465, .T. ) ;
#1879 = STYLED_ITEM ( 'NONE', ( #2695 ), #1532 ) ;
#1880 = ORIENTED_EDGE ( 'NONE', *, *, #2276, .T. ) ;
#1881 = VECTOR ( 'NONE', #3114, 39.37007874015748100 ) ;
#1882 = DIRECTION ( 'NONE',  ( 0.0000000000000000000, 0.0000000000000000000, -1.000000000000000000 ) ) ;
#1883 = VERTEX_POINT ( 'NONE', #1029 ) ;
#1884 = ORIENTED_EDGE ( 'NONE', *, *, #372, .F. ) ;
#1885 = LINE ( 'NONE', #283, #2109 ) ;
#1886 = DIRECTION ( 'NONE',  ( 0.0000000000000000000, 0.0000000000000000000, -1.000000000000000000 ) ) ;
#1887 = DIRECTION ( 'NONE',  ( 0.0000000000000000000, 0.0000000000000000000, 1.000000000000000000 ) ) ;
#1888 = ADVANCED_FACE ( 'NONE', ( #365 ), #993, .F. ) ;
#1889 = ORIENTED_EDGE ( 'NONE', *, *, #3214, .F. ) ;
#1890 = LINE ( 'NONE', #1916, #1815 ) ;
#1891 = ORIENTED_EDGE ( 'NONE', *, *, #496, .F. ) ;
#1892 = EDGE_CURVE ( 'NONE', #1996, #1958, #441, .T. ) ;
#1893 = VECTOR ( 'NONE', #1997, 39.37007874015748100 ) ;
#1894 = DIRECTION ( 'NONE',  ( -0.0000000000000000000, -1.000000000000000000, 0.0000000000000000000 ) ) ;
#1895 = ORIENTED_EDGE ( 'NONE', *, *, #645, .T. ) ;
#1896 =( LENGTH_UNIT ( ) NAMED_UNIT ( * ) SI_UNIT ( $, .METRE. ) );
#1897 = EDGE_CURVE ( 'NONE', #2860, #2190, #68, .T. ) ;
#1898 = VECTOR ( 'NONE', #1239, 39.37007874015748100 ) ;
#1899 = EDGE_LOOP ( 'NONE', ( #1155, #3038, #293, #2779 ) ) ;
#1900 = CARTESIAN_POINT ( 'NONE',  ( -3.414809992080329000E-017, 0.2050000000000002700, 0.05750000000000000200 ) ) ;
#1901 = DIRECTION ( 'NONE',  ( 0.0000000000000000000, -0.0000000000000000000, 1.000000000000000000 ) ) ;
#1902 = LINE ( 'NONE', #3164, #2741 ) ;
#1903 = VERTEX_POINT ( 'NONE', #737 ) ;
#1904 = EDGE_CURVE ( 'NONE', #1452, #346, #1162, .T. ) ;
#1905 = AXIS2_PLACEMENT_3D ( 'NONE', #2948, #1248, #771 ) ;
#1906 = DIRECTION ( 'NONE',  ( 1.000000000000000000, 0.0000000000000000000, 0.0000000000000000000 ) ) ;
#1907 = VECTOR ( 'NONE', #2997, 39.37007874015748100 ) ;
#1908 = ADVANCED_FACE ( 'NONE', ( #102 ), #2216, .F. ) ;
#1909 = EDGE_CURVE ( 'NONE', #1632, #2827, #2887, .T. ) ;
#1910 = DIRECTION ( 'NONE',  ( 0.0000000000000000000, 0.0000000000000000000, 1.000000000000000000 ) ) ;
#1911 = VERTEX_POINT ( 'NONE', #1979 ) ;
#1912 = DIRECTION ( 'NONE',  ( 0.0000000000000000000, 1.000000000000000000, 0.0000000000000000000 ) ) ;
#1913 = CARTESIAN_POINT ( 'NONE',  ( -0.1450000000000000200, 0.01500000000000026700, 0.1575000000000000000 ) ) ;
#1914 = CARTESIAN_POINT ( 'NONE',  ( -0.1250000000000000300, 0.07500000000000027500, 0.05750000000000000200 ) ) ;
#1915 = ORIENTED_EDGE ( 'NONE', *, *, #1340, .F. ) ;
#1916 = CARTESIAN_POINT ( 'NONE',  ( -0.1250000000000000300, 0.1450000000000002700, 0.007499999999999988400 ) ) ;
#1917 = DIRECTION ( 'NONE',  ( -0.0000000000000000000, 0.0000000000000000000, 1.000000000000000000 ) ) ;
#1918 = DIRECTION ( 'NONE',  ( 0.0000000000000000000, 0.0000000000000000000, 1.000000000000000000 ) ) ;
#1919 = UNCERTAINTY_MEASURE_WITH_UNIT (LENGTH_MEASURE( 1.000000000000000100E-005 ), #1244, 'distance_accuracy_value', 'NONE');
#1920 = CARTESIAN_POINT ( 'NONE',  ( 0.1049999999999999500, 0.2350000000000002900, 0.5074999999999999500 ) ) ;
#1921 = ADVANCED_FACE ( 'NONE', ( #2084 ), #2012, .T. ) ;
#1922 = AXIS2_PLACEMENT_3D ( 'NONE', #1440, #2378, #188 ) ;
#1923 = LINE ( 'NONE', #2048, #587 ) ;
#1924 = CARTESIAN_POINT ( 'NONE',  ( -0.04283644622504793200, 0.1216635537749523600, 0.4024158884437379300 ) ) ;
#1925 = VERTEX_POINT ( 'NONE', #55 ) ;
#1926 = EDGE_CURVE ( 'NONE', #3218, #1100, #32, .T. ) ;
#1927 = ORIENTED_EDGE ( 'NONE', *, *, #520, .T. ) ;
#1928 = CARTESIAN_POINT ( 'NONE',  ( 0.04999999999999996100, 0.2350000000000002900, 0.4574999999999999600 ) ) ;
#1929 = FACE_OUTER_BOUND ( 'NONE', #2958, .T. ) ;
#1930 = VERTEX_POINT ( 'NONE', #569 ) ;
#1931 = DIRECTION ( 'NONE',  ( -0.0000000000000000000, 1.000000000000000000, 0.0000000000000000000 ) ) ;
#1932 = FACE_OUTER_BOUND ( 'NONE', #1411, .T. ) ;
#1933 = VERTEX_POINT ( 'NONE', #1798 ) ;
#1934 = CARTESIAN_POINT ( 'NONE',  ( -0.1450000000000000200, 0.2750000000000003000, 0.05750000000000000200 ) ) ;
#1935 = LENGTH_MEASURE_WITH_UNIT ( LENGTH_MEASURE( 0.02539999999999999900 ), #1592 );
#1936 = ORIENTED_EDGE ( 'NONE', *, *, #1860, .T. ) ;
#1937 = ADVANCED_FACE ( 'NONE', ( #1932 ), #1049, .F. ) ;
#1938 = CARTESIAN_POINT ( 'NONE',  ( 0.06249999999999996500, 0.07700000000000026300, 0.01249999999999996900 ) ) ;
#1939 = LINE ( 'NONE', #2336, #2778 ) ;
#1940 = DIRECTION ( 'NONE',  ( 0.7071067811865476800, -0.7071067811865472400, 0.0000000000000000000 ) ) ;
#1941 = ORIENTED_EDGE ( 'NONE', *, *, #1537, .T. ) ;
#1942 = CARTESIAN_POINT ( 'NONE',  ( 0.1739999999999999300, 0.2050000000000002700, 0.3825000000000000100 ) ) ;
#1943 = VECTOR ( 'NONE', #1472, 39.37007874015748100 ) ;
#1944 = CARTESIAN_POINT ( 'NONE',  ( -3.414809992080329000E-017, 0.2550000000000002800, 0.5074999999999999500 ) ) ;
#1945 = ORIENTED_EDGE ( 'NONE', *, *, #1897, .T. ) ;
#1946 = EDGE_CURVE ( 'NONE', #2227, #1833, #641, .T. ) ;
#1947 = LINE ( 'NONE', #292, #858 ) ;
#1948 = DIRECTION ( 'NONE',  ( 0.0000000000000000000, 8.892734354375856100E-017, -1.000000000000000000 ) ) ;
#1949 = ORIENTED_EDGE ( 'NONE', *, *, #325, .T. ) ;
#1950 = CARTESIAN_POINT ( 'NONE',  ( -3.414809992080329000E-017, 0.01500000000000026700, 0.5074999999999999500 ) ) ;
#1951 = DIRECTION ( 'NONE',  ( -1.000000000000000000, -0.0000000000000000000, -0.0000000000000000000 ) ) ;
#1952 = DIRECTION ( 'NONE',  ( 0.7071067811865474600, 0.7071067811865474600, 0.0000000000000000000 ) ) ;
#1953 = CARTESIAN_POINT ( 'NONE',  ( -0.03750000000000003300, 0.1020000000000003000, 0.03749999999999997800 ) ) ;
#1954 = ADVANCED_FACE ( 'NONE', ( #1973 ), #2650, .F. ) ;
#1955 = PLANE ( 'NONE',  #2025 ) ;
#1956 = LINE ( 'NONE', #1960, #2186 ) ;
#1957 = CARTESIAN_POINT ( 'NONE',  ( 0.1739999999999999300, 0.2050000000000002700, 0.3825000000000000100 ) ) ;
#1958 = VERTEX_POINT ( 'NONE', #542 ) ;
#1959 = VERTEX_POINT ( 'NONE', #1070 ) ;
#1960 = CARTESIAN_POINT ( 'NONE',  ( 0.06249999999999997900, 0.1020000000000003000, 0.03749999999999997800 ) ) ;
#1961 = LINE ( 'NONE', #584, #873 ) ;
#1962 = DIRECTION ( 'NONE',  ( 0.0000000000000000000, 0.7071067811865476800, 0.7071067811865473500 ) ) ;
#1963 = EDGE_CURVE ( 'NONE', #2252, #1883, #2009, .T. ) ;
#1964 = AXIS2_PLACEMENT_3D ( 'NONE', #2342, #868, #1101 ) ;
#1965 = AXIS2_PLACEMENT_3D ( 'NONE', #1071, #2270, #1051 ) ;
#1966 = VERTEX_POINT ( 'NONE', #813 ) ;
#1967 = ORIENTED_EDGE ( 'NONE', *, *, #2082, .T. ) ;
#1968 = CARTESIAN_POINT ( 'NONE',  ( 0.04999999999999996800, 0.1650000000000002900, 0.1575000000000000000 ) ) ;
#1969 = FACE_OUTER_BOUND ( 'NONE', #1141, .T. ) ;
#1970 = DIRECTION ( 'NONE',  ( -0.0000000000000000000, 1.000000000000000000, 0.0000000000000000000 ) ) ;
#1971 = ORIENTED_EDGE ( 'NONE', *, *, #173, .T. ) ;
#1972 = DIRECTION ( 'NONE',  ( 0.5773502691896260600, -0.5773502691896256200, 0.5773502691896256200 ) ) ;
#1973 = FACE_OUTER_BOUND ( 'NONE', #120, .T. ) ;
#1974 = DIRECTION ( 'NONE',  ( 1.000000000000000000, 0.0000000000000000000, 0.0000000000000000000 ) ) ;
#1975 = LINE ( 'NONE', #4, #1313 ) ;
#1976 = ORIENTED_EDGE ( 'NONE', *, *, #565, .T. ) ;
#1977 = LINE ( 'NONE', #2129, #1316 ) ;
#1978 = ORIENTED_EDGE ( 'NONE', *, *, #3117, .T. ) ;
#1979 = CARTESIAN_POINT ( 'NONE',  ( -0.1050000000000000200, 0.2350000000000002900, 0.4874999999999999900 ) ) ;
#1980 = ORIENTED_EDGE ( 'NONE', *, *, #111, .T. ) ;
#1981 = EDGE_CURVE ( 'NONE', #361, #2227, #1668, .T. ) ;
#1982 = CARTESIAN_POINT ( 'NONE',  ( 0.1739999999999999300, 0.2750000000000003000, 0.3825000000000000100 ) ) ;
#1983 = CARTESIAN_POINT ( 'NONE',  ( 0.07999999999999996000, 2.731847993664263200E-016, 0.05750000000000000200 ) ) ;
#1984 = VERTEX_POINT ( 'NONE', #1574 ) ;
#1985 = EDGE_CURVE ( 'NONE', #762, #2210, #332, .T. ) ;
#1986 = DIRECTION ( 'NONE',  ( 0.0000000000000000000, -1.000000000000000000, -0.0000000000000000000 ) ) ;
#1987 = AXIS2_PLACEMENT_3D ( 'NONE', #2534, #592, #2328 ) ;
#1988 = CARTESIAN_POINT ( 'NONE',  ( 0.1049999999999999500, 0.2350000000000002900, 0.4874999999999999900 ) ) ;
#1989 = EDGE_CURVE ( 'NONE', #1833, #2372, #2114, .T. ) ;
#1990 = DIRECTION ( 'NONE',  ( 0.0000000000000000000, 0.0000000000000000000, -1.000000000000000000 ) ) ;
#1991 = CARTESIAN_POINT ( 'NONE',  ( -0.09500000000001003500, 0.01500000000000026700, 0.05750000000000000200 ) ) ;
#1992 = CARTESIAN_POINT ( 'NONE',  ( 0.1049999999999999500, 0.2750000000000003000, 0.3825000000000000100 ) ) ;
#1993 = VECTOR ( 'NONE', #2289, 39.37007874015748900 ) ;
#1994 = COLOUR_RGB ( '',0.2509803921568627400, 0.2509803921568627400, 0.2509803921568627400 ) ;
#1995 = LINE ( 'NONE', #75, #1334 ) ;
#1996 = VERTEX_POINT ( 'NONE', #2520 ) ;
#1997 = DIRECTION ( 'NONE',  ( 0.0000000000000000000, -5.928489569583904600E-018, 1.000000000000000000 ) ) ;
#1998 = ORIENTED_EDGE ( 'NONE', *, *, #798, .F. ) ;
#1999 = AXIS2_PLACEMENT_3D ( 'NONE', #852, #1820, #321 ) ;
#2000 = DIRECTION ( 'NONE',  ( -1.000000000000000000, 0.0000000000000000000, 0.0000000000000000000 ) ) ;
#2001 = CIRCLE ( 'NONE', #724, 0.03999999999999998000 ) ;
#2002 = DIRECTION ( 'NONE',  ( -1.000000000000000000, 0.0000000000000000000, 0.0000000000000000000 ) ) ;
#2003 = VECTOR ( 'NONE', #2371, 39.37007874015748100 ) ;
#2004 = DIRECTION ( 'NONE',  ( 1.000000000000000000, -0.0000000000000000000, -0.0000000000000000000 ) ) ;
#2005 = DIRECTION ( 'NONE',  ( 0.0000000000000000000, -1.000000000000000000, -0.0000000000000000000 ) ) ;
#2006 = AXIS2_PLACEMENT_3D ( 'NONE', #503, #1970, #2995 ) ;
#2007 = ORIENTED_EDGE ( 'NONE', *, *, #2011, .F. ) ;
#2008 =( NAMED_UNIT ( * ) PLANE_ANGLE_UNIT ( ) SI_UNIT ( $, .RADIAN. ) );
#2009 = LINE ( 'NONE', #3020, #1310 ) ;
#2010 = VERTEX_POINT ( 'NONE', #2054 ) ;
#2011 = EDGE_CURVE ( 'NONE', #1068, #1421, #1465, .T. ) ;
#2012 = PLANE ( 'NONE',  #2185 ) ;
#2013 = VECTOR ( 'NONE', #2437, 39.37007874015748100 ) ;
#2014 = ORIENTED_EDGE ( 'NONE', *, *, #2740, .T. ) ;
#2015 = CARTESIAN_POINT ( 'NONE',  ( 0.03749999999999997800, 0.1020000000000003000, 0.03749999999999997800 ) ) ;
#2016 = VECTOR ( 'NONE', #2573, 39.37007874015748100 ) ;
#2017 = DIRECTION ( 'NONE',  ( 0.0000000000000000000, 0.0000000000000000000, 1.000000000000000000 ) ) ;
#2018 = FACE_OUTER_BOUND ( 'NONE', #2443, .T. ) ;
#2019 = CARTESIAN_POINT ( 'NONE',  ( -0.03750000000000003300, 0.1150000000000002800, -0.02749999999999997900 ) ) ;
#2020 = ORIENTED_EDGE ( 'NONE', *, *, #1744, .F. ) ;
#2021 = LINE ( 'NONE', #1769, #3032 ) ;
#2022 = EDGE_LOOP ( 'NONE', ( #1053, #2527, #1396, #2877, #1134, #1091, #3192, #1521 ) ) ;
#2023 = DIRECTION ( 'NONE',  ( -1.000000000000000000, -0.0000000000000000000, -0.0000000000000000000 ) ) ;
#2024 = EDGE_CURVE ( 'NONE', #947, #1632, #137, .T. ) ;
#2025 = AXIS2_PLACEMENT_3D ( 'NONE', #444, #1517, #1026 ) ;
#2026 = ORIENTED_EDGE ( 'NONE', *, *, #2142, .F. ) ;
#2027 = DIRECTION ( 'NONE',  ( -1.000000000000000000, 0.0000000000000000000, 0.0000000000000000000 ) ) ;
#2028 = CARTESIAN_POINT ( 'NONE',  ( -0.1450000000000000200, 0.01500000000000026700, 0.05750000000000000200 ) ) ;
#2029 = CARTESIAN_POINT ( 'NONE',  ( 0.1449999999999999600, 0.2050000000000002700, 0.05750000000000000200 ) ) ;
#2030 = DIRECTION ( 'NONE',  ( -1.000000000000000000, 0.0000000000000000000, -0.0000000000000000000 ) ) ;
#2031 = VECTOR ( 'NONE', #910, 39.37007874015748100 ) ;
#2032 = CARTESIAN_POINT ( 'NONE',  ( 0.1449999999999999600, 0.01500000000000026700, 0.5074999999999999500 ) ) ;
#2033 = VECTOR ( 'NONE', #764, 39.37007874015748100 ) ;
#2034 = CARTESIAN_POINT ( 'NONE',  ( 0.1449999999999999600, 0.01500000000000026700, 0.05750000000000000200 ) ) ;
#2035 = CARTESIAN_POINT ( 'NONE',  ( 0.01999999999999995900, 0.06500000000000026600, 0.4874999999999999900 ) ) ;
#2036 = ORIENTED_EDGE ( 'NONE', *, *, #1419, .F. ) ;
#2037 = FACE_OUTER_BOUND ( 'NONE', #3144, .T. ) ;
#2038 = EDGE_LOOP ( 'NONE', ( #898, #714, #807, #2564 ) ) ;
#2039 = ORIENTED_EDGE ( 'NONE', *, *, #1659, .F. ) ;
#2040 = VECTOR ( 'NONE', #458, 39.37007874015748100 ) ;
#2041 = DIRECTION ( 'NONE',  ( 0.0000000000000000000, 1.000000000000000000, 0.0000000000000000000 ) ) ;
#2042 = VERTEX_POINT ( 'NONE', #2750 ) ;
#2043 = VECTOR ( 'NONE', #1157, 39.37007874015748100 ) ;
#2044 = CARTESIAN_POINT ( 'NONE',  ( 0.08999999999999996900, 0.2750000000000003000, 0.3825000000000000100 ) ) ;
#2045 = ORIENTED_EDGE ( 'NONE', *, *, #2807, .F. ) ;
#2046 = CARTESIAN_POINT ( 'NONE',  ( -0.1250000000000000300, 0.1170000000000002800, 0.007499999999999988400 ) ) ;
#2047 = EDGE_CURVE ( 'NONE', #1115, #3187, #1628, .T. ) ;
#2048 = CARTESIAN_POINT ( 'NONE',  ( 0.04999999999999998200, 0.2050000000000002700, 0.3825000000000000100 ) ) ;
#2049 = LINE ( 'NONE', #1373, #2977 ) ;
#2050 = EDGE_LOOP ( 'NONE', ( #1646, #196, #2874, #1050 ) ) ;
#2051 = ADVANCED_FACE ( 'NONE', ( #2201, #2690, #2279 ), #3007, .T. ) ;
#2052 = CIRCLE ( 'NONE', #885, 0.05000000000000001000 ) ;
#2053 = ORIENTED_EDGE ( 'NONE', *, *, #2952, .F. ) ;
#2054 = CARTESIAN_POINT ( 'NONE',  ( -0.04151923788646686600, -0.1299999999999997000, 0.008480762113533131900 ) ) ;
#2055 = LINE ( 'NONE', #116, #986 ) ;
#2056 = VERTEX_POINT ( 'NONE', #1287 ) ;
#2057 = CARTESIAN_POINT ( 'NONE',  ( 0.05848076211353314700, -0.1299999999999997000, 0.01249999999999996900 ) ) ;
#2058 = LINE ( 'NONE', #2469, #2322 ) ;
#2059 = DIRECTION ( 'NONE',  ( -1.000000000000000000, 0.0000000000000000000, -0.0000000000000000000 ) ) ;
#2060 = ORIENTED_EDGE ( 'NONE', *, *, #2839, .F. ) ;
#2061 = ORIENTED_EDGE ( 'NONE', *, *, #2067, .T. ) ;
#2062 = DIRECTION ( 'NONE',  ( 0.0000000000000000000, -1.000000000000000000, -5.928489569583903000E-018 ) ) ;
#2063 = VERTEX_POINT ( 'NONE', #2029 ) ;
#2064 = EDGE_CURVE ( 'NONE', #3187, #117, #882, .T. ) ;
#2065 = SURFACE_SIDE_STYLE ('',( #3096 ) ) ;
#2066 = CARTESIAN_POINT ( 'NONE',  ( 0.06249999999999997900, -0.1149999999999995200, -0.01250000000000000200 ) ) ;
#2067 = EDGE_CURVE ( 'NONE', #3072, #2994, #2883, .T. ) ;
#2068 = CARTESIAN_POINT ( 'NONE',  ( -0.1450000000000000200, 0.01500000000000026700, 0.05750000000000000200 ) ) ;
#2069 = ORIENTED_EDGE ( 'NONE', *, *, #635, .F. ) ;
#2070 = CARTESIAN_POINT ( 'NONE',  ( 0.1049999999999999500, 0.04500000000000026900, 0.5074999999999999500 ) ) ;
#2071 = LINE ( 'NONE', #2698, #1264 ) ;
#2072 = VERTEX_POINT ( 'NONE', #597 ) ;
#2073 = DIRECTION ( 'NONE',  ( 0.0000000000000000000, -5.928489569583904600E-018, -1.000000000000000000 ) ) ;
#2074 = ORIENTED_EDGE ( 'NONE', *, *, #1571, .F. ) ;
#2075 = VECTOR ( 'NONE', #1368, 39.37007874015748100 ) ;
#2076 = DIRECTION ( 'NONE',  ( 0.0000000000000000000, 0.0000000000000000000, -1.000000000000000000 ) ) ;
#2077 = ORIENTED_EDGE ( 'NONE', *, *, #3088, .T. ) ;
#2078 = CIRCLE ( 'NONE', #839, 0.05000000000000001000 ) ;
#2079 = DIRECTION ( 'NONE',  ( 1.000000000000000000, 0.0000000000000000000, -0.0000000000000000000 ) ) ;
#2080 = ADVANCED_FACE ( 'NONE', ( #1374 ), #2799, .F. ) ;
#2081 = VERTEX_POINT ( 'NONE', #1871 ) ;
#2082 = EDGE_CURVE ( 'NONE', #3160, #410, #135, .T. ) ;
#2083 = CARTESIAN_POINT ( 'NONE',  ( -0.1450000000000000200, 0.01500000000000026700, 0.05750000000000000200 ) ) ;
#2084 = FACE_OUTER_BOUND ( 'NONE', #593, .T. ) ;
#2085 = ORIENTED_EDGE ( 'NONE', *, *, #1321, .F. ) ;
#2086 = DIRECTION ( 'NONE',  ( 0.0000000000000000000, 0.2588190451025176900, -0.9659258262890692000 ) ) ;
#2087 = SURFACE_STYLE_USAGE ( .BOTH. , #2065 ) ;
#2088 = VERTEX_POINT ( 'NONE', #1831 ) ;
#2089 = EDGE_CURVE ( 'NONE', #773, #2261, #838, .T. ) ;
#2090 = VECTOR ( 'NONE', #2828, 39.37007874015748100 ) ;
#2091 = VERTEX_POINT ( 'NONE', #618 ) ;
#2092 = DIRECTION ( 'NONE',  ( 1.000000000000000000, 0.0000000000000000000, -0.0000000000000000000 ) ) ;
#2093 = VECTOR ( 'NONE', #781, 39.37007874015748100 ) ;
#2094 = EDGE_LOOP ( 'NONE', ( #2783, #891, #381, #829 ) ) ;
#2095 = FACE_OUTER_BOUND ( 'NONE', #3176, .T. ) ;
#2096 = EDGE_LOOP ( 'NONE', ( #2036, #501, #793, #2896 ) ) ;
#2097 = ADVANCED_FACE ( 'NONE', ( #678 ), #1327, .T. ) ;
#2098 = VERTEX_POINT ( 'NONE', #1355 ) ;
#2099 =( GEOMETRIC_REPRESENTATION_CONTEXT ( 3 ) GLOBAL_UNCERTAINTY_ASSIGNED_CONTEXT ( ( #2719 ) ) GLOBAL_UNIT_ASSIGNED_CONTEXT ( ( #1164, #396, #1142 ) ) REPRESENTATION_CONTEXT ( 'NONE', 'WORKASPACE' ) );
#2100 = CARTESIAN_POINT ( 'NONE',  ( -0.03750000000000003300, 0.1270000000000002800, 0.03750000000000001200 ) ) ;
#2101 = DIRECTION ( 'NONE',  ( 0.0000000000000000000, -0.0000000000000000000, -1.000000000000000000 ) ) ;
#2102 = EDGE_CURVE ( 'NONE', #1342, #189, #2644, .T. ) ;
#2103 = CARTESIAN_POINT ( 'NONE',  ( 0.06249999999999997900, 0.1270000000000002800, 0.3975000000000000200 ) ) ;
#2104 = VECTOR ( 'NONE', #2904, 39.37007874015748100 ) ;
#2105 = VECTOR ( 'NONE', #1067, 39.37007874015748100 ) ;
#2106 = DIRECTION ( 'NONE',  ( 1.000000000000000000, 0.0000000000000000000, 0.0000000000000000000 ) ) ;
#2107 = ADVANCED_FACE ( 'NONE', ( #2376 ), #1585, .F. ) ;
#2108 = VECTOR ( 'NONE', #1378, 39.37007874015748100 ) ;
#2109 = VECTOR ( 'NONE', #2235, 39.37007874015748100 ) ;
#2110 = EDGE_CURVE ( 'NONE', #2227, #3098, #2731, .T. ) ;
#2111 = ORIENTED_EDGE ( 'NONE', *, *, #2067, .F. ) ;
#2112 = CARTESIAN_POINT ( 'NONE',  ( 0.06249999999999997900, 0.1060192378864671100, 0.3975000000000000200 ) ) ;
#2113 = VECTOR ( 'NONE', #193, 39.37007874015748100 ) ;
#2114 = LINE ( 'NONE', #50, #799 ) ;
#2115 = VERTEX_POINT ( 'NONE', #1616 ) ;
#2116 = PLANE ( 'NONE',  #1348 ) ;
#2117 = LINE ( 'NONE', #817, #601 ) ;
#2118 = ORIENTED_EDGE ( 'NONE', *, *, #289, .T. ) ;
#2119 = AXIS2_PLACEMENT_3D ( 'NONE', #2908, #1451, #1948 ) ;
#2120 = DIRECTION ( 'NONE',  ( 0.0000000000000000000, 0.0000000000000000000, 1.000000000000000000 ) ) ;
#2121 = LINE ( 'NONE', #1476, #1558 ) ;
#2122 = ORIENTED_EDGE ( 'NONE', *, *, #2518, .F. ) ;
#2123 = ADVANCED_FACE ( 'NONE', ( #1969 ), #2332, .T. ) ;
#2124 = PLANE ( 'NONE',  #792 ) ;
#2125 = EDGE_CURVE ( 'NONE', #2091, #1068, #2308, .T. ) ;
#2126 = VECTOR ( 'NONE', #2592, 39.37007874015748100 ) ;
#2127 = ORIENTED_EDGE ( 'NONE', *, *, #1625, .F. ) ;
#2128 = LINE ( 'NONE', #1557, #2584 ) ;
#2129 = CARTESIAN_POINT ( 'NONE',  ( -0.06250000000000002800, 0.1450000000000002700, -0.02749999999999997900 ) ) ;
#2130 = ORIENTED_EDGE ( 'NONE', *, *, #16, .T. ) ;
#2131 = CARTESIAN_POINT ( 'NONE',  ( -0.02000000000000005900, 0.04500000000000026900, 0.5074999999999999500 ) ) ;
#2132 = CARTESIAN_POINT ( 'NONE',  ( -0.1250000000000000300, 0.07500000000000027500, -0.02749999999999997900 ) ) ;
#2133 = ORIENTED_EDGE ( 'NONE', *, *, #1909, .T. ) ;
#2134 = DIRECTION ( 'NONE',  ( -1.000000000000000000, 0.0000000000000000000, 0.0000000000000000000 ) ) ;
#2135 = DIRECTION ( 'NONE',  ( 0.0000000000000000000, 0.0000000000000000000, 1.000000000000000000 ) ) ;
#2136 = CARTESIAN_POINT ( 'NONE',  ( -0.02000000000000003200, 0.01500000000000026700, 0.5074999999999999500 ) ) ;
#2137 = EDGE_CURVE ( 'NONE', #1600, #63, #1270, .T. ) ;
#2138 = CARTESIAN_POINT ( 'NONE',  ( -0.02000000000000003500, 0.06500000000000026600, 0.5074999999999999500 ) ) ;
#2139 = ADVANCED_FACE ( 'NONE', ( #2460 ), #1609, .F. ) ;
#2140 = DIRECTION ( 'NONE',  ( -1.000000000000000000, 0.0000000000000000000, 0.0000000000000000000 ) ) ;
#2141 = VECTOR ( 'NONE', #3112, 39.37007874015748100 ) ;
#2142 = EDGE_CURVE ( 'NONE', #1966, #1298, #1085, .T. ) ;
#2143 = ORIENTED_EDGE ( 'NONE', *, *, #683, .T. ) ;
#2144 = LINE ( 'NONE', #1549, #3083 ) ;
#2145 = CARTESIAN_POINT ( 'NONE',  ( 0.06249999999999996500, 0.07700000000000027700, 0.03750000000000001200 ) ) ;
#2146 = ORIENTED_EDGE ( 'NONE', *, *, #254, .F. ) ;
#2147 = EDGE_LOOP ( 'NONE', ( #2569, #2714, #2236, #1816, #2532, #2823 ) ) ;
#2148 = SURFACE_STYLE_FILL_AREA ( #778 ) ;
#2149 = DIRECTION ( 'NONE',  ( 1.000000000000000000, 0.0000000000000000000, -0.0000000000000000000 ) ) ;
#2150 = DIRECTION ( 'NONE',  ( 0.0000000000000000000, -0.7071067811865474600, -0.7071067811865474600 ) ) ;
#2151 = ORIENTED_EDGE ( 'NONE', *, *, #1842, .F. ) ;
#2152 = VECTOR ( 'NONE', #3147, 39.37007874015748100 ) ;
#2153 = ORIENTED_EDGE ( 'NONE', *, *, #985, .F. ) ;
#2154 = ADVANCED_FACE ( 'NONE', ( #2238 ), #360, .F. ) ;
#2155 = LINE ( 'NONE', #2168, #1509 ) ;
#2156 = ORIENTED_EDGE ( 'NONE', *, *, #3128, .T. ) ;
#2157 = DIRECTION ( 'NONE',  ( 0.0000000000000000000, 1.000000000000000000, -0.0000000000000000000 ) ) ;
#2158 = AXIS2_PLACEMENT_3D ( 'NONE', #2181, #949, #1445 ) ;
#2159 = VECTOR ( 'NONE', #2591, 39.37007874015748100 ) ;
#2160 = ORIENTED_EDGE ( 'NONE', *, *, #3173, .F. ) ;
#2161 = DIRECTION ( 'NONE',  ( -1.000000000000000000, 0.0000000000000000000, -0.0000000000000000000 ) ) ;
#2162 = CARTESIAN_POINT ( 'NONE',  ( -0.03750000000000003300, 0.07700000000000026300, -0.01250000000000000200 ) ) ;
#2163 = VECTOR ( 'NONE', #903, 39.37007874015748100 ) ;
#2164 = ORIENTED_EDGE ( 'NONE', *, *, #1159, .F. ) ;
#2165 = DIRECTION ( 'NONE',  ( 0.0000000000000000000, 0.0000000000000000000, 1.000000000000000000 ) ) ;
#2166 = LINE ( 'NONE', #696, #1170 ) ;
#2167 = ORIENTED_EDGE ( 'NONE', *, *, #651, .T. ) ;
#2168 = CARTESIAN_POINT ( 'NONE',  ( 0.06249999999999996500, 0.1270000000000002800, 0.3975000000000000200 ) ) ;
#2169 = EDGE_CURVE ( 'NONE', #1308, #27, #2605, .T. ) ;
#2170 = VECTOR ( 'NONE', #1809, 39.37007874015748100 ) ;
#2171 = ORIENTED_EDGE ( 'NONE', *, *, #691, .F. ) ;
#2172 = CARTESIAN_POINT ( 'NONE',  ( 0.05848076211353314700, 0.1060192378864671100, 0.3975000000000000200 ) ) ;
#2173 = PLANE ( 'NONE',  #2253 ) ;
#2174 = DIRECTION ( 'NONE',  ( 0.0000000000000000000, 1.000000000000000000, 0.0000000000000000000 ) ) ;
#2175 = ADVANCED_FACE ( 'NONE', ( #1587 ), #2560, .T. ) ;
#2176 = ORIENTED_EDGE ( 'NONE', *, *, #3018, .F. ) ;
#2177 = CARTESIAN_POINT ( 'NONE',  ( -0.04151923788646686600, -0.1299999999999997000, 0.01249999999999996900 ) ) ;
#2178 =( GEOMETRIC_REPRESENTATION_CONTEXT ( 3 ) GLOBAL_UNCERTAINTY_ASSIGNED_CONTEXT ( ( #1919 ) ) GLOBAL_UNIT_ASSIGNED_CONTEXT ( ( #1244, #2008, #2259 ) ) REPRESENTATION_CONTEXT ( 'NONE', 'WORKASPACE' ) );
#2179 = DIRECTION ( 'NONE',  ( 0.0000000000000000000, -0.0000000000000000000, -1.000000000000000000 ) ) ;
#2180 = EDGE_CURVE ( 'NONE', #1227, #107, #2570, .T. ) ;
#2181 = CARTESIAN_POINT ( 'NONE',  ( -0.03750000000000003300, 0.07700000000000027700, 0.03750000000000001200 ) ) ;
#2182 = PLANE ( 'NONE',  #1456 ) ;
#2183 = DIRECTION ( 'NONE',  ( -0.0000000000000000000, 1.000000000000000000, 0.0000000000000000000 ) ) ;
#2184 = DIRECTION ( 'NONE',  ( 0.0000000000000000000, 0.0000000000000000000, -1.000000000000000000 ) ) ;
#2185 = AXIS2_PLACEMENT_3D ( 'NONE', #312, #3050, #780 ) ;
#2186 = VECTOR ( 'NONE', #2951, 39.37007874015748100 ) ;
#2187 = LINE ( 'NONE', #1992, #1078 ) ;
#2188 = PLANE ( 'NONE',  #498 ) ;
#2189 = VERTEX_POINT ( 'NONE', #108 ) ;
#2190 = VERTEX_POINT ( 'NONE', #1178 ) ;
#2191 = VECTOR ( 'NONE', #2810, 39.37007874015748100 ) ;
#2192 = EDGE_CURVE ( 'NONE', #698, #1197, #2078, .T. ) ;
#2193 = ADVANCED_FACE ( 'NONE', ( #1929 ), #1683, .T. ) ;
#2194 = ORIENTED_EDGE ( 'NONE', *, *, #2498, .F. ) ;
#2195 = CARTESIAN_POINT ( 'NONE',  ( -0.1050000000000000200, 0.06500000000000026600, 0.3825000000000000100 ) ) ;
#2196 = LINE ( 'NONE', #759, #2838 ) ;
#2197 = VERTEX_POINT ( 'NONE', #425 ) ;
#2198 = DIRECTION ( 'NONE',  ( -0.0000000000000000000, 0.0000000000000000000, 1.000000000000000000 ) ) ;
#2199 = PLANE ( 'NONE',  #1160 ) ;
#2200 = DIRECTION ( 'NONE',  ( -0.0000000000000000000, 0.0000000000000000000, 1.000000000000000000 ) ) ;
#2201 = FACE_BOUND ( 'NONE', #2297, .T. ) ;
#2202 = ORIENTED_EDGE ( 'NONE', *, *, #1909, .F. ) ;
#2203 = VECTOR ( 'NONE', #2610, 39.37007874015748100 ) ;
#2204 = ORIENTED_EDGE ( 'NONE', *, *, #2294, .T. ) ;
#2205 = LINE ( 'NONE', #2697, #3221 ) ;
#2206 = PLANE ( 'NONE',  #2588 ) ;
#2207 = ORIENTED_EDGE ( 'NONE', *, *, #16, .F. ) ;
#2208 = AXIS2_PLACEMENT_3D ( 'NONE', #2145, #2911, #1493 ) ;
#2209 = LINE ( 'NONE', #2912, #2703 ) ;
#2210 = VERTEX_POINT ( 'NONE', #2384 ) ;
#2211 = DIRECTION ( 'NONE',  ( 0.0000000000000000000, 0.7071067811865475700, -0.7071067811865475700 ) ) ;
#2212 = EDGE_CURVE ( 'NONE', #2252, #2413, #923, .T. ) ;
#2213 = VECTOR ( 'NONE', #3011, 39.37007874015748100 ) ;
#2214 = ORIENTED_EDGE ( 'NONE', *, *, #432, .T. ) ;
#2215 = VERTEX_POINT ( 'NONE', #895 ) ;
#2216 = PLANE ( 'NONE',  #1640 ) ;
#2217 = EDGE_CURVE ( 'NONE', #883, #1298, #3166, .T. ) ;
#2218 = DIRECTION ( 'NONE',  ( 0.0000000000000000000, 0.0000000000000000000, -1.000000000000000000 ) ) ;
#2219 = CARTESIAN_POINT ( 'NONE',  ( 0.1249999999999999600, 0.1450000000000002700, 0.2824999999999999700 ) ) ;
#2220 = DIRECTION ( 'NONE',  ( 0.0000000000000000000, 0.0000000000000000000, 1.000000000000000000 ) ) ;
#2221 = CARTESIAN_POINT ( 'NONE',  ( 0.1739999999999999300, 0.2050000000000002700, 0.1575000000000000300 ) ) ;
#2222 = EDGE_CURVE ( 'NONE', #1925, #919, #1009, .T. ) ;
#2223 = DIRECTION ( 'NONE',  ( 0.2505628070857284200, 0.9351131265310309600, -0.2505628070857287600 ) ) ;
#2224 = DIRECTION ( 'NONE',  ( 0.0000000000000000000, 1.000000000000000000, 0.0000000000000000000 ) ) ;
#2225 = DIRECTION ( 'NONE',  ( 0.0000000000000000000, 0.0000000000000000000, 1.000000000000000000 ) ) ;
#2226 = EDGE_LOOP ( 'NONE', ( #2280, #2374, #2660, #3048 ) ) ;
#2227 = VERTEX_POINT ( 'NONE', #907 ) ;
#2228 = DIRECTION ( 'NONE',  ( -0.7071067811865474600, 0.0000000000000000000, 0.7071067811865474600 ) ) ;
#2229 = FACE_OUTER_BOUND ( 'NONE', #1795, .T. ) ;
#2230 = CARTESIAN_POINT ( 'NONE',  ( -0.09000000000000002400, 0.2750000000000003000, 0.4174999999999999800 ) ) ;
#2231 = CARTESIAN_POINT ( 'NONE',  ( 0.1249999999999999600, 0.07500000000000027500, -0.02749999999999997900 ) ) ;
#2232 = VERTEX_POINT ( 'NONE', #136 ) ;
#2233 = VERTEX_POINT ( 'NONE', #2885 ) ;
#2234 = FACE_OUTER_BOUND ( 'NONE', #603, .T. ) ;
#2235 = DIRECTION ( 'NONE',  ( 0.0000000000000000000, -5.928489569583904600E-018, 1.000000000000000000 ) ) ;
#2236 = ORIENTED_EDGE ( 'NONE', *, *, #2110, .F. ) ;
#2237 = EDGE_CURVE ( 'NONE', #2233, #1933, #2809, .T. ) ;
#2238 = FACE_OUTER_BOUND ( 'NONE', #1797, .T. ) ;
#2239 = ORIENTED_EDGE ( 'NONE', *, *, #2720, .T. ) ;
#2240 = CARTESIAN_POINT ( 'NONE',  ( 0.06249999999999997900, 0.07700000000000027700, 0.03750000000000001200 ) ) ;
#2241 = LINE ( 'NONE', #17, #563 ) ;
#2242 = DIRECTION ( 'NONE',  ( -1.000000000000000000, 0.0000000000000000000, 0.0000000000000000000 ) ) ;
#2243 = ORIENTED_EDGE ( 'NONE', *, *, #1865, .T. ) ;
#2244 = CARTESIAN_POINT ( 'NONE',  ( 0.03749999999999997800, -0.1149999999999995200, 0.01249999999999996900 ) ) ;
#2245 = ORIENTED_EDGE ( 'NONE', *, *, #2388, .T. ) ;
#2246 = CARTESIAN_POINT ( 'NONE',  ( -0.1250000000000000300, 0.07500000000000027500, 0.007499999999999988400 ) ) ;
#2247 = LINE ( 'NONE', #1288, #145 ) ;
#2248 = ORIENTED_EDGE ( 'NONE', *, *, #1732, .T. ) ;
#2249 = DIRECTION ( 'NONE',  ( 0.0000000000000000000, -5.928489569583904600E-018, 1.000000000000000000 ) ) ;
#2250 = DIRECTION ( 'NONE',  ( 0.7071067811865474600, -0.7071067811865474600, 0.0000000000000000000 ) ) ;
#2251 = FACE_OUTER_BOUND ( 'NONE', #78, .T. ) ;
#2252 = VERTEX_POINT ( 'NONE', #2397 ) ;
#2253 = AXIS2_PLACEMENT_3D ( 'NONE', #911, #423, #2629 ) ;
#2254 = CARTESIAN_POINT ( 'NONE',  ( 0.06249999999999996500, 0.1270000000000002800, 0.3975000000000000200 ) ) ;
#2255 = DIRECTION ( 'NONE',  ( -1.000000000000000000, 0.0000000000000000000, 0.0000000000000000000 ) ) ;
#2256 = PLANE ( 'NONE',  #1796 ) ;
#2257 = EDGE_LOOP ( 'NONE', ( #2922, #787, #1058, #1729 ) ) ;
#2258 = EDGE_CURVE ( 'NONE', #2421, #2391, #556, .T. ) ;
#2259 =( NAMED_UNIT ( * ) SI_UNIT ( $, .STERADIAN. ) SOLID_ANGLE_UNIT ( ) );
#2260 = ORIENTED_EDGE ( 'NONE', *, *, #1393, .T. ) ;
#2261 = VERTEX_POINT ( 'NONE', #414 ) ;
#2262 = PLANE ( 'NONE',  #1965 ) ;
#2263 = CARTESIAN_POINT ( 'NONE',  ( 0.06249999999999997900, 0.1229807621135334400, 0.3975000000000000200 ) ) ;
#2264 = PLANE ( 'NONE',  #1987 ) ;
#2265 = DIRECTION ( 'NONE',  ( 0.0000000000000000000, -0.0000000000000000000, -1.000000000000000000 ) ) ;
#2266 = EDGE_CURVE ( 'NONE', #1504, #1958, #2499, .T. ) ;
#2267 = DIRECTION ( 'NONE',  ( 0.0000000000000000000, 1.000000000000000000, -0.0000000000000000000 ) ) ;
#2268 = LINE ( 'NONE', #2402, #164 ) ;
#2269 = VECTOR ( 'NONE', #2462, 39.37007874015748100 ) ;
#2270 = DIRECTION ( 'NONE',  ( -0.7071067811865475700, -0.7071067811865475700, 0.0000000000000000000 ) ) ;
#2271 = FACE_OUTER_BOUND ( 'NONE', #2964, .T. ) ;
#2272 = ORIENTED_EDGE ( 'NONE', *, *, #2347, .F. ) ;
#2273 = CARTESIAN_POINT ( 'NONE',  ( 0.03749999999999996400, 0.1450000000000002700, -0.02749999999999997900 ) ) ;
#2274 = VECTOR ( 'NONE', #2488, 39.37007874015748100 ) ;
#2275 = CARTESIAN_POINT ( 'NONE',  ( -0.06499999999999002400, 0.01500000000000026700, 0.05750000000000000200 ) ) ;
#2276 = EDGE_CURVE ( 'NONE', #1043, #1563, #64, .T. ) ;
#2277 = DIRECTION ( 'NONE',  ( 0.0000000000000000000, 0.9659258262890689800, -0.2588190451025181300 ) ) ;
#2278 = ORIENTED_EDGE ( 'NONE', *, *, #1659, .T. ) ;
#2279 = FACE_OUTER_BOUND ( 'NONE', #1596, .T. ) ;
#2280 = ORIENTED_EDGE ( 'NONE', *, *, #1240, .F. ) ;
#2281 = DIRECTION ( 'NONE',  ( 1.000000000000000000, -0.0000000000000000000, 0.0000000000000000000 ) ) ;
#2282 = LINE ( 'NONE', #1612, #886 ) ;
#2283 = DIRECTION ( 'NONE',  ( 0.0000000000000000000, 0.0000000000000000000, -1.000000000000000000 ) ) ;
#2284 = ORIENTED_EDGE ( 'NONE', *, *, #1106, .T. ) ;
#2285 = LINE ( 'NONE', #1111, #1714 ) ;
#2286 = CARTESIAN_POINT ( 'NONE',  ( 0.06249999999999995800, 0.1450000000000002700, 0.007499999999999953800 ) ) ;
#2287 = EDGE_CURVE ( 'NONE', #2394, #1342, #1890, .T. ) ;
#2288 = EDGE_LOOP ( 'NONE', ( #1166, #2304, #777, #1591 ) ) ;
#2289 = DIRECTION ( 'NONE',  ( 0.0000000000000000000, -0.7071067811865473500, -0.7071067811865476800 ) ) ;
#2290 = VECTOR ( 'NONE', #155, 39.37007874015748100 ) ;
#2291 = ORIENTED_EDGE ( 'NONE', *, *, #91, .T. ) ;
#2292 = LINE ( 'NONE', #1345, #2170 ) ;
#2293 = ORIENTED_EDGE ( 'NONE', *, *, #1240, .T. ) ;
#2294 = EDGE_CURVE ( 'NONE', #810, #2640, #401, .T. ) ;
#2295 = AXIS2_PLACEMENT_3D ( 'NONE', #1332, #2841, #3081 ) ;
#2296 = CARTESIAN_POINT ( 'NONE',  ( -0.06250000000000002800, 0.1270000000000002800, 0.1575000000000000000 ) ) ;
#2297 = EDGE_LOOP ( 'NONE', ( #2639, #2704, #2539, #2480 ) ) ;
#2298 = EDGE_CURVE ( 'NONE', #1685, #2233, #1156, .T. ) ;
#2299 = DIRECTION ( 'NONE',  ( -0.0000000000000000000, -0.9659258262890688700, -0.2588190451025187400 ) ) ;
#2300 = DIRECTION ( 'NONE',  ( 0.0000000000000000000, 0.0000000000000000000, 1.000000000000000000 ) ) ;
#2301 = ORIENTED_EDGE ( 'NONE', *, *, #3124, .T. ) ;
#2302 = ORIENTED_EDGE ( 'NONE', *, *, #2554, .F. ) ;
#2303 = LINE ( 'NONE', #199, #3005 ) ;
#2304 = ORIENTED_EDGE ( 'NONE', *, *, #896, .T. ) ;
#2305 = ADVANCED_FACE ( 'NONE', ( #3210 ), #1650, .T. ) ;
#2306 = ORIENTED_EDGE ( 'NONE', *, *, #2064, .F. ) ;
#2307 = VERTEX_POINT ( 'NONE', #1968 ) ;
#2308 = LINE ( 'NONE', #2553, #1306 ) ;
#2309 = DIRECTION ( 'NONE',  ( 1.000000000000000000, -0.0000000000000000000, 0.0000000000000000000 ) ) ;
#2310 = EDGE_LOOP ( 'NONE', ( #2122, #2414, #2302, #1604 ) ) ;
#2311 = EDGE_CURVE ( 'NONE', #736, #2056, #251, .T. ) ;
#2312 = CARTESIAN_POINT ( 'NONE',  ( -3.414809992080329000E-017, 0.1450000000000002700, -0.02749999999999997900 ) ) ;
#2313 = VECTOR ( 'NONE', #1077, 39.37007874015748100 ) ;
#2314 = DIRECTION ( 'NONE',  ( 0.0000000000000000000, 0.0000000000000000000, -1.000000000000000000 ) ) ;
#2315 = FACE_OUTER_BOUND ( 'NONE', #2310, .T. ) ;
#2316 = ORIENTED_EDGE ( 'NONE', *, *, #735, .F. ) ;
#2317 = DIRECTION ( 'NONE',  ( 0.0000000000000000000, -1.000000000000000000, 0.0000000000000000000 ) ) ;
#2318 = VECTOR ( 'NONE', #2023, 39.37007874015748100 ) ;
#2319 = DIRECTION ( 'NONE',  ( 1.000000000000000000, 0.0000000000000000000, 0.0000000000000000000 ) ) ;
#2320 = ADVANCED_FACE ( 'NONE', ( #2538 ), #2188, .F. ) ;
#2321 = PLANE ( 'NONE',  #820 ) ;
#2322 = VECTOR ( 'NONE', #1006, 39.37007874015748100 ) ;
#2323 = ORIENTED_EDGE ( 'NONE', *, *, #583, .F. ) ;
#2324 = LINE ( 'NONE', #2057, #1357 ) ;
#2325 = ORIENTED_EDGE ( 'NONE', *, *, #1217, .F. ) ;
#2326 = DIRECTION ( 'NONE',  ( 1.000000000000000000, 0.0000000000000000000, -0.0000000000000000000 ) ) ;
#2327 = ORIENTED_EDGE ( 'NONE', *, *, #620, .T. ) ;
#2328 = DIRECTION ( 'NONE',  ( 1.000000000000000000, 0.0000000000000000000, -0.0000000000000000000 ) ) ;
#2329 = PLANE ( 'NONE',  #456 ) ;
#2330 = DIRECTION ( 'NONE',  ( 0.7071067811865474600, 0.7071067811865474600, 0.0000000000000000000 ) ) ;
#2331 = LINE ( 'NONE', #1786, #2526 ) ;
#2332 = PLANE ( 'NONE',  #389 ) ;
#2333 = LINE ( 'NONE', #2219, #2451 ) ;
#2334 = VECTOR ( 'NONE', #732, 39.37007874015748100 ) ;
#2335 = ORIENTED_EDGE ( 'NONE', *, *, #3194, .F. ) ;
#2336 = CARTESIAN_POINT ( 'NONE',  ( -0.03750000000000003300, -0.1149999999999995200, 0.01249999999999996900 ) ) ;
#2337 = ORIENTED_EDGE ( 'NONE', *, *, #1963, .T. ) ;
#2338 = VECTOR ( 'NONE', #2464, 39.37007874015748100 ) ;
#2339 = PLANE ( 'NONE',  #2472 ) ;
#2340 = PLANE ( 'NONE',  #681 ) ;
#2341 = ORIENTED_EDGE ( 'NONE', *, *, #278, .F. ) ;
#2342 = CARTESIAN_POINT ( 'NONE',  ( -0.03750000000000003300, 0.1020000000000002700, 0.03749999999999997800 ) ) ;
#2343 = ORIENTED_EDGE ( 'NONE', *, *, #2706, .T. ) ;
#2344 = LINE ( 'NONE', #2598, #2159 ) ;
#2345 = PLANE ( 'NONE',  #2607 ) ;
#2346 = ORIENTED_EDGE ( 'NONE', *, *, #2047, .F. ) ;
#2347 = EDGE_CURVE ( 'NONE', #1958, #3134, #1849, .T. ) ;
#2348 = LINE ( 'NONE', #806, #3061 ) ;
#2349 = ORIENTED_EDGE ( 'NONE', *, *, #905, .F. ) ;
#2350 = CARTESIAN_POINT ( 'NONE',  ( -0.1250000000000000300, 0.1750000000000002900, 0.007499999999999988400 ) ) ;
#2351 = DIRECTION ( 'NONE',  ( 1.000000000000000000, -0.0000000000000000000, -0.0000000000000000000 ) ) ;
#2352 = VECTOR ( 'NONE', #1030, 39.37007874015748100 ) ;
#2353 = ORIENTED_EDGE ( 'NONE', *, *, #1285, .T. ) ;
#2354 = DIRECTION ( 'NONE',  ( 0.7071067811865476800, -0.7071067811865472400, 0.0000000000000000000 ) ) ;
#2355 = LINE ( 'NONE', #1259, #1722 ) ;
#2356 = ORIENTED_EDGE ( 'NONE', *, *, #1488, .F. ) ;
#2357 = CARTESIAN_POINT ( 'NONE',  ( -0.1250000000000000300, 0.07500000000000027500, 0.01249999999999996900 ) ) ;
#2358 = EDGE_CURVE ( 'NONE', #631, #1594, #1194, .T. ) ;
#2359 = ORIENTED_EDGE ( 'NONE', *, *, #865, .T. ) ;
#2360 = DIRECTION ( 'NONE',  ( 0.0000000000000000000, -5.928489569583904600E-018, -1.000000000000000000 ) ) ;
#2361 = CARTESIAN_POINT ( 'NONE',  ( 0.06249999999999997900, -0.1299999999999997000, 0.01249999999999996900 ) ) ;
#2362 = AXIS2_PLACEMENT_3D ( 'NONE', #2400, #419, #1918 ) ;
#2363 = CLOSED_SHELL ( 'NONE', ( #1145, #2587, #1189, #3169, #2193, #559, #2097, #2831, #1161, #1087, #1667, #676, #2633, #426, #3191, #1573, #2080, #1937 ) ) ;
#2364 = CARTESIAN_POINT ( 'NONE',  ( -0.03750000000000003300, 0.1150000000000002800, 0.1575000000000000000 ) ) ;
#2365 = EDGE_CURVE ( 'NONE', #2413, #1930, #1341, .T. ) ;
#2366 = SHAPE_DEFINITION_REPRESENTATION ( #719, #1588 ) ;
#2367 = EDGE_CURVE ( 'NONE', #1308, #2945, #2772, .T. ) ;
#2368 = CARTESIAN_POINT ( 'NONE',  ( -0.04151923788646686600, -0.1299999999999997000, -0.008480762113533166600 ) ) ;
#2369 = DIRECTION ( 'NONE',  ( 1.000000000000000000, 0.0000000000000000000, -0.0000000000000000000 ) ) ;
#2370 = LINE ( 'NONE', #1391, #25 ) ;
#2371 = DIRECTION ( 'NONE',  ( 1.000000000000000000, 0.0000000000000000000, 0.0000000000000000000 ) ) ;
#2372 = VERTEX_POINT ( 'NONE', #2434 ) ;
#2373 = ADVANCED_FACE ( 'NONE', ( #3052 ), #2944, .F. ) ;
#2374 = ORIENTED_EDGE ( 'NONE', *, *, #2169, .F. ) ;
#2375 = CARTESIAN_POINT ( 'NONE',  ( -0.1450000000000000200, 0.2750000000000003000, 0.3825000000000000100 ) ) ;
#2376 = FACE_OUTER_BOUND ( 'NONE', #2991, .T. ) ;
#2377 = VERTEX_POINT ( 'NONE', #1231 ) ;
#2378 = DIRECTION ( 'NONE',  ( -1.000000000000000000, 0.0000000000000000000, 0.0000000000000000000 ) ) ;
#2379 = CARTESIAN_POINT ( 'NONE',  ( -0.03750000000000003300, 0.07700000000000026300, 0.01249999999999996900 ) ) ;
#2380 = VECTOR ( 'NONE', #2691, 39.37007874015748100 ) ;
#2381 = ORIENTED_EDGE ( 'NONE', *, *, #2266, .F. ) ;
#2382 = EDGE_CURVE ( 'NONE', #24, #2010, #1626, .T. ) ;
#2383 = AXIS2_PLACEMENT_3D ( 'NONE', #657, #390, #629 ) ;
#2384 = CARTESIAN_POINT ( 'NONE',  ( 0.04151923788646681000, 0.1060192378864671100, 0.3975000000000000200 ) ) ;
#2385 = VECTOR ( 'NONE', #2710, 39.37007874015748100 ) ;
#2386 = VERTEX_POINT ( 'NONE', #1198 ) ;
#2387 = DIRECTION ( 'NONE',  ( 0.0000000000000000000, -1.000000000000000000, 0.0000000000000000000 ) ) ;
#2388 = EDGE_CURVE ( 'NONE', #2056, #841, #1548, .T. ) ;
#2389 = LINE ( 'NONE', #1944, #2818 ) ;
#2390 = DIRECTION ( 'NONE',  ( 1.000000000000000000, 0.0000000000000000000, -0.0000000000000000000 ) ) ;
#2391 = VERTEX_POINT ( 'NONE', #1442 ) ;
#2392 = CARTESIAN_POINT ( 'NONE',  ( -0.06250000000000002800, 0.07700000000000027700, 0.03750000000000001200 ) ) ;
#2393 = VECTOR ( 'NONE', #1850, 39.37007874015748100 ) ;
#2394 = VERTEX_POINT ( 'NONE', #690 ) ;
#2395 = CARTESIAN_POINT ( 'NONE',  ( -0.1050000000000000200, 0.06500000000000026600, 0.5074999999999999500 ) ) ;
#2396 = LINE ( 'NONE', #3085, #1437 ) ;
#2397 = CARTESIAN_POINT ( 'NONE',  ( -0.03750000000000003300, 0.1270000000000002800, 0.1575000000000000000 ) ) ;
#2398 = ORIENTED_EDGE ( 'NONE', *, *, #76, .F. ) ;
#2399 = EDGE_LOOP ( 'NONE', ( #1581, #2917, #730, #1079, #769, #2770, #1299, #138 ) ) ;
#2400 = CARTESIAN_POINT ( 'NONE',  ( -0.05000000000000003700, 0.2050000000000002700, 0.1575000000000000000 ) ) ;
#2401 = APPLICATION_PROTOCOL_DEFINITION ( 'draft international standard', 'automotive_design', 1998, #407 ) ;
#2402 = CARTESIAN_POINT ( 'NONE',  ( 0.06249999999999997900, -0.1299999999999997000, 0.01249999999999996900 ) ) ;
#2403 = CARTESIAN_POINT ( 'NONE',  ( -0.05000000000000003700, 0.2350000000000002900, 0.4174999999999999800 ) ) ;
#2404 = EDGE_CURVE ( 'NONE', #346, #762, #632, .T. ) ;
#2405 = PLANE ( 'NONE',  #65 ) ;
#2406 = DIRECTION ( 'NONE',  ( 0.0000000000000000000, 0.0000000000000000000, 1.000000000000000000 ) ) ;
#2407 = EDGE_CURVE ( 'NONE', #1787, #2197, #212, .T. ) ;
#2408 = ADVANCED_FACE ( 'NONE', ( #285 ), #968, .T. ) ;
#2409 = VECTOR ( 'NONE', #686, 39.37007874015748100 ) ;
#2410 = VECTOR ( 'NONE', #483, 39.37007874015748100 ) ;
#2411 = DIRECTION ( 'NONE',  ( 0.0000000000000000000, 1.000000000000000000, 0.0000000000000000000 ) ) ;
#2412 = CARTESIAN_POINT ( 'NONE',  ( -0.05000000000000003700, 0.1650000000000002900, 0.1575000000000000000 ) ) ;
#2413 = VERTEX_POINT ( 'NONE', #2444 ) ;
#2414 = ORIENTED_EDGE ( 'NONE', *, *, #865, .F. ) ;
#2415 = VECTOR ( 'NONE', #2850, 39.37007874015748100 ) ;
#2416 = DIRECTION ( 'NONE',  ( -1.000000000000000000, -0.0000000000000000000, 0.0000000000000000000 ) ) ;
#2417 = DIRECTION ( 'NONE',  ( 0.0000000000000000000, 0.7071067811865473500, 0.7071067811865476800 ) ) ;
#2418 = ORIENTED_EDGE ( 'NONE', *, *, #791, .F. ) ;
#2419 = VECTOR ( 'NONE', #8, 39.37007874015748100 ) ;
#2420 = DIRECTION ( 'NONE',  ( 0.0000000000000000000, -5.928489569583904600E-018, 1.000000000000000000 ) ) ;
#2421 = VERTEX_POINT ( 'NONE', #1186 ) ;
#2422 = LINE ( 'NONE', #1491, #522 ) ;
#2423 = CARTESIAN_POINT ( 'NONE',  ( 0.04063908601473398300, -0.1267152284963158900, -0.009360913985265997500 ) ) ;
#2424 = ORIENTED_EDGE ( 'NONE', *, *, #2984, .F. ) ;
#2425 = AXIS2_PLACEMENT_3D ( 'NONE', #1724, #1485, #2228 ) ;
#2426 = CARTESIAN_POINT ( 'NONE',  ( -0.03750000000000003300, 0.07700000000000027700, 0.03750000000000001200 ) ) ;
#2427 = ORIENTED_EDGE ( 'NONE', *, *, #1012, .F. ) ;
#2428 = PLANE ( 'NONE',  #1598 ) ;
#2429 = DIRECTION ( 'NONE',  ( 0.0000000000000000000, 1.000000000000000000, 0.0000000000000000000 ) ) ;
#2430 = ADVANCED_FACE ( 'NONE', ( #877 ), #1693, .T. ) ;
#2431 = FACE_OUTER_BOUND ( 'NONE', #1851, .T. ) ;
#2432 = VERTEX_POINT ( 'NONE', #1433 ) ;
#2433 = EDGE_CURVE ( 'NONE', #1138, #2056, #3012, .T. ) ;
#2434 = CARTESIAN_POINT ( 'NONE',  ( 0.08999999999999996900, 0.2350000000000002900, 0.4174999999999999800 ) ) ;
#2435 = FACE_OUTER_BOUND ( 'NONE', #2226, .T. ) ;
#2436 = ORIENTED_EDGE ( 'NONE', *, *, #502, .T. ) ;
#2437 = DIRECTION ( 'NONE',  ( 0.0000000000000000000, 0.0000000000000000000, -1.000000000000000000 ) ) ;
#2438 = CARTESIAN_POINT ( 'NONE',  ( -0.1050000000000000200, 0.06500000000000026600, 0.4874999999999999900 ) ) ;
#2439 = VECTOR ( 'NONE', #747, 39.37007874015748100 ) ;
#2440 = ORIENTED_EDGE ( 'NONE', *, *, #735, .T. ) ;
#2441 =( NAMED_UNIT ( * ) SI_UNIT ( $, .STERADIAN. ) SOLID_ANGLE_UNIT ( ) );
#2442 = CARTESIAN_POINT ( 'NONE',  ( -0.06250000000000002800, 0.1020000000000002700, 0.3824999999999998400 ) ) ;
#2443 = EDGE_LOOP ( 'NONE', ( #1998, #2919, #2284, #588, #564, #1097, #751, #2053, #2160, #1507 ) ) ;
#2444 = CARTESIAN_POINT ( 'NONE',  ( -0.03750000000000003300, 0.1020000000000002700, 0.1575000000000000000 ) ) ;
#2445 = AXIS2_PLACEMENT_3D ( 'NONE', #1615, #95, #118 ) ;
#2446 = ADVANCED_FACE ( 'NONE', ( #2768 ), #1955, .F. ) ;
#2447 = DIRECTION ( 'NONE',  ( 0.0000000000000000000, 1.000000000000000000, 0.0000000000000000000 ) ) ;
#2448 = CARTESIAN_POINT ( 'NONE',  ( 0.01999999999999996600, 0.06500000000000026600, 0.4874999999999999900 ) ) ;
#2449 = DIRECTION ( 'NONE',  ( 1.000000000000000000, 0.0000000000000000000, -0.0000000000000000000 ) ) ;
#2450 = EDGE_CURVE ( 'NONE', #2611, #1211, #1885, .T. ) ;
#2451 = VECTOR ( 'NONE', #2, 39.37007874015748100 ) ;
#2452 = CARTESIAN_POINT ( 'NONE',  ( -0.05000000000000003700, 0.2750000000000003000, 0.4574999999999999600 ) ) ;
#2453 = ORIENTED_EDGE ( 'NONE', *, *, #339, .T. ) ;
#2454 = LINE ( 'NONE', #156, #1300 ) ;
#2455 = ORIENTED_EDGE ( 'NONE', *, *, #884, .F. ) ;
#2456 = ORIENTED_EDGE ( 'NONE', *, *, #1981, .T. ) ;
#2457 = CARTESIAN_POINT ( 'NONE',  ( 0.1049999999999999500, 0.06500000000000028000, 0.5074999999999999500 ) ) ;
#2458 = VECTOR ( 'NONE', #2722, 39.37007874015748100 ) ;
#2459 = CARTESIAN_POINT ( 'NONE',  ( 0.06249999999999997900, -0.1149999999999995200, -0.01250000000000000200 ) ) ;
#2460 = FACE_OUTER_BOUND ( 'NONE', #1863, .T. ) ;
#2461 = CARTESIAN_POINT ( 'NONE',  ( 0.06249999999999996500, 0.1020000000000003000, 0.03749999999999997800 ) ) ;
#2462 = DIRECTION ( 'NONE',  ( 0.0000000000000000000, 1.000000000000000000, 0.0000000000000000000 ) ) ;
#2463 = ORIENTED_EDGE ( 'NONE', *, *, #91, .F. ) ;
#2464 = DIRECTION ( 'NONE',  ( -0.0000000000000000000, -1.000000000000000000, 0.0000000000000000000 ) ) ;
#2465 = LINE ( 'NONE', #1988, #3094 ) ;
#2466 = EDGE_LOOP ( 'NONE', ( #2950, #1358, #34, #2214 ) ) ;
#2467 = CARTESIAN_POINT ( 'NONE',  ( -0.1050000000000000200, 0.1650000000000002900, 0.5074999999999999500 ) ) ;
#2468 = FACE_OUTER_BOUND ( 'NONE', #925, .T. ) ;
#2469 = CARTESIAN_POINT ( 'NONE',  ( 0.1449999999999999600, 0.1150000000000002800, 0.5074999999999999500 ) ) ;
#2470 = ORIENTED_EDGE ( 'NONE', *, *, #827, .T. ) ;
#2471 = EDGE_CURVE ( 'NONE', #773, #698, #1778, .T. ) ;
#2472 = AXIS2_PLACEMENT_3D ( 'NONE', #3100, #1153, #866 ) ;
#2473 = CARTESIAN_POINT ( 'NONE',  ( -0.03750000000000003300, 0.07700000000000027700, -0.01250000000000000200 ) ) ;
#2474 = FACE_OUTER_BOUND ( 'NONE', #1339, .T. ) ;
#2475 = CARTESIAN_POINT ( 'NONE',  ( 0.03749999999999996400, 0.1450000000000002700, 0.007499999999999953800 ) ) ;
#2476 = ORIENTED_EDGE ( 'NONE', *, *, #1680, .F. ) ;
#2477 = EDGE_CURVE ( 'NONE', #2421, #1903, #2965, .T. ) ;
#2478 = VECTOR ( 'NONE', #1422, 39.37007874015748100 ) ;
#2479 = DIRECTION ( 'NONE',  ( 0.0000000000000000000, 1.000000000000000000, -5.928489569583903000E-018 ) ) ;
#2480 = ORIENTED_EDGE ( 'NONE', *, *, #2212, .T. ) ;
#2481 = VERTEX_POINT ( 'NONE', #2734 ) ;
#2482 = EDGE_CURVE ( 'NONE', #2484, #1925, #554, .T. ) ;
#2483 = PLANE ( 'NONE',  #3102 ) ;
#2484 = VERTEX_POINT ( 'NONE', #2496 ) ;
#2485 = DIRECTION ( 'NONE',  ( -0.0000000000000000000, -0.0000000000000000000, 1.000000000000000000 ) ) ;
#2486 = MANIFOLD_SOLID_BREP ( 'Body-Move/Copy1[2]', #1213 ) ;
#2487 = DIRECTION ( 'NONE',  ( 0.0000000000000000000, -0.0000000000000000000, -1.000000000000000000 ) ) ;
#2488 = DIRECTION ( 'NONE',  ( 1.000000000000000000, 0.0000000000000000000, 0.0000000000000000000 ) ) ;
#2489 = PRODUCT_DEFINITION_FORMATION_WITH_SPECIFIED_SOURCE ( 'ANY', '', #1518, .NOT_KNOWN. ) ;
#2490 = AXIS2_PLACEMENT_3D ( 'NONE', #2240, #463, #491 ) ;
#2491 = VECTOR ( 'NONE', #2717, 39.37007874015748100 ) ;
#2492 = FACE_OUTER_BOUND ( 'NONE', #987, .T. ) ;
#2493 = EDGE_CURVE ( 'NONE', #124, #1504, #3049, .T. ) ;
#2494 = ORIENTED_EDGE ( 'NONE', *, *, #2192, .T. ) ;
#2495 = ORIENTED_EDGE ( 'NONE', *, *, #1045, .F. ) ;
#2496 = CARTESIAN_POINT ( 'NONE',  ( -0.03750000000000003300, 0.1450000000000002700, -0.02749999999999997900 ) ) ;
#2497 = VERTEX_POINT ( 'NONE', #15 ) ;
#2498 = EDGE_CURVE ( 'NONE', #1933, #1211, #248, .T. ) ;
#2499 = LINE ( 'NONE', #931, #2152 ) ;
#2500 = DIRECTION ( 'NONE',  ( -0.0000000000000000000, -0.0000000000000000000, 1.000000000000000000 ) ) ;
#2501 = CARTESIAN_POINT ( 'NONE',  ( -0.06250000000000002800, 0.1020000000000002700, 0.03749999999999997800 ) ) ;
#2502 = VECTOR ( 'NONE', #2969, 39.37007874015748100 ) ;
#2503 = CARTESIAN_POINT ( 'NONE',  ( -0.03750000000000003300, -0.1299999999999997000, 0.01249999999999996900 ) ) ;
#2504 = DIRECTION ( 'NONE',  ( 0.0000000000000000000, -0.0000000000000000000, -1.000000000000000000 ) ) ;
#2505 = DIRECTION ( 'NONE',  ( 1.000000000000000000, -0.0000000000000000000, 0.0000000000000000000 ) ) ;
#2506 = VECTOR ( 'NONE', #1578, 39.37007874015748900 ) ;
#2507 = ORIENTED_EDGE ( 'NONE', *, *, #1481, .T. ) ;
#2508 = AXIS2_PLACEMENT_3D ( 'NONE', #2426, #2730, #3152 ) ;
#2509 = LINE ( 'NONE', #1730, #890 ) ;
#2510 = ORIENTED_EDGE ( 'NONE', *, *, #731, .T. ) ;
#2511 = LINE ( 'NONE', #2716, #187 ) ;
#2512 = ORIENTED_EDGE ( 'NONE', *, *, #2358, .T. ) ;
#2513 = AXIS2_PLACEMENT_3D ( 'NONE', #1402, #1906, #3135 ) ;
#2514 = AXIS2_PLACEMENT_3D ( 'NONE', #624, #1648, #1114 ) ;
#2515 = CARTESIAN_POINT ( 'NONE',  ( 0.06499999999999994700, 0.01500000000000026700, 0.5074999999999999500 ) ) ;
#2516 = VECTOR ( 'NONE', #2669, 39.37007874015748100 ) ;
#2517 = ORIENTED_EDGE ( 'NONE', *, *, #1645, .F. ) ;
#2518 = EDGE_CURVE ( 'NONE', #2481, #1222, #1812, .T. ) ;
#2519 = ORIENTED_EDGE ( 'NONE', *, *, #415, .T. ) ;
#2520 = CARTESIAN_POINT ( 'NONE',  ( 0.06249999999999996500, 0.1020000000000003000, 0.1575000000000000000 ) ) ;
#2521 = CARTESIAN_POINT ( 'NONE',  ( 0.03749999999999997800, 0.1270000000000002800, 0.3824999999999999000 ) ) ;
#2522 = PLANE ( 'NONE',  #206 ) ;
#2523 = DIRECTION ( 'NONE',  ( -0.0000000000000000000, -1.000000000000000000, -0.0000000000000000000 ) ) ;
#2524 = EDGE_CURVE ( 'NONE', #3134, #2497, #1739, .T. ) ;
#2525 = VECTOR ( 'NONE', #1700, 39.37007874015748100 ) ;
#2526 = VECTOR ( 'NONE', #1054, 39.37007874015748100 ) ;
#2527 = ORIENTED_EDGE ( 'NONE', *, *, #2612, .T. ) ;
#2528 = CARTESIAN_POINT ( 'NONE',  ( 0.01999999999999996600, 0.1150000000000002800, 0.5074999999999999500 ) ) ;
#2529 = VECTOR ( 'NONE', #3059, 39.37007874015748100 ) ;
#2530 = ORIENTED_EDGE ( 'NONE', *, *, #213, .F. ) ;
#2531 = PLANE ( 'NONE',  #1331 ) ;
#2532 = ORIENTED_EDGE ( 'NONE', *, *, #443, .T. ) ;
#2533 = VECTOR ( 'NONE', #1467, 39.37007874015748100 ) ;
#2534 = CARTESIAN_POINT ( 'NONE',  ( 0.06249999999999996500, -0.1299999999999997000, 0.01249999999999996900 ) ) ;
#2535 = EDGE_CURVE ( 'NONE', #2386, #2210, #437, .T. ) ;
#2536 = CARTESIAN_POINT ( 'NONE',  ( 0.1739999999999999300, 0.2750000000000003000, 0.3825000000000000100 ) ) ;
#2537 = MECHANICAL_DESIGN_GEOMETRIC_PRESENTATION_REPRESENTATION (  '', ( #1879 ), #2702 ) ;
#2538 = FACE_OUTER_BOUND ( 'NONE', #3084, .T. ) ;
#2539 = ORIENTED_EDGE ( 'NONE', *, *, #2630, .T. ) ;
#2540 = CARTESIAN_POINT ( 'NONE',  ( 0.1049999999999999500, 0.2350000000000002900, 0.5074999999999999500 ) ) ;
#2541 = LINE ( 'NONE', #2715, #2502 ) ;
#2542 = ORIENTED_EDGE ( 'NONE', *, *, #2979, .F. ) ;
#2543 = ADVANCED_FACE ( 'NONE', ( #398 ), #1776, .T. ) ;
#2544 = LINE ( 'NONE', #2961, #2385 ) ;
#2545 = PLANE ( 'NONE',  #2869 ) ;
#2546 = EDGE_CURVE ( 'NONE', #815, #1500, #323, .T. ) ;
#2547 = ORIENTED_EDGE ( 'NONE', *, *, #2745, .T. ) ;
#2548 = PLANE ( 'NONE',  #470 ) ;
#2549 = LINE ( 'NONE', #2905, #1756 ) ;
#2550 = ORIENTED_EDGE ( 'NONE', *, *, #2169, .T. ) ;
#2551 = LINE ( 'NONE', #2457, #2707 ) ;
#2552 = ORIENTED_EDGE ( 'NONE', *, *, #1519, .T. ) ;
#2553 = CARTESIAN_POINT ( 'NONE',  ( 0.09499999999999994600, 0.01500000000000026700, 0.05750000000000000200 ) ) ;
#2554 = EDGE_CURVE ( 'NONE', #24, #2189, #1658, .T. ) ;
#2555 = ORIENTED_EDGE ( 'NONE', *, *, #875, .T. ) ;
#2556 = DIRECTION ( 'NONE',  ( 0.0000000000000000000, -0.0000000000000000000, -1.000000000000000000 ) ) ;
#2557 = EDGE_CURVE ( 'NONE', #3122, #3072, #1584, .T. ) ;
#2558 = CARTESIAN_POINT ( 'NONE',  ( -0.09000000000000002400, 0.2350000000000002900, 0.3825000000000000100 ) ) ;
#2559 = ADVANCED_FACE ( 'NONE', ( #1501 ), #2993, .F. ) ;
#2560 = PLANE ( 'NONE',  #2513 ) ;
#2561 = CARTESIAN_POINT ( 'NONE',  ( -0.03750000000000003300, -0.1299999999999997000, -0.008480762113533166600 ) ) ;
#2562 = LINE ( 'NONE', #939, #2031 ) ;
#2563 = VECTOR ( 'NONE', #562, 39.37007874015748100 ) ;
#2564 = ORIENTED_EDGE ( 'NONE', *, *, #818, .T. ) ;
#2565 = CARTESIAN_POINT ( 'NONE',  ( -0.03750000000000003300, -0.1149999999999995200, -0.01250000000000000200 ) ) ;
#2566 = ORIENTED_EDGE ( 'NONE', *, *, #415, .F. ) ;
#2567 = VECTOR ( 'NONE', #3091, 39.37007874015748100 ) ;
#2568 = DIRECTION ( 'NONE',  ( 0.2505628070857297000, -0.2505628070857297000, 0.9351131265310302900 ) ) ;
#2569 = ORIENTED_EDGE ( 'NONE', *, *, #1785, .F. ) ;
#2570 = CIRCLE ( 'NONE', #2383, 0.05000000000000001000 ) ;
#2571 = CARTESIAN_POINT ( 'NONE',  ( 0.06249999999999997900, 0.1020000000000002700, 0.3975000000000000200 ) ) ;
#2572 = ORIENTED_EDGE ( 'NONE', *, *, #546, .F. ) ;
#2573 = DIRECTION ( 'NONE',  ( 1.000000000000000000, 0.0000000000000000000, 0.0000000000000000000 ) ) ;
#2574 = EDGE_CURVE ( 'NONE', #1266, #2098, #2805, .T. ) ;
#2575 = VECTOR ( 'NONE', #81, 39.37007874015748100 ) ;
#2576 = CARTESIAN_POINT ( 'NONE',  ( 0.06249999999999997900, -0.1149999999999995200, 0.01249999999999996900 ) ) ;
#2577 = EDGE_CURVE ( 'NONE', #2091, #327, #2728, .T. ) ;
#2578 = VECTOR ( 'NONE', #1149, 39.37007874015748100 ) ;
#2579 = EDGE_LOOP ( 'NONE', ( #2664, #2512, #320, #612 ) ) ;
#2580 = DIRECTION ( 'NONE',  ( 0.0000000000000000000, 0.7071067811865474600, -0.7071067811865474600 ) ) ;
#2581 = ORIENTED_EDGE ( 'NONE', *, *, #1625, .T. ) ;
#2582 = VECTOR ( 'NONE', #974, 39.37007874015748100 ) ;
#2583 = ORIENTED_EDGE ( 'NONE', *, *, #2674, .F. ) ;
#2584 = VECTOR ( 'NONE', #1538, 39.37007874015748100 ) ;
#2585 = ORIENTED_EDGE ( 'NONE', *, *, #349, .T. ) ;
#2586 = CARTESIAN_POINT ( 'NONE',  ( -0.06250000000000002800, -0.1149999999999995200, 0.03750000000000001200 ) ) ;
#2587 = ADVANCED_FACE ( 'NONE', ( #2234 ), #3009, .F. ) ;
#2588 = AXIS2_PLACEMENT_3D ( 'NONE', #1484, #247, #3222 ) ;
#2589 = ORIENTED_EDGE ( 'NONE', *, *, #1892, .T. ) ;
#2590 = EDGE_CURVE ( 'NONE', #2010, #266, #2196, .T. ) ;
#2591 = DIRECTION ( 'NONE',  ( -0.0000000000000000000, 1.000000000000000000, 0.0000000000000000000 ) ) ;
#2592 = DIRECTION ( 'NONE',  ( 0.0000000000000000000, 0.0000000000000000000, -1.000000000000000000 ) ) ;
#2593 = ORIENTED_EDGE ( 'NONE', *, *, #875, .F. ) ;
#2594 = ORIENTED_EDGE ( 'NONE', *, *, #934, .F. ) ;
#2595 = ADVANCED_FACE ( 'NONE', ( #2844, #549 ), #90, .F. ) ;
#2596 = ORIENTED_EDGE ( 'NONE', *, *, #395, .F. ) ;
#2597 = LINE ( 'NONE', #822, #2191 ) ;
#2598 = CARTESIAN_POINT ( 'NONE',  ( 0.1449999999999999600, 0.1150000000000002800, 0.05750000000000000200 ) ) ;
#2599 = ORIENTED_EDGE ( 'NONE', *, *, #1230, .F. ) ;
#2600 = DIRECTION ( 'NONE',  ( -1.000000000000000000, 0.0000000000000000000, 0.0000000000000000000 ) ) ;
#2601 = AXIS2_PLACEMENT_3D ( 'NONE', #480, #1741, #2680 ) ;
#2602 = VECTOR ( 'NONE', #486, 39.37007874015748100 ) ;
#2603 = CARTESIAN_POINT ( 'NONE',  ( -3.414809992080329000E-017, 0.1650000000000002900, 0.1575000000000000000 ) ) ;
#2604 = ORIENTED_EDGE ( 'NONE', *, *, #1028, .F. ) ;
#2605 = CIRCLE ( 'NONE', #1576, 0.05000000000000001000 ) ;
#2606 = EDGE_CURVE ( 'NONE', #266, #2189, #1545, .T. ) ;
#2607 = AXIS2_PLACEMENT_3D ( 'NONE', #908, #1384, #2134 ) ;
#2608 = ORIENTED_EDGE ( 'NONE', *, *, #1571, .T. ) ;
#2609 = VECTOR ( 'NONE', #2769, 39.37007874015748100 ) ;
#2610 = DIRECTION ( 'NONE',  ( 0.0000000000000000000, 1.000000000000000000, 0.0000000000000000000 ) ) ;
#2611 = VERTEX_POINT ( 'NONE', #1361 ) ;
#2612 = EDGE_CURVE ( 'NONE', #1563, #1238, #2597, .T. ) ;
#2613 = FACE_OUTER_BOUND ( 'NONE', #1128, .T. ) ;
#2614 = SURFACE_STYLE_USAGE ( .BOTH. , #902 ) ;
#2615 = ORIENTED_EDGE ( 'NONE', *, *, #1195, .F. ) ;
#2616 = CARTESIAN_POINT ( 'NONE',  ( 0.01999999999999996600, 0.01500000000000026700, 0.5074999999999999500 ) ) ;
#2617 = CARTESIAN_POINT ( 'NONE',  ( 0.06249999999999997900, 0.07700000000000027700, 0.03750000000000001200 ) ) ;
#2618 = ADVANCED_FACE ( 'NONE', ( #359 ), #1857, .F. ) ;
#2619 = LINE ( 'NONE', #892, #1673 ) ;
#2620 = EDGE_LOOP ( 'NONE', ( #127, #1747, #1936, #2248, #446, #2813 ) ) ;
#2621 = DIRECTION ( 'NONE',  ( 0.0000000000000000000, -1.000000000000000000, -0.0000000000000000000 ) ) ;
#2622 = LINE ( 'NONE', #1713, #2093 ) ;
#2623 = ORIENTED_EDGE ( 'NONE', *, *, #2956, .T. ) ;
#2624 = DIRECTION ( 'NONE',  ( 0.9659258262890689800, 0.0000000000000000000, 0.2588190451025184600 ) ) ;
#2625 = CARTESIAN_POINT ( 'NONE',  ( 0.03749999999999996400, 0.1450000000000002700, -0.02749999999999997900 ) ) ;
#2626 = EDGE_LOOP ( 'NONE', ( #80, #2085, #722, #2341 ) ) ;
#2627 = CARTESIAN_POINT ( 'NONE',  ( 0.0000000000000000000, 0.0000000000000000000, 0.0000000000000000000 ) ) ;
#2628 = CARTESIAN_POINT ( 'NONE',  ( -0.1250000000000000300, 0.07500000000000027500, -0.02749999999999997900 ) ) ;
#2629 = DIRECTION ( 'NONE',  ( 1.000000000000000000, 0.0000000000000000000, 0.0000000000000000000 ) ) ;
#2630 = EDGE_CURVE ( 'NONE', #3218, #2252, #2641, .T. ) ;
#2631 = CARTESIAN_POINT ( 'NONE',  ( -0.06406954300736703000, -0.1091423857518413500, 0.01406954300736698900 ) ) ;
#2632 = EDGE_CURVE ( 'NONE', #37, #1094, #1961, .T. ) ;
#2633 = ADVANCED_FACE ( 'NONE', ( #2271 ), #2340, .F. ) ;
#2634 = CARTESIAN_POINT ( 'NONE',  ( -0.08000000000000252700, -2.219626494852214000E-015, 0.5075000000000001700 ) ) ;
#2635 = CARTESIAN_POINT ( 'NONE',  ( -0.05000000000000003700, 0.2350000000000002900, 0.4574999999999999600 ) ) ;
#2636 = CARTESIAN_POINT ( 'NONE',  ( -0.03750000000000003300, 0.07500000000000028900, 0.01249999999999996900 ) ) ;
#2637 = CARTESIAN_POINT ( 'NONE',  ( 0.1739999999999999300, 0.2350000000000002900, 0.3825000000000000100 ) ) ;
#2638 = LINE ( 'NONE', #1745, #1580 ) ;
#2639 = ORIENTED_EDGE ( 'NONE', *, *, #2365, .T. ) ;
#2640 = VERTEX_POINT ( 'NONE', #105 ) ;
#2641 = LINE ( 'NONE', #846, #128 ) ;
#2642 = ORIENTED_EDGE ( 'NONE', *, *, #122, .T. ) ;
#2643 = DIRECTION ( 'NONE',  ( -0.0000000000000000000, -0.0000000000000000000, 1.000000000000000000 ) ) ;
#2644 = LINE ( 'NONE', #2824, #328 ) ;
#2645 = ORIENTED_EDGE ( 'NONE', *, *, #1301, .T. ) ;
#2646 = CARTESIAN_POINT ( 'NONE',  ( 0.04999999999999996800, 0.1150000000000002800, 0.1575000000000000000 ) ) ;
#2647 = CARTESIAN_POINT ( 'NONE',  ( -0.06499999999999252200, 0.01500000000000277700, 0.5075000000000001700 ) ) ;
#2648 = CARTESIAN_POINT ( 'NONE',  ( -0.03750000000000003300, -0.1299999999999997000, 0.01249999999999996900 ) ) ;
#2649 = ADVANCED_FACE ( 'NONE', ( #3123 ), #1108, .F. ) ;
#2650 = CYLINDRICAL_SURFACE ( 'NONE', #335, 0.03999999999999998000 ) ;
#2651 = ORIENTED_EDGE ( 'NONE', *, *, #2142, .T. ) ;
#2652 = EDGE_CURVE ( 'NONE', #2063, #2675, #713, .T. ) ;
#2653 = DIRECTION ( 'NONE',  ( 0.0000000000000000000, 1.000000000000000000, 0.0000000000000000000 ) ) ;
#2654 = LINE ( 'NONE', #3195, #1017 ) ;
#2655 = VERTEX_POINT ( 'NONE', #2558 ) ;
#2656 = VECTOR ( 'NONE', #232, 39.37007874015748100 ) ;
#2657 = PLANE ( 'NONE',  #51 ) ;
#2658 = ORIENTED_EDGE ( 'NONE', *, *, #2180, .T. ) ;
#2659 = LINE ( 'NONE', #2949, #1943 ) ;
#2660 = ORIENTED_EDGE ( 'NONE', *, *, #2367, .T. ) ;
#2661 = DIRECTION ( 'NONE',  ( 0.0000000000000000000, 0.0000000000000000000, 1.000000000000000000 ) ) ;
#2662 = LINE ( 'NONE', #2826, #697 ) ;
#2663 = CARTESIAN_POINT ( 'NONE',  ( -0.1250000000000000300, 0.1150000000000002800, -0.02749999999999997900 ) ) ;
#2664 = ORIENTED_EDGE ( 'NONE', *, *, #1709, .T. ) ;
#2665 = ADVANCED_FACE ( 'NONE', ( #2037 ), #1126, .T. ) ;
#2666 = ORIENTED_EDGE ( 'NONE', *, *, #1230, .T. ) ;
#2667 = DIRECTION ( 'NONE',  ( -1.000000000000000000, 0.0000000000000000000, 0.0000000000000000000 ) ) ;
#2668 = CARTESIAN_POINT ( 'NONE',  ( -0.1450000000000000200, 0.2050000000000002700, 0.05750000000000000200 ) ) ;
#2669 = DIRECTION ( 'NONE',  ( -1.000000000000000000, -0.0000000000000000000, 0.0000000000000000000 ) ) ;
#2670 = EDGE_CURVE ( 'NONE', #1238, #1125, #1044, .T. ) ;
#2671 = DIRECTION ( 'NONE',  ( 1.000000000000000000, 0.0000000000000000000, -0.0000000000000000000 ) ) ;
#2672 = AXIS2_PLACEMENT_3D ( 'NONE', #1397, #2624, #2387 ) ;
#2673 = CARTESIAN_POINT ( 'NONE',  ( 0.03749999999999997800, 0.1020000000000002700, 0.03749999999999997800 ) ) ;
#2674 = EDGE_CURVE ( 'NONE', #1911, #361, #674, .T. ) ;
#2675 = VERTEX_POINT ( 'NONE', #87 ) ;
#2676 = FACE_OUTER_BOUND ( 'NONE', #2726, .T. ) ;
#2677 = CARTESIAN_POINT ( 'NONE',  ( -0.1050000000000000200, 0.1850000000000002800, 0.3825000000000000100 ) ) ;
#2678 = ORIENTED_EDGE ( 'NONE', *, *, #2358, .F. ) ;
#2679 = ORIENTED_EDGE ( 'NONE', *, *, #1766, .T. ) ;
#2680 = DIRECTION ( 'NONE',  ( 0.0000000000000000000, 0.0000000000000000000, 1.000000000000000000 ) ) ;
#2681 = VECTOR ( 'NONE', #2150, 39.37007874015748900 ) ;
#2682 = PLANE ( 'NONE',  #3016 ) ;
#2683 = ADVANCED_FACE ( 'NONE', ( #208 ), #1116, .T. ) ;
#2684 = ORIENTED_EDGE ( 'NONE', *, *, #233, .F. ) ;
#2685 = VECTOR ( 'NONE', #1986, 39.37007874015748100 ) ;
#2686 = DIRECTION ( 'NONE',  ( 0.0000000000000000000, 1.000000000000000000, 0.0000000000000000000 ) ) ;
#2687 = ORIENTED_EDGE ( 'NONE', *, *, #2137, .T. ) ;
#2688 = EDGE_CURVE ( 'NONE', #2829, #2867, #2918, .T. ) ;
#2689 = VECTOR ( 'NONE', #2568, 39.37007874015748900 ) ;
#2690 = FACE_BOUND ( 'NONE', #3180, .T. ) ;
#2691 = DIRECTION ( 'NONE',  ( -1.000000000000000000, -0.0000000000000000000, 0.0000000000000000000 ) ) ;
#2692 = ORIENTED_EDGE ( 'NONE', *, *, #1311, .T. ) ;
#2693 = CARTESIAN_POINT ( 'NONE',  ( -0.04151923788646686600, -0.1299999999999997000, -0.01250000000000000200 ) ) ;
#2694 = AXIS2_PLACEMENT_3D ( 'NONE', #2814, #2319, #804 ) ;
#2695 = PRESENTATION_STYLE_ASSIGNMENT (( #2087 ) ) ;
#2696 = ORIENTED_EDGE ( 'NONE', *, *, #775, .T. ) ;
#2697 = CARTESIAN_POINT ( 'NONE',  ( 0.03749999999999996400, 0.1450000000000002700, 0.007499999999999988400 ) ) ;
#2698 = CARTESIAN_POINT ( 'NONE',  ( 0.1049999999999999500, 0.1650000000000002900, 0.3625000000000000400 ) ) ;
#2699 = CIRCLE ( 'NONE', #3044, 0.03999999999999998000 ) ;
#2700 = EDGE_CURVE ( 'NONE', #2215, #1799, #282, .T. ) ;
#2701 = DIRECTION ( 'NONE',  ( 0.0000000000000000000, 1.000000000000000000, 0.0000000000000000000 ) ) ;
#2702 =( GEOMETRIC_REPRESENTATION_CONTEXT ( 3 ) GLOBAL_UNCERTAINTY_ASSIGNED_CONTEXT ( ( #550 ) ) GLOBAL_UNIT_ASSIGNED_CONTEXT ( ( #3087, #573, #1852 ) ) REPRESENTATION_CONTEXT ( 'NONE', 'WORKASPACE' ) );
#2703 = VECTOR ( 'NONE', #2183, 39.37007874015748100 ) ;
#2704 = ORIENTED_EDGE ( 'NONE', *, *, #1340, .T. ) ;
#2705 = CARTESIAN_POINT ( 'NONE',  ( -3.414809992080329000E-017, 0.1150000000000002800, -0.02749999999999997900 ) ) ;
#2706 = EDGE_CURVE ( 'NONE', #785, #712, #964, .T. ) ;
#2707 = VECTOR ( 'NONE', #1990, 39.37007874015748100 ) ;
#2708 = ORIENTED_EDGE ( 'NONE', *, *, #745, .T. ) ;
#2709 = CARTESIAN_POINT ( 'NONE',  ( 0.06249999999999996500, 0.1450000000000002700, -0.02749999999999997900 ) ) ;
#2710 = DIRECTION ( 'NONE',  ( -0.0000000000000000000, 1.000000000000000000, 0.0000000000000000000 ) ) ;
#2711 = PLANE ( 'NONE',  #227 ) ;
#2712 = VERTEX_POINT ( 'NONE', #387 ) ;
#2713 = CARTESIAN_POINT ( 'NONE',  ( 0.06249999999999996500, 0.1020000000000003000, 0.03749999999999997800 ) ) ;
#2714 = ORIENTED_EDGE ( 'NONE', *, *, #798, .T. ) ;
#2715 = CARTESIAN_POINT ( 'NONE',  ( 0.1449999999999999600, 0.2750000000000003000, 0.3825000000000000100 ) ) ;
#2716 = CARTESIAN_POINT ( 'NONE',  ( -0.06250000000000002800, 0.07700000000000026300, -0.01250000000000000200 ) ) ;
#2717 = DIRECTION ( 'NONE',  ( 0.0000000000000000000, 0.0000000000000000000, -1.000000000000000000 ) ) ;
#2718 = CARTESIAN_POINT ( 'NONE',  ( 0.03749999999999997800, 0.1270000000000002800, 0.03750000000000001200 ) ) ;
#2719 = UNCERTAINTY_MEASURE_WITH_UNIT (LENGTH_MEASURE( 1.000000000000000100E-005 ), #1164, 'distance_accuracy_value', 'NONE');
#2720 = EDGE_CURVE ( 'NONE', #3075, #2737, #2766, .T. ) ;
#2721 = CARTESIAN_POINT ( 'NONE',  ( 0.1249999999999999600, 0.07500000000000027500, 0.05750000000000000200 ) ) ;
#2722 = DIRECTION ( 'NONE',  ( -1.000000000000000000, -0.0000000000000000000, -0.0000000000000000000 ) ) ;
#2723 = ORIENTED_EDGE ( 'NONE', *, *, #195, .T. ) ;
#2724 = EDGE_CURVE ( 'NONE', #1959, #1933, #2370, .T. ) ;
#2725 = ORIENTED_EDGE ( 'NONE', *, *, #1602, .T. ) ;
#2726 = EDGE_LOOP ( 'NONE', ( #1734, #1826, #1715, #2507 ) ) ;
#2727 = CARTESIAN_POINT ( 'NONE',  ( -0.09500000000001002100, 0.01500000000000024900, 0.05750000000000000200 ) ) ;
#2728 = LINE ( 'NONE', #3058, #1048 ) ;
#2729 = ORIENTED_EDGE ( 'NONE', *, *, #1892, .F. ) ;
#2730 = DIRECTION ( 'NONE',  ( -1.000000000000000000, 0.0000000000000000000, 0.0000000000000000000 ) ) ;
#2731 = LINE ( 'NONE', #1847, #2968 ) ;
#2732 = CARTESIAN_POINT ( 'NONE',  ( -0.1250000000000000300, 0.2550000000000002800, 0.5074999999999999500 ) ) ;
#2733 = ORIENTED_EDGE ( 'NONE', *, *, #2450, .T. ) ;
#2734 = CARTESIAN_POINT ( 'NONE',  ( -0.06250000000000002800, -0.1149999999999995200, -0.01250000000000000200 ) ) ;
#2735 = AXIS2_PLACEMENT_3D ( 'NONE', #2536, #3037, #1074 ) ;
#2736 = LINE ( 'NONE', #204, #255 ) ;
#2737 = VERTEX_POINT ( 'NONE', #1914 ) ;
#2738 = DIRECTION ( 'NONE',  ( 0.0000000000000000000, 1.000000000000000000, -0.0000000000000000000 ) ) ;
#2739 = VERTEX_POINT ( 'NONE', #928 ) ;
#2740 = EDGE_CURVE ( 'NONE', #677, #1435, #1412, .T. ) ;
#2741 = VECTOR ( 'NONE', #941, 39.37007874015748100 ) ;
#2742 = DIRECTION ( 'NONE',  ( 0.0000000000000000000, -1.000000000000000000, 0.0000000000000000000 ) ) ;
#2743 = ORIENTED_EDGE ( 'NONE', *, *, #1785, .T. ) ;
#2744 = PLANE ( 'NONE',  #2946 ) ;
#2745 = EDGE_CURVE ( 'NONE', #3010, #253, #58, .T. ) ;
#2746 = VECTOR ( 'NONE', #2135, 39.37007874015748100 ) ;
#2747 = ORIENTED_EDGE ( 'NONE', *, *, #775, .F. ) ;
#2748 = LINE ( 'NONE', #2793, #345 ) ;
#2749 = ORIENTED_EDGE ( 'NONE', *, *, #1926, .T. ) ;
#2750 = CARTESIAN_POINT ( 'NONE',  ( -0.1250000000000000300, 0.1750000000000002900, 0.05750000000000000200 ) ) ;
#2751 = VERTEX_POINT ( 'NONE', #2131 ) ;
#2752 = DIRECTION ( 'NONE',  ( 0.2505628070857294800, 0.2505628070857297600, -0.9351131265310304000 ) ) ;
#2753 = DIRECTION ( 'NONE',  ( -0.0000000000000000000, 1.000000000000000000, 0.0000000000000000000 ) ) ;
#2754 = CARTESIAN_POINT ( 'NONE',  ( 0.1049999999999999500, 0.2050000000000002700, 0.3825000000000000100 ) ) ;
#2755 = ORIENTED_EDGE ( 'NONE', *, *, #2984, .T. ) ;
#2756 =( LENGTH_UNIT ( ) NAMED_UNIT ( * ) SI_UNIT ( $, .METRE. ) );
#2757 = DIRECTION ( 'NONE',  ( 0.0000000000000000000, -0.0000000000000000000, 1.000000000000000000 ) ) ;
#2758 = AXIS2_PLACEMENT_3D ( 'NONE', #268, #1277, #304 ) ;
#2759 = CARTESIAN_POINT ( 'NONE',  ( -0.1250000000000000300, 0.1450000000000002700, 0.007499999999999988400 ) ) ;
#2760 = ORIENTED_EDGE ( 'NONE', *, *, #3194, .T. ) ;
#2761 = DIRECTION ( 'NONE',  ( 1.000000000000000000, -0.0000000000000000000, -0.0000000000000000000 ) ) ;
#2762 = FACE_OUTER_BOUND ( 'NONE', #1869, .T. ) ;
#2763 = EDGE_CURVE ( 'NONE', #1761, #124, #3086, .T. ) ;
#2764 = DIRECTION ( 'NONE',  ( 0.0000000000000000000, 0.2588190451025176900, 0.9659258262890692000 ) ) ;
#2765 = ORIENTED_EDGE ( 'NONE', *, *, #1878, .T. ) ;
#2766 = LINE ( 'NONE', #2872, #2108 ) ;
#2767 = VERTEX_POINT ( 'NONE', #1144 ) ;
#2768 = FACE_OUTER_BOUND ( 'NONE', #1783, .T. ) ;
#2769 = DIRECTION ( 'NONE',  ( -1.000000000000000000, -0.0000000000000000000, -0.0000000000000000000 ) ) ;
#2770 = ORIENTED_EDGE ( 'NONE', *, *, #2237, .T. ) ;
#2771 = CARTESIAN_POINT ( 'NONE',  ( 0.04999999999999998200, 0.2050000000000002700, 0.3825000000000000100 ) ) ;
#2772 = LINE ( 'NONE', #703, #2113 ) ;
#2773 = CARTESIAN_POINT ( 'NONE',  ( -0.06250000000000002800, 0.07500000000000027500, -0.02749999999999997900 ) ) ;
#2774 = ORIENTED_EDGE ( 'NONE', *, *, #2477, .F. ) ;
#2775 = CARTESIAN_POINT ( 'NONE',  ( 0.06249999999999996500, 0.1450000000000002700, 0.007499999999999988400 ) ) ;
#2776 = EDGE_CURVE ( 'NONE', #2377, #718, #1807, .T. ) ;
#2777 = DIRECTION ( 'NONE',  ( 0.0000000000000000000, -1.000000000000000000, 0.0000000000000000000 ) ) ;
#2778 = VECTOR ( 'NONE', #1346, 39.37007874015748100 ) ;
#2779 = ORIENTED_EDGE ( 'NONE', *, *, #130, .T. ) ;
#2780 = FACE_OUTER_BOUND ( 'NONE', #366, .T. ) ;
#2781 = EDGE_LOOP ( 'NONE', ( #3141, #2749, #844, #803 ) ) ;
#2782 = VECTOR ( 'NONE', #2030, 39.37007874015748100 ) ;
#2783 = ORIENTED_EDGE ( 'NONE', *, *, #1195, .T. ) ;
#2784 = EDGE_CURVE ( 'NONE', #962, #488, #514, .T. ) ;
#2785 = AXIS2_PLACEMENT_3D ( 'NONE', #704, #2667, #1672 ) ;
#2786 = DIRECTION ( 'NONE',  ( 0.0000000000000000000, 1.000000000000000000, 0.0000000000000000000 ) ) ;
#2787 = LINE ( 'NONE', #1765, #420 ) ;
#2788 = DIRECTION ( 'NONE',  ( 0.0000000000000000000, -1.000000000000000000, -0.0000000000000000000 ) ) ;
#2789 = VERTEX_POINT ( 'NONE', #626 ) ;
#2790 = EDGE_CURVE ( 'NONE', #454, #1563, #2454, .T. ) ;
#2791 = EDGE_LOOP ( 'NONE', ( #235, #862, #538, #930 ) ) ;
#2792 = ADVANCED_FACE ( 'NONE', ( #628 ), #1401, .F. ) ;
#2793 = CARTESIAN_POINT ( 'NONE',  ( -0.03750000000000003300, 0.1060192378864671100, 0.3975000000000000200 ) ) ;
#2794 = DIRECTION ( 'NONE',  ( 0.7071067811867832700, -0.7071067811863116500, 0.0000000000000000000 ) ) ;
#2795 = CARTESIAN_POINT ( 'NONE',  ( 0.04999999999999996800, 0.1850000000000002800, 0.3825000000000000100 ) ) ;
#2796 = EDGE_CURVE ( 'NONE', #1911, #2974, #1622, .T. ) ;
#2797 = DIRECTION ( 'NONE',  ( 0.0000000000000000000, 0.0000000000000000000, -1.000000000000000000 ) ) ;
#2798 = EDGE_CURVE ( 'NONE', #1699, #1043, #3203, .T. ) ;
#2799 = PLANE ( 'NONE',  #1800 ) ;
#2800 = LINE ( 'NONE', #2162, #1618 ) ;
#2801 = ORIENTED_EDGE ( 'NONE', *, *, #1492, .F. ) ;
#2802 = CARTESIAN_POINT ( 'NONE',  ( 0.1049999999999999500, 0.2350000000000002900, 0.4874999999999999900 ) ) ;
#2803 = ADVANCED_FACE ( 'NONE', ( #591 ), #2116, .T. ) ;
#2804 = ORIENTED_EDGE ( 'NONE', *, *, #1413, .T. ) ;
#2805 = LINE ( 'NONE', #1489, #1706 ) ;
#2806 = DIRECTION ( 'NONE',  ( 1.000000000000000000, 0.0000000000000000000, -0.0000000000000000000 ) ) ;
#2807 = EDGE_CURVE ( 'NONE', #2115, #2655, #1225, .T. ) ;
#2808 = VERTEX_POINT ( 'NONE', #879 ) ;
#2809 = LINE ( 'NONE', #1669, #720 ) ;
#2810 = DIRECTION ( 'NONE',  ( 0.0000000000000000000, 0.0000000000000000000, 1.000000000000000000 ) ) ;
#2811 = ORIENTED_EDGE ( 'NONE', *, *, #443, .F. ) ;
#2812 = VECTOR ( 'NONE', #670, 39.37007874015748100 ) ;
#2813 = ORIENTED_EDGE ( 'NONE', *, *, #3204, .T. ) ;
#2814 = CARTESIAN_POINT ( 'NONE',  ( 0.1449999999999999600, 0.01500000000000026700, 0.05750000000000000200 ) ) ;
#2815 = CIRCLE ( 'NONE', #3216, 0.05000000000000001000 ) ;
#2816 = DIRECTION ( 'NONE',  ( 0.0000000000000000000, 0.0000000000000000000, 1.000000000000000000 ) ) ;
#2817 = ORIENTED_EDGE ( 'NONE', *, *, #2192, .F. ) ;
#2818 = VECTOR ( 'NONE', #2149, 39.37007874015748100 ) ;
#2819 = ORIENTED_EDGE ( 'NONE', *, *, #1767, .T. ) ;
#2820 = CARTESIAN_POINT ( 'NONE',  ( -0.1050000000000000200, 0.2350000000000002900, 0.4874999999999999900 ) ) ;
#2821 = ADVANCED_FACE ( 'NONE', ( #753 ), #904, .F. ) ;
#2822 = VECTOR ( 'NONE', #2921, 39.37007874015748100 ) ;
#2823 = ORIENTED_EDGE ( 'NONE', *, *, #1824, .F. ) ;
#2824 = CARTESIAN_POINT ( 'NONE',  ( 0.06249999999999996500, 0.1450000000000002700, 0.007499999999999988400 ) ) ;
#2825 = VECTOR ( 'NONE', #1279, 39.37007874015748100 ) ;
#2826 = CARTESIAN_POINT ( 'NONE',  ( 0.04999999999999996800, 0.1650000000000002900, 0.3625000000000000400 ) ) ;
#2827 = VERTEX_POINT ( 'NONE', #367 ) ;
#2828 = DIRECTION ( 'NONE',  ( -0.0000000000000000000, 0.0000000000000000000, 1.000000000000000000 ) ) ;
#2829 = VERTEX_POINT ( 'NONE', #2379 ) ;
#2830 = DIRECTION ( 'NONE',  ( -1.000000000000000000, -0.0000000000000000000, -0.0000000000000000000 ) ) ;
#2831 = ADVANCED_FACE ( 'NONE', ( #1148 ), #2865, .T. ) ;
#2832 = DIRECTION ( 'NONE',  ( -0.0000000000000000000, -0.0000000000000000000, 1.000000000000000000 ) ) ;
#2833 = AXIS2_PLACEMENT_3D ( 'NONE', #1414, #1877, #1649 ) ;
#2834 = LINE ( 'NONE', #386, #1405 ) ;
#2835 = LINE ( 'NONE', #541, #93 ) ;
#2836 = PLANE ( 'NONE',  #580 ) ;
#2837 = CARTESIAN_POINT ( 'NONE',  ( -0.08000000000000002900, 2.731847993664263200E-016, 0.05750000000000000200 ) ) ;
#2838 = VECTOR ( 'NONE', #180, 39.37007874015748100 ) ;
#2839 = EDGE_CURVE ( 'NONE', #2372, #1804, #2001, .T. ) ;
#2840 = AXIS2_PLACEMENT_3D ( 'NONE', #1631, #3138, #152 ) ;
#2841 = DIRECTION ( 'NONE',  ( 0.0000000000000000000, 1.000000000000000000, -0.0000000000000000000 ) ) ;
#2842 = AXIS2_PLACEMENT_3D ( 'NONE', #1497, #1253, #1022 ) ;
#2843 = EDGE_LOOP ( 'NONE', ( #1726, #310, #766, #2963 ) ) ;
#2844 = FACE_BOUND ( 'NONE', #723, .T. ) ;
#2845 = ORIENTED_EDGE ( 'NONE', *, *, #2217, .F. ) ;
#2846 = CARTESIAN_POINT ( 'NONE',  ( 0.01999999999999996200, 0.01500000000000026700, 0.5074999999999999500 ) ) ;
#2847 = EDGE_CURVE ( 'NONE', #63, #2829, #1338, .T. ) ;
#2848 = CARTESIAN_POINT ( 'NONE',  ( -0.02000000000000002500, 0.01500000000000026700, 0.05750000000000000200 ) ) ;
#2849 = ORIENTED_EDGE ( 'NONE', *, *, #302, .T. ) ;
#2850 = DIRECTION ( 'NONE',  ( 0.0000000000000000000, -1.000000000000000000, 0.0000000000000000000 ) ) ;
#2851 = ADVANCED_FACE ( 'NONE', ( #97 ), #1208, .F. ) ;
#2852 = CIRCLE ( 'NONE', #150, 0.02500000000000002200 ) ;
#2853 = VERTEX_POINT ( 'NONE', #222 ) ;
#2854 = DIRECTION ( 'NONE',  ( 0.2505628070857294800, 0.2505628070857297600, -0.9351131265310304000 ) ) ;
#2855 = LINE ( 'NONE', #1226, #39 ) ;
#2856 = ORIENTED_EDGE ( 'NONE', *, *, #2222, .F. ) ;
#2857 = CARTESIAN_POINT ( 'NONE',  ( 0.1049999999999999500, 0.2350000000000002900, 0.4874999999999999900 ) ) ;
#2858 = EDGE_CURVE ( 'NONE', #712, #168, #3163, .T. ) ;
#2859 = LINE ( 'NONE', #399, #1133 ) ;
#2860 = VERTEX_POINT ( 'NONE', #3198 ) ;
#2861 = SURFACE_STYLE_USAGE ( .BOTH. , #673 ) ;
#2862 = LINE ( 'NONE', #3076, #376 ) ;
#2863 =( GEOMETRIC_REPRESENTATION_CONTEXT ( 3 ) GLOBAL_UNCERTAINTY_ASSIGNED_CONTEXT ( ( #179 ) ) GLOBAL_UNIT_ASSIGNED_CONTEXT ( ( #140, #924, #2903 ) ) REPRESENTATION_CONTEXT ( 'NONE', 'WORKASPACE' ) );
#2864 = VERTEX_POINT ( 'NONE', #2941 ) ;
#2865 = PLANE ( 'NONE',  #856 ) ;
#2866 = CARTESIAN_POINT ( 'NONE',  ( 0.03749999999999997800, 0.1270000000000002800, 0.3975000000000000200 ) ) ;
#2867 = VERTEX_POINT ( 'NONE', #1953 ) ;
#2868 = EDGE_CURVE ( 'NONE', #609, #2974, #1846, .T. ) ;
#2869 = AXIS2_PLACEMENT_3D ( 'NONE', #1601, #3078, #1822 ) ;
#2870 = ADVANCED_FACE ( 'NONE', ( #434 ), #1716, .T. ) ;
#2871 = DIRECTION ( 'NONE',  ( 1.000000000000000000, 0.0000000000000000000, 0.0000000000000000000 ) ) ;
#2872 = CARTESIAN_POINT ( 'NONE',  ( -3.414809992080329000E-017, 0.07500000000000027500, 0.05750000000000000200 ) ) ;
#2873 = ORIENTED_EDGE ( 'NONE', *, *, #349, .F. ) ;
#2874 = ORIENTED_EDGE ( 'NONE', *, *, #1301, .F. ) ;
#2875 = LINE ( 'NONE', #2221, #2033 ) ;
#2876 = DIRECTION ( 'NONE',  ( -0.0000000000000000000, 1.000000000000000000, 0.0000000000000000000 ) ) ;
#2877 = ORIENTED_EDGE ( 'NONE', *, *, #1904, .T. ) ;
#2878 = CARTESIAN_POINT ( 'NONE',  ( 0.04151923788646681000, -0.1299999999999997000, 0.008480762113533131900 ) ) ;
#2879 = DIRECTION ( 'NONE',  ( -0.0000000000000000000, 1.000000000000000000, 0.0000000000000000000 ) ) ;
#2880 = CARTESIAN_POINT ( 'NONE',  ( -0.03750000000000003300, 0.1020000000000002700, 0.3975000000000000200 ) ) ;
#2881 = ADVANCED_FACE ( 'NONE', ( #916 ), #277, .T. ) ;
#2882 = ORIENTED_EDGE ( 'NONE', *, *, #635, .T. ) ;
#2883 = LINE ( 'NONE', #286, #1232 ) ;
#2884 = AXIS2_PLACEMENT_3D ( 'NONE', #2070, #350, #2580 ) ;
#2885 = CARTESIAN_POINT ( 'NONE',  ( -0.03750000000000003300, 0.1270000000000002800, 0.3824999999999999000 ) ) ;
#2886 = ORIENTED_EDGE ( 'NONE', *, *, #1655, .T. ) ;
#2887 = LINE ( 'NONE', #1805, #2313 ) ;
#2888 = EDGE_LOOP ( 'NONE', ( #1294, #945, #142, #1409 ) ) ;
#2889 = EDGE_CURVE ( 'NONE', #2829, #658, #1449, .T. ) ;
#2890 = VECTOR ( 'NONE', #3158, 39.37007874015748100 ) ;
#2891 = ORIENTED_EDGE ( 'NONE', *, *, #2847, .T. ) ;
#2892 = CARTESIAN_POINT ( 'NONE',  ( -0.08000000000000252700, -2.219626494852214000E-015, 0.05750000000000000200 ) ) ;
#2893 = VECTOR ( 'NONE', #1366, 39.37007874015748100 ) ;
#2894 = ORIENTED_EDGE ( 'NONE', *, *, #2909, .T. ) ;
#2895 = CYLINDRICAL_SURFACE ( 'NONE', #2158, 0.05000000000000001000 ) ;
#2896 = ORIENTED_EDGE ( 'NONE', *, *, #3220, .T. ) ;
#2897 = AXIS2_PLACEMENT_3D ( 'NONE', #295, #2777, #2556 ) ;
#2898 = ADVANCED_FACE ( 'NONE', ( #3157 ), #2682, .F. ) ;
#2899 = CARTESIAN_POINT ( 'NONE',  ( -0.1050000000000000200, 0.2350000000000002900, 0.4574999999999999600 ) ) ;
#2900 = DIRECTION ( 'NONE',  ( -1.000000000000000000, 0.0000000000000000000, 0.0000000000000000000 ) ) ;
#2901 = LINE ( 'NONE', #198, #1605 ) ;
#2902 = ORIENTED_EDGE ( 'NONE', *, *, #1450, .T. ) ;
#2903 =( NAMED_UNIT ( * ) SI_UNIT ( $, .STERADIAN. ) SOLID_ANGLE_UNIT ( ) );
#2904 = DIRECTION ( 'NONE',  ( 0.0000000000000000000, -1.000000000000000000, -0.0000000000000000000 ) ) ;
#2905 = CARTESIAN_POINT ( 'NONE',  ( -0.1250000000000000300, 0.1450000000000002700, 0.007499999999999988400 ) ) ;
#2906 = DIRECTION ( 'NONE',  ( 0.0000000000000000000, -1.000000000000000000, 0.0000000000000000000 ) ) ;
#2907 = ORIENTED_EDGE ( 'NONE', *, *, #1564, .T. ) ;
#2908 = CARTESIAN_POINT ( 'NONE',  ( 0.06249999999999996500, 0.1020000000000003000, 0.03749999999999997800 ) ) ;
#2909 = EDGE_CURVE ( 'NONE', #509, #3022, #2071, .T. ) ;
#2910 = DIRECTION ( 'NONE',  ( 0.0000000000000000000, -1.000000000000000000, 0.0000000000000000000 ) ) ;
#2911 = DIRECTION ( 'NONE',  ( -1.000000000000000000, -0.0000000000000000000, -0.0000000000000000000 ) ) ;
#2912 = CARTESIAN_POINT ( 'NONE',  ( -0.02000000000000003500, 0.1150000000000002800, 0.5074999999999999500 ) ) ;
#2913 = DIRECTION ( 'NONE',  ( 1.000000000000000000, 0.0000000000000000000, 0.0000000000000000000 ) ) ;
#2914 = ADVANCED_FACE ( 'NONE', ( #2229 ), #991, .F. ) ;
#2915 = LINE ( 'NONE', #2990, #2269 ) ;
#2916 = DIRECTION ( 'NONE',  ( 0.0000000000000000000, 0.0000000000000000000, 1.000000000000000000 ) ) ;
#2917 = ORIENTED_EDGE ( 'NONE', *, *, #2606, .T. ) ;
#2918 = CIRCLE ( 'NONE', #1233, 0.02500000000000002200 ) ;
#2919 = ORIENTED_EDGE ( 'NONE', *, *, #2652, .F. ) ;
#2920 = DIRECTION ( 'NONE',  ( 0.2505628070857287000, -0.9351131265310309600, 0.2505628070857287000 ) ) ;
#2921 = DIRECTION ( 'NONE',  ( -0.0000000000000000000, 0.0000000000000000000, 1.000000000000000000 ) ) ;
#2922 = ORIENTED_EDGE ( 'NONE', *, *, #716, .T. ) ;
#2923 =( NAMED_UNIT ( * ) PLANE_ANGLE_UNIT ( ) SI_UNIT ( $, .RADIAN. ) );
#2924 = DIRECTION ( 'NONE',  ( 1.000000000000000000, 0.0000000000000000000, 0.0000000000000000000 ) ) ;
#2925 = DIRECTION ( 'NONE',  ( 0.0000000000000000000, 0.0000000000000000000, 1.000000000000000000 ) ) ;
#2926 = VECTOR ( 'NONE', #1567, 39.37007874015748100 ) ;
#2927 = ORIENTED_EDGE ( 'NONE', *, *, #2796, .F. ) ;
#2928 = EDGE_CURVE ( 'NONE', #1566, #1685, #243, .T. ) ;
#2929 = DIRECTION ( 'NONE',  ( -1.000000000000000000, -0.0000000000000000000, 0.0000000000000000000 ) ) ;
#2930 = VECTOR ( 'NONE', #1123, 39.37007874015748900 ) ;
#2931 = ORIENTED_EDGE ( 'NONE', *, *, #244, .F. ) ;
#2932 = ADVANCED_FACE ( 'NONE', ( #870 ), #2405, .T. ) ;
#2933 = DIRECTION ( 'NONE',  ( -0.0000000000000000000, -1.000000000000000000, 0.0000000000000000000 ) ) ;
#2934 = VECTOR ( 'NONE', #545, 39.37007874015748100 ) ;
#2935 = DIRECTION ( 'NONE',  ( -0.5773502691896259500, -0.5773502691896259500, 0.5773502691896255100 ) ) ;
#2936 = ORIENTED_EDGE ( 'NONE', *, *, #1680, .T. ) ;
#2937 = CARTESIAN_POINT ( 'NONE',  ( -3.414809992080329000E-017, 0.01500000000000026700, 0.5074999999999999500 ) ) ;
#2938 = VECTOR ( 'NONE', #176, 39.37007874015748100 ) ;
#2939 = DIRECTION ( 'NONE',  ( 1.000000000000000000, 0.0000000000000000000, -0.0000000000000000000 ) ) ;
#2940 = VERTEX_POINT ( 'NONE', #1429 ) ;
#2941 = CARTESIAN_POINT ( 'NONE',  ( -0.02000000000000003500, 0.06500000000000026600, 0.1575000000000000300 ) ) ;
#2942 = EDGE_CURVE ( 'NONE', #107, #2189, #2800, .T. ) ;
#2943 = FACE_OUTER_BOUND ( 'NONE', #1723, .T. ) ;
#2944 = PLANE ( 'NONE',  #2119 ) ;
#2945 = VERTEX_POINT ( 'NONE', #721 ) ;
#2946 = AXIS2_PLACEMENT_3D ( 'NONE', #1024, #3014, #2265 ) ;
#2947 = ORIENTED_EDGE ( 'NONE', *, *, #1539, .F. ) ;
#2948 = CARTESIAN_POINT ( 'NONE',  ( -0.1450000000000000200, 0.01500000000000026700, 0.05750000000000000200 ) ) ;
#2949 = CARTESIAN_POINT ( 'NONE',  ( 0.1249999999999999600, 0.1150000000000002800, 0.007499999999999988400 ) ) ;
#2950 = ORIENTED_EDGE ( 'NONE', *, *, #2928, .T. ) ;
#2951 = DIRECTION ( 'NONE',  ( -1.000000000000000000, 0.0000000000000000000, 0.0000000000000000000 ) ) ;
#2952 = EDGE_CURVE ( 'NONE', #1984, #677, #2875, .T. ) ;
#2953 = CARTESIAN_POINT ( 'NONE',  ( -0.09500000000001003500, 0.01500000000000026700, 0.05750000000000000200 ) ) ;
#2954 = AXIS2_PLACEMENT_3D ( 'NONE', #3105, #1109, #861 ) ;
#2955 = CARTESIAN_POINT ( 'NONE',  ( 0.06249999999999997900, 0.07700000000000027700, 0.03750000000000001200 ) ) ;
#2956 = EDGE_CURVE ( 'NONE', #1632, #322, #831, .T. ) ;
#2957 = DIRECTION ( 'NONE',  ( 0.0000000000000000000, -1.000000000000000000, 0.0000000000000000000 ) ) ;
#2958 = EDGE_LOOP ( 'NONE', ( #3125, #2359, #413, #2931 ) ) ;
#2959 = EDGE_LOOP ( 'NONE', ( #1150, #1643, #1, #1076 ) ) ;
#2960 = LINE ( 'NONE', #1042, #2410 ) ;
#2961 = CARTESIAN_POINT ( 'NONE',  ( 0.1049999999999999500, 0.1150000000000002800, 0.1575000000000000000 ) ) ;
#2962 = DIRECTION ( 'NONE',  ( 0.0000000000000000000, 0.0000000000000000000, -1.000000000000000000 ) ) ;
#2963 = ORIENTED_EDGE ( 'NONE', *, *, #130, .F. ) ;
#2964 = EDGE_LOOP ( 'NONE', ( #134, #637, #3202, #1190 ) ) ;
#2965 = LINE ( 'NONE', #999, #1229 ) ;
#2966 = DIRECTION ( 'NONE',  ( 0.0000000000000000000, -1.000000000000000000, 0.0000000000000000000 ) ) ;
#2967 = ORIENTED_EDGE ( 'NONE', *, *, #671, .T. ) ;
#2968 = VECTOR ( 'NONE', #3074, 39.37007874015748100 ) ;
#2969 = DIRECTION ( 'NONE',  ( -1.000000000000000000, 0.0000000000000000000, -0.0000000000000000000 ) ) ;
#2970 = ORIENTED_EDGE ( 'NONE', *, *, #1838, .F. ) ;
#2971 = CARTESIAN_POINT ( 'NONE',  ( -0.03750000000000002600, 0.1450000000000002700, 0.007499999999999953800 ) ) ;
#2972 = LINE ( 'NONE', #1506, #1893 ) ;
#2973 = CARTESIAN_POINT ( 'NONE',  ( 0.1049999999999999500, 0.06500000000000025200, 0.4874999999999999900 ) ) ;
#2974 = VERTEX_POINT ( 'NONE', #2732 ) ;
#2975 = CARTESIAN_POINT ( 'NONE',  ( -0.06250000000000002800, 0.07700000000000027700, -0.01250000000000000200 ) ) ;
#2976 = CARTESIAN_POINT ( 'NONE',  ( 0.06249999999999997900, 0.07700000000000026300, -0.01250000000000000200 ) ) ;
#2977 = VECTOR ( 'NONE', #2832, 39.37007874015748100 ) ;
#2978 = ORIENTED_EDGE ( 'NONE', *, *, #2554, .T. ) ;
#2979 = EDGE_CURVE ( 'NONE', #2088, #1125, #1406, .T. ) ;
#2980 = DIRECTION ( 'NONE',  ( 0.0000000000000000000, 1.000000000000000000, 0.0000000000000000000 ) ) ;
#2981 = LINE ( 'NONE', #18, #1599 ) ;
#2982 = ORIENTED_EDGE ( 'NONE', *, *, #1702, .F. ) ;
#2983 = CARTESIAN_POINT ( 'NONE',  ( 0.08999999999999996900, 0.2350000000000002900, 0.3825000000000000100 ) ) ;
#2984 = EDGE_CURVE ( 'NONE', #1777, #1187, #2638, .T. ) ;
#2985 = DIRECTION ( 'NONE',  ( -0.0000000000000000000, 1.000000000000000000, 0.0000000000000000000 ) ) ;
#2986 = VECTOR ( 'NONE', #994, 39.37007874015748900 ) ;
#2987 = ORIENTED_EDGE ( 'NONE', *, *, #2258, .T. ) ;
#2988 = DIRECTION ( 'NONE',  ( 0.0000000000000000000, -0.0000000000000000000, -1.000000000000000000 ) ) ;
#2989 = LINE ( 'NONE', #539, #535 ) ;
#2990 = CARTESIAN_POINT ( 'NONE',  ( -0.03750000000000003300, -0.1299999999999997000, 0.01249999999999996900 ) ) ;
#2991 = EDGE_LOOP ( 'NONE', ( #2243, #475, #969, #2615 ) ) ;
#2992 = EDGE_CURVE ( 'NONE', #2377, #1452, #2303, .T. ) ;
#2993 = PLANE ( 'NONE',  #1135 ) ;
#2994 = VERTEX_POINT ( 'NONE', #1487 ) ;
#2995 = DIRECTION ( 'NONE',  ( 0.0000000000000000000, -0.0000000000000000000, 1.000000000000000000 ) ) ;
#2996 = AXIS2_PLACEMENT_3D ( 'NONE', #2254, #1547, #761 ) ;
#2997 = DIRECTION ( 'NONE',  ( 0.0000000000000000000, 0.0000000000000000000, -1.000000000000000000 ) ) ;
#2998 = PLANE ( 'NONE',  #2694 ) ;
#2999 = CARTESIAN_POINT ( 'NONE',  ( -0.05000000000000003700, 0.2750000000000003000, 0.4174999999999999800 ) ) ;
#3000 = EDGE_CURVE ( 'NONE', #63, #1925, #2960, .T. ) ;
#3001 = PLANE ( 'NONE',  #1292 ) ;
#3002 = LINE ( 'NONE', #2848, #2141 ) ;
#3003 = CARTESIAN_POINT ( 'NONE',  ( 0.04999999999999998200, 0.2750000000000003000, 0.3825000000000000100 ) ) ;
#3004 = FACE_OUTER_BOUND ( 'NONE', #800, .T. ) ;
#3005 = VECTOR ( 'NONE', #439, 39.37007874015748100 ) ;
#3006 = ORIENTED_EDGE ( 'NONE', *, *, #946, .T. ) ;
#3007 = PLANE ( 'NONE',  #290 ) ;
#3008 = PLANE ( 'NONE',  #351 ) ;
#3009 = CYLINDRICAL_SURFACE ( 'NONE', #2508, 0.02500000000000002200 ) ;
#3010 = VERTEX_POINT ( 'NONE', #23 ) ;
#3011 = DIRECTION ( 'NONE',  ( -0.0000000000000000000, 0.0000000000000000000, 1.000000000000000000 ) ) ;
#3012 = LINE ( 'NONE', #944, #1370 ) ;
#3013 = DIRECTION ( 'NONE',  ( 0.0000000000000000000, 1.000000000000000000, -0.0000000000000000000 ) ) ;
#3014 = DIRECTION ( 'NONE',  ( 0.0000000000000000000, -1.000000000000000000, 0.0000000000000000000 ) ) ;
#3015 = SURFACE_STYLE_USAGE ( .BOTH. , #263 ) ;
#3016 = AXIS2_PLACEMENT_3D ( 'NONE', #3212, #2211, #1703 ) ;
#3017 = VECTOR ( 'NONE', #1212, 39.37007874015748100 ) ;
#3018 = EDGE_CURVE ( 'NONE', #1685, #2261, #203, .T. ) ;
#3019 = EDGE_LOOP ( 'NONE', ( #2967, #555, #1151, #2608, #2733, #547, #194, #2494 ) ) ;
#3020 = CARTESIAN_POINT ( 'NONE',  ( -0.03750000000000003300, 0.1270000000000002800, 0.3975000000000000200 ) ) ;
#3021 = LINE ( 'NONE', #3097, #2890 ) ;
#3022 = VERTEX_POINT ( 'NONE', #242 ) ;
#3023 = AXIS2_PLACEMENT_3D ( 'NONE', #2103, #921, #1132 ) ;
#3024 = CARTESIAN_POINT ( 'NONE',  ( -0.03750000000000003300, -0.1149999999999995200, 0.01249999999999996900 ) ) ;
#3025 = VECTOR ( 'NONE', #3013, 39.37007874015748100 ) ;
#3026 = DIRECTION ( 'NONE',  ( 0.0000000000000000000, 0.0000000000000000000, 1.000000000000000000 ) ) ;
#3027 = ORIENTED_EDGE ( 'NONE', *, *, #76, .T. ) ;
#3028 = CARTESIAN_POINT ( 'NONE',  ( -0.1450000000000000200, 0.2750000000000003000, 0.05750000000000000200 ) ) ;
#3029 = EDGE_CURVE ( 'NONE', #266, #581, #2915, .T. ) ;
#3030 = FACE_OUTER_BOUND ( 'NONE', #3019, .T. ) ;
#3031 = ORIENTED_EDGE ( 'NONE', *, *, #2222, .T. ) ;
#3032 = VECTOR ( 'NONE', #60, 39.37007874015748100 ) ;
#3033 = ORIENTED_EDGE ( 'NONE', *, *, #1537, .F. ) ;
#3034 = CARTESIAN_POINT ( 'NONE',  ( -0.03750000000000003300, 0.1229807621135334400, 0.3975000000000000200 ) ) ;
#3035 = ORIENTED_EDGE ( 'NONE', *, *, #2311, .F. ) ;
#3036 = DIRECTION ( 'NONE',  ( 0.7071067811865474600, 0.7071067811865474600, 0.0000000000000000000 ) ) ;
#3037 = DIRECTION ( 'NONE',  ( -0.0000000000000000000, 0.0000000000000000000, 1.000000000000000000 ) ) ;
#3038 = ORIENTED_EDGE ( 'NONE', *, *, #2992, .F. ) ;
#3039 = EDGE_CURVE ( 'NONE', #1699, #454, #669, .T. ) ;
#3040 = DIRECTION ( 'NONE',  ( 0.0000000000000000000, -1.000000000000000000, -0.0000000000000000000 ) ) ;
#3041 = PLANE ( 'NONE',  #3207 ) ;
#3042 = ADVANCED_FACE ( 'NONE', ( #21 ), #2256, .F. ) ;
#3043 = EDGE_CURVE ( 'NONE', #1606, #3075, #1696, .T. ) ;
#3044 = AXIS2_PLACEMENT_3D ( 'NONE', #1041, #1527, #61 ) ;
#3045 = ORIENTED_EDGE ( 'NONE', *, *, #3039, .T. ) ;
#3046 = EDGE_LOOP ( 'NONE', ( #1627, #2463, #1859, #630 ) ) ;
#3047 = VECTOR ( 'NONE', #2106, 39.37007874015748100 ) ;
#3048 = ORIENTED_EDGE ( 'NONE', *, *, #1835, .T. ) ;
#3049 = LINE ( 'NONE', #2713, #2458 ) ;
#3050 = DIRECTION ( 'NONE',  ( 1.000000000000000000, 0.0000000000000000000, 0.0000000000000000000 ) ) ;
#3051 = EDGE_LOOP ( 'NONE', ( #560, #2127, #869, #146, #2335 ) ) ;
#3052 = FACE_OUTER_BOUND ( 'NONE', #306, .T. ) ;
#3053 = ORIENTED_EDGE ( 'NONE', *, *, #998, .T. ) ;
#3054 = CARTESIAN_POINT ( 'NONE',  ( -0.05000000000000003700, 0.1650000000000002900, 0.3625000000000000400 ) ) ;
#3055 = CARTESIAN_POINT ( 'NONE',  ( 0.03749999999999996400, 0.1270000000000002800, 0.1575000000000000000 ) ) ;
#3056 = FACE_OUTER_BOUND ( 'NONE', #1473, .T. ) ;
#3057 = ORIENTED_EDGE ( 'NONE', *, *, #2796, .T. ) ;
#3058 = CARTESIAN_POINT ( 'NONE',  ( -3.414809992080329000E-017, 0.01500000000000026700, 0.5074999999999999500 ) ) ;
#3059 = DIRECTION ( 'NONE',  ( -0.0000000000000000000, 0.0000000000000000000, 1.000000000000000000 ) ) ;
#3060 = ADVANCED_FACE ( 'NONE', ( #1113 ), #2744, .F. ) ;
#3061 = VECTOR ( 'NONE', #763, 39.37007874015748100 ) ;
#3062 = ORIENTED_EDGE ( 'NONE', *, *, #627, .F. ) ;
#3063 = DIRECTION ( 'NONE',  ( 0.9659258262890688700, 0.0000000000000000000, -0.2588190451025187400 ) ) ;
#3064 = LINE ( 'NONE', #1351, #1021 ) ;
#3065 = ORIENTED_EDGE ( 'NONE', *, *, #2632, .T. ) ;
#3066 = AXIS2_PLACEMENT_3D ( 'NONE', #1005, #246, #1220 ) ;
#3067 = CARTESIAN_POINT ( 'NONE',  ( 0.03749999999999997800, 0.07700000000000027700, -0.01250000000000000200 ) ) ;
#3068 = VECTOR ( 'NONE', #1523, 39.37007874015748100 ) ;
#3069 = ORIENTED_EDGE ( 'NONE', *, *, #1200, .F. ) ;
#3070 = EDGE_CURVE ( 'NONE', #2864, #3165, #355, .T. ) ;
#3071 = VECTOR ( 'NONE', #2309, 39.37007874015748100 ) ;
#3072 = VERTEX_POINT ( 'NONE', #2231 ) ;
#3073 = DIRECTION ( 'NONE',  ( 0.7071067811865475700, -0.7071067811865475700, 0.0000000000000000000 ) ) ;
#3074 = DIRECTION ( 'NONE',  ( -0.0000000000000000000, -1.000000000000000000, 0.0000000000000000000 ) ) ;
#3075 = VERTEX_POINT ( 'NONE', #2721 ) ;
#3076 = CARTESIAN_POINT ( 'NONE',  ( -0.03750000000000003300, 0.1020000000000003000, 0.03749999999999997800 ) ) ;
#3077 = ADVANCED_FACE ( 'NONE', ( #1185 ), #3001, .T. ) ;
#3078 = DIRECTION ( 'NONE',  ( 0.9659258262890689800, 0.0000000000000000000, 0.2588190451025184600 ) ) ;
#3079 = AXIS2_PLACEMENT_3D ( 'NONE', #2392, #2600, #622 ) ;
#3080 = CARTESIAN_POINT ( 'NONE',  ( -3.414809992080329000E-017, 0.1150000000000002800, -0.02749999999999997900 ) ) ;
#3081 = DIRECTION ( 'NONE',  ( 0.0000000000000000000, 0.0000000000000000000, 1.000000000000000000 ) ) ;
#3082 = LINE ( 'NONE', #3175, #2104 ) ;
#3083 = VECTOR ( 'NONE', #2059, 39.37007874015748100 ) ;
#3084 = EDGE_LOOP ( 'NONE', ( #2886, #2436, #48, #2593 ) ) ;
#3085 = CARTESIAN_POINT ( 'NONE',  ( -0.03750000000000003300, -0.1299999999999997000, 0.008480762113533131900 ) ) ;
#3086 = CIRCLE ( 'NONE', #551, 0.02500000000000004000 ) ;
#3087 =( CONVERSION_BASED_UNIT ( 'INCH', #1935 ) LENGTH_UNIT ( ) NAMED_UNIT ( #1404 ) );
#3088 = EDGE_CURVE ( 'NONE', #1600, #658, #959, .T. ) ;
#3089 = ORIENTED_EDGE ( 'NONE', *, *, #3106, .T. ) ;
#3090 = VECTOR ( 'NONE', #3155, 39.37007874015748100 ) ;
#3091 = DIRECTION ( 'NONE',  ( 1.000000000000000000, 0.0000000000000000000, 0.0000000000000000000 ) ) ;
#3092 = ADVANCED_FACE ( 'NONE', ( #2492 ), #2711, .T. ) ;
#3093 = EDGE_LOOP ( 'NONE', ( #74, #2077, #655, #727 ) ) ;
#3094 = VECTOR ( 'NONE', #257, 39.37007874015748100 ) ;
#3095 = ORIENTED_EDGE ( 'NONE', *, *, #2706, .F. ) ;
#3096 = SURFACE_STYLE_FILL_AREA ( #1093 ) ;
#3097 = CARTESIAN_POINT ( 'NONE',  ( 0.1449999999999999600, 0.2750000000000003000, 0.05750000000000000200 ) ) ;
#3098 = VERTEX_POINT ( 'NONE', #2754 ) ;
#3099 = VECTOR ( 'NONE', #953, 39.37007874015748100 ) ;
#3100 = CARTESIAN_POINT ( 'NONE',  ( -0.1050000000000000200, 0.06500000000000026600, 0.5074999999999999500 ) ) ;
#3101 = CARTESIAN_POINT ( 'NONE',  ( 0.1449999999999999600, 0.2050000000000002700, 0.3825000000000000100 ) ) ;
#3102 = AXIS2_PLACEMENT_3D ( 'NONE', #1957, #1221, #1018 ) ;
#3103 = VECTOR ( 'NONE', #2985, 39.37007874015748100 ) ;
#3104 = ORIENTED_EDGE ( 'NONE', *, *, #1709, .F. ) ;
#3105 = CARTESIAN_POINT ( 'NONE',  ( -0.03750000000000003300, 0.1270000000000002800, 0.3975000000000000200 ) ) ;
#3106 = EDGE_CURVE ( 'NONE', #3022, #3098, #2187, .T. ) ;
#3107 = VECTOR ( 'NONE', #2242, 39.37007874015748100 ) ;
#3108 = ORIENTED_EDGE ( 'NONE', *, *, #620, .F. ) ;
#3109 = ADVANCED_FACE ( 'NONE', ( #2762 ), #1323, .F. ) ;
#3110 = DIRECTION ( 'NONE',  ( 0.0000000000000000000, 0.0000000000000000000, -1.000000000000000000 ) ) ;
#3111 = EDGE_LOOP ( 'NONE', ( #126, #2455, #1872, #3035, #2599, #2143 ) ) ;
#3112 = DIRECTION ( 'NONE',  ( -0.0000000000000000000, 0.0000000000000000000, 1.000000000000000000 ) ) ;
#3113 = CARTESIAN_POINT ( 'NONE',  ( 0.03749999999999997800, -0.1149999999999995200, 0.03750000000000001200 ) ) ;
#3114 = DIRECTION ( 'NONE',  ( 0.0000000000000000000, 0.0000000000000000000, 1.000000000000000000 ) ) ;
#3115 = ORIENTED_EDGE ( 'NONE', *, *, #600, .T. ) ;
#3116 = LINE ( 'NONE', #2448, #1837 ) ;
#3117 = EDGE_CURVE ( 'NONE', #54, #963, #748, .T. ) ;
#3118 = DIRECTION ( 'NONE',  ( 0.0000000000000000000, 1.000000000000000000, 0.0000000000000000000 ) ) ;
#3119 = ORIENTED_EDGE ( 'NONE', *, *, #1732, .F. ) ;
#3120 = DIRECTION ( 'NONE',  ( 0.0000000000000000000, 0.0000000000000000000, -1.000000000000000000 ) ) ;
#3121 = ADVANCED_FACE ( 'NONE', ( #786 ), #783, .T. ) ;
#3122 = VERTEX_POINT ( 'NONE', #1579 ) ;
#3123 = FACE_OUTER_BOUND ( 'NONE', #311, .T. ) ;
#3124 = EDGE_CURVE ( 'NONE', #2081, #1594, #2144, .T. ) ;
#3125 = ORIENTED_EDGE ( 'NONE', *, *, #2942, .T. ) ;
#3126 = ORIENTED_EDGE ( 'NONE', *, *, #3220, .F. ) ;
#3127 = DIRECTION ( 'NONE',  ( -1.000000000000000000, 0.0000000000000000000, 0.0000000000000000000 ) ) ;
#3128 = EDGE_CURVE ( 'NONE', #2098, #2853, #2835, .T. ) ;
#3129 = VECTOR ( 'NONE', #1363, 39.37007874015748100 ) ;
#3130 = ORIENTED_EDGE ( 'NONE', *, *, #583, .T. ) ;
#3131 = DIRECTION ( 'NONE',  ( 0.0000000000000000000, 5.928489569583903000E-018, -1.000000000000000000 ) ) ;
#3132 = DIRECTION ( 'NONE',  ( 1.000000000000000000, -0.0000000000000000000, -0.0000000000000000000 ) ) ;
#3133 = LINE ( 'NONE', #2467, #1196 ) ;
#3134 = VERTEX_POINT ( 'NONE', #3055 ) ;
#3135 = DIRECTION ( 'NONE',  ( 0.0000000000000000000, 0.0000000000000000000, -1.000000000000000000 ) ) ;
#3136 = ORIENTED_EDGE ( 'NONE', *, *, #1575, .T. ) ;
#3137 = ADVANCED_FACE ( 'NONE', ( #1735 ), #532, .F. ) ;
#3138 = DIRECTION ( 'NONE',  ( -0.0000000000000000000, -0.9659258262890688700, -0.2588190451025187400 ) ) ;
#3139 = LINE ( 'NONE', #144, #2090 ) ;
#3140 = DIRECTION ( 'NONE',  ( -1.000000000000000000, 0.0000000000000000000, -0.0000000000000000000 ) ) ;
#3141 = ORIENTED_EDGE ( 'NONE', *, *, #2630, .F. ) ;
#3142 = FACE_OUTER_BOUND ( 'NONE', #1774, .T. ) ;
#3143 = CARTESIAN_POINT ( 'NONE',  ( -0.06250000000000002800, 0.1270000000000002800, 0.03750000000000001200 ) ) ;
#3144 = EDGE_LOOP ( 'NONE', ( #1247, #1808, #1844, #2755 ) ) ;
#3145 = EDGE_CURVE ( 'NONE', #300, #2484, #1541, .T. ) ;
#3146 = CARTESIAN_POINT ( 'NONE',  ( -0.1050000000000000200, 0.2350000000000002900, 0.4874999999999999900 ) ) ;
#3147 = DIRECTION ( 'NONE',  ( 0.0000000000000000000, -8.892734354375857300E-017, 1.000000000000000000 ) ) ;
#3148 = ORIENTED_EDGE ( 'NONE', *, *, #1835, .F. ) ;
#3149 = EDGE_CURVE ( 'NONE', #2497, #1996, #1841, .T. ) ;
#3150 = ORIENTED_EDGE ( 'NONE', *, *, #1619, .F. ) ;
#3151 = PLANE ( 'NONE',  #1463 ) ;
#3152 = DIRECTION ( 'NONE',  ( 0.0000000000000000000, 0.0000000000000000000, 1.000000000000000000 ) ) ;
#3153 = DIRECTION ( 'NONE',  ( 0.0000000000000000000, -1.000000000000000000, -5.928489569583903000E-018 ) ) ;
#3154 = CARTESIAN_POINT ( 'NONE',  ( 0.06249999999999996500, 0.07700000000000027700, 0.03750000000000001200 ) ) ;
#3155 = DIRECTION ( 'NONE',  ( -1.000000000000000000, 0.0000000000000000000, 0.0000000000000000000 ) ) ;
#3156 = LINE ( 'NONE', #2459, #2491 ) ;
#3157 = FACE_OUTER_BOUND ( 'NONE', #1171, .T. ) ;
#3158 = DIRECTION ( 'NONE',  ( -0.0000000000000000000, -0.0000000000000000000, -1.000000000000000000 ) ) ;
#3159 = EDGE_LOOP ( 'NONE', ( #1004, #217, #2542, #280 ) ) ;
#3160 = VERTEX_POINT ( 'NONE', #309 ) ;
#3161 = AXIS2_PLACEMENT_3D ( 'NONE', #1020, #2761, #250 ) ;
#3162 = CARTESIAN_POINT ( 'NONE',  ( 0.1739999999999999300, 0.2050000000000002700, 0.3825000000000000100 ) ) ;
#3163 = LINE ( 'NONE', #2953, #1118 ) ;
#3164 = CARTESIAN_POINT ( 'NONE',  ( 0.03749999999999997800, 0.07700000000000027700, 0.3824999999999999000 ) ) ;
#3165 = VERTEX_POINT ( 'NONE', #326 ) ;
#3166 = LINE ( 'NONE', #2866, #2043 ) ;
#3167 = EDGE_CURVE ( 'NONE', #189, #3122, #1995, .T. ) ;
#3168 = ORIENTED_EDGE ( 'NONE', *, *, #70, .F. ) ;
#3169 = ADVANCED_FACE ( 'NONE', ( #2676 ), #828, .T. ) ;
#3170 = LINE ( 'NONE', #1697, #929 ) ;
#3171 = CARTESIAN_POINT ( 'NONE',  ( 0.03749999999999996400, 0.07500000000000027500, 0.01249999999999996900 ) ) ;
#3172 = ORIENTED_EDGE ( 'NONE', *, *, #1258, .F. ) ;
#3173 = EDGE_CURVE ( 'NONE', #815, #1984, #1923, .T. ) ;
#3174 = VECTOR ( 'NONE', #826, 39.37007874015748100 ) ;
#3175 = CARTESIAN_POINT ( 'NONE',  ( 0.03749999999999996400, 0.1450000000000002700, 0.007499999999999988400 ) ) ;
#3176 = EDGE_LOOP ( 'NONE', ( #2207, #1207, #163, #2171, #918, #2708, #2151, #952 ) ) ;
#3177 = CARTESIAN_POINT ( 'NONE',  ( 0.04999999999999996800, 0.2750000000000003000, 0.4574999999999999600 ) ) ;
#3178 = DIRECTION ( 'NONE',  ( -0.0000000000000000000, -1.000000000000000000, -0.0000000000000000000 ) ) ;
#3179 = LINE ( 'NONE', #1743, #2656 ) ;
#3180 = EDGE_LOOP ( 'NONE', ( #2589, #178, #211, #1223 ) ) ;
#3181 = DIRECTION ( 'NONE',  ( -1.000000000000000000, 0.0000000000000000000, 0.0000000000000000000 ) ) ;
#3182 = FACE_OUTER_BOUND ( 'NONE', #1780, .T. ) ;
#3183 = ORIENTED_EDGE ( 'NONE', *, *, #3029, .T. ) ;
#3184 = CARTESIAN_POINT ( 'NONE',  ( 0.06249999999999997900, 0.07700000000000027700, -0.01250000000000000200 ) ) ;
#3185 = CARTESIAN_POINT ( 'NONE',  ( 0.06249999999999996500, 0.07500000000000027500, 0.007499999999999988400 ) ) ;
#3186 = VECTOR ( 'NONE', #494, 39.37007874015748900 ) ;
#3187 = VERTEX_POINT ( 'NONE', #2035 ) ;
#3188 = CARTESIAN_POINT ( 'NONE',  ( 0.06249999999999996500, 0.1020000000000003000, 0.03749999999999997800 ) ) ;
#3189 = EDGE_CURVE ( 'NONE', #1500, #2712, #585, .T. ) ;
#3190 = DIRECTION ( 'NONE',  ( -0.0000000000000000000, 1.000000000000000000, 0.0000000000000000000 ) ) ;
#3191 = ADVANCED_FACE ( 'NONE', ( #319 ), #2548, .F. ) ;
#3192 = ORIENTED_EDGE ( 'NONE', *, *, #2217, .T. ) ;
#3193 = CARTESIAN_POINT ( 'NONE',  ( 0.03749999999999996400, 0.1150000000000002800, 0.1575000000000000000 ) ) ;
#3194 = EDGE_CURVE ( 'NONE', #3165, #1088, #3002, .T. ) ;
#3195 = CARTESIAN_POINT ( 'NONE',  ( 0.04063908601473401000, 0.1238609139852662300, 0.3942152284963162900 ) ) ;
#3196 = DIRECTION ( 'NONE',  ( -1.000000000000000000, -0.0000000000000000000, 0.0000000000000000000 ) ) ;
#3197 = CARTESIAN_POINT ( 'NONE',  ( -0.1250000000000000300, 0.07500000000000027500, 0.05750000000000000200 ) ) ;
#3198 = CARTESIAN_POINT ( 'NONE',  ( 0.04151923788646681000, -0.1299999999999997000, -0.008480762113533166600 ) ) ;
#3199 = VECTOR ( 'NONE', #1689, 39.37007874015748100 ) ;
#3200 = CARTESIAN_POINT ( 'NONE',  ( 0.03749999999999996400, -0.1299999999999997000, 0.01249999999999996900 ) ) ;
#3201 = ORIENTED_EDGE ( 'NONE', *, *, #2546, .F. ) ;
#3202 = ORIENTED_EDGE ( 'NONE', *, *, #2258, .F. ) ;
#3203 = LINE ( 'NONE', #1679, #2415 ) ;
#3204 = EDGE_CURVE ( 'NONE', #186, #403, #2331, .T. ) ;
#3205 = VERTEX_POINT ( 'NONE', #1297 ) ;
#3206 = DIRECTION ( 'NONE',  ( 1.000000000000000000, 0.0000000000000000000, 0.0000000000000000000 ) ) ;
#3207 = AXIS2_PLACEMENT_3D ( 'NONE', #1589, #2086, #71 ) ;
#3208 = EDGE_LOOP ( 'NONE', ( #258, #2194, #2356, #287 ) ) ;
#3209 = DIRECTION ( 'NONE',  ( -1.000000000000000000, 0.0000000000000000000, 0.0000000000000000000 ) ) ;
#3210 = FACE_OUTER_BOUND ( 'NONE', #1235, .T. ) ;
#3211 = CARTESIAN_POINT ( 'NONE',  ( -0.05000000000000004400, 0.1850000000000002800, 0.3825000000000000100 ) ) ;
#3212 = CARTESIAN_POINT ( 'NONE',  ( 0.04999999999999996800, 0.1850000000000002800, 0.3825000000000000100 ) ) ;
#3213 = ORIENTED_EDGE ( 'NONE', *, *, #1817, .F. ) ;
#3214 = EDGE_CURVE ( 'NONE', #403, #410, #1403, .T. ) ;
#3215 = DIRECTION ( 'NONE',  ( 0.0000000000000000000, 1.000000000000000000, -0.0000000000000000000 ) ) ;
#3216 = AXIS2_PLACEMENT_3D ( 'NONE', #1652, #3127, #1864 ) ;
#3217 = LINE ( 'NONE', #2195, #1781 ) ;
#3218 = VERTEX_POINT ( 'NONE', #2296 ) ;
#3219 = DIRECTION ( 'NONE',  ( 1.000000000000000000, 0.0000000000000000000, -0.0000000000000000000 ) ) ;
#3220 = EDGE_CURVE ( 'NONE', #1100, #1799, #623, .T. ) ;
#3221 = VECTOR ( 'NONE', #2485, 39.37007874015748100 ) ;
#3222 = DIRECTION ( 'NONE',  ( 0.0000000000000000000, 0.7071067811865474600, 0.7071067811865474600 ) ) ;
ENDSEC;
END-ISO-10303-21;
