ISO-10303-21;
HEADER;
FILE_DESCRIPTION (( 'STEP AP214' ),
    '1' );
FILE_NAME ('705430003.STEP',
    '2024-03-15T08:13:23',
    ( 'LENOVO' ),
    ( '' ),
    'SwSTEP 2.0',
    'SolidWorks 2021',
    '' );
FILE_SCHEMA (( 'AUTOMOTIVE_DESIGN' ));
ENDSEC;

DATA;
#1 = CARTESIAN_POINT ( 'NONE',  ( -0.01249999999999999722, -0.1049999999999997324, -0.01250000000000000069 ) ) ;
#2 = VERTEX_POINT ( 'NONE', #1208 ) ;
#3 = VECTOR ( 'NONE', #2557, 39.37007874015748143 ) ;
#4 = VECTOR ( 'NONE', #238, 39.37007874015748143 ) ;
#5 = EDGE_CURVE ( 'NONE', #868, #1505, #878, .T. ) ;
#6 = DIRECTION ( 'NONE',  ( 0.000000000000000000, 1.000000000000000000, 0.000000000000000000 ) ) ;
#7 = ORIENTED_EDGE ( 'NONE', *, *, #2495, .F. ) ;
#8 = EDGE_CURVE ( 'NONE', #1641, #1825, #2588, .T. ) ;
#9 = AXIS2_PLACEMENT_3D ( 'NONE', #1883, #2258, #2489 ) ;
#10 = VECTOR ( 'NONE', #1766, 39.37007874015748143 ) ;
#11 = AXIS2_PLACEMENT_3D ( 'NONE', #2263, #2500, #2425 ) ;
#12 = APPLICATION_PROTOCOL_DEFINITION ( 'draft international standard', 'automotive_design', 1998, #2023 ) ;
#13 = ORIENTED_EDGE ( 'NONE', *, *, #1893, .T. ) ;
#14 = PLANE ( 'NONE',  #2445 ) ;
#15 = VECTOR ( 'NONE', #1949, 39.37007874015748143 ) ;
#16 = VECTOR ( 'NONE', #1470, 39.37007874015748143 ) ;
#17 = EDGE_CURVE ( 'NONE', #401, #1687, #1729, .T. ) ;
#18 = CARTESIAN_POINT ( 'NONE',  ( -0.01249999999999999722, 0.01500000000000000291, 0.01250000000000000069 ) ) ;
#19 = ORIENTED_EDGE ( 'NONE', *, *, #977, .T. ) ;
#20 = LENGTH_MEASURE_WITH_UNIT ( LENGTH_MEASURE( 0.02539999999999999897 ), #2059 );
#21 = FACE_OUTER_BOUND ( 'NONE', #1531, .T. ) ;
#22 = DIRECTION ( 'NONE',  ( -1.000000000000000000, 0.000000000000000000, 0.000000000000000000 ) ) ;
#23 = ORIENTED_EDGE ( 'NONE', *, *, #621, .T. ) ;
#24 = VECTOR ( 'NONE', #1723, 39.37007874015748143 ) ;
#25 = CARTESIAN_POINT ( 'NONE',  ( -0.2500000000000000000, 0.3150000000000000577, -0.1000000000000000056 ) ) ;
#26 = LINE ( 'NONE', #2226, #812 ) ;
#27 = CARTESIAN_POINT ( 'NONE',  ( -0.2500000000000000000, -0.5235164807134505827, -0.1000000000000000056 ) ) ;
#28 = DIRECTION ( 'NONE',  ( 0.000000000000000000, -0.000000000000000000, 1.000000000000000000 ) ) ;
#29 = ORIENTED_EDGE ( 'NONE', *, *, #105, .T. ) ;
#30 = FACE_OUTER_BOUND ( 'NONE', #38, .T. ) ;
#31 = CIRCLE ( 'NONE', #1281, 0.05300000000000000544 ) ;
#32 = DIRECTION ( 'NONE',  ( -0.000000000000000000, 0.000000000000000000, -1.000000000000000000 ) ) ;
#33 = LINE ( 'NONE', #1814, #1813 ) ;
#34 = AXIS2_PLACEMENT_3D ( 'NONE', #1009, #1944, #1541 ) ;
#35 = EDGE_LOOP ( 'NONE', ( #2408, #2381, #1210 ) ) ;
#36 = SHAPE_DEFINITION_REPRESENTATION ( #830, #1832 ) ;
#37 = VECTOR ( 'NONE', #1425, 39.37007874015748143 ) ;
#38 = EDGE_LOOP ( 'NONE', ( #1150, #355, #1555, #2551 ) ) ;
#39 =( GEOMETRIC_REPRESENTATION_CONTEXT ( 3 ) GLOBAL_UNCERTAINTY_ASSIGNED_CONTEXT ( ( #431 ) ) GLOBAL_UNIT_ASSIGNED_CONTEXT ( ( #644, #922, #256 ) ) REPRESENTATION_CONTEXT ( 'NONE', 'WORKASPACE' ) );
#40 = CARTESIAN_POINT ( 'NONE',  ( -0.01249999999999999722, 0.3299999999999997380, 0.01250000000000000069 ) ) ;
#41 = PRESENTATION_STYLE_ASSIGNMENT (( #888 ) ) ;
#42 = PLANE ( 'NONE',  #656 ) ;
#43 = DIRECTION ( 'NONE',  ( -0.000000000000000000, -0.000000000000000000, 1.000000000000000000 ) ) ;
#44 = ORIENTED_EDGE ( 'NONE', *, *, #1473, .T. ) ;
#45 = ADVANCED_FACE ( 'NONE', ( #763 ), #2199, .T. ) ;
#46 = VECTOR ( 'NONE', #1341, 39.37007874015748143 ) ;
#47 = DIRECTION ( 'NONE',  ( 0.000000000000000000, 0.000000000000000000, 1.000000000000000000 ) ) ;
#48 = COLOUR_RGB ( '',0.7921568627450980005, 0.8196078431372548767, 0.9333333333333333481 ) ;
#49 = DIRECTION ( 'NONE',  ( 1.000000000000000000, 0.000000000000000000, -0.000000000000000000 ) ) ;
#50 = VECTOR ( 'NONE', #1736, 39.37007874015748143 ) ;
#51 = EDGE_CURVE ( 'NONE', #409, #2218, #771, .T. ) ;
#52 = DIRECTION ( 'NONE',  ( 0.5773502691896263972, -0.5773502691896242878, -0.5773502691896266192 ) ) ;
#53 = EDGE_LOOP ( 'NONE', ( #1461, #285, #489, #1546 ) ) ;
#54 = DIRECTION ( 'NONE',  ( 1.000000000000000000, 0.000000000000000000, 0.000000000000000000 ) ) ;
#55 = CARTESIAN_POINT ( 'NONE',  ( -0.1499999999999999944, 0.3150000000000000022, -0.1000000000000000056 ) ) ;
#56 = VECTOR ( 'NONE', #558, 39.37007874015748143 ) ;
#57 = CARTESIAN_POINT ( 'NONE',  ( 0.05700000000000000205, 0.3519999999999999796, 0.1176972864800942681 ) ) ;
#58 = LINE ( 'NONE', #960, #1823 ) ;
#59 = LINE ( 'NONE', #1184, #56 ) ;
#60 = FACE_OUTER_BOUND ( 'NONE', #1290, .T. ) ;
#61 = DIRECTION ( 'NONE',  ( 0.5773502691896262862, -0.5773502691896243988, 0.5773502691896266192 ) ) ;
#62 =( NAMED_UNIT ( * ) SI_UNIT ( $, .STERADIAN. ) SOLID_ANGLE_UNIT ( ) );
#63 = ORIENTED_EDGE ( 'NONE', *, *, #2115, .T. ) ;
#64 = CARTESIAN_POINT ( 'NONE',  ( -0.2100000000000000200, 0.4449999999999999512, 0.05999999999999999778 ) ) ;
#65 = EDGE_CURVE ( 'NONE', #157, #1616, #2581, .T. ) ;
#66 = DIRECTION ( 'NONE',  ( -1.000000000000000000, 0.000000000000000000, 0.000000000000000000 ) ) ;
#67 = EDGE_CURVE ( 'NONE', #2075, #2532, #1627, .T. ) ;
#68 = CARTESIAN_POINT ( 'NONE',  ( -0.01249999999999999722, 0.3550000000000000377, 0.01250000000000000069 ) ) ;
#69 = CARTESIAN_POINT ( 'NONE',  ( -0.1974999999999999811, 1.128360462482470653E-17, -0.1000000000000000056 ) ) ;
#70 = DIRECTION ( 'NONE',  ( 0.000000000000000000, 0.7071067811865461294, 0.7071067811865489050 ) ) ;
#71 = DIRECTION ( 'NONE',  ( 0.000000000000000000, -0.000000000000000000, -1.000000000000000000 ) ) ;
#72 = ORIENTED_EDGE ( 'NONE', *, *, #2374, .F. ) ;
#73 = VECTOR ( 'NONE', #2353, 39.37007874015748143 ) ;
#74 = EDGE_CURVE ( 'NONE', #1163, #1596, #777, .T. ) ;
#75 = EDGE_LOOP ( 'NONE', ( #1892, #1294, #616, #1108 ) ) ;
#76 = CARTESIAN_POINT ( 'NONE',  ( -0.07499999999999999722, 0.1150000000000000050, 0.05999999999999999778 ) ) ;
#77 = FACE_OUTER_BOUND ( 'NONE', #315, .T. ) ;
#78 = ORIENTED_EDGE ( 'NONE', *, *, #356, .F. ) ;
#79 = ADVANCED_FACE ( 'NONE', ( #1703 ), #1173, .T. ) ;
#80 = VECTOR ( 'NONE', #902, 39.37007874015748143 ) ;
#81 = CARTESIAN_POINT ( 'NONE',  ( -0.2024999999999999856, 1.067128122525102820E-17, 0.1000000000000000056 ) ) ;
#82 = VECTOR ( 'NONE', #282, 39.37007874015748143 ) ;
#83 = CARTESIAN_POINT ( 'NONE',  ( -0.2500000000000000000, 0.01499999999999997689, 0.1000000000000000056 ) ) ;
#84 = DIRECTION ( 'NONE',  ( -1.000000000000000000, 0.000000000000000000, 0.000000000000000000 ) ) ;
#85 = LINE ( 'NONE', #1002, #1815 ) ;
#86 = CARTESIAN_POINT ( 'NONE',  ( 0.1999999999999999833, 0.4049999999999999711, -0.01414718625761433521 ) ) ;
#87 = PRODUCT_DEFINITION_CONTEXT ( 'detailed design', #593, 'design' ) ;
#88 = STYLED_ITEM ( 'NONE', ( #571 ), #979 ) ;
#89 = PRESENTATION_STYLE_ASSIGNMENT (( #1615 ) ) ;
#90 = VECTOR ( 'NONE', #694, 39.37007874015748143 ) ;
#91 = CARTESIAN_POINT ( 'NONE',  ( -0.1974999999999999811, 1.128360462482470499E-17, -0.1000000000000000056 ) ) ;
#92 = VECTOR ( 'NONE', #630, 39.37007874015748143 ) ;
#93 = ORIENTED_EDGE ( 'NONE', *, *, #2607, .F. ) ;
#94 = CARTESIAN_POINT ( 'NONE',  ( 0.1250000000000000000, 0.4649999999999999689, 0.1000000000000000056 ) ) ;
#95 = EDGE_CURVE ( 'NONE', #2005, #2315, #1698, .T. ) ;
#96 = VECTOR ( 'NONE', #2018, 39.37007874015748143 ) ;
#97 = CARTESIAN_POINT ( 'NONE',  ( -0.1824999999999999678, 0.01499999999999997689, 0.1000000000000000056 ) ) ;
#98 = PRODUCT_DEFINITION_FORMATION_WITH_SPECIFIED_SOURCE ( 'ANY', '', #204, .NOT_KNOWN. ) ;
#99 = EDGE_CURVE ( 'NONE', #646, #2063, #2517, .T. ) ;
#100 = STYLED_ITEM ( 'NONE', ( #2602 ), #124 ) ;
#101 = VERTEX_POINT ( 'NONE', #2451 ) ;
#102 = LINE ( 'NONE', #1745, #1849 ) ;
#103 = DIRECTION ( 'NONE',  ( 0.000000000000000000, -0.000000000000000000, -1.000000000000000000 ) ) ;
#104 = ADVANCED_FACE ( 'NONE', ( #1710 ), #2560, .F. ) ;
#105 = EDGE_CURVE ( 'NONE', #976, #1492, #1635, .T. ) ;
#106 = DIRECTION ( 'NONE',  ( 1.000000000000000000, 1.224646799147354440E-16, 0.000000000000000000 ) ) ;
#107 = LENGTH_MEASURE_WITH_UNIT ( LENGTH_MEASURE( 0.02539999999999999897 ), #925 );
#108 = CARTESIAN_POINT ( 'NONE',  ( 0.000000000000000000, -0.1300000000000000044, 0.004499999999999998793 ) ) ;
#109 = FACE_OUTER_BOUND ( 'NONE', #866, .T. ) ;
#110 = CARTESIAN_POINT ( 'NONE',  ( -0.01249999999999999722, 0.01500000000000000291, -0.01250000000000000069 ) ) ;
#111 = LINE ( 'NONE', #1622, #148 ) ;
#112 = DIRECTION ( 'NONE',  ( 0.000000000000000000, 0.000000000000000000, -1.000000000000000000 ) ) ;
#113 = CARTESIAN_POINT ( 'NONE',  ( 0.01250000000000000590, 0.3550000000000000377, 0.01250000000000000069 ) ) ;
#114 = DIRECTION ( 'NONE',  ( 0.4472135954999579277, 0.8944271909999158554, 0.000000000000000000 ) ) ;
#115 = PLANE ( 'NONE',  #1514 ) ;
#116 = FACE_OUTER_BOUND ( 'NONE', #1335, .T. ) ;
#117 = DIRECTION ( 'NONE',  ( 0.000000000000000000, 1.000000000000000000, 0.000000000000000000 ) ) ;
#118 =( LENGTH_UNIT ( ) NAMED_UNIT ( * ) SI_UNIT ( $, .METRE. ) );
#119 = EDGE_CURVE ( 'NONE', #716, #673, #860, .T. ) ;
#120 = DIRECTION ( 'NONE',  ( 0.7071067811865464625, -0.7071067811865485719, 0.000000000000000000 ) ) ;
#121 = ADVANCED_FACE ( 'NONE', ( #1655 ), #892, .F. ) ;
#122 = LINE ( 'NONE', #2169, #96 ) ;
#123 = DIRECTION ( 'NONE',  ( -0.000000000000000000, 1.000000000000000000, -0.000000000000000000 ) ) ;
#124 = ADVANCED_BREP_SHAPE_REPRESENTATION ( '', ( #2179, #853, #511 ), #227 ) ;
#125 = DIRECTION ( 'NONE',  ( -1.000000000000000000, 0.000000000000000000, 0.000000000000000000 ) ) ;
#126 = EDGE_CURVE ( 'NONE', #2208, #2012, #1664, .T. ) ;
#127 = PLANE ( 'NONE',  #2611 ) ;
#128 = PRODUCT_CONTEXT ( 'NONE', #1240, 'mechanical' ) ;
#129 = VECTOR ( 'NONE', #1289, 39.37007874015748143 ) ;
#130 = EDGE_CURVE ( 'NONE', #2508, #1175, #1667, .T. ) ;
#131 = PLANE ( 'NONE',  #1065 ) ;
#132 = DIRECTION ( 'NONE',  ( 0.000000000000000000, -0.000000000000000000, 1.000000000000000000 ) ) ;
#133 = CARTESIAN_POINT ( 'NONE',  ( 0.000000000000000000, 0.3550000000000000377, -0.004499999999999989252 ) ) ;
#134 = EDGE_CURVE ( 'NONE', #646, #1182, #896, .T. ) ;
#135 = FILL_AREA_STYLE ('',( #1119 ) ) ;
#136 = VECTOR ( 'NONE', #1374, 39.37007874015748143 ) ;
#137 = VECTOR ( 'NONE', #2286, 39.37007874015748143 ) ;
#138 =( NAMED_UNIT ( * ) SI_UNIT ( $, .STERADIAN. ) SOLID_ANGLE_UNIT ( ) );
#139 = PLANE ( 'NONE',  #417 ) ;
#140 = VECTOR ( 'NONE', #628, 39.37007874015748143 ) ;
#141 = CARTESIAN_POINT ( 'NONE',  ( -0.2100000000000000200, 0.1150000000000000050, 0.05999999999999999778 ) ) ;
#142 = DIRECTION ( 'NONE',  ( 0.2915362068315990873, -0.9110506463487559881, 0.2915362068315990873 ) ) ;
#143 = ADVANCED_FACE ( 'NONE', ( #1783 ), #2212, .F. ) ;
#144 = VECTOR ( 'NONE', #2223, 39.37007874015748143 ) ;
#145 = EDGE_LOOP ( 'NONE', ( #23, #539, #448, #1097 ) ) ;
#146 = PLANE ( 'NONE',  #2088 ) ;
#147 = LINE ( 'NONE', #504, #1099 ) ;
#148 = VECTOR ( 'NONE', #1874, 39.37007874015748143 ) ;
#149 = DIRECTION ( 'NONE',  ( 1.000000000000000000, 0.000000000000000000, 0.000000000000000000 ) ) ;
#150 = AXIS2_PLACEMENT_3D ( 'NONE', #1581, #1822, #550 ) ;
#151 = LINE ( 'NONE', #885, #90 ) ;
#152 = ORIENTED_EDGE ( 'NONE', *, *, #1762, .T. ) ;
#153 = UNCERTAINTY_MEASURE_WITH_UNIT (LENGTH_MEASURE( 1.000000000000000082E-05 ), #341, 'distance_accuracy_value', 'NONE');
#154 = PRODUCT_DEFINITION ( 'UNKNOWN', '', #1003, #781 ) ;
#155 = LINE ( 'NONE', #1811, #1080 ) ;
#156 = CARTESIAN_POINT ( 'NONE',  ( -0.2174999999999999989, 0.01499999999999997689, 0.1000000000000000056 ) ) ;
#157 = VERTEX_POINT ( 'NONE', #2420 ) ;
#158 = PRESENTATION_LAYER_ASSIGNMENT (  '', '', ( #189 ) ) ;
#159 = DIRECTION ( 'NONE',  ( 1.000000000000000000, 0.000000000000000000, 0.000000000000000000 ) ) ;
#160 = LINE ( 'NONE', #706, #136 ) ;
#161 = ADVANCED_FACE ( 'NONE', ( #901 ), #870, .F. ) ;
#162 = VECTOR ( 'NONE', #1081, 39.37007874015748143 ) ;
#163 = VERTEX_POINT ( 'NONE', #1659 ) ;
#164 = CARTESIAN_POINT ( 'NONE',  ( 0.01250000000000000590, -0.1049999999999997324, 0.01250000000000000069 ) ) ;
#165 = VECTOR ( 'NONE', #375, 39.37007874015748143 ) ;
#166 = LINE ( 'NONE', #2230, #1115 ) ;
#167 = ORIENTED_EDGE ( 'NONE', *, *, #617, .F. ) ;
#168 = LINE ( 'NONE', #2480, #1066 ) ;
#169 = ORIENTED_EDGE ( 'NONE', *, *, #1373, .T. ) ;
#170 = DIRECTION ( 'NONE',  ( -1.000000000000000000, 0.000000000000000000, 0.000000000000000000 ) ) ;
#171 = DIRECTION ( 'NONE',  ( -0.000000000000000000, 1.000000000000000000, -0.000000000000000000 ) ) ;
#172 = FACE_OUTER_BOUND ( 'NONE', #782, .T. ) ;
#173 = ORIENTED_EDGE ( 'NONE', *, *, #1274, .T. ) ;
#174 = CARTESIAN_POINT ( 'NONE',  ( -0.2500000000000000000, 0.01499999999999997689, 0.1000000000000000056 ) ) ;
#175 = VECTOR ( 'NONE', #170, 39.37007874015748143 ) ;
#176 = ORIENTED_EDGE ( 'NONE', *, *, #530, .T. ) ;
#177 = DIRECTION ( 'NONE',  ( 0.000000000000000000, 1.000000000000000000, 0.000000000000000000 ) ) ;
#178 = LINE ( 'NONE', #2207, #1905 ) ;
#179 = CARTESIAN_POINT ( 'NONE',  ( 0.1974999999999999811, 5.965715319114514816E-17, 0.1000000000000000056 ) ) ;
#180 = CARTESIAN_POINT ( 'NONE',  ( 0.004499999999999993588, 0.3550000000000000377, -0.004499999999999989252 ) ) ;
#181 = LINE ( 'NONE', #513, #1945 ) ;
#182 = ORIENTED_EDGE ( 'NONE', *, *, #275, .T. ) ;
#183 = CARTESIAN_POINT ( 'NONE',  ( -0.01249999999999999722, 0.3550000000000000377, 0.01250000000000000069 ) ) ;
#184 = CARTESIAN_POINT ( 'NONE',  ( -0.01249999999999999722, 0.01500000000000000291, 0.01250000000000000069 ) ) ;
#185 = EDGE_CURVE ( 'NONE', #1264, #2145, #1780, .T. ) ;
#186 = FACE_OUTER_BOUND ( 'NONE', #749, .T. ) ;
#187 = EDGE_CURVE ( 'NONE', #1641, #1564, #972, .T. ) ;
#188 = CARTESIAN_POINT ( 'NONE',  ( 0.1699999999999999845, 0.4649999999999999689, -0.09900000000000000466 ) ) ;
#189 = STYLED_ITEM ( 'NONE', ( #1257 ), #2179 ) ;
#190 = VECTOR ( 'NONE', #2624, 39.37007874015748854 ) ;
#191 = EDGE_LOOP ( 'NONE', ( #2400, #1252, #1550, #1648, #1738 ) ) ;
#192 = CARTESIAN_POINT ( 'NONE',  ( -0.2100000000000000200, 0.1150000000000000050, 0.05999999999999999778 ) ) ;
#193 = EDGE_CURVE ( 'NONE', #2569, #1658, #1826, .T. ) ;
#194 = LINE ( 'NONE', #1018, #206 ) ;
#195 = ORIENTED_EDGE ( 'NONE', *, *, #2411, .F. ) ;
#196 = CARTESIAN_POINT ( 'NONE',  ( -0.1974999999999999811, 1.128360462482470653E-17, -0.1380788655293195555 ) ) ;
#197 = DIRECTION ( 'NONE',  ( 0.000000000000000000, 0.000000000000000000, 1.000000000000000000 ) ) ;
#198 = EDGE_CURVE ( 'NONE', #1930, #1975, #1761, .T. ) ;
#199 = CARTESIAN_POINT ( 'NONE',  ( 0.01037516600265608185, -0.1116401062416995660, -0.01037516600265608012 ) ) ;
#200 = VECTOR ( 'NONE', #2583, 39.37007874015748143 ) ;
#201 = ORIENTED_EDGE ( 'NONE', *, *, #1277, .F. ) ;
#202 = CARTESIAN_POINT ( 'NONE',  ( -0.07499999999999999722, 0.1150000000000000050, 0.1000000000000000056 ) ) ;
#203 = CARTESIAN_POINT ( 'NONE',  ( -0.01249999999999999722, 0.3299999999999997380, -0.01250000000000000069 ) ) ;
#204 = PRODUCT ( '705430003', '705430003', '', ( #1827 ) ) ;
#205 = ADVANCED_FACE ( 'NONE', ( #30 ), #1366, .T. ) ;
#206 = VECTOR ( 'NONE', #408, 39.37007874015748143 ) ;
#207 = ORIENTED_EDGE ( 'NONE', *, *, #1743, .T. ) ;
#208 = EDGE_LOOP ( 'NONE', ( #312, #281, #583, #1426 ) ) ;
#209 = LINE ( 'NONE', #1696, #1963 ) ;
#210 = FACE_OUTER_BOUND ( 'NONE', #551, .T. ) ;
#211 = EDGE_LOOP ( 'NONE', ( #1969, #1319, #72, #2221 ) ) ;
#212 = PLANE ( 'NONE',  #1245 ) ;
#213 = ORIENTED_EDGE ( 'NONE', *, *, #1372, .T. ) ;
#214 = EDGE_CURVE ( 'NONE', #2005, #2063, #59, .T. ) ;
#215 = ORIENTED_EDGE ( 'NONE', *, *, #1005, .T. ) ;
#216 = CARTESIAN_POINT ( 'NONE',  ( -0.1824999999999999678, 0.01499999999999996302, -0.1000000000000000056 ) ) ;
#217 = VERTEX_POINT ( 'NONE', #2009 ) ;
#218 = LINE ( 'NONE', #1684, #1140 ) ;
#219 = DIRECTION ( 'NONE',  ( 0.5773502691896263972, 0.5773502691896242878, -0.5773502691896266192 ) ) ;
#220 = PLANE ( 'NONE',  #909 ) ;
#221 = FACE_OUTER_BOUND ( 'NONE', #697, .T. ) ;
#222 = ORIENTED_EDGE ( 'NONE', *, *, #2498, .T. ) ;
#223 = EDGE_CURVE ( 'NONE', #1448, #257, #1735, .T. ) ;
#224 = DIRECTION ( 'NONE',  ( 0.2915362068315990873, 0.9110506463487559881, -0.2915362068315990873 ) ) ;
#225 = CARTESIAN_POINT ( 'NONE',  ( 0.000000000000000000, 0.3150000000000000022, -0.08000000000000007105 ) ) ;
#226 = EDGE_CURVE ( 'NONE', #1360, #976, #1799, .T. ) ;
#227 =( GEOMETRIC_REPRESENTATION_CONTEXT ( 3 ) GLOBAL_UNCERTAINTY_ASSIGNED_CONTEXT ( ( #1588 ) ) GLOBAL_UNIT_ASSIGNED_CONTEXT ( ( #2101, #1681, #1885 ) ) REPRESENTATION_CONTEXT ( 'NONE', 'WORKASPACE' ) );
#228 = ORIENTED_EDGE ( 'NONE', *, *, #1762, .F. ) ;
#229 = AXIS2_PLACEMENT_3D ( 'NONE', #183, #1370, #1747 ) ;
#230 = VECTOR ( 'NONE', #460, 39.37007874015748143 ) ;
#231 = DIRECTION ( 'NONE',  ( -0.000000000000000000, -0.000000000000000000, 1.000000000000000000 ) ) ;
#232 = EDGE_CURVE ( 'NONE', #1365, #604, #33, .T. ) ;
#233 = CLOSED_SHELL ( 'NONE', ( #1012, #1047, #2486, #2050, #1880 ) ) ;
#234 = CARTESIAN_POINT ( 'NONE',  ( -0.2100000000000000200, 0.1150000000000000050, 0.05999999999999999778 ) ) ;
#235 = ORIENTED_EDGE ( 'NONE', *, *, #2193, .F. ) ;
#236 = FACE_OUTER_BOUND ( 'NONE', #2475, .T. ) ;
#237 = ORIENTED_EDGE ( 'NONE', *, *, #1608, .T. ) ;
#238 = DIRECTION ( 'NONE',  ( -1.000000000000000000, 0.000000000000000000, 0.000000000000000000 ) ) ;
#239 = ORIENTED_EDGE ( 'NONE', *, *, #660, .F. ) ;
#240 = VECTOR ( 'NONE', #1078, 39.37007874015748143 ) ;
#241 = DIRECTION ( 'NONE',  ( -0.000000000000000000, 1.000000000000000000, -0.000000000000000000 ) ) ;
#242 = ORIENTED_EDGE ( 'NONE', *, *, #882, .F. ) ;
#243 = CARTESIAN_POINT ( 'NONE',  ( -0.1250000000000000000, 0.4649999999999999689, 0.1000000000000000056 ) ) ;
#244 = EDGE_LOOP ( 'NONE', ( #1557, #1518, #1566 ) ) ;
#245 = FACE_OUTER_BOUND ( 'NONE', #2413, .T. ) ;
#246 = ORIENTED_EDGE ( 'NONE', *, *, #1396, .F. ) ;
#247 = SURFACE_SIDE_STYLE ('',( #1759 ) ) ;
#248 = EDGE_LOOP ( 'NONE', ( #576, #2030, #1604, #759 ) ) ;
#249 = VECTOR ( 'NONE', #486, 39.37007874015748143 ) ;
#250 = CARTESIAN_POINT ( 'NONE',  ( 0.01250000000000000590, -0.1049999999999997324, -0.01250000000000000069 ) ) ;
#251 = ORIENTED_EDGE ( 'NONE', *, *, #134, .F. ) ;
#252 = CARTESIAN_POINT ( 'NONE',  ( -0.1499999999999999944, 0.4649999999999999689, -0.1000000000000000056 ) ) ;
#253 = VERTEX_POINT ( 'NONE', #1973 ) ;
#254 = AXIS2_PLACEMENT_3D ( 'NONE', #278, #2438, #2471 ) ;
#255 = VECTOR ( 'NONE', #317, 39.37007874015748143 ) ;
#256 =( NAMED_UNIT ( * ) SI_UNIT ( $, .STERADIAN. ) SOLID_ANGLE_UNIT ( ) );
#257 = VERTEX_POINT ( 'NONE', #1549 ) ;
#258 = CARTESIAN_POINT ( 'NONE',  ( 0.05699999999999961348, 0.4049999999999999711, -0.1200000000000000233 ) ) ;
#259 = ORIENTED_EDGE ( 'NONE', *, *, #330, .T. ) ;
#260 = LINE ( 'NONE', #274, #279 ) ;
#261 = EDGE_CURVE ( 'NONE', #2433, #101, #906, .T. ) ;
#262 = CARTESIAN_POINT ( 'NONE',  ( 0.07499999999999999722, 0.1150000000000000050, 0.05999999999999999778 ) ) ;
#263 = DIRECTION ( 'NONE',  ( 0.000000000000000000, -0.7071067811865489050, 0.7071067811865461294 ) ) ;
#264 = ORIENTED_EDGE ( 'NONE', *, *, #970, .F. ) ;
#265 = DIRECTION ( 'NONE',  ( 0.4472135954999579277, -0.8944271909999158554, 0.000000000000000000 ) ) ;
#266 = AXIS2_PLACEMENT_3D ( 'NONE', #1256, #1404, #1433 ) ;
#267 = ORIENTED_EDGE ( 'NONE', *, *, #271, .F. ) ;
#268 = VERTEX_POINT ( 'NONE', #2632 ) ;
#269 = LINE ( 'NONE', #1428, #1157 ) ;
#270 =( CONVERSION_BASED_UNIT ( 'INCH', #1816 ) LENGTH_UNIT ( ) NAMED_UNIT ( #939 ) );
#271 = EDGE_CURVE ( 'NONE', #2208, #2532, #945, .T. ) ;
#272 = EDGE_LOOP ( 'NONE', ( #1349, #611, #2285, #1092 ) ) ;
#273 = LINE ( 'NONE', #917, #240 ) ;
#274 = CARTESIAN_POINT ( 'NONE',  ( -0.01249999999999999722, 0.1150000000000000050, 0.01250000000000000069 ) ) ;
#275 = EDGE_CURVE ( 'NONE', #971, #1344, #1831, .T. ) ;
#276 = CLOSED_SHELL ( 'NONE', ( #1385, #45, #205, #283, #1688, #1824, #862, #2253, #527, #161 ) ) ;
#277 = LINE ( 'NONE', #871, #2011 ) ;
#278 = CARTESIAN_POINT ( 'NONE',  ( -0.1099999999999999867, 0.3150000000000000022, -0.05999999999999999084 ) ) ;
#279 = VECTOR ( 'NONE', #880, 39.37007874015748143 ) ;
#280 = CARTESIAN_POINT ( 'NONE',  ( 0.000000000000000000, 0.1150000000000000050, 0.000000000000000000 ) ) ;
#281 = ORIENTED_EDGE ( 'NONE', *, *, #1992, .T. ) ;
#282 = DIRECTION ( 'NONE',  ( -1.000000000000000000, 0.000000000000000000, 0.000000000000000000 ) ) ;
#283 = ADVANCED_FACE ( 'NONE', ( #926 ), #1568, .T. ) ;
#284 = CARTESIAN_POINT ( 'NONE',  ( -0.1974999999999999811, 1.128360462482470653E-17, -0.1380788655293195555 ) ) ;
#285 = ORIENTED_EDGE ( 'NONE', *, *, #2329, .F. ) ;
#286 = FACE_OUTER_BOUND ( 'NONE', #2229, .T. ) ;
#287 = CARTESIAN_POINT ( 'NONE',  ( 0.1099999999999999034, 0.3150000000000000022, -0.1000000000000000056 ) ) ;
#288 = ORIENTED_EDGE ( 'NONE', *, *, #1489, .F. ) ;
#289 = LINE ( 'NONE', #811, #1127 ) ;
#290 = ORIENTED_EDGE ( 'NONE', *, *, #1972, .F. ) ;
#291 = VECTOR ( 'NONE', #1359, 39.37007874015748143 ) ;
#292 = CARTESIAN_POINT ( 'NONE',  ( 0.05999999999999996309, -0.01149110640673522282, -0.1000000000000000056 ) ) ;
#293 =( NAMED_UNIT ( * ) PLANE_ANGLE_UNIT ( ) SI_UNIT ( $, .RADIAN. ) );
#294 = ORIENTED_EDGE ( 'NONE', *, *, #1230, .F. ) ;
#295 = VECTOR ( 'NONE', #517, 39.37007874015748143 ) ;
#296 = CARTESIAN_POINT ( 'NONE',  ( -0.2024999999999999856, 1.067128122525102820E-17, 0.1000000000000000056 ) ) ;
#297 = VERTEX_POINT ( 'NONE', #999 ) ;
#298 = AXIS2_PLACEMENT_3D ( 'NONE', #1861, #132, #2604 ) ;
#299 = ORIENTED_EDGE ( 'NONE', *, *, #2609, .F. ) ;
#300 = VERTEX_POINT ( 'NONE', #1216 ) ;
#301 = CARTESIAN_POINT ( 'NONE',  ( -0.01249999999999999722, -0.1049999999999997324, -0.01250000000000000069 ) ) ;
#302 = ORIENTED_EDGE ( 'NONE', *, *, #508, .F. ) ;
#303 = FACE_OUTER_BOUND ( 'NONE', #2488, .T. ) ;
#304 = CARTESIAN_POINT ( 'NONE',  ( -0.004499999999999994456, -0.1300000000000000044, 0.004499999999999998793 ) ) ;
#305 = VERTEX_POINT ( 'NONE', #2192 ) ;
#306 = CARTESIAN_POINT ( 'NONE',  ( -0.1099999999999999867, 0.2949999999999997624, -0.05999999999999999084 ) ) ;
#307 = ORIENTED_EDGE ( 'NONE', *, *, #510, .T. ) ;
#308 = VECTOR ( 'NONE', #2260, 39.37007874015748143 ) ;
#309 = DIMENSIONAL_EXPONENTS ( 1.000000000000000000, 0.000000000000000000, 0.000000000000000000, 0.000000000000000000, 0.000000000000000000, 0.000000000000000000, 0.000000000000000000 ) ;
#310 = DIRECTION ( 'NONE',  ( -1.000000000000000000, 0.000000000000000000, 0.000000000000000000 ) ) ;
#311 = EDGE_CURVE ( 'NONE', #101, #364, #930, .T. ) ;
#312 = ORIENTED_EDGE ( 'NONE', *, *, #1357, .T. ) ;
#313 = DIRECTION ( 'NONE',  ( 1.000000000000000000, 0.000000000000000000, -2.134256245050204715E-16 ) ) ;
#314 = EDGE_CURVE ( 'NONE', #101, #1182, #1788, .T. ) ;
#315 = EDGE_LOOP ( 'NONE', ( #1937, #1790, #1419, #2194, #1481, #1465, #445, #665 ) ) ;
#316 = LINE ( 'NONE', #2247, #1199 ) ;
#317 = DIRECTION ( 'NONE',  ( 1.000000000000000000, 0.000000000000000000, 0.000000000000000000 ) ) ;
#318 = ORIENTED_EDGE ( 'NONE', *, *, #443, .T. ) ;
#319 = APPLICATION_PROTOCOL_DEFINITION ( 'draft international standard', 'automotive_design', 1998, #2107 ) ;
#320 = VECTOR ( 'NONE', #474, 39.37007874015748143 ) ;
#321 = CARTESIAN_POINT ( 'NONE',  ( -0.2500000000000000000, 0.01499999999999997689, -0.1000000000000000056 ) ) ;
#322 = ORIENTED_EDGE ( 'NONE', *, *, #1104, .T. ) ;
#323 = CARTESIAN_POINT ( 'NONE',  ( -0.1499999999999999944, 0.3150000000000000022, -0.1000000000000000056 ) ) ;
#324 = CARTESIAN_POINT ( 'NONE',  ( -0.1499999999999999944, 0.3150000000000000022, -0.1000000000000000056 ) ) ;
#325 = ORIENTED_EDGE ( 'NONE', *, *, #2355, .F. ) ;
#326 = CARTESIAN_POINT ( 'NONE',  ( 0.06999999999999972911, 0.3050000000000001599, -0.08000000000000034861 ) ) ;
#327 = EDGE_LOOP ( 'NONE', ( #2439, #1578, #1925, #614, #2465 ) ) ;
#328 = VECTOR ( 'NONE', #954, 39.37007874015748143 ) ;
#329 = ADVANCED_FACE ( 'NONE', ( #21 ), #1528, .T. ) ;
#330 = EDGE_CURVE ( 'NONE', #2012, #2315, #1817, .T. ) ;
#331 = DIRECTION ( 'NONE',  ( 0.000000000000000000, 0.000000000000000000, -1.000000000000000000 ) ) ;
#332 = ORIENTED_EDGE ( 'NONE', *, *, #1919, .T. ) ;
#333 = EDGE_CURVE ( 'NONE', #1975, #2027, #937, .T. ) ;
#334 = SURFACE_STYLE_USAGE ( .BOTH. , #2603 ) ;
#335 = DIRECTION ( 'NONE',  ( -0.000000000000000000, 0.000000000000000000, 1.000000000000000000 ) ) ;
#336 = DIRECTION ( 'NONE',  ( 0.000000000000000000, -1.000000000000000000, -0.000000000000000000 ) ) ;
#337 = AXIS2_PLACEMENT_3D ( 'NONE', #2620, #545, #797 ) ;
#338 = EDGE_LOOP ( 'NONE', ( #93, #2299, #169, #2515 ) ) ;
#339 = DIRECTION ( 'NONE',  ( 0.7071067811865485719, 0.7071067811865464625, 0.000000000000000000 ) ) ;
#340 = EDGE_CURVE ( 'NONE', #1575, #1191, #884, .T. ) ;
#341 =( CONVERSION_BASED_UNIT ( 'INCH', #546 ) LENGTH_UNIT ( ) NAMED_UNIT ( #351 ) );
#342 = EDGE_LOOP ( 'NONE', ( #541, #13, #2325, #1921, #1773, #924 ) ) ;
#343 = DIRECTION ( 'NONE',  ( 0.000000000000000000, 0.000000000000000000, 1.000000000000000000 ) ) ;
#344 = DIRECTION ( 'NONE',  ( -0.000000000000000000, 0.000000000000000000, 1.000000000000000000 ) ) ;
#345 = EDGE_CURVE ( 'NONE', #1753, #794, #1749, .T. ) ;
#346 = CARTESIAN_POINT ( 'NONE',  ( -0.01249999999999999722, -0.1300000000000000044, 0.01250000000000000069 ) ) ;
#347 = ORIENTED_EDGE ( 'NONE', *, *, #2144, .F. ) ;
#348 = CARTESIAN_POINT ( 'NONE',  ( 0.1099999999999999867, 0.4449999999999999512, -0.1199999999999999956 ) ) ;
#349 = ORIENTED_EDGE ( 'NONE', *, *, #369, .T. ) ;
#350 = CARTESIAN_POINT ( 'NONE',  ( 0.2100000000000000200, 0.1150000000000000050, -0.05999999999999999778 ) ) ;
#351 = DIMENSIONAL_EXPONENTS ( 1.000000000000000000, 0.000000000000000000, 0.000000000000000000, 0.000000000000000000, 0.000000000000000000, 0.000000000000000000, 0.000000000000000000 ) ;
#352 = ORIENTED_EDGE ( 'NONE', *, *, #185, .T. ) ;
#353 = CARTESIAN_POINT ( 'NONE',  ( 0.05700000000000000205, 0.3519999999999999796, -0.1600000000000000033 ) ) ;
#354 = DIRECTION ( 'NONE',  ( -0.000000000000000000, 0.7071067811865461294, 0.7071067811865489050 ) ) ;
#355 = ORIENTED_EDGE ( 'NONE', *, *, #1583, .T. ) ;
#356 = EDGE_CURVE ( 'NONE', #2631, #1764, #1340, .T. ) ;
#357 = VECTOR ( 'NONE', #1468, 39.37007874015748143 ) ;
#358 = CARTESIAN_POINT ( 'NONE',  ( 0.2500000000000000000, -0.5235164807134505827, 0.1000000000000000056 ) ) ;
#359 = ORIENTED_EDGE ( 'NONE', *, *, #1675, .F. ) ;
#360 = EDGE_CURVE ( 'NONE', #1186, #2508, #949, .T. ) ;
#361 = EDGE_CURVE ( 'NONE', #2010, #1524, #1804, .T. ) ;
#362 = CARTESIAN_POINT ( 'NONE',  ( -0.1099999999999999867, 0.3150000000000000022, -0.1199999999999999956 ) ) ;
#363 =( GEOMETRIC_REPRESENTATION_CONTEXT ( 3 ) GLOBAL_UNCERTAINTY_ASSIGNED_CONTEXT ( ( #1045 ) ) GLOBAL_UNIT_ASSIGNED_CONTEXT ( ( #879, #1682, #584 ) ) REPRESENTATION_CONTEXT ( 'NONE', 'WORKASPACE' ) );
#364 = VERTEX_POINT ( 'NONE', #591 ) ;
#366 = ADVANCED_FACE ( 'NONE', ( #77 ), #1833, .F. ) ;
#365 = ADVANCED_BREP_SHAPE_REPRESENTATION ( '', ( #1772, #979, #511 ), #413 ) ;
#367 = LINE ( 'NONE', #2473, #1248 ) ;
#368 = CARTESIAN_POINT ( 'NONE',  ( 0.2500000000000000000, -0.5235164807134505827, -0.1000000000000000056 ) ) ;
#369 = EDGE_CURVE ( 'NONE', #1191, #751, #1015, .T. ) ;
#370 = ORIENTED_EDGE ( 'NONE', *, *, #1260, .T. ) ;
#371 = CARTESIAN_POINT ( 'NONE',  ( 0.1999999999999999833, 0.4049999999999999711, -0.09900000000000000466 ) ) ;
#372 = EDGE_CURVE ( 'NONE', #1356, #1440, #1895, .T. ) ;
#373 = COLOUR_RGB ( '',0.2509803921568627416, 0.2509803921568627416, 0.2509803921568627416 ) ;
#374 = ORIENTED_EDGE ( 'NONE', *, *, #893, .T. ) ;
#375 = DIRECTION ( 'NONE',  ( 0.7071067811865485719, 0.7071067811865464625, 0.000000000000000000 ) ) ;
#376 = FACE_OUTER_BOUND ( 'NONE', #569, .T. ) ;
#377 = DIRECTION ( 'NONE',  ( -1.000000000000000000, -0.000000000000000000, -0.000000000000000000 ) ) ;
#378 = CARTESIAN_POINT ( 'NONE',  ( 0.05700000000000000205, 0.3519999999999999796, -0.1200000000000000233 ) ) ;
#379 = VERTEX_POINT ( 'NONE', #1652 ) ;
#380 = PLANE ( 'NONE',  #1706 ) ;
#381 = VERTEX_POINT ( 'NONE', #429 ) ;
#382 = CARTESIAN_POINT ( 'NONE',  ( -0.05700000000000000205, 0.3519999999999999796, -0.1600000000000000033 ) ) ;
#383 = DIRECTION ( 'NONE',  ( 0.000000000000000000, 0.7071067811865461294, 0.7071067811865489050 ) ) ;
#384 = ORIENTED_EDGE ( 'NONE', *, *, #1812, .F. ) ;
#385 = DIRECTION ( 'NONE',  ( -1.509147063664732533E-16, 0.7071067811865497932, -0.7071067811865452413 ) ) ;
#386 = LINE ( 'NONE', #321, #1217 ) ;
#387 = EDGE_CURVE ( 'NONE', #659, #708, #1026, .T. ) ;
#388 =( NAMED_UNIT ( * ) PLANE_ANGLE_UNIT ( ) SI_UNIT ( $, .RADIAN. ) );
#389 = ORIENTED_EDGE ( 'NONE', *, *, #2436, .F. ) ;
#390 = EDGE_CURVE ( 'NONE', #2145, #217, #983, .T. ) ;
#391 = DIRECTION ( 'NONE',  ( -1.000000000000000000, 0.000000000000000000, 0.000000000000000000 ) ) ;
#392 = VERTEX_POINT ( 'NONE', #1059 ) ;
#393 = EDGE_LOOP ( 'NONE', ( #44, #167, #553, #1459 ) ) ;
#394 = VECTOR ( 'NONE', #1134, 39.37007874015748143 ) ;
#395 = DIRECTION ( 'NONE',  ( 0.9524241471993251107, 0.3047757271037809801, -0.000000000000000000 ) ) ;
#396 = EDGE_CURVE ( 'NONE', #2631, #1778, #111, .T. ) ;
#397 = CARTESIAN_POINT ( 'NONE',  ( 0.000000000000000000, 0.3150000000000000022, -0.08000000000000007105 ) ) ;
#398 = ORIENTED_EDGE ( 'NONE', *, *, #2003, .F. ) ;
#399 = CARTESIAN_POINT ( 'NONE',  ( 0.004499999999999993588, 0.3550000000000000377, 0.004499999999999989252 ) ) ;
#400 = VECTOR ( 'NONE', #1916, 39.37007874015748143 ) ;
#401 = VERTEX_POINT ( 'NONE', #2077 ) ;
#402 = DIMENSIONAL_EXPONENTS ( 1.000000000000000000, 0.000000000000000000, 0.000000000000000000, 0.000000000000000000, 0.000000000000000000, 0.000000000000000000, 0.000000000000000000 ) ;
#403 = CARTESIAN_POINT ( 'NONE',  ( 0.2024999999999999856, 6.026947659071883574E-17, -0.1380788655293195555 ) ) ;
#404 = EDGE_LOOP ( 'NONE', ( #1697, #307, #2527, #1131 ) ) ;
#405 = DIRECTION ( 'NONE',  ( 0.7071067811865485719, 0.7071067811865464625, 0.000000000000000000 ) ) ;
#406 = ORIENTED_EDGE ( 'NONE', *, *, #642, .T. ) ;
#407 = CARTESIAN_POINT ( 'NONE',  ( -0.1099999999999999867, 0.3150000000000000022, -0.05999999999999999084 ) ) ;
#408 = DIRECTION ( 'NONE',  ( 0.000000000000000000, 0.000000000000000000, 1.000000000000000000 ) ) ;
#409 = VERTEX_POINT ( 'NONE', #18 ) ;
#410 = PRESENTATION_LAYER_ASSIGNMENT (  '', '', ( #741 ) ) ;
#411 = DIRECTION ( 'NONE',  ( -0.000000000000000000, 0.000000000000000000, 1.000000000000000000 ) ) ;
#412 = AXIS2_PLACEMENT_3D ( 'NONE', #2378, #197, #512 ) ;
#413 =( GEOMETRIC_REPRESENTATION_CONTEXT ( 3 ) GLOBAL_UNCERTAINTY_ASSIGNED_CONTEXT ( ( #766 ) ) GLOBAL_UNIT_ASSIGNED_CONTEXT ( ( #1320, #2310, #62 ) ) REPRESENTATION_CONTEXT ( 'NONE', 'WORKASPACE' ) );
#414 = FILL_AREA_STYLE_COLOUR ( '', #48 ) ;
#415 = ORIENTED_EDGE ( 'NONE', *, *, #1101, .T. ) ;
#416 = CARTESIAN_POINT ( 'NONE',  ( -0.1099999999999999867, 0.3519999999999996465, 0.1176972864800942681 ) ) ;
#417 = AXIS2_PLACEMENT_3D ( 'NONE', #757, #1161, #787 ) ;
#418 = PLANE ( 'NONE',  #1219 ) ;
#419 = ORIENTED_EDGE ( 'NONE', *, *, #2151, .F. ) ;
#420 = ORIENTED_EDGE ( 'NONE', *, *, #2250, .T. ) ;
#421 = DIRECTION ( 'NONE',  ( -1.000000000000000000, 0.000000000000000000, 0.000000000000000000 ) ) ;
#422 = EDGE_CURVE ( 'NONE', #2056, #379, #1887, .T. ) ;
#423 = CARTESIAN_POINT ( 'NONE',  ( 0.000000000000000000, 0.1150000000000000050, 0.000000000000000000 ) ) ;
#424 = ORIENTED_EDGE ( 'NONE', *, *, #361, .F. ) ;
#425 = DIRECTION ( 'NONE',  ( -0.000000000000000000, 1.000000000000000000, -0.000000000000000000 ) ) ;
#426 = VERTEX_POINT ( 'NONE', #608 ) ;
#427 = ITEM_DEFINED_TRANSFORMATION ( 'NONE', 'NONE', #266,  #511 ) ;
#428 = CARTESIAN_POINT ( 'NONE',  ( -0.2100000000000000200, 0.1150000000000000050, -0.05999999999999999778 ) ) ;
#429 = CARTESIAN_POINT ( 'NONE',  ( 0.05999999999999996309, 0.1150000000000000050, -0.05999999999999999084 ) ) ;
#430 = ORIENTED_EDGE ( 'NONE', *, *, #1104, .F. ) ;
#431 = UNCERTAINTY_MEASURE_WITH_UNIT (LENGTH_MEASURE( 1.000000000000000082E-05 ), #644, 'distance_accuracy_value', 'NONE');
#432 = PRODUCT_CONTEXT ( 'NONE', #2107, 'mechanical' ) ;
#433 = CARTESIAN_POINT ( 'NONE',  ( -0.07499999999999999722, 0.1150000000000000050, 0.1000000000000000056 ) ) ;
#434 =( GEOMETRIC_REPRESENTATION_CONTEXT ( 3 ) GLOBAL_UNCERTAINTY_ASSIGNED_CONTEXT ( ( #1819 ) ) GLOBAL_UNIT_ASSIGNED_CONTEXT ( ( #2348, #2203, #994 ) ) REPRESENTATION_CONTEXT ( 'NONE', 'WORKASPACE' ) );
#435 = CARTESIAN_POINT ( 'NONE',  ( -0.1974999999999999811, 1.128360462482470653E-17, 0.1000000000000000056 ) ) ;
#436 = ORIENTED_EDGE ( 'NONE', *, *, #198, .T. ) ;
#437 = ADVANCED_FACE ( 'NONE', ( #109 ), #1275, .F. ) ;
#438 = CARTESIAN_POINT ( 'NONE',  ( -0.01249999999999999722, -0.1049999999999997324, -0.01250000000000000069 ) ) ;
#439 = EDGE_CURVE ( 'NONE', #1452, #2027, #978, .T. ) ;
#440 = DIRECTION ( 'NONE',  ( 0.000000000000000000, 0.000000000000000000, 1.000000000000000000 ) ) ;
#441 = ORIENTED_EDGE ( 'NONE', *, *, #2248, .F. ) ;
#442 = ITEM_DEFINED_TRANSFORMATION ( 'NONE', 'NONE', #1894,  #511 ) ;
#443 = EDGE_CURVE ( 'NONE', #401, #1339, #990, .T. ) ;
#444 = AXIS2_PLACEMENT_3D ( 'NONE', #2441, #54, #610 ) ;
#445 = ORIENTED_EDGE ( 'NONE', *, *, #1392, .T. ) ;
#446 = EDGE_CURVE ( 'NONE', #1169, #1356, #1038, .T. ) ;
#447 = DIRECTION ( 'NONE',  ( -0.000000000000000000, -0.000000000000000000, -1.000000000000000000 ) ) ;
#448 = ORIENTED_EDGE ( 'NONE', *, *, #356, .T. ) ;
#449 = CARTESIAN_POINT ( 'NONE',  ( 0.000000000000000000, 0.000000000000000000, 0.000000000000000000 ) ) ;
#450 = DIRECTION ( 'NONE',  ( 0.000000000000000000, -0.000000000000000000, 1.000000000000000000 ) ) ;
#451 = DIRECTION ( 'NONE',  ( 0.000000000000000000, 0.000000000000000000, 1.000000000000000000 ) ) ;
#452 = ORIENTED_EDGE ( 'NONE', *, *, #2144, .T. ) ;
#453 = EDGE_CURVE ( 'NONE', #379, #783, #151, .T. ) ;
#454 = DIRECTION ( 'NONE',  ( -0.000000000000000000, -0.000000000000000000, -1.000000000000000000 ) ) ;
#455 = DIRECTION ( 'NONE',  ( 1.000000000000000000, 0.000000000000000000, 0.000000000000000000 ) ) ;
#456 = PLANE ( 'NONE',  #9 ) ;
#457 = ORIENTED_EDGE ( 'NONE', *, *, #1013, .T. ) ;
#458 =( NAMED_UNIT ( * ) SI_UNIT ( $, .STERADIAN. ) SOLID_ANGLE_UNIT ( ) );
#459 = ORIENTED_EDGE ( 'NONE', *, *, #193, .F. ) ;
#460 = DIRECTION ( 'NONE',  ( 1.000000000000000000, 1.224646799147354440E-16, 0.000000000000000000 ) ) ;
#461 = CARTESIAN_POINT ( 'NONE',  ( -0.2100000000000000200, 0.1150000000000000050, 0.05999999999999999778 ) ) ;
#462 = ORIENTED_EDGE ( 'NONE', *, *, #1935, .F. ) ;
#463 = AXIS2_PLACEMENT_3D ( 'NONE', #382, #1190, #974 ) ;
#464 = DIRECTION ( 'NONE',  ( 2.134256245050204715E-16, 0.000000000000000000, 1.000000000000000000 ) ) ;
#465 = CARTESIAN_POINT ( 'NONE',  ( 0.1974999999999999811, 5.965715319114514816E-17, -0.1000000000000000056 ) ) ;
#466 = DIRECTION ( 'NONE',  ( -1.000000000000000000, 0.000000000000000000, 0.000000000000000000 ) ) ;
#467 = ORIENTED_EDGE ( 'NONE', *, *, #927, .T. ) ;
#468 = EDGE_CURVE ( 'NONE', #1344, #2462, #987, .T. ) ;
#469 = DIRECTION ( 'NONE',  ( -0.000000000000000000, 0.000000000000000000, 1.000000000000000000 ) ) ;
#470 = EDGE_CURVE ( 'NONE', #626, #2010, #1870, .T. ) ;
#471 = ORIENTED_EDGE ( 'NONE', *, *, #1156, .T. ) ;
#472 = MECHANICAL_DESIGN_GEOMETRIC_PRESENTATION_REPRESENTATION (  '', ( #189 ), #39 ) ;
#473 = ORIENTED_EDGE ( 'NONE', *, *, #1683, .T. ) ;
#474 = DIRECTION ( 'NONE',  ( -0.000000000000000000, -0.000000000000000000, -1.000000000000000000 ) ) ;
#475 = ADVANCED_FACE ( 'NONE', ( #116 ), #212, .F. ) ;
#476 = ORIENTED_EDGE ( 'NONE', *, *, #2370, .F. ) ;
#477 = PLANE ( 'NONE',  #1548 ) ;
#478 = CARTESIAN_POINT ( 'NONE',  ( -0.01249999999999999722, 0.01500000000000000291, -0.01250000000000000069 ) ) ;
#479 = ORIENTED_EDGE ( 'NONE', *, *, #275, .F. ) ;
#480 = DIRECTION ( 'NONE',  ( 0.000000000000000000, 1.000000000000000000, 0.000000000000000000 ) ) ;
#481 = DIRECTION ( 'NONE',  ( -1.000000000000000000, 0.000000000000000000, 0.000000000000000000 ) ) ;
#482 = ORIENTED_EDGE ( 'NONE', *, *, #2276, .T. ) ;
#483 = CARTESIAN_POINT ( 'NONE',  ( 0.1300000000000000600, 0.4649999999999999689, -0.000000000000000000 ) ) ;
#484 = CARTESIAN_POINT ( 'NONE',  ( 0.1099999999999999867, 0.3150000000000000022, -0.1600000000000000033 ) ) ;
#485 = ORIENTED_EDGE ( 'NONE', *, *, #1331, .F. ) ;
#486 = DIRECTION ( 'NONE',  ( -1.000000000000000000, -0.000000000000000000, -0.000000000000000000 ) ) ;
#487 = CARTESIAN_POINT ( 'NONE',  ( 0.1699999999999999845, 0.4649999999999999689, -0.1000000000000000056 ) ) ;
#488 = AXIS2_PLACEMENT_3D ( 'NONE', #1323, #1466, #310 ) ;
#489 = ORIENTED_EDGE ( 'NONE', *, *, #650, .T. ) ;
#490 = ADVANCED_FACE ( 'NONE', ( #1056 ), #418, .F. ) ;
#491 = DIRECTION ( 'NONE',  ( 0.000000000000000000, 0.000000000000000000, 1.000000000000000000 ) ) ;
#492 = DIRECTION ( 'NONE',  ( -0.000000000000000000, 0.000000000000000000, -1.000000000000000000 ) ) ;
#493 = EDGE_CURVE ( 'NONE', #2359, #887, #1842, .T. ) ;
#494 = DIRECTION ( 'NONE',  ( -0.000000000000000000, -0.000000000000000000, 1.000000000000000000 ) ) ;
#495 = PLANE ( 'NONE',  #1304 ) ;
#496 = PLANE ( 'NONE',  #1408 ) ;
#497 = EDGE_CURVE ( 'NONE', #2020, #1028, #1901, .T. ) ;
#498 = CARTESIAN_POINT ( 'NONE',  ( -0.07499999999999999722, 0.1150000000000000050, 0.05999999999999999778 ) ) ;
#499 = CARTESIAN_POINT ( 'NONE',  ( -0.2100000000000000200, 0.1150000000000000050, -0.05999999999999999778 ) ) ;
#500 =( NAMED_UNIT ( * ) PLANE_ANGLE_UNIT ( ) SI_UNIT ( $, .RADIAN. ) );
#501 = DIRECTION ( 'NONE',  ( 0.000000000000000000, 0.000000000000000000, 1.000000000000000000 ) ) ;
#502 = CARTESIAN_POINT ( 'NONE',  ( 0.1499999999999999944, 0.4649999999999999689, -0.1600000000000000033 ) ) ;
#503 = ADVANCED_FACE ( 'NONE', ( #1046 ), #1407, .F. ) ;
#504 = CARTESIAN_POINT ( 'NONE',  ( 0.05699999999999961348, 0.4049999999999999711, -0.1600000000000000033 ) ) ;
#505 = LINE ( 'NONE', #1084, #1381 ) ;
#506 = DIRECTION ( 'NONE',  ( -0.5773502691896262862, -0.5773502691896243988, -0.5773502691896266192 ) ) ;
#507 = CARTESIAN_POINT ( 'NONE',  ( -0.004499999999999984915, 0.3550000000000000377, 0.01250000000000000069 ) ) ;
#508 = EDGE_CURVE ( 'NONE', #1192, #1302, #1017, .T. ) ;
#509 = DIRECTION ( 'NONE',  ( -0.000000000000000000, -1.000000000000000000, -0.000000000000000000 ) ) ;
#510 = EDGE_CURVE ( 'NONE', #2204, #2521, #102, .T. ) ;
#511 = AXIS2_PLACEMENT_3D ( 'NONE', #1786, #1722, #2582 ) ;
#512 = DIRECTION ( 'NONE',  ( 1.000000000000000000, 0.000000000000000000, -0.000000000000000000 ) ) ;
#513 = CARTESIAN_POINT ( 'NONE',  ( 0.1999999999999999833, 0.4049999999999999711, -0.09900000000000000466 ) ) ;
#514 = AXIS2_PLACEMENT_3D ( 'NONE', #2118, #1164, #1338 ) ;
#515 = DIRECTION ( 'NONE',  ( 0.000000000000000000, 0.000000000000000000, 1.000000000000000000 ) ) ;
#516 = DIRECTION ( 'NONE',  ( 1.000000000000000000, -0.000000000000000000, 0.000000000000000000 ) ) ;
#517 = DIRECTION ( 'NONE',  ( 0.000000000000000000, 0.000000000000000000, -1.000000000000000000 ) ) ;
#518 = DIRECTION ( 'NONE',  ( 0.000000000000000000, -0.000000000000000000, -1.000000000000000000 ) ) ;
#519 = EDGE_CURVE ( 'NONE', #1753, #157, #122, .T. ) ;
#520 = DIRECTION ( 'NONE',  ( 0.7071067811865486830, -0.7071067811865464625, 0.000000000000000000 ) ) ;
#521 = CARTESIAN_POINT ( 'NONE',  ( 0.01250000000000000590, 0.3299999999999997380, -0.01250000000000000069 ) ) ;
#522 = LINE ( 'NONE', #2146, #1418 ) ;
#523 = CARTESIAN_POINT ( 'NONE',  ( 0.1974999999999999811, 5.965715319114514816E-17, -0.1380788655293195555 ) ) ;
#524 = DIRECTION ( 'NONE',  ( -0.4472135954999579277, 0.8944271909999158554, 0.000000000000000000 ) ) ;
#525 = MECHANICAL_DESIGN_GEOMETRIC_PRESENTATION_REPRESENTATION (  '', ( #88 ), #434 ) ;
#526 = CARTESIAN_POINT ( 'NONE',  ( -0.06000000000000003247, 0.3150000000000000022, -0.08000000000000007105 ) ) ;
#527 = ADVANCED_FACE ( 'NONE', ( #1000 ), #1938, .F. ) ;
#528 = CARTESIAN_POINT ( 'NONE',  ( -0.2500000000000000000, 0.4649999999999999689, -0.1000000000000000056 ) ) ;
#529 = DIRECTION ( 'NONE',  ( -1.000000000000000000, 0.000000000000000000, 0.000000000000000000 ) ) ;
#530 = EDGE_CURVE ( 'NONE', #794, #2145, #1020, .T. ) ;
#531 = APPLICATION_PROTOCOL_DEFINITION ( 'draft international standard', 'automotive_design', 1998, #1240 ) ;
#532 = EDGE_CURVE ( 'NONE', #868, #1575, #1877, .T. ) ;
#533 = DIRECTION ( 'NONE',  ( 1.000000000000000000, 0.000000000000000000, 0.000000000000000000 ) ) ;
#534 =( GEOMETRIC_REPRESENTATION_CONTEXT ( 3 ) GLOBAL_UNCERTAINTY_ASSIGNED_CONTEXT ( ( #1968 ) ) GLOBAL_UNIT_ASSIGNED_CONTEXT ( ( #1996, #500, #1149 ) ) REPRESENTATION_CONTEXT ( 'NONE', 'WORKASPACE' ) );
#535 = AXIS2_PLACEMENT_3D ( 'NONE', #1023, #1337, #2592 ) ;
#536 = CARTESIAN_POINT ( 'NONE',  ( 0.000000000000000000, 0.01499999999999999944, 0.000000000000000000 ) ) ;
#537 = DIRECTION ( 'NONE',  ( 0.5773502691896265082, 0.5773502691896245098, -0.5773502691896260641 ) ) ;
#538 = CARTESIAN_POINT ( 'NONE',  ( 0.000000000000000000, 0.4649999999999999689, -0.1400000000000000411 ) ) ;
#539 = ORIENTED_EDGE ( 'NONE', *, *, #396, .F. ) ;
#540 = DIRECTION ( 'NONE',  ( 0.5773502691896262862, -0.5773502691896243988, 0.5773502691896266192 ) ) ;
#541 = ORIENTED_EDGE ( 'NONE', *, *, #1869, .T. ) ;
#542 = CARTESIAN_POINT ( 'NONE',  ( 0.1974999999999999811, 5.965715319114514816E-17, -0.1380788655293195555 ) ) ;
#543 = ADVANCED_FACE ( 'NONE', ( #1890 ), #2142, .T. ) ;
#544 = VECTOR ( 'NONE', #491, 39.37007874015748143 ) ;
#545 = DIRECTION ( 'NONE',  ( 1.000000000000000000, -0.000000000000000000, 0.000000000000000000 ) ) ;
#546 = LENGTH_MEASURE_WITH_UNIT ( LENGTH_MEASURE( 0.02539999999999999897 ), #982 );
#547 = DIRECTION ( 'NONE',  ( -0.9524241471993251107, 0.3047757271037810356, 0.000000000000000000 ) ) ;
#548 = CARTESIAN_POINT ( 'NONE',  ( -0.2500000000000000000, -0.5235164807134505827, 0.1000000000000000056 ) ) ;
#549 = CARTESIAN_POINT ( 'NONE',  ( 0.1999999999999999833, 0.4049999999999999711, -0.1000000000000000056 ) ) ;
#550 = DIRECTION ( 'NONE',  ( 1.000000000000000000, 0.000000000000000000, -0.000000000000000000 ) ) ;
#551 = EDGE_LOOP ( 'NONE', ( #1502, #2356, #2479, #207 ) ) ;
#552 = AXIS2_PLACEMENT_3D ( 'NONE', #2507, #469, #455 ) ;
#553 = ORIENTED_EDGE ( 'NONE', *, *, #532, .F. ) ;
#554 = DIRECTION ( 'NONE',  ( 1.000000000000000000, -0.000000000000000000, -0.000000000000000000 ) ) ;
#555 = ORIENTED_EDGE ( 'NONE', *, *, #1195, .T. ) ;
#556 = ORIENTED_EDGE ( 'NONE', *, *, #2062, .T. ) ;
#557 = EDGE_CURVE ( 'NONE', #1452, #1955, #1858, .T. ) ;
#558 = DIRECTION ( 'NONE',  ( 1.000000000000000000, -0.000000000000000000, -0.000000000000000000 ) ) ;
#559 = ORIENTED_EDGE ( 'NONE', *, *, #1678, .F. ) ;
#560 = EDGE_CURVE ( 'NONE', #1884, #2443, #1906, .T. ) ;
#561 = DIRECTION ( 'NONE',  ( 0.2915362068315990873, 0.9110506463487559881, 0.2915362068315990873 ) ) ;
#562 = ADVANCED_FACE ( 'NONE', ( #172 ), #746, .F. ) ;
#563 = CARTESIAN_POINT ( 'NONE',  ( -0.01249999999999999722, 0.3550000000000000377, -0.01250000000000000069 ) ) ;
#564 = EDGE_CURVE ( 'NONE', #2021, #1596, #1060, .T. ) ;
#565 = DIRECTION ( 'NONE',  ( 0.000000000000000000, 1.000000000000000000, 0.000000000000000000 ) ) ;
#566 = ORIENTED_EDGE ( 'NONE', *, *, #1331, .T. ) ;
#567 = CARTESIAN_POINT ( 'NONE',  ( 0.01250000000000000590, 0.1150000000000000050, -0.01250000000000000069 ) ) ;
#568 = VERTEX_POINT ( 'NONE', #2186 ) ;
#569 = EDGE_LOOP ( 'NONE', ( #467, #441, #267, #1809, #259, #2152, #1152, #420, #1139, #1848, #934, #299, #2177, #1835, #556, #1854 ) ) ;
#570 = CARTESIAN_POINT ( 'NONE',  ( -0.07499999999999999722, 0.4649999999999999689, 0.1000000000000000056 ) ) ;
#571 = PRESENTATION_STYLE_ASSIGNMENT (( #2606 ) ) ;
#572 = VERTEX_POINT ( 'NONE', #1516 ) ;
#573 = ORIENTED_EDGE ( 'NONE', *, *, #1303, .F. ) ;
#574 = DIRECTION ( 'NONE',  ( 0.000000000000000000, -0.000000000000000000, 1.000000000000000000 ) ) ;
#575 = CARTESIAN_POINT ( 'NONE',  ( -0.06000000000000003247, 0.1150000000000000050, -0.1000000000000000056 ) ) ;
#576 = ORIENTED_EDGE ( 'NONE', *, *, #119, .T. ) ;
#577 = CARTESIAN_POINT ( 'NONE',  ( -0.1499999999999999944, 0.3150000000000000022, -0.1600000000000000033 ) ) ;
#578 = DIRECTION ( 'NONE',  ( 0.000000000000000000, 0.000000000000000000, -1.000000000000000000 ) ) ;
#579 = CARTESIAN_POINT ( 'NONE',  ( 0.1099999999999999867, 0.3150000000000000022, -0.08000000000000007105 ) ) ;
#580 = AXIS2_PLACEMENT_3D ( 'NONE', #2403, #28, #1212 ) ;
#581 = ADVANCED_FACE ( 'NONE', ( #1085 ), #1768, .F. ) ;
#582 = ORIENTED_EDGE ( 'NONE', *, *, #1451, .T. ) ;
#583 = ORIENTED_EDGE ( 'NONE', *, *, #560, .T. ) ;
#584 =( NAMED_UNIT ( * ) SI_UNIT ( $, .STERADIAN. ) SOLID_ANGLE_UNIT ( ) );
#585 = LENGTH_MEASURE_WITH_UNIT ( LENGTH_MEASURE( 0.02539999999999999897 ), #2216 );
#586 = DIRECTION ( 'NONE',  ( 0.7071067811865486830, -0.7071067811865464625, 0.000000000000000000 ) ) ;
#587 = VERTEX_POINT ( 'NONE', #1579 ) ;
#588 = STYLED_ITEM ( 'NONE', ( #41 ), #1772 ) ;
#589 = EDGE_LOOP ( 'NONE', ( #816, #789, #1631, #389 ) ) ;
#590 = FACE_OUTER_BOUND ( 'NONE', #1286, .T. ) ;
#591 = CARTESIAN_POINT ( 'NONE',  ( 0.2174999999999999989, 0.01499999999999997689, 0.1000000000000000056 ) ) ;
#592 = SURFACE_STYLE_FILL_AREA ( #2365 ) ;
#593 = APPLICATION_CONTEXT ( 'automotive_design' ) ;
#594 = DIRECTION ( 'NONE',  ( -0.000000000000000000, 1.000000000000000000, -0.000000000000000000 ) ) ;
#595 = LINE ( 'NONE', #2019, #1480 ) ;
#596 = CARTESIAN_POINT ( 'NONE',  ( -0.05699999999999962735, 0.4049999999999999711, -0.1200000000000000233 ) ) ;
#597 = EDGE_LOOP ( 'NONE', ( #2384, #228, #2372, #1103, #633, #606, #176, #732, #1620, #620 ) ) ;
#598 = EDGE_CURVE ( 'NONE', #2433, #163, #1170, .T. ) ;
#599 = CARTESIAN_POINT ( 'NONE',  ( -0.1499999999999999944, 0.3150000000000000022, -0.1000000000000000056 ) ) ;
#600 = ORIENTED_EDGE ( 'NONE', *, *, #1808, .F. ) ;
#601 = CARTESIAN_POINT ( 'NONE',  ( 0.2500000000000000000, 0.01499999999999997689, -0.1000000000000000472 ) ) ;
#602 = VECTOR ( 'NONE', #106, 39.37007874015748143 ) ;
#603 = ORIENTED_EDGE ( 'NONE', *, *, #1333, .F. ) ;
#604 = VERTEX_POINT ( 'NONE', #1535 ) ;
#605 = DIRECTION ( 'NONE',  ( 0.7071067811865485719, 0.7071067811865464625, 0.000000000000000000 ) ) ;
#606 = ORIENTED_EDGE ( 'NONE', *, *, #345, .T. ) ;
#607 = ORIENTED_EDGE ( 'NONE', *, *, #1869, .F. ) ;
#608 = CARTESIAN_POINT ( 'NONE',  ( 0.05999999999999997696, 0.2949999999999997624, -0.05999999999999999084 ) ) ;
#609 = LINE ( 'NONE', #2590, #2345 ) ;
#610 = DIRECTION ( 'NONE',  ( 0.000000000000000000, 0.000000000000000000, -1.000000000000000000 ) ) ;
#611 = ORIENTED_EDGE ( 'NONE', *, *, #1927, .T. ) ;
#612 = CARTESIAN_POINT ( 'NONE',  ( 0.2300000000000000655, 0.4649999999999999689, -0.08000000000000007105 ) ) ;
#613 = FACE_OUTER_BOUND ( 'NONE', #2328, .T. ) ;
#614 = ORIENTED_EDGE ( 'NONE', *, *, #792, .F. ) ;
#615 = LINE ( 'NONE', #1151, #2373 ) ;
#616 = ORIENTED_EDGE ( 'NONE', *, *, #468, .T. ) ;
#617 = EDGE_CURVE ( 'NONE', #1575, #1758, #181, .T. ) ;
#618 = CARTESIAN_POINT ( 'NONE',  ( 0.01250000000000000590, 0.3550000000000000377, 0.004499999999999989252 ) ) ;
#619 = VECTOR ( 'NONE', #785, 39.37007874015748143 ) ;
#620 = ORIENTED_EDGE ( 'NONE', *, *, #497, .T. ) ;
#621 = EDGE_CURVE ( 'NONE', #2014, #1778, #1082, .T. ) ;
#622 = LINE ( 'NONE', #1402, #2377 ) ;
#623 = AXIS2_PLACEMENT_3D ( 'NONE', #2048, #574, #1044 ) ;
#624 = VECTOR ( 'NONE', #494, 39.37007874015748143 ) ;
#625 = ORIENTED_EDGE ( 'NONE', *, *, #226, .T. ) ;
#626 = VERTEX_POINT ( 'NONE', #180 ) ;
#627 = EDGE_CURVE ( 'NONE', #1494, #1339, #194, .T. ) ;
#628 = DIRECTION ( 'NONE',  ( 1.000000000000000000, 0.000000000000000000, 0.000000000000000000 ) ) ;
#629 = EDGE_LOOP ( 'NONE', ( #668, #2548, #1740, #657, #359, #1261, #1255, #1062, #790, #2085, #398, #419, #213, #2007, #239, #1793, #2081, #1187, #29, #2133, #1991, #1830, #814, #2552, #2573 ) ) ;
#630 = DIRECTION ( 'NONE',  ( 1.000000000000000000, 0.000000000000000000, 0.000000000000000000 ) ) ;
#631 = LINE ( 'NONE', #184, #2387 ) ;
#632 = CARTESIAN_POINT ( 'NONE',  ( -0.07499999999999999722, 0.4449999999999999512, 0.05999999999999999778 ) ) ;
#633 = ORIENTED_EDGE ( 'NONE', *, *, #1392, .F. ) ;
#634 = CARTESIAN_POINT ( 'NONE',  ( -0.06000000000000003247, 0.3150000000000000022, -0.08000000000000007105 ) ) ;
#635 = ORIENTED_EDGE ( 'NONE', *, *, #691, .F. ) ;
#636 = CARTESIAN_POINT ( 'NONE',  ( 0.000000000000000000, 0.000000000000000000, 0.000000000000000000 ) ) ;
#637 = LINE ( 'NONE', #2330, #2360 ) ;
#638 = CARTESIAN_POINT ( 'NONE',  ( -0.2100000000000000200, 0.4449999999999999512, 0.05999999999999999778 ) ) ;
#639 = EDGE_LOOP ( 'NONE', ( #2318, #1458, #290, #603 ) ) ;
#640 = ORIENTED_EDGE ( 'NONE', *, *, #1226, .T. ) ;
#641 = LINE ( 'NONE', #2001, #2404 ) ;
#642 = EDGE_CURVE ( 'NONE', #1746, #2, #1910, .T. ) ;
#643 = CARTESIAN_POINT ( 'NONE',  ( 0.000000000000000000, 0.000000000000000000, 0.000000000000000000 ) ) ;
#644 =( CONVERSION_BASED_UNIT ( 'INCH', #2080 ) LENGTH_UNIT ( ) NAMED_UNIT ( #402 ) );
#645 = VECTOR ( 'NONE', #1391, 39.37007874015748143 ) ;
#646 = VERTEX_POINT ( 'NONE', #821 ) ;
#647 = DIRECTION ( 'NONE',  ( -0.000000000000000000, 0.7071067811865497932, -0.7071067811865452413 ) ) ;
#648 = ADVANCED_FACE ( 'NONE', ( #1096 ), #1787, .T. ) ;
#649 = ORIENTED_EDGE ( 'NONE', *, *, #67, .F. ) ;
#650 = EDGE_CURVE ( 'NONE', #2067, #2020, #1102, .T. ) ;
#651 = EDGE_LOOP ( 'NONE', ( #573, #1896, #1769, #1314 ) ) ;
#652 = FACE_OUTER_BOUND ( 'NONE', #53, .T. ) ;
#653 = EDGE_CURVE ( 'NONE', #747, #1452, #277, .T. ) ;
#654 = CARTESIAN_POINT ( 'NONE',  ( -0.2100000000000000200, 0.1150000000000000050, 0.05999999999999999778 ) ) ;
#655 = CARTESIAN_POINT ( 'NONE',  ( 0.2174999999999999989, 0.01499999999999997689, -0.1000000000000000056 ) ) ;
#656 = AXIS2_PLACEMENT_3D ( 'NONE', #397, #1224, #2566 ) ;
#657 = ORIENTED_EDGE ( 'NONE', *, *, #883, .F. ) ;
#658 = VECTOR ( 'NONE', #1912, 39.37007874015748143 ) ;
#659 = VERTEX_POINT ( 'NONE', #1693 ) ;
#660 = EDGE_CURVE ( 'NONE', #1632, #217, #1954, .T. ) ;
#661 = CARTESIAN_POINT ( 'NONE',  ( -0.2500000000000000000, 0.3150000000000000577, -0.1000000000000000056 ) ) ;
#662 = ORIENTED_EDGE ( 'NONE', *, *, #1587, .F. ) ;
#663 = FACE_OUTER_BOUND ( 'NONE', #1513, .T. ) ;
#664 = DIRECTION ( 'NONE',  ( 0.000000000000000000, 0.000000000000000000, -1.000000000000000000 ) ) ;
#665 = ORIENTED_EDGE ( 'NONE', *, *, #1992, .F. ) ;
#666 = ORIENTED_EDGE ( 'NONE', *, *, #883, .T. ) ;
#667 = CARTESIAN_POINT ( 'NONE',  ( 0.1250000000000000000, 0.4449999999999999512, 0.05999999999999999778 ) ) ;
#668 = ORIENTED_EDGE ( 'NONE', *, *, #1473, .F. ) ;
#669 = VECTOR ( 'NONE', #803, 39.37007874015748854 ) ;
#670 = ORIENTED_EDGE ( 'NONE', *, *, #314, .F. ) ;
#671 = DIRECTION ( 'NONE',  ( 0.000000000000000000, 0.000000000000000000, -1.000000000000000000 ) ) ;
#672 = LINE ( 'NONE', #371, #2561 ) ;
#673 = VERTEX_POINT ( 'NONE', #1636 ) ;
#674 = ORIENTED_EDGE ( 'NONE', *, *, #2028, .F. ) ;
#675 = VECTOR ( 'NONE', #2000, 39.37007874015748143 ) ;
#676 = VERTEX_POINT ( 'NONE', #304 ) ;
#677 = DIRECTION ( 'NONE',  ( 0.000000000000000000, 0.000000000000000000, -1.000000000000000000 ) ) ;
#678 = LINE ( 'NONE', #2280, #745 ) ;
#679 = ADVANCED_FACE ( 'NONE', ( #210 ), #1105, .F. ) ;
#680 = VERTEX_POINT ( 'NONE', #632 ) ;
#681 = DIRECTION ( 'NONE',  ( 0.7071067811865486830, -0.7071067811865464625, 0.000000000000000000 ) ) ;
#682 = PRODUCT_DEFINITION_SHAPE ( 'NONE', 'NONE',  #2636 ) ;
#683 = LINE ( 'NONE', #618, #1619 ) ;
#684 = ORIENTED_EDGE ( 'NONE', *, *, #1879, .T. ) ;
#685 = LINE ( 'NONE', #735, #1573 ) ;
#686 = CARTESIAN_POINT ( 'NONE',  ( -0.1250000000000000000, 0.4649999999999999689, 0.1000000000000000056 ) ) ;
#687 = EDGE_LOOP ( 'NONE', ( #1061, #1467, #2060, #2512 ) ) ;
#688 = LINE ( 'NONE', #1087, #2406 ) ;
#689 = CARTESIAN_POINT ( 'NONE',  ( -0.06000000000000003247, -0.01149110640673522282, -0.1000000000000000056 ) ) ;
#690 = ORIENTED_EDGE ( 'NONE', *, *, #1865, .T. ) ;
#691 = EDGE_CURVE ( 'NONE', #2316, #2075, #166, .T. ) ;
#692 = PRODUCT_DEFINITION_FORMATION_WITH_SPECIFIED_SOURCE ( 'ANY', '', #825, .NOT_KNOWN. ) ;
#693 = LINE ( 'NONE', #326, #780 ) ;
#694 = DIRECTION ( 'NONE',  ( 1.000000000000000000, 0.000000000000000000, 0.000000000000000000 ) ) ;
#695 = ORIENTED_EDGE ( 'NONE', *, *, #893, .F. ) ;
#696 = CARTESIAN_POINT ( 'NONE',  ( 0.1099999999999999867, 0.4449999999999999512, -0.1199999999999999956 ) ) ;
#697 = EDGE_LOOP ( 'NONE', ( #2117, #332, #796, #809 ) ) ;
#698 = LINE ( 'NONE', #1639, #704 ) ;
#699 = ORIENTED_EDGE ( 'NONE', *, *, #17, .T. ) ;
#700 = CARTESIAN_POINT ( 'NONE',  ( -0.1099999999999999867, 0.3150000000000000022, -0.1600000000000000033 ) ) ;
#701 = EDGE_CURVE ( 'NONE', #604, #1166, #1966, .T. ) ;
#702 = LINE ( 'NONE', #528, #2442 ) ;
#703 = ORIENTED_EDGE ( 'NONE', *, *, #1195, .F. ) ;
#704 = VECTOR ( 'NONE', #2306, 39.37007874015748854 ) ;
#705 = AXIS2_PLACEMENT_3D ( 'NONE', #2543, #547, #991 ) ;
#706 = CARTESIAN_POINT ( 'NONE',  ( 0.05999999999999997696, -0.01149110640673522282, -0.05999999999999999084 ) ) ;
#707 = LINE ( 'NONE', #2244, #2467 ) ;
#708 = VERTEX_POINT ( 'NONE', #2399 ) ;
#709 = CARTESIAN_POINT ( 'NONE',  ( -0.01249999999999999722, -0.1049999999999997324, 0.01250000000000000069 ) ) ;
#710 = ORIENTED_EDGE ( 'NONE', *, *, #2195, .F. ) ;
#711 = VECTOR ( 'NONE', #2553, 39.37007874015748143 ) ;
#712 = DIRECTION ( 'NONE',  ( 0.000000000000000000, -1.000000000000000000, 0.000000000000000000 ) ) ;
#713 = FACE_OUTER_BOUND ( 'NONE', #1125, .T. ) ;
#714 = ADVANCED_FACE ( 'NONE', ( #1110 ), #2036, .F. ) ;
#715 = ORIENTED_EDGE ( 'NONE', *, *, #981, .F. ) ;
#716 = VERTEX_POINT ( 'NONE', #1609 ) ;
#717 = FACE_OUTER_BOUND ( 'NONE', #919, .T. ) ;
#718 = DIRECTION ( 'NONE',  ( 1.000000000000000000, -0.000000000000000000, 0.000000000000000000 ) ) ;
#719 = ORIENTED_EDGE ( 'NONE', *, *, #923, .T. ) ;
#720 = LINE ( 'NONE', #1794, #793 ) ;
#721 = DIRECTION ( 'NONE',  ( 0.000000000000000000, -1.000000000000000000, -0.000000000000000000 ) ) ;
#722 = DIRECTION ( 'NONE',  ( 0.000000000000000000, 0.000000000000000000, 1.000000000000000000 ) ) ;
#723 = ORIENTED_EDGE ( 'NONE', *, *, #2083, .F. ) ;
#724 = ORIENTED_EDGE ( 'NONE', *, *, #361, .T. ) ;
#725 = FACE_OUTER_BOUND ( 'NONE', #327, .T. ) ;
#726 = ORIENTED_EDGE ( 'NONE', *, *, #2178, .T. ) ;
#727 = FILL_AREA_STYLE_COLOUR ( '', #1542 ) ;
#728 = VERTEX_POINT ( 'NONE', #1389 ) ;
#729 = ORIENTED_EDGE ( 'NONE', *, *, #51, .F. ) ;
#730 = LINE ( 'NONE', #873, #2418 ) ;
#731 = CARTESIAN_POINT ( 'NONE',  ( -0.01249999999999999722, 0.1150000000000000050, -0.01250000000000000069 ) ) ;
#732 = ORIENTED_EDGE ( 'NONE', *, *, #185, .F. ) ;
#733 = LINE ( 'NONE', #2149, #1665 ) ;
#734 = ORIENTED_EDGE ( 'NONE', *, *, #1893, .F. ) ;
#735 = CARTESIAN_POINT ( 'NONE',  ( 0.1974999999999999811, 5.965715319114514816E-17, -0.1380788655293195555 ) ) ;
#736 = VECTOR ( 'NONE', #2535, 39.37007874015748143 ) ;
#737 = ORIENTED_EDGE ( 'NONE', *, *, #2498, .F. ) ;
#738 = CARTESIAN_POINT ( 'NONE',  ( 0.2500000000000000000, 0.01499999999999997689, 0.1000000000000000056 ) ) ;
#739 = ADVANCED_FACE ( 'NONE', ( #221 ), #2422, .T. ) ;
#740 = VERTEX_POINT ( 'NONE', #40 ) ;
#741 = STYLED_ITEM ( 'NONE', ( #1395 ), #853 ) ;
#742 = LINE ( 'NONE', #108, #2455 ) ;
#743 = CARTESIAN_POINT ( 'NONE',  ( 0.07499999999999999722, 0.4649999999999999689, 0.08000000000000007105 ) ) ;
#744 = ORIENTED_EDGE ( 'NONE', *, *, #1637, .T. ) ;
#745 = VECTOR ( 'NONE', #1310, 39.37007874015748143 ) ;
#746 = PLANE ( 'NONE',  #1670 ) ;
#747 = VERTEX_POINT ( 'NONE', #894 ) ;
#748 = AXIS2_PLACEMENT_3D ( 'NONE', #1544, #2352, #1986 ) ;
#749 = EDGE_LOOP ( 'NONE', ( #2392, #1073, #1111, #2484 ) ) ;
#750 = VECTOR ( 'NONE', #2281, 39.37007874015748143 ) ;
#751 = VERTEX_POINT ( 'NONE', #1677 ) ;
#752 = DIRECTION ( 'NONE',  ( 0.000000000000000000, -0.000000000000000000, 1.000000000000000000 ) ) ;
#753 = EDGE_LOOP ( 'NONE', ( #956, #1109, #966, #476 ) ) ;
#754 = ORIENTED_EDGE ( 'NONE', *, *, #2113, .F. ) ;
#755 = LINE ( 'NONE', #348, #750 ) ;
#756 = CARTESIAN_POINT ( 'NONE',  ( 0.07499999999999999722, 0.000000000000000000, 0.000000000000000000 ) ) ;
#757 = CARTESIAN_POINT ( 'NONE',  ( -0.1499999999999999944, 0.3150000000000000022, -0.1600000000000000033 ) ) ;
#758 = LINE ( 'NONE', #483, #2501 ) ;
#759 = ORIENTED_EDGE ( 'NONE', *, *, #2585, .F. ) ;
#760 = DIRECTION ( 'NONE',  ( 0.000000000000000000, 0.000000000000000000, -1.000000000000000000 ) ) ;
#761 = ORIENTED_EDGE ( 'NONE', *, *, #1284, .T. ) ;
#762 = FACE_OUTER_BOUND ( 'NONE', #1607, .T. ) ;
#763 = FACE_OUTER_BOUND ( 'NONE', #2324, .T. ) ;
#764 = CARTESIAN_POINT ( 'NONE',  ( -0.07499999999999999722, 0.1150000000000000050, 0.1000000000000000056 ) ) ;
#765 = VECTOR ( 'NONE', #2555, 39.37007874015748854 ) ;
#766 = UNCERTAINTY_MEASURE_WITH_UNIT (LENGTH_MEASURE( 1.000000000000000082E-05 ), #1320, 'distance_accuracy_value', 'NONE');
#767 = CLOSED_SHELL ( 'NONE', ( #121, #2265, #1733, #1499, #1181, #772, #2545, #2160, #2613, #2366 ) ) ;
#768 = VERTEX_POINT ( 'NONE', #2214 ) ;
#769 = FACE_OUTER_BOUND ( 'NONE', #629, .T. ) ;
#770 = CARTESIAN_POINT ( 'NONE',  ( -0.1099999999999999867, 0.3150000000000000022, -0.1600000000000000033 ) ) ;
#771 = LINE ( 'NONE', #1744, #786 ) ;
#772 = ADVANCED_FACE ( 'NONE', ( #286 ), #220, .F. ) ;
#773 = VECTOR ( 'NONE', #123, 39.37007874015748143 ) ;
#774 = PLANE ( 'NONE',  #705 ) ;
#775 = DIRECTION ( 'NONE',  ( 0.000000000000000000, -0.000000000000000000, 1.000000000000000000 ) ) ;
#776 = LINE ( 'NONE', #1285, #736 ) ;
#777 = LINE ( 'NONE', #2564, #2529 ) ;
#778 = DIRECTION ( 'NONE',  ( -0.000000000000000000, 0.3047757271037810356, -0.9524241471993251107 ) ) ;
#779 = DIRECTION ( 'NONE',  ( 1.000000000000000000, 0.000000000000000000, 0.000000000000000000 ) ) ;
#780 = VECTOR ( 'NONE', #506, 39.37007874015748143 ) ;
#781 = PRODUCT_DEFINITION_CONTEXT ( 'detailed design', #1934, 'design' ) ;
#782 = EDGE_LOOP ( 'NONE', ( #2591, #710, #666, #2599 ) ) ;
#783 = VERTEX_POINT ( 'NONE', #1881 ) ;
#784 = LENGTH_MEASURE_WITH_UNIT ( LENGTH_MEASURE( 0.02539999999999999897 ), #118 );
#785 = DIRECTION ( 'NONE',  ( 0.000000000000000000, 0.000000000000000000, -1.000000000000000000 ) ) ;
#786 = VECTOR ( 'NONE', #1493, 39.37007874015748143 ) ;
#787 = DIRECTION ( 'NONE',  ( -1.000000000000000000, 0.000000000000000000, -0.000000000000000000 ) ) ;
#788 = CYLINDRICAL_SURFACE ( 'NONE', #488, 0.05300000000000000544 ) ;
#789 = ORIENTED_EDGE ( 'NONE', *, *, #1378, .T. ) ;
#790 = ORIENTED_EDGE ( 'NONE', *, *, #1683, .F. ) ;
#791 = VECTOR ( 'NONE', #219, 39.37007874015748143 ) ;
#792 = EDGE_CURVE ( 'NONE', #1492, #1175, #269, .T. ) ;
#793 = VECTOR ( 'NONE', #377, 39.37007874015748143 ) ;
#794 = VERTEX_POINT ( 'NONE', #577 ) ;
#795 = EDGE_CURVE ( 'NONE', #2311, #409, #2026, .T. ) ;
#796 = ORIENTED_EDGE ( 'NONE', *, *, #74, .T. ) ;
#797 = DIRECTION ( 'NONE',  ( 0.000000000000000000, 0.000000000000000000, -1.000000000000000000 ) ) ;
#798 = VECTOR ( 'NONE', #1852, 39.37007874015748143 ) ;
#799 = VECTOR ( 'NONE', #985, 39.37007874015748143 ) ;
#800 = AXIS2_PLACEMENT_3D ( 'NONE', #1112, #1171, #331 ) ;
#801 = EDGE_LOOP ( 'NONE', ( #347, #2490, #384, #1122, #406, #2605 ) ) ;
#802 = AXIS2_PLACEMENT_3D ( 'NONE', #449, #1624, #1421 ) ;
#803 = DIRECTION ( 'NONE',  ( -0.4472135954999579277, 0.8944271909999158554, 0.000000000000000000 ) ) ;
#804 = CARTESIAN_POINT ( 'NONE',  ( 0.01250000000000000590, 0.3299999999999997380, -0.01250000000000000069 ) ) ;
#805 = ADVANCED_FACE ( 'NONE', ( #1920 ), #2452, .F. ) ;
#806 = LINE ( 'NONE', #164, #1720 ) ;
#807 = EDGE_CURVE ( 'NONE', #768, #747, #168, .T. ) ;
#808 = ORIENTED_EDGE ( 'NONE', *, *, #2537, .T. ) ;
#809 = ORIENTED_EDGE ( 'NONE', *, *, #564, .F. ) ;
#810 = VECTOR ( 'NONE', #721, 39.37007874015748143 ) ;
#811 = CARTESIAN_POINT ( 'NONE',  ( -0.1099999999999999867, 0.4449999999999999512, -0.1199999999999999956 ) ) ;
#812 = VECTOR ( 'NONE', #1265, 39.37007874015748143 ) ;
#813 = EDGE_CURVE ( 'NONE', #1653, #2394, #1071, .T. ) ;
#814 = ORIENTED_EDGE ( 'NONE', *, *, #2329, .T. ) ;
#815 = DIRECTION ( 'NONE',  ( -1.000000000000000000, -0.000000000000000000, -0.000000000000000000 ) ) ;
#816 = ORIENTED_EDGE ( 'NONE', *, *, #835, .F. ) ;
#817 = VECTOR ( 'NONE', #1871, 39.37007874015748854 ) ;
#818 = CARTESIAN_POINT ( 'NONE',  ( 0.2299999999999999822, 0.4649999999999999689, -0.1000000000000000056 ) ) ;
#819 = VECTOR ( 'NONE', #2580, 39.37007874015748143 ) ;
#820 = DIRECTION ( 'NONE',  ( -0.000000000000000000, -0.000000000000000000, -1.000000000000000000 ) ) ;
#821 = CARTESIAN_POINT ( 'NONE',  ( 0.1250000000000000000, 0.4649999999999999689, 0.1000000000000000056 ) ) ;
#822 = LINE ( 'NONE', #2461, #2608 ) ;
#823 = DIRECTION ( 'NONE',  ( -0.9524241471993251107, 0.3047757271037809801, 0.000000000000000000 ) ) ;
#824 = DIRECTION ( 'NONE',  ( 0.000000000000000000, 0.000000000000000000, -1.000000000000000000 ) ) ;
#825 = PRODUCT ( '705430002_Body_4', '705430002_Body_4', '', ( #432 ) ) ;
#826 = LINE ( 'NONE', #2122, #1691 ) ;
#827 = ORIENTED_EDGE ( 'NONE', *, *, #497, .F. ) ;
#828 = AXIS2_PLACEMENT_3D ( 'NONE', #523, #992, #1293 ) ;
#829 = ORIENTED_EDGE ( 'NONE', *, *, #2466, .T. ) ;
#830 = PRODUCT_DEFINITION_SHAPE ( 'NONE', 'NONE',  #2058 ) ;
#831 = VECTOR ( 'NONE', #1577, 39.37007874015748854 ) ;
#832 = CARTESIAN_POINT ( 'NONE',  ( -0.2100000000000000200, 0.4449999999999999512, -0.05999999999999999778 ) ) ;
#833 = ADVANCED_FACE ( 'NONE', ( #1077 ), #1711, .F. ) ;
#834 = VECTOR ( 'NONE', #664, 39.37007874015748143 ) ;
#835 = EDGE_CURVE ( 'NONE', #253, #2218, #1929, .T. ) ;
#836 = DIRECTION ( 'NONE',  ( 1.000000000000000000, 0.000000000000000000, 0.000000000000000000 ) ) ;
#837 = EDGE_CURVE ( 'NONE', #297, #1443, #2233, .T. ) ;
#838 = VECTOR ( 'NONE', #1699, 39.37007874015748143 ) ;
#839 = AXIS2_PLACEMENT_3D ( 'NONE', #1295, #2268, #1269 ) ;
#840 = EDGE_LOOP ( 'NONE', ( #1243, #473, #1246, #2046 ) ) ;
#841 = ORIENTED_EDGE ( 'NONE', *, *, #1752, .F. ) ;
#842 = LINE ( 'NONE', #1168, #817 ) ;
#843 = CARTESIAN_POINT ( 'NONE',  ( 0.1999999999999999833, 0.4049999999999999711, -0.1000000000000000056 ) ) ;
#844 = LINE ( 'NONE', #689, #838 ) ;
#845 = DIRECTION ( 'NONE',  ( 1.000000000000000000, 0.000000000000000000, 0.000000000000000000 ) ) ;
#846 = CARTESIAN_POINT ( 'NONE',  ( -0.01249999999999999722, -0.1300000000000000044, 0.01250000000000000069 ) ) ;
#847 = EDGE_CURVE ( 'NONE', #1778, #568, #522, .T. ) ;
#848 = CARTESIAN_POINT ( 'NONE',  ( -0.2100000000000000200, 0.1150000000000000050, -0.05999999999999999778 ) ) ;
#849 = DIRECTION ( 'NONE',  ( 0.000000000000000000, 0.000000000000000000, 1.000000000000000000 ) ) ;
#850 = FACE_OUTER_BOUND ( 'NONE', #1570, .T. ) ;
#851 = ORIENTED_EDGE ( 'NONE', *, *, #2466, .F. ) ;
#852 = COLOUR_RGB ( '',0.7921568627450980005, 0.8196078431372548767, 0.9333333333333333481 ) ;
#853 = MANIFOLD_SOLID_BREP ( 'Boss-Extrude4', #233 ) ;
#854 = VECTOR ( 'NONE', #1400, 39.37007874015748143 ) ;
#855 = DIRECTION ( 'NONE',  ( 1.000000000000000000, 0.000000000000000000, 0.000000000000000000 ) ) ;
#856 = CARTESIAN_POINT ( 'NONE',  ( -0.1099999999999999867, 0.4449999999999998956, -0.05999999999999999084 ) ) ;
#857 = VECTOR ( 'NONE', #1234, 39.37007874015748143 ) ;
#858 = ORIENTED_EDGE ( 'NONE', *, *, #2178, .F. ) ;
#859 = LENGTH_MEASURE_WITH_UNIT ( LENGTH_MEASURE( 0.02539999999999999897 ), #1358 );
#860 = LINE ( 'NONE', #2228, #791 ) ;
#861 = CARTESIAN_POINT ( 'NONE',  ( 0.05699999999999961348, 0.4049999999999999711, 0.1176972864800942681 ) ) ;
#862 = ADVANCED_FACE ( 'NONE', ( #1463 ), #2550, .F. ) ;
#863 = LINE ( 'NONE', #1313, #10 ) ;
#864 = PRODUCT_DEFINITION_CONTEXT ( 'detailed design', #2023, 'design' ) ;
#865 = CARTESIAN_POINT ( 'NONE',  ( 0.004499999999999993588, 0.3550000000000000377, 0.000000000000000000 ) ) ;
#866 = EDGE_LOOP ( 'NONE', ( #2429, #2509, #1611, #703 ) ) ;
#867 = CARTESIAN_POINT ( 'NONE',  ( -0.2500000000000000000, 0.01499999999999997689, -0.1000000000000000056 ) ) ;
#868 = VERTEX_POINT ( 'NONE', #1730 ) ;
#869 = LINE ( 'NONE', #770, #1737 ) ;
#870 = PLANE ( 'NONE',  #1888 ) ;
#871 = CARTESIAN_POINT ( 'NONE',  ( 0.000000000000000000, 0.4649999999999999689, 0.08000000000000007105 ) ) ;
#872 = ORIENTED_EDGE ( 'NONE', *, *, #948, .T. ) ;
#873 = CARTESIAN_POINT ( 'NONE',  ( 0.05699999999999961348, 0.4049999999999999711, -0.1200000000000000233 ) ) ;
#874 = PLANE ( 'NONE',  #1748 ) ;
#875 = EDGE_CURVE ( 'NONE', #1494, #1198, #1456, .T. ) ;
#876 = VECTOR ( 'NONE', #1553, 39.37007874015748143 ) ;
#877 = ORIENTED_EDGE ( 'NONE', *, *, #650, .F. ) ;
#878 = LINE ( 'NONE', #2016, #2563 ) ;
#879 =( CONVERSION_BASED_UNIT ( 'INCH', #20 ) LENGTH_UNIT ( ) NAMED_UNIT ( #309 ) );
#880 = DIRECTION ( 'NONE',  ( 1.000000000000000000, 0.000000000000000000, 0.000000000000000000 ) ) ;
#881 = FACE_OUTER_BOUND ( 'NONE', #589, .T. ) ;
#882 = EDGE_CURVE ( 'NONE', #1447, #1930, #2367, .T. ) ;
#883 = EDGE_CURVE ( 'NONE', #1145, #2433, #637, .T. ) ;
#884 = LINE ( 'NONE', #1024, #1741 ) ;
#885 = CARTESIAN_POINT ( 'NONE',  ( -0.2500000000000000000, 0.4649999999999999689, 0.1000000000000000056 ) ) ;
#886 = CARTESIAN_POINT ( 'NONE',  ( 0.01250000000000000590, 0.01500000000000000291, 0.01250000000000000069 ) ) ;
#887 = VERTEX_POINT ( 'NONE', #731 ) ;
#888 = SURFACE_STYLE_USAGE ( .BOTH. , #905 ) ;
#889 = VECTOR ( 'NONE', #125, 39.37007874015748143 ) ;
#890 = ADVANCED_FACE ( 'NONE', ( #2379 ), #962, .F. ) ;
#891 = LINE ( 'NONE', #1398, #1680 ) ;
#892 = PLANE ( 'NONE',  #1321 ) ;
#893 = EDGE_CURVE ( 'NONE', #1447, #2035, #2334, .T. ) ;
#894 = CARTESIAN_POINT ( 'NONE',  ( -0.1250000000000000000, 0.4649999999999999689, 0.08000000000000007105 ) ) ;
#895 = ORIENTED_EDGE ( 'NONE', *, *, #807, .T. ) ;
#896 = LINE ( 'NONE', #1606, #920 ) ;
#897 = FACE_OUTER_BOUND ( 'NONE', #338, .T. ) ;
#898 = PLANE ( 'NONE',  #2502 ) ;
#899 = FACE_OUTER_BOUND ( 'NONE', #2024, .T. ) ;
#900 = ORIENTED_EDGE ( 'NONE', *, *, #422, .F. ) ;
#901 = FACE_OUTER_BOUND ( 'NONE', #145, .T. ) ;
#902 = DIRECTION ( 'NONE',  ( -0.000000000000000000, 1.000000000000000000, -0.000000000000000000 ) ) ;
#903 =( REPRESENTATION_RELATIONSHIP ('NONE','NONE', #1832, #2449 ) REPRESENTATION_RELATIONSHIP_WITH_TRANSFORMATION ( #1206 )SHAPE_REPRESENTATION_RELATIONSHIP( ) );
#904 = CIRCLE ( 'NONE', #2282, 0.05300000000000000544 ) ;
#905 = SURFACE_SIDE_STYLE ('',( #932 ) ) ;
#906 = LINE ( 'NONE', #738, #1765 ) ;
#907 = LINE ( 'NONE', #2542, #921 ) ;
#908 = DIRECTION ( 'NONE',  ( 1.000000000000000000, 0.000000000000000000, 0.000000000000000000 ) ) ;
#909 = AXIS2_PLACEMENT_3D ( 'NONE', #423, #1401, #1251 ) ;
#910 = ORIENTED_EDGE ( 'NONE', *, *, #2362, .F. ) ;
#911 = DIRECTION ( 'NONE',  ( 1.000000000000000000, 0.000000000000000000, -0.000000000000000000 ) ) ;
#912 = PRODUCT_DEFINITION ( 'UNKNOWN', '', #692, #87 ) ;
#913 = ADVANCED_FACE ( 'NONE', ( #613 ), #1755, .F. ) ;
#914 = LINE ( 'NONE', #1, #4 ) ;
#915 = VECTOR ( 'NONE', #391, 39.37007874015748143 ) ;
#916 = DIRECTION ( 'NONE',  ( 0.000000000000000000, 0.000000000000000000, 1.000000000000000000 ) ) ;
#917 = CARTESIAN_POINT ( 'NONE',  ( -0.01249999999999999722, 0.3299999999999997380, 0.01250000000000000069 ) ) ;
#918 = FACE_OUTER_BOUND ( 'NONE', #840, .T. ) ;
#919 = EDGE_LOOP ( 'NONE', ( #1308, #2017, #2354, #1233 ) ) ;
#920 = VECTOR ( 'NONE', #845, 39.37007874015748143 ) ;
#921 = VECTOR ( 'NONE', #955, 39.37007874015748143 ) ;
#922 =( NAMED_UNIT ( * ) PLANE_ANGLE_UNIT ( ) SI_UNIT ( $, .RADIAN. ) );
#923 = EDGE_CURVE ( 'NONE', #1616, #2402, #609, .T. ) ;
#924 = ORIENTED_EDGE ( 'NONE', *, *, #187, .F. ) ;
#925 =( LENGTH_UNIT ( ) NAMED_UNIT ( * ) SI_UNIT ( $, .METRE. ) );
#926 = FACE_OUTER_BOUND ( 'NONE', #2041, .T. ) ;
#927 = EDGE_CURVE ( 'NONE', #257, #587, #1495, .T. ) ;
#928 = COLOUR_RGB ( '',0.7921568627450980005, 0.8196078431372548767, 0.9333333333333333481 ) ;
#929 = ORIENTED_EDGE ( 'NONE', *, *, #1058, .T. ) ;
#930 = LINE ( 'NONE', #174, #915 ) ;
#931 = PLANE ( 'NONE',  #1590 ) ;
#932 = SURFACE_STYLE_FILL_AREA ( #135 ) ;
#933 = DIRECTION ( 'NONE',  ( -1.000000000000000000, 0.000000000000000000, -0.000000000000000000 ) ) ;
#934 = ORIENTED_EDGE ( 'NONE', *, *, #2224, .T. ) ;
#935 = SHAPE_DEFINITION_REPRESENTATION ( #1423, #1328 ) ;
#936 = CARTESIAN_POINT ( 'NONE',  ( -0.004499999999999994456, -0.1300000000000000044, -0.004499999999999998793 ) ) ;
#937 = LINE ( 'NONE', #986, #1774 ) ;
#938 = CARTESIAN_POINT ( 'NONE',  ( 0.1499999999999999944, 0.3150000000000000022, -0.1000000000000000056 ) ) ;
#939 = DIMENSIONAL_EXPONENTS ( 1.000000000000000000, 0.000000000000000000, 0.000000000000000000, 0.000000000000000000, 0.000000000000000000, 0.000000000000000000, 0.000000000000000000 ) ;
#940 = VECTOR ( 'NONE', #2066, 39.37007874015748143 ) ;
#941 = CARTESIAN_POINT ( 'NONE',  ( -0.2500000000000000000, -0.5235164807134505827, 0.1000000000000000056 ) ) ;
#942 = DIRECTION ( 'NONE',  ( -0.000000000000000000, 1.000000000000000000, 0.000000000000000000 ) ) ;
#943 = ORIENTED_EDGE ( 'NONE', *, *, #847, .T. ) ;
#944 = DIRECTION ( 'NONE',  ( 0.7071067811865485719, 0.7071067811865464625, 0.000000000000000000 ) ) ;
#945 = LINE ( 'NONE', #764, #961 ) ;
#946 = LINE ( 'NONE', #2476, #965 ) ;
#947 = EDGE_CURVE ( 'NONE', #2225, #2569, #1471, .T. ) ;
#948 = EDGE_CURVE ( 'NONE', #794, #1632, #2376, .T. ) ;
#949 = LINE ( 'NONE', #2298, #3 ) ;
#950 = CARTESIAN_POINT ( 'NONE',  ( 0.1249999999999999584, 0.4649999999999999689, 0.08000000000000007105 ) ) ;
#951 = VECTOR ( 'NONE', #2275, 39.37007874015748143 ) ;
#952 = PLANE ( 'NONE',  #953 ) ;
#953 = AXIS2_PLACEMENT_3D ( 'NONE', #2575, #1640, #681 ) ;
#954 = DIRECTION ( 'NONE',  ( 1.000000000000000000, 1.224646799147354440E-16, 0.000000000000000000 ) ) ;
#955 = DIRECTION ( 'NONE',  ( 1.000000000000000000, 0.000000000000000000, 0.000000000000000000 ) ) ;
#956 = ORIENTED_EDGE ( 'NONE', *, *, #372, .T. ) ;
#957 = SHAPE_REPRESENTATION_RELATIONSHIP ( 'NONE' , 'NONE' ,  #1328, #365 ) ;
#958 = CARTESIAN_POINT ( 'NONE',  ( 0.1699999999999999845, 0.4649999999999999689, -0.09900000000000000466 ) ) ;
#959 = ADVANCED_FACE ( 'NONE', ( #1488 ), #1138, .F. ) ;
#960 = CARTESIAN_POINT ( 'NONE',  ( 0.2299999999999999822, 0.4649999999999999689, -0.09900000000000000466 ) ) ;
#961 = VECTOR ( 'NONE', #2336, 39.37007874015748143 ) ;
#962 = PLANE ( 'NONE',  #2319 ) ;
#963 = ORIENTED_EDGE ( 'NONE', *, *, #813, .T. ) ;
#964 = DIRECTION ( 'NONE',  ( 0.4472135954999579277, 0.8944271909999158554, 0.000000000000000000 ) ) ;
#965 = VECTOR ( 'NONE', #671, 39.37007874015748143 ) ;
#966 = ORIENTED_EDGE ( 'NONE', *, *, #642, .F. ) ;
#967 = VECTOR ( 'NONE', #159, 39.37007874015748143 ) ;
#968 = FACE_OUTER_BOUND ( 'NONE', #2412, .T. ) ;
#969 = CARTESIAN_POINT ( 'NONE',  ( 0.2100000000000000200, 0.1150000000000000050, 0.05999999999999999778 ) ) ;
#970 = EDGE_CURVE ( 'NONE', #426, #1552, #1512, .T. ) ;
#971 = VERTEX_POINT ( 'NONE', #399 ) ;
#972 = CIRCLE ( 'NONE', #2219, 0.05300000000000000544 ) ;
#973 = DIRECTION ( 'NONE',  ( 0.000000000000000000, 0.000000000000000000, 1.000000000000000000 ) ) ;
#974 = DIRECTION ( 'NONE',  ( -1.000000000000000000, 0.000000000000000000, 0.000000000000000000 ) ) ;
#975 = LINE ( 'NONE', #478, #82 ) ;
#976 = VERTEX_POINT ( 'NONE', #1194 ) ;
#977 = EDGE_CURVE ( 'NONE', #740, #1316, #2349, .T. ) ;
#978 = LINE ( 'NONE', #2237, #1866 ) ;
#979 = MANIFOLD_SOLID_BREP ( 'Chamfer2', #767 ) ;
#980 = LINE ( 'NONE', #1704, #1797 ) ;
#981 = EDGE_CURVE ( 'NONE', #2035, #1297, #2340, .T. ) ;
#982 =( LENGTH_UNIT ( ) NAMED_UNIT ( * ) SI_UNIT ( $, .METRE. ) );
#983 = LINE ( 'NONE', #252, #137 ) ;
#984 = LINE ( 'NONE', #69, #1840 ) ;
#985 = DIRECTION ( 'NONE',  ( 0.7071067811865486830, -0.7071067811865464625, 0.000000000000000000 ) ) ;
#986 = CARTESIAN_POINT ( 'NONE',  ( -0.2100000000000000200, 0.4449999999999999512, 0.05999999999999999778 ) ) ;
#987 = LINE ( 'NONE', #113, #1855 ) ;
#988 = LINE ( 'NONE', #502, #951 ) ;
#989 = CARTESIAN_POINT ( 'NONE',  ( 0.01250000000000000590, -0.1049999999999997324, 0.01250000000000000069 ) ) ;
#990 = LINE ( 'NONE', #2544, #129 ) ;
#991 = DIRECTION ( 'NONE',  ( 0.000000000000000000, 0.000000000000000000, -1.000000000000000000 ) ) ;
#992 = DIRECTION ( 'NONE',  ( 1.224646799147354440E-16, -1.000000000000000000, 0.000000000000000000 ) ) ;
#993 = FACE_OUTER_BOUND ( 'NONE', #75, .T. ) ;
#994 =( NAMED_UNIT ( * ) SI_UNIT ( $, .STERADIAN. ) SOLID_ANGLE_UNIT ( ) );
#995 = VECTOR ( 'NONE', #722, 39.37007874015748143 ) ;
#996 = ADVANCED_FACE ( 'NONE', ( #1507 ), #1560, .F. ) ;
#997 = FILL_AREA_STYLE ('',( #2175 ) ) ;
#998 = CARTESIAN_POINT ( 'NONE',  ( -0.2024999999999999856, 1.067128122525102820E-17, -0.1380788655293195555 ) ) ;
#999 = CARTESIAN_POINT ( 'NONE',  ( 0.07499999999999999722, 0.4449999999999999512, 0.05999999999999999778 ) ) ;
#1000 = FACE_OUTER_BOUND ( 'NONE', #1692, .T. ) ;
#1001 = AXIS2_PLACEMENT_3D ( 'NONE', #1984, #2350, #1334 ) ;
#1002 = CARTESIAN_POINT ( 'NONE',  ( 0.2300000000000000655, 0.4649999999999999689, -0.000000000000000000 ) ) ;
#1003 = PRODUCT_DEFINITION_FORMATION_WITH_SPECIFIED_SOURCE ( 'ANY', '', #1982, .NOT_KNOWN. ) ;
#1004 = DIRECTION ( 'NONE',  ( 1.000000000000000000, 1.224646799147354440E-16, -0.000000000000000000 ) ) ;
#1005 = EDGE_CURVE ( 'NONE', #1137, #409, #631, .T. ) ;
#1006 = DIRECTION ( 'NONE',  ( -0.000000000000000000, -0.000000000000000000, -1.000000000000000000 ) ) ;
#1007 = CARTESIAN_POINT ( 'NONE',  ( 0.2100000000000000200, 0.4449999999999999512, 0.05999999999999999778 ) ) ;
#1008 = EDGE_CURVE ( 'NONE', #2315, #297, #1517, .T. ) ;
#1009 = CARTESIAN_POINT ( 'NONE',  ( -0.2100000000000000200, 0.1150000000000000050, -0.05999999999999999778 ) ) ;
#1010 = VECTOR ( 'NONE', #1040, 39.37007874015748143 ) ;
#1011 = PLANE ( 'NONE',  #535 ) ;
#1012 = ADVANCED_FACE ( 'NONE', ( #1523 ), #1610, .T. ) ;
#1013 = EDGE_CURVE ( 'NONE', #1186, #2396, #641, .T. ) ;
#1014 = DIRECTION ( 'NONE',  ( 0.000000000000000000, 0.000000000000000000, 1.000000000000000000 ) ) ;
#1015 = LINE ( 'NONE', #958, #1022 ) ;
#1016 = CARTESIAN_POINT ( 'NONE',  ( 0.07499999999999999722, 0.1150000000000000050, 0.1000000000000000056 ) ) ;
#1017 = LINE ( 'NONE', #1978, #995 ) ;
#1018 = CARTESIAN_POINT ( 'NONE',  ( -0.1824999999999999678, 0.01499999999999997689, -0.1380788655293195555 ) ) ;
#1019 = DIRECTION ( 'NONE',  ( 1.000000000000000000, 0.000000000000000000, 0.000000000000000000 ) ) ;
#1020 = LINE ( 'NONE', #2346, #1860 ) ;
#1021 = FACE_OUTER_BOUND ( 'NONE', #1727, .T. ) ;
#1022 = VECTOR ( 'NONE', #447, 39.37007874015748143 ) ;
#1023 = CARTESIAN_POINT ( 'NONE',  ( 0.000000000000000000, 0.4649999999999999689, 0.000000000000000000 ) ) ;
#1024 = CARTESIAN_POINT ( 'NONE',  ( 0.1999999999999999833, 0.4049999999999999711, -0.09900000000000000466 ) ) ;
#1025 = EDGE_CURVE ( 'NONE', #1316, #1442, #2428, .T. ) ;
#1026 = LINE ( 'NONE', #2124, #80 ) ;
#1027 = ADVANCED_FACE ( 'NONE', ( #1621 ), #2039, .F. ) ;
#1028 = VERTEX_POINT ( 'NONE', #1361 ) ;
#1029 = LINE ( 'NONE', #1384, #1900 ) ;
#1030 = MECHANICAL_DESIGN_GEOMETRIC_PRESENTATION_REPRESENTATION (  '', ( #100 ), #534 ) ;
#1031 = VECTOR ( 'NONE', #1998, 39.37007874015748854 ) ;
#1032 = ORIENTED_EDGE ( 'NONE', *, *, #2256, .T. ) ;
#1033 = DIRECTION ( 'NONE',  ( 1.000000000000000000, 0.000000000000000000, 0.000000000000000000 ) ) ;
#1034 = CARTESIAN_POINT ( 'NONE',  ( -0.01249999999999999722, 0.1150000000000000050, -0.01250000000000000069 ) ) ;
#1035 = VECTOR ( 'NONE', #1094, 39.37007874015748143 ) ;
#1036 = ORIENTED_EDGE ( 'NONE', *, *, #493, .F. ) ;
#1037 = DIRECTION ( 'NONE',  ( 0.000000000000000000, 0.000000000000000000, 1.000000000000000000 ) ) ;
#1038 = LINE ( 'NONE', #234, #140 ) ;
#1039 = CARTESIAN_POINT ( 'NONE',  ( -0.1300000000000000600, 0.4649999999999999689, -0.1400000000000000411 ) ) ;
#1040 = DIRECTION ( 'NONE',  ( -1.000000000000000000, 0.000000000000000000, 0.000000000000000000 ) ) ;
#1041 = VECTOR ( 'NONE', #2322, 39.37007874015748143 ) ;
#1042 = ORIENTED_EDGE ( 'NONE', *, *, #1897, .T. ) ;
#1043 = VECTOR ( 'NONE', #2332, 39.37007874015748143 ) ;
#1044 = DIRECTION ( 'NONE',  ( 1.000000000000000000, 0.000000000000000000, -0.000000000000000000 ) ) ;
#1045 = UNCERTAINTY_MEASURE_WITH_UNIT (LENGTH_MEASURE( 1.000000000000000082E-05 ), #879, 'distance_accuracy_value', 'NONE');
#1046 = FACE_OUTER_BOUND ( 'NONE', #1215, .T. ) ;
#1047 = ADVANCED_FACE ( 'NONE', ( #2541 ), #1839, .F. ) ;
#1048 = VERTEX_POINT ( 'NONE', #1371 ) ;
#1049 = DIRECTION ( 'NONE',  ( 0.000000000000000000, 0.000000000000000000, -1.000000000000000000 ) ) ;
#1050 = CARTESIAN_POINT ( 'NONE',  ( 0.000000000000000000, 0.3150000000000000022, 0.000000000000000000 ) ) ;
#1051 = CARTESIAN_POINT ( 'NONE',  ( 0.1999999999999999833, 0.4049999999999999711, -0.09900000000000000466 ) ) ;
#1052 = CARTESIAN_POINT ( 'NONE',  ( -0.2174999999999999989, 0.01499999999999996128, -0.1000000000000000056 ) ) ;
#1053 = ORIENTED_EDGE ( 'NONE', *, *, #187, .T. ) ;
#1054 = AXIS2_PLACEMENT_3D ( 'NONE', #861, #2029, #501 ) ;
#1055 = DIRECTION ( 'NONE',  ( 1.000000000000000000, 0.000000000000000000, 0.000000000000000000 ) ) ;
#1056 = FACE_OUTER_BOUND ( 'NONE', #2503, .T. ) ;
#1057 = CARTESIAN_POINT ( 'NONE',  ( 0.1099999999999999867, 0.3150000000000000022, -0.1199999999999999956 ) ) ;
#1058 = EDGE_CURVE ( 'NONE', #2394, #1930, #1673, .T. ) ;
#1059 = CARTESIAN_POINT ( 'NONE',  ( -0.06000000000000004635, 0.3150000000000000577, -0.1000000000000000056 ) ) ;
#1060 = LINE ( 'NONE', #1379, #1165 ) ;
#1061 = ORIENTED_EDGE ( 'NONE', *, *, #2272, .T. ) ;
#1062 = ORIENTED_EDGE ( 'NONE', *, *, #875, .F. ) ;
#1063 = CARTESIAN_POINT ( 'NONE',  ( -0.1499999999999999944, 0.4649999999999999689, -0.1600000000000000033 ) ) ;
#1064 = CARTESIAN_POINT ( 'NONE',  ( -0.01249999999999999722, -0.1300000000000000044, -0.01250000000000000069 ) ) ;
#1065 = AXIS2_PLACEMENT_3D ( 'NONE', #1976, #1511, #1952 ) ;
#1066 = VECTOR ( 'NONE', #70, 39.37007874015748143 ) ;
#1067 = DIRECTION ( 'NONE',  ( 0.000000000000000000, 0.3047757271037809801, 0.9524241471993251107 ) ) ;
#1068 = DIRECTION ( 'NONE',  ( 0.000000000000000000, -1.000000000000000000, 0.000000000000000000 ) ) ;
#1069 = LINE ( 'NONE', #526, #1043 ) ;
#1070 = CARTESIAN_POINT ( 'NONE',  ( 0.000000000000000000, 0.3150000000000000022, 0.000000000000000000 ) ) ;
#1071 = LINE ( 'NONE', #1965, #175 ) ;
#1072 = ADVANCED_FACE ( 'NONE', ( #1630 ), #1770, .F. ) ;
#1073 = ORIENTED_EDGE ( 'NONE', *, *, #2294, .T. ) ;
#1074 = FACE_OUTER_BOUND ( 'NONE', #597, .T. ) ;
#1075 = FILL_AREA_STYLE ('',( #414 ) ) ;
#1076 = EDGE_CURVE ( 'NONE', #1048, #1902, #672, .T. ) ;
#1077 = FACE_OUTER_BOUND ( 'NONE', #1133, .T. ) ;
#1078 = DIRECTION ( 'NONE',  ( -1.000000000000000000, 0.000000000000000000, 0.000000000000000000 ) ) ;
#1079 = ORIENTED_EDGE ( 'NONE', *, *, #2256, .F. ) ;
#1080 = VECTOR ( 'NONE', #1593, 39.37007874015748143 ) ;
#1081 = DIRECTION ( 'NONE',  ( -0.000000000000000000, 1.000000000000000000, -0.000000000000000000 ) ) ;
#1082 = LINE ( 'NONE', #199, #190 ) ;
#1083 = UNCERTAINTY_MEASURE_WITH_UNIT (LENGTH_MEASURE( 1.000000000000000082E-05 ), #270, 'distance_accuracy_value', 'NONE');
#1084 = CARTESIAN_POINT ( 'NONE',  ( -0.1974999999999999811, 1.128360462482470653E-17, 0.1000000000000000056 ) ) ;
#1085 = FACE_OUTER_BOUND ( 'NONE', #404, .T. ) ;
#1086 = DIRECTION ( 'NONE',  ( 1.224646799147354440E-16, -1.000000000000000000, 0.000000000000000000 ) ) ;
#1087 = CARTESIAN_POINT ( 'NONE',  ( -0.2100000000000000200, 0.4449999999999999512, -0.05999999999999999778 ) ) ;
#1088 = AXIS2_PLACEMENT_3D ( 'NONE', #1928, #2129, #2158 ) ;
#1089 = ORIENTED_EDGE ( 'NONE', *, *, #2618, .F. ) ;
#1090 = CARTESIAN_POINT ( 'NONE',  ( 0.000000000000000000, 0.4649999999999999689, -0.08000000000000007105 ) ) ;
#1091 = ADVANCED_FACE ( 'NONE', ( #2435 ), #788, .F. ) ;
#1092 = ORIENTED_EDGE ( 'NONE', *, *, #1935, .T. ) ;
#1093 = EDGE_CURVE ( 'NONE', #2388, #1440, #693, .T. ) ;
#1094 = DIRECTION ( 'NONE',  ( 0.000000000000000000, 0.000000000000000000, 1.000000000000000000 ) ) ;
#1095 = AXIS2_PLACEMENT_3D ( 'NONE', #86, #1416, #265 ) ;
#1096 = FACE_OUTER_BOUND ( 'NONE', #651, .T. ) ;
#1097 = ORIENTED_EDGE ( 'NONE', *, *, #1520, .F. ) ;
#1098 = CARTESIAN_POINT ( 'NONE',  ( 0.2174999999999999989, 0.01500000000000002547, -0.1380788655293195555 ) ) ;
#1099 = VECTOR ( 'NONE', #554, 39.37007874015748143 ) ;
#1100 =( NAMED_UNIT ( * ) PLANE_ANGLE_UNIT ( ) SI_UNIT ( $, .RADIAN. ) );
#1101 = EDGE_CURVE ( 'NONE', #676, #2311, #1597, .T. ) ;
#1102 = LINE ( 'NONE', #2069, #1176 ) ;
#1103 = ORIENTED_EDGE ( 'NONE', *, *, #560, .F. ) ;
#1104 = EDGE_CURVE ( 'NONE', #1198, #401, #707, .T. ) ;
#1105 = PLANE ( 'NONE',  #552 ) ;
#1106 = ORIENTED_EDGE ( 'NONE', *, *, #1008, .F. ) ;
#1107 = VECTOR ( 'NONE', #2052, 39.37007874015748854 ) ;
#1108 = ORIENTED_EDGE ( 'NONE', *, *, #2411, .T. ) ;
#1109 = ORIENTED_EDGE ( 'NONE', *, *, #1333, .T. ) ;
#1110 = FACE_OUTER_BOUND ( 'NONE', #1155, .T. ) ;
#1111 = ORIENTED_EDGE ( 'NONE', *, *, #1851, .T. ) ;
#1112 = CARTESIAN_POINT ( 'NONE',  ( 0.1099999999999999867, 0.4449999999999999512, -0.1199999999999999956 ) ) ;
#1113 = ORIENTED_EDGE ( 'NONE', *, *, #2057, .F. ) ;
#1114 = LINE ( 'NONE', #1904, #1971 ) ;
#1115 = VECTOR ( 'NONE', #908, 39.37007874015748143 ) ;
#1116 = ADVANCED_FACE ( 'NONE', ( #1589 ), #496, .F. ) ;
#1117 = ORIENTED_EDGE ( 'NONE', *, *, #807, .F. ) ;
#1118 = LINE ( 'NONE', #2409, #1132 ) ;
#1119 = FILL_AREA_STYLE_COLOUR ( '', #928 ) ;
#1120 = ORIENTED_EDGE ( 'NONE', *, *, #2623, .F. ) ;
#1121 = DIRECTION ( 'NONE',  ( 0.000000000000000000, -0.000000000000000000, -1.000000000000000000 ) ) ;
#1122 = ORIENTED_EDGE ( 'NONE', *, *, #2224, .F. ) ;
#1123 = EDGE_CURVE ( 'NONE', #587, #768, #733, .T. ) ;
#1124 = CARTESIAN_POINT ( 'NONE',  ( 0.2300000000000000655, 0.4649999999999999689, 0.08000000000000007105 ) ) ;
#1125 = EDGE_LOOP ( 'NONE', ( #1539, #1117, #1457, #1178 ) ) ;
#1126 = ORIENTED_EDGE ( 'NONE', *, *, #1926, .T. ) ;
#1127 = VECTOR ( 'NONE', #2312, 39.37007874015748143 ) ;
#1128 = CARTESIAN_POINT ( 'NONE',  ( 0.1974999999999999811, 5.965715319114514816E-17, 0.1000000000000000056 ) ) ;
#1129 = ORIENTED_EDGE ( 'NONE', *, *, #2407, .F. ) ;
#1130 = CARTESIAN_POINT ( 'NONE',  ( 0.01250000000000000590, 0.3299999999999997380, 0.01250000000000000069 ) ) ;
#1131 = ORIENTED_EDGE ( 'NONE', *, *, #1093, .T. ) ;
#1132 = VECTOR ( 'NONE', #231, 39.37007874015748143 ) ;
#1133 = EDGE_LOOP ( 'NONE', ( #640, #695, #1207, #1649 ) ) ;
#1134 = DIRECTION ( 'NONE',  ( 1.000000000000000000, 0.000000000000000000, 0.000000000000000000 ) ) ;
#1135 = ORIENTED_EDGE ( 'NONE', *, *, #2276, .F. ) ;
#1136 = EDGE_CURVE ( 'NONE', #1297, #673, #758, .T. ) ;
#1137 = VERTEX_POINT ( 'NONE', #110 ) ;
#1138 = PLANE ( 'NONE',  #1435 ) ;
#1139 = ORIENTED_EDGE ( 'NONE', *, *, #446, .T. ) ;
#1140 = VECTOR ( 'NONE', #1242, 39.37007874015748143 ) ;
#1141 = CARTESIAN_POINT ( 'NONE',  ( 0.000000000000000000, 0.4649999999999999689, 0.000000000000000000 ) ) ;
#1142 = ORIENTED_EDGE ( 'NONE', *, *, #1926, .F. ) ;
#1143 = VECTOR ( 'NONE', #586, 39.37007874015748143 ) ;
#1144 = PLANE ( 'NONE',  #1305 ) ;
#1145 = VERTEX_POINT ( 'NONE', #655 ) ;
#1146 = DIRECTION ( 'NONE',  ( 0.000000000000000000, 0.000000000000000000, -1.000000000000000000 ) ) ;
#1147 = ORIENTED_EDGE ( 'NONE', *, *, #1372, .F. ) ;
#1148 = FACE_OUTER_BOUND ( 'NONE', #687, .T. ) ;
#1149 =( NAMED_UNIT ( * ) SI_UNIT ( $, .STERADIAN. ) SOLID_ANGLE_UNIT ( ) );
#1150 = ORIENTED_EDGE ( 'NONE', *, *, #1482, .F. ) ;
#1151 = CARTESIAN_POINT ( 'NONE',  ( 0.1250000000000000000, 0.1150000000000000050, 0.05999999999999999778 ) ) ;
#1152 = ORIENTED_EDGE ( 'NONE', *, *, #214, .T. ) ;
#1153 = LINE ( 'NONE', #2629, #295 ) ;
#1154 = CARTESIAN_POINT ( 'NONE',  ( 0.1999999999999999278, 0.4049999999999999156, -0.1000000000000000056 ) ) ;
#1155 = EDGE_LOOP ( 'NONE', ( #235, #2205, #2482, #1537 ) ) ;
#1156 = EDGE_CURVE ( 'NONE', #1360, #1653, #2474, .T. ) ;
#1157 = VECTOR ( 'NONE', #241, 39.37007874015748143 ) ;
#1158 = PRODUCT_RELATED_PRODUCT_CATEGORY ( 'part', '', ( #1982 ) ) ;
#1159 = ORIENTED_EDGE ( 'NONE', *, *, #360, .F. ) ;
#1160 = LINE ( 'NONE', #1090, #2037 ) ;
#1161 = DIRECTION ( 'NONE',  ( 0.000000000000000000, 0.000000000000000000, -1.000000000000000000 ) ) ;
#1162 = ADVANCED_FACE ( 'NONE', ( #1614 ), #952, .T. ) ;
#1163 = VERTEX_POINT ( 'NONE', #91 ) ;
#1164 = DIRECTION ( 'NONE',  ( 0.000000000000000000, 1.000000000000000000, 0.000000000000000000 ) ) ;
#1165 = VECTOR ( 'NONE', #1004, 39.37007874015748143 ) ;
#1166 = VERTEX_POINT ( 'NONE', #1403 ) ;
#1167 = DIRECTION ( 'NONE',  ( 1.000000000000000000, -0.000000000000000000, -0.000000000000000000 ) ) ;
#1168 = CARTESIAN_POINT ( 'NONE',  ( 0.004117529880478087989, 0.3561952191235060461, -0.004117529880478083652 ) ) ;
#1169 = VERTEX_POINT ( 'NONE', #1487 ) ;
#1170 = LINE ( 'NONE', #368, #291 ) ;
#1171 = DIRECTION ( 'NONE',  ( 0.7071067811865463515, -0.7071067811865487940, 0.000000000000000000 ) ) ;
#1172 = EDGE_LOOP ( 'NONE', ( #2601, #1714, #872, #1719 ) ) ;
#1173 = PLANE ( 'NONE',  #2245 ) ;
#1174 = DIRECTION ( 'NONE',  ( 0.000000000000000000, 0.000000000000000000, 1.000000000000000000 ) ) ;
#1175 = VERTEX_POINT ( 'NONE', #1662 ) ;
#1176 = VECTOR ( 'NONE', #2098, 39.37007874015748143 ) ;
#1177 = CARTESIAN_POINT ( 'NONE',  ( -0.1099999999999999867, 0.3150000000000000022, -0.05999999999999999084 ) ) ;
#1178 = ORIENTED_EDGE ( 'NONE', *, *, #439, .F. ) ;
#1179 = CARTESIAN_POINT ( 'NONE',  ( -0.1300000000000000600, 0.4649999999999999689, -0.000000000000000000 ) ) ;
#1180 = CARTESIAN_POINT ( 'NONE',  ( -0.07499999999999999722, 0.000000000000000000, 0.000000000000000000 ) ) ;
#1181 = ADVANCED_FACE ( 'NONE', ( #2459 ), #1913, .T. ) ;
#1182 = VERTEX_POINT ( 'NONE', #1760 ) ;
#1183 = DIRECTION ( 'NONE',  ( -1.000000000000000000, -0.000000000000000000, -0.000000000000000000 ) ) ;
#1184 = CARTESIAN_POINT ( 'NONE',  ( 0.07499999999999999722, 0.1150000000000000050, 0.1000000000000000056 ) ) ;
#1185 = LINE ( 'NONE', #416, #2047 ) ;
#1186 = VERTEX_POINT ( 'NONE', #579 ) ;
#1187 = ORIENTED_EDGE ( 'NONE', *, *, #1451, .F. ) ;
#1188 = AXIS2_PLACEMENT_3D ( 'NONE', #2617, #2594, #1354 ) ;
#1189 = FILL_AREA_STYLE_COLOUR ( '', #852 ) ;
#1190 = DIRECTION ( 'NONE',  ( 0.000000000000000000, 0.000000000000000000, -1.000000000000000000 ) ) ;
#1191 = VERTEX_POINT ( 'NONE', #1948 ) ;
#1192 = VERTEX_POINT ( 'NONE', #1052 ) ;
#1193 = LINE ( 'NONE', #2061, #1143 ) ;
#1194 = CARTESIAN_POINT ( 'NONE',  ( -0.06000000000000003247, 0.1150000000000000050, -0.1000000000000000056 ) ) ;
#1195 = EDGE_CURVE ( 'NONE', #1564, #268, #678, .T. ) ;
#1196 = AXIS2_PLACEMENT_3D ( 'NONE', #636, #916, #1228 ) ;
#1197 = DIRECTION ( 'NONE',  ( -1.000000000000000000, 0.000000000000000000, 0.000000000000000000 ) ) ;
#1198 = VERTEX_POINT ( 'NONE', #1715 ) ;
#1199 = VECTOR ( 'NONE', #2090, 39.37007874015748143 ) ;
#1200 = AXIS2_PLACEMENT_3D ( 'NONE', #133, #778, #911 ) ;
#1201 = ORIENTED_EDGE ( 'NONE', *, *, #1643, .F. ) ;
#1202 = CARTESIAN_POINT ( 'NONE',  ( 0.1300000000000000600, 0.4649999999999999689, -0.1400000000000000411 ) ) ;
#1203 = DIRECTION ( 'NONE',  ( -0.000000000000000000, -0.000000000000000000, 1.000000000000000000 ) ) ;
#1204 = LINE ( 'NONE', #498, #400 ) ;
#1205 = ADVANCED_FACE ( 'NONE', ( #713 ), #1734, .F. ) ;
#1206 = ITEM_DEFINED_TRANSFORMATION ( 'NONE', 'NONE', #2032,  #511 ) ;
#1207 = ORIENTED_EDGE ( 'NONE', *, *, #882, .T. ) ;
#1208 = CARTESIAN_POINT ( 'NONE',  ( 0.2100000000000000200, 0.4449999999999999512, -0.05999999999999999778 ) ) ;
#1209 = CARTESIAN_POINT ( 'NONE',  ( -0.2100000000000000200, 0.4449999999999999512, 0.05999999999999999778 ) ) ;
#1210 = ORIENTED_EDGE ( 'NONE', *, *, #232, .T. ) ;
#1211 = PRODUCT_DEFINITION_SHAPE ( 'NONE', 'NONE',  #912 ) ;
#1212 = DIRECTION ( 'NONE',  ( 1.000000000000000000, 0.000000000000000000, -0.000000000000000000 ) ) ;
#1213 = ORIENTED_EDGE ( 'NONE', *, *, #261, .F. ) ;
#1214 = CARTESIAN_POINT ( 'NONE',  ( 0.2024999999999999856, 6.026947659071883574E-17, 0.1000000000000000056 ) ) ;
#1215 = EDGE_LOOP ( 'NONE', ( #1497, #1445, #1967 ) ) ;
#1216 = CARTESIAN_POINT ( 'NONE',  ( -0.2500000000000000000, 0.4649999999999999689, -0.1000000000000000056 ) ) ;
#1217 = VECTOR ( 'NONE', #1908, 39.37007874015748143 ) ;
#1218 = ORIENTED_EDGE ( 'NONE', *, *, #446, .F. ) ;
#1219 = AXIS2_PLACEMENT_3D ( 'NONE', #461, #335, #836 ) ;
#1220 = DIRECTION ( 'NONE',  ( -0.4472135954999579277, -0.8944271909999158554, -0.000000000000000000 ) ) ;
#1221 = CARTESIAN_POINT ( 'NONE',  ( 0.1999999999999999833, 0.4049999999999999711, -0.09900000000000000466 ) ) ;
#1222 = ORIENTED_EDGE ( 'NONE', *, *, #691, .T. ) ;
#1223 = EDGE_CURVE ( 'NONE', #708, #1930, #1638, .T. ) ;
#1224 = DIRECTION ( 'NONE',  ( 0.000000000000000000, -0.7071067811865452413, -0.7071067811865497932 ) ) ;
#1225 = CARTESIAN_POINT ( 'NONE',  ( 0.05999999999999996309, 0.3150000000000000022, -0.08000000000000007105 ) ) ;
#1226 = EDGE_CURVE ( 'NONE', #708, #2035, #2487, .T. ) ;
#1227 = VERTEX_POINT ( 'NONE', #2232 ) ;
#1228 = DIRECTION ( 'NONE',  ( 1.000000000000000000, 0.000000000000000000, 0.000000000000000000 ) ) ;
#1229 = ORIENTED_EDGE ( 'NONE', *, *, #2248, .T. ) ;
#1230 = EDGE_CURVE ( 'NONE', #300, #2316, #1646, .T. ) ;
#1231 = DIRECTION ( 'NONE',  ( -0.4472135954999579277, 0.8944271909999158554, 0.000000000000000000 ) ) ;
#1232 = FACE_OUTER_BOUND ( 'NONE', #393, .T. ) ;
#1233 = ORIENTED_EDGE ( 'NONE', *, *, #470, .F. ) ;
#1234 = DIRECTION ( 'NONE',  ( -0.000000000000000000, -1.000000000000000000, -0.000000000000000000 ) ) ;
#1235 = DIRECTION ( 'NONE',  ( 1.000000000000000000, 0.000000000000000000, 0.000000000000000000 ) ) ;
#1236 = EDGE_LOOP ( 'NONE', ( #264, #662, #1529, #246 ) ) ;
#1237 = DIRECTION ( 'NONE',  ( 0.000000000000000000, 0.000000000000000000, -1.000000000000000000 ) ) ;
#1238 = DIRECTION ( 'NONE',  ( 0.7071067811865463515, -0.7071067811865487940, 0.000000000000000000 ) ) ;
#1239 = ORIENTED_EDGE ( 'NONE', *, *, #2003, .T. ) ;
#1240 = APPLICATION_CONTEXT ( 'automotive_design' ) ;
#1241 = VECTOR ( 'NONE', #594, 39.37007874015748143 ) ;
#1242 = DIRECTION ( 'NONE',  ( -0.000000000000000000, -0.000000000000000000, -1.000000000000000000 ) ) ;
#1243 = ORIENTED_EDGE ( 'NONE', *, *, #74, .F. ) ;
#1244 = DIRECTION ( 'NONE',  ( -0.000000000000000000, -1.000000000000000000, -0.000000000000000000 ) ) ;
#1245 = AXIS2_PLACEMENT_3D ( 'NONE', #2251, #1923, #66 ) ;
#1246 = ORIENTED_EDGE ( 'NONE', *, *, #627, .T. ) ;
#1247 = CARTESIAN_POINT ( 'NONE',  ( 0.1999999999999999833, 0.4049999999999999711, -0.09900000000000000466 ) ) ;
#1248 = VECTOR ( 'NONE', #2274, 39.37007874015748143 ) ;
#1249 = AXIS2_PLACEMENT_3D ( 'NONE', #865, #2546, #450 ) ;
#1250 = DIRECTION ( 'NONE',  ( 0.000000000000000000, 0.000000000000000000, 1.000000000000000000 ) ) ;
#1251 = DIRECTION ( 'NONE',  ( 0.000000000000000000, -0.000000000000000000, 1.000000000000000000 ) ) ;
#1252 = ORIENTED_EDGE ( 'NONE', *, *, #1008, .T. ) ;
#1253 = CARTESIAN_POINT ( 'NONE',  ( 0.01250000000000000590, -0.1049999999999997324, 0.01250000000000000069 ) ) ;
#1254 = LINE ( 'NONE', #81, #1282 ) ;
#1255 = ORIENTED_EDGE ( 'NONE', *, *, #1274, .F. ) ;
#1256 = CARTESIAN_POINT ( 'NONE',  ( -0.04999999999999998196, 0.000000000000000000, 0.000000000000000000 ) ) ;
#1257 = PRESENTATION_STYLE_ASSIGNMENT (( #1424 ) ) ;
#1258 = CARTESIAN_POINT ( 'NONE',  ( 0.1499999999999999944, 0.3150000000000000022, -0.1600000000000000033 ) ) ;
#1259 = ADVANCED_FACE ( 'NONE', ( #1651 ), #874, .T. ) ;
#1260 = EDGE_CURVE ( 'NONE', #728, #2021, #2536, .T. ) ;
#1261 = ORIENTED_EDGE ( 'NONE', *, *, #947, .F. ) ;
#1262 = LINE ( 'NONE', #2125, #1241 ) ;
#1263 = DIRECTION ( 'NONE',  ( -0.000000000000000000, -1.000000000000000000, -0.000000000000000000 ) ) ;
#1264 = VERTEX_POINT ( 'NONE', #1547 ) ;
#1265 = DIRECTION ( 'NONE',  ( -1.000000000000000000, 0.000000000000000000, 0.000000000000000000 ) ) ;
#1266 = CARTESIAN_POINT ( 'NONE',  ( -0.06000000000000003247, -0.01149110640673522282, -0.1000000000000000056 ) ) ;
#1267 = CARTESIAN_POINT ( 'NONE',  ( 0.1999999999999999833, 0.4049999999999999711, -0.1000000000000000056 ) ) ;
#1268 = VERTEX_POINT ( 'NONE', #1351 ) ;
#1269 = DIRECTION ( 'NONE',  ( 0.000000000000000000, 0.000000000000000000, -1.000000000000000000 ) ) ;
#1270 = FACE_OUTER_BOUND ( 'NONE', #1961, .T. ) ;
#1271 = DIRECTION ( 'NONE',  ( 0.000000000000000000, 0.000000000000000000, 1.000000000000000000 ) ) ;
#1272 = DIRECTION ( 'NONE',  ( -0.8944271909999159664, -0.4472135954999579832, 0.000000000000000000 ) ) ;
#1273 = ORIENTED_EDGE ( 'NONE', *, *, #372, .F. ) ;
#1274 = EDGE_CURVE ( 'NONE', #1198, #2225, #2530, .T. ) ;
#1275 = PLANE ( 'NONE',  #1054 ) ;
#1276 =( REPRESENTATION_RELATIONSHIP ('NONE','NONE', #1832, #1328 ) REPRESENTATION_RELATIONSHIP_WITH_TRANSFORMATION ( #427 )SHAPE_REPRESENTATION_RELATIONSHIP( ) );
#1277 = EDGE_CURVE ( 'NONE', #971, #626, #2547, .T. ) ;
#1278 = FILL_AREA_STYLE_COLOUR ( '', #373 ) ;
#1279 = ORIENTED_EDGE ( 'NONE', *, *, #795, .F. ) ;
#1280 = CARTESIAN_POINT ( 'NONE',  ( 0.000000000000000000, 0.3150000000000000022, 0.000000000000000000 ) ) ;
#1281 = AXIS2_PLACEMENT_3D ( 'NONE', #353, #492, #1332 ) ;
#1282 = VECTOR ( 'NONE', #2094, 39.37007874015748854 ) ;
#1283 = ORIENTED_EDGE ( 'NONE', *, *, #875, .T. ) ;
#1284 = EDGE_CURVE ( 'NONE', #217, #300, #720, .T. ) ;
#1285 = CARTESIAN_POINT ( 'NONE',  ( 0.01250000000000000590, 0.01500000000000000291, 0.01250000000000000069 ) ) ;
#1286 = EDGE_LOOP ( 'NONE', ( #1283, #322, #318, #1543 ) ) ;
#1287 = CARTESIAN_POINT ( 'NONE',  ( -0.004499999999999984915, 0.3550000000000000377, -0.004499999999999989252 ) ) ;
#1288 = ORIENTED_EDGE ( 'NONE', *, *, #422, .T. ) ;
#1289 = DIRECTION ( 'NONE',  ( -1.000000000000000000, 0.000000000000000000, 0.000000000000000000 ) ) ;
#1290 = EDGE_LOOP ( 'NONE', ( #2119, #1644, #754, #2105, #1561 ) ) ;
#1291 =( NAMED_UNIT ( * ) SI_UNIT ( $, .STERADIAN. ) SOLID_ANGLE_UNIT ( ) );
#1292 = PRODUCT_DEFINITION_SHAPE ( 'NONE', 'NONE',  #2635 ) ;
#1293 = DIRECTION ( 'NONE',  ( 1.000000000000000000, 1.224646799147354440E-16, 0.000000000000000000 ) ) ;
#1294 = ORIENTED_EDGE ( 'NONE', *, *, #2006, .T. ) ;
#1295 = CARTESIAN_POINT ( 'NONE',  ( 0.1499999999999999944, 0.3150000000000000022, -0.1600000000000000033 ) ) ;
#1296 = EDGE_CURVE ( 'NONE', #163, #1505, #702, .T. ) ;
#1297 = VERTEX_POINT ( 'NONE', #1202 ) ;
#1298 = APPLICATION_PROTOCOL_DEFINITION ( 'draft international standard', 'automotive_design', 1998, #1934 ) ;
#1299 = DIRECTION ( 'NONE',  ( -0.000000000000000000, -0.000000000000000000, -1.000000000000000000 ) ) ;
#1300 = EDGE_CURVE ( 'NONE', #2014, #305, #1567, .T. ) ;
#1301 = DIRECTION ( 'NONE',  ( -1.000000000000000000, 0.000000000000000000, -0.000000000000000000 ) ) ;
#1302 = VERTEX_POINT ( 'NONE', #156 ) ;
#1303 = EDGE_CURVE ( 'NONE', #2225, #1687, #685, .T. ) ;
#1304 = AXIS2_PLACEMENT_3D ( 'NONE', #1141, #1867, #71 ) ;
#1305 = AXIS2_PLACEMENT_3D ( 'NONE', #1312, #2518, #2283 ) ;
#1306 = EDGE_LOOP ( 'NONE', ( #1032, #690, #1907, #625, #582 ) ) ;
#1307 = DIRECTION ( 'NONE',  ( 1.000000000000000000, 0.000000000000000000, 0.000000000000000000 ) ) ;
#1308 = ORIENTED_EDGE ( 'NONE', *, *, #2618, .T. ) ;
#1309 = CARTESIAN_POINT ( 'NONE',  ( 0.1099999999999999867, 0.2949999999999997624, -0.05999999999999999778 ) ) ;
#1310 = DIRECTION ( 'NONE',  ( -0.000000000000000000, -0.000000000000000000, -1.000000000000000000 ) ) ;
#1311 = EDGE_LOOP ( 'NONE', ( #2148, #1985, #2405, #349, #808, #2127, #352, #1657, #761, #2514, #1222, #851, #2469, #1598, #2078, #374, #1572, #1534, #2448, #744, #684, #1525, #1491, #222 ) ) ;
#1312 = CARTESIAN_POINT ( 'NONE',  ( -0.1499999999999999944, 0.3150000000000000022, -0.1000000000000000056 ) ) ;
#1313 = CARTESIAN_POINT ( 'NONE',  ( -0.2500000000000000000, -0.5235164807134505827, -0.1000000000000000056 ) ) ;
#1314 = ORIENTED_EDGE ( 'NONE', *, *, #2096, .F. ) ;
#1315 = ITEM_DEFINED_TRANSFORMATION ( 'NONE', 'NONE', #1953,  #511 ) ;
#1316 = VERTEX_POINT ( 'NONE', #2162 ) ;
#1317 = CARTESIAN_POINT ( 'NONE',  ( -0.06000000000000003247, 0.2949999999999997624, -0.05999999999999999084 ) ) ;
#1318 = CARTESIAN_POINT ( 'NONE',  ( 0.01250000000000000590, -0.1300000000000000044, 0.01250000000000000069 ) ) ;
#1319 = ORIENTED_EDGE ( 'NONE', *, *, #333, .T. ) ;
#1320 =( CONVERSION_BASED_UNIT ( 'INCH', #784 ) LENGTH_UNIT ( ) NAMED_UNIT ( #1899 ) );
#1321 = AXIS2_PLACEMENT_3D ( 'NONE', #563, #1235, #1049 ) ;
#1322 = CARTESIAN_POINT ( 'NONE',  ( -0.1250000000000000000, 0.1150000000000000050, 0.1000000000000000056 ) ) ;
#1323 = CARTESIAN_POINT ( 'NONE',  ( -0.05700000000000000205, 0.3519999999999999796, 0.1176972864800942681 ) ) ;
#1324 = ORIENTED_EDGE ( 'NONE', *, *, #1413, .F. ) ;
#1325 = ADVANCED_FACE ( 'NONE', ( #2556 ), #131, .F. ) ;
#1326 = EDGE_LOOP ( 'NONE', ( #1474, #715, #1974, #734 ) ) ;
#1327 = CARTESIAN_POINT ( 'NONE',  ( 0.2100000000000000200, 0.1150000000000000050, 0.05999999999999999778 ) ) ;
#1328 = SHAPE_REPRESENTATION ( '705430001_Pins_Gold_Tin_2_705430001_Pins_Gold_Tin_2', ( #511 ), #413 ) ;
#1329 = PLANE ( 'NONE',  #1200 ) ;
#1330 = ORIENTED_EDGE ( 'NONE', *, *, #2307, .F. ) ;
#1331 = EDGE_CURVE ( 'NONE', #253, #568, #806, .T. ) ;
#1332 = DIRECTION ( 'NONE',  ( 1.000000000000000000, 0.000000000000000000, 0.000000000000000000 ) ) ;
#1333 = EDGE_CURVE ( 'NONE', #1440, #2, #2630, .T. ) ;
#1334 = DIRECTION ( 'NONE',  ( 1.000000000000000000, 0.000000000000000000, -0.000000000000000000 ) ) ;
#1335 = EDGE_LOOP ( 'NONE', ( #1623, #1618, #1989, #1129 ) ) ;
#1336 = CONTEXT_DEPENDENT_SHAPE_REPRESENTATION ( #2338, #1399 ) ;
#1337 = DIRECTION ( 'NONE',  ( 0.000000000000000000, -1.000000000000000000, 0.000000000000000000 ) ) ;
#1338 = DIRECTION ( 'NONE',  ( 0.000000000000000000, -0.000000000000000000, 1.000000000000000000 ) ) ;
#1339 = VERTEX_POINT ( 'NONE', #97 ) ;
#1340 = LINE ( 'NONE', #2150, #1754 ) ;
#1341 = DIRECTION ( 'NONE',  ( 0.000000000000000000, 0.000000000000000000, 1.000000000000000000 ) ) ;
#1342 = DIRECTION ( 'NONE',  ( -2.134256245050204715E-16, 0.000000000000000000, -1.000000000000000000 ) ) ;
#1343 = CARTESIAN_POINT ( 'NONE',  ( 0.2100000000000000200, 0.4449999999999999512, 0.05999999999999999778 ) ) ;
#1344 = VERTEX_POINT ( 'NONE', #1130 ) ;
#1345 = CARTESIAN_POINT ( 'NONE',  ( -0.2300000000000000655, 0.4649999999999999689, -0.000000000000000000 ) ) ;
#1346 = ORIENTED_EDGE ( 'NONE', *, *, #2062, .F. ) ;
#1347 = ITEM_DEFINED_TRANSFORMATION ( 'NONE', 'NONE', #2252,  #511 ) ;
#1348 = AXIS2_PLACEMENT_3D ( 'NONE', #542, #1781, #520 ) ;
#1349 = ORIENTED_EDGE ( 'NONE', *, *, #468, .F. ) ;
#1350 = DIRECTION ( 'NONE',  ( 1.000000000000000000, 0.000000000000000000, -0.000000000000000000 ) ) ;
#1351 = CARTESIAN_POINT ( 'NONE',  ( 0.2299999999999999822, 0.4649999999999999689, -0.09900000000000000466 ) ) ;
#1352 = AXIS2_PLACEMENT_3D ( 'NONE', #1844, #1272, #2076 ) ;
#1353 = ORIENTED_EDGE ( 'NONE', *, *, #2436, .T. ) ;
#1354 = DIRECTION ( 'NONE',  ( -1.000000000000000000, 0.000000000000000000, -0.000000000000000000 ) ) ;
#1355 = CARTESIAN_POINT ( 'NONE',  ( -0.06000000000000003247, 0.1150000000000000050, -0.05999999999999999084 ) ) ;
#1356 = VERTEX_POINT ( 'NONE', #969 ) ;
#1357 = EDGE_CURVE ( 'NONE', #1599, #659, #904, .T. ) ;
#1358 =( LENGTH_UNIT ( ) NAMED_UNIT ( * ) SI_UNIT ( $, .METRE. ) );
#1359 = DIRECTION ( 'NONE',  ( 0.000000000000000000, 1.000000000000000000, 0.000000000000000000 ) ) ;
#1360 = VERTEX_POINT ( 'NONE', #1355 ) ;
#1361 = CARTESIAN_POINT ( 'NONE',  ( 0.1099999999999999867, 0.3150000000000000022, -0.1600000000000000033 ) ) ;
#1362 = SURFACE_SIDE_STYLE ('',( #2273 ) ) ;
#1363 = CARTESIAN_POINT ( 'NONE',  ( 0.000000000000000000, 0.01499999999999999944, 0.000000000000000000 ) ) ;
#1364 = DIRECTION ( 'NONE',  ( 0.000000000000000000, 0.000000000000000000, 1.000000000000000000 ) ) ;
#1365 = VERTEX_POINT ( 'NONE', #487 ) ;
#1366 = PLANE ( 'NONE',  #1841 ) ;
#1367 = DIRECTION ( 'NONE',  ( -0.000000000000000000, -0.000000000000000000, -1.000000000000000000 ) ) ;
#1368 = DIRECTION ( 'NONE',  ( 0.000000000000000000, -0.7071067811865489050, 0.7071067811865461294 ) ) ;
#1369 = ORIENTED_EDGE ( 'NONE', *, *, #8, .F. ) ;
#1370 = DIRECTION ( 'NONE',  ( 0.000000000000000000, 0.000000000000000000, -1.000000000000000000 ) ) ;
#1371 = CARTESIAN_POINT ( 'NONE',  ( 0.1999999999999999833, 0.4049999999999999711, -0.09900000000000000466 ) ) ;
#1372 = EDGE_CURVE ( 'NONE', #1601, #300, #863, .T. ) ;
#1373 = EDGE_CURVE ( 'NONE', #1442, #2359, #826, .T. ) ;
#1374 = DIRECTION ( 'NONE',  ( -0.000000000000000000, 1.000000000000000000, -0.000000000000000000 ) ) ;
#1375 = CARTESIAN_POINT ( 'NONE',  ( -0.2100000000000000200, 0.1150000000000000050, 0.05999999999999999778 ) ) ;
#1376 = VECTOR ( 'NONE', #1263, 39.37007874015748143 ) ;
#1377 = CARTESIAN_POINT ( 'NONE',  ( -0.2500000000000000000, 0.01499999999999997689, 0.1000000000000000056 ) ) ;
#1378 = EDGE_CURVE ( 'NONE', #253, #2014, #1756, .T. ) ;
#1379 = CARTESIAN_POINT ( 'NONE',  ( -0.1974999999999999811, 1.128360462482470653E-17, 0.1000000000000000056 ) ) ;
#1380 = DIRECTION ( 'NONE',  ( 0.000000000000000000, 0.000000000000000000, 1.000000000000000000 ) ) ;
#1381 = VECTOR ( 'NONE', #1671, 39.37007874015748143 ) ;
#1382 = DIRECTION ( 'NONE',  ( 0.000000000000000000, 1.000000000000000000, 0.000000000000000000 ) ) ;
#1383 = APPLICATION_PROTOCOL_DEFINITION ( 'draft international standard', 'automotive_design', 1998, #1591 ) ;
#1384 = CARTESIAN_POINT ( 'NONE',  ( 0.1999999999999999833, 0.4049999999999999711, -0.01414718625761433521 ) ) ;
#1385 = ADVANCED_FACE ( 'NONE', ( #881 ), #380, .T. ) ;
#1386 = CARTESIAN_POINT ( 'NONE',  ( -0.1499999999999999944, 0.3150000000000000022, -0.1600000000000000033 ) ) ;
#1387 =( GEOMETRIC_REPRESENTATION_CONTEXT ( 3 ) GLOBAL_UNCERTAINTY_ASSIGNED_CONTEXT ( ( #153 ) ) GLOBAL_UNIT_ASSIGNED_CONTEXT ( ( #341, #388, #138 ) ) REPRESENTATION_CONTEXT ( 'NONE', 'WORKASPACE' ) );
#1388 = CARTESIAN_POINT ( 'NONE',  ( -0.07499999999999999722, 0.1150000000000000050, 0.05999999999999999778 ) ) ;
#1389 = CARTESIAN_POINT ( 'NONE',  ( -0.2024999999999999856, 1.067128122525102820E-17, -0.1000000000000000056 ) ) ;
#1390 = EDGE_CURVE ( 'NONE', #2311, #253, #2579, .T. ) ;
#1391 = DIRECTION ( 'NONE',  ( 0.000000000000000000, 0.000000000000000000, 1.000000000000000000 ) ) ;
#1392 = EDGE_CURVE ( 'NONE', #1753, #1884, #869, .T. ) ;
#1393 = AXIS2_PLACEMENT_3D ( 'NONE', #1253, #823, #1237 ) ;
#1394 = DIRECTION ( 'NONE',  ( 0.000000000000000000, 1.000000000000000000, 0.000000000000000000 ) ) ;
#1395 = PRESENTATION_STYLE_ASSIGNMENT (( #2572 ) ) ;
#1396 = EDGE_CURVE ( 'NONE', #1552, #1186, #907, .T. ) ;
#1397 = CARTESIAN_POINT ( 'NONE',  ( 0.01250000000000000590, 0.1150000000000000050, -0.01250000000000000069 ) ) ;
#1398 = CARTESIAN_POINT ( 'NONE',  ( -0.004117529880478079315, 0.3561952191235060461, -0.004117529880478083652 ) ) ;
#1399 = PRODUCT_DEFINITION_SHAPE ( 'NONE', 'NONE',  #2638 ) ;
#1400 = DIRECTION ( 'NONE',  ( -0.000000000000000000, -1.000000000000000000, -0.000000000000000000 ) ) ;
#1401 = DIRECTION ( 'NONE',  ( 0.000000000000000000, 1.000000000000000000, 0.000000000000000000 ) ) ;
#1402 = CARTESIAN_POINT ( 'NONE',  ( -0.06000000000000003247, 0.3150000000000000022, -0.1000000000000000056 ) ) ;
#1403 = CARTESIAN_POINT ( 'NONE',  ( 0.1999999999999999833, 0.4049999999999999711, -0.1000000000000000056 ) ) ;
#1404 = DIRECTION ( 'NONE',  ( 0.000000000000000000, 0.000000000000000000, 1.000000000000000000 ) ) ;
#1405 = DIRECTION ( 'NONE',  ( -1.000000000000000000, 0.000000000000000000, 0.000000000000000000 ) ) ;
#1406 = COLOUR_RGB ( '',0.7529411764705882248, 0.7529411764705882248, 0.7529411764705882248 ) ;
#1407 = PLANE ( 'NONE',  #298 ) ;
#1408 = AXIS2_PLACEMENT_3D ( 'NONE', #141, #933, #344 ) ;
#1409 = PLANE ( 'NONE',  #1846 ) ;
#1410 = DIRECTION ( 'NONE',  ( -0.000000000000000000, -0.7071067811865484609, -0.7071067811865465735 ) ) ;
#1411 = ORIENTED_EDGE ( 'NONE', *, *, #2456, .F. ) ;
#1412 = ADVANCED_FACE ( 'NONE', ( #2584 ), #146, .F. ) ;
#1413 = EDGE_CURVE ( 'NONE', #676, #2631, #2628, .T. ) ;
#1414 = DIRECTION ( 'NONE',  ( -1.000000000000000000, 0.000000000000000000, 0.000000000000000000 ) ) ;
#1415 = EDGE_CURVE ( 'NONE', #1685, #2316, #2589, .T. ) ;
#1416 = DIRECTION ( 'NONE',  ( -0.8944271909999159664, -0.4472135954999579832, 0.000000000000000000 ) ) ;
#1417 = DIRECTION ( 'NONE',  ( 0.000000000000000000, -1.000000000000000000, 0.000000000000000000 ) ) ;
#1418 = VECTOR ( 'NONE', #2291, 39.37007874015748143 ) ;
#1419 = ORIENTED_EDGE ( 'NONE', *, *, #1058, .F. ) ;
#1420 = DIRECTION ( 'NONE',  ( -1.000000000000000000, 0.000000000000000000, 0.000000000000000000 ) ) ;
#1421 = DIRECTION ( 'NONE',  ( 1.000000000000000000, 0.000000000000000000, 0.000000000000000000 ) ) ;
#1422 = ORIENTED_EDGE ( 'NONE', *, *, #2022, .F. ) ;
#1423 = PRODUCT_DEFINITION_SHAPE ( 'NONE', 'NONE',  #154 ) ;
#1424 = SURFACE_STYLE_USAGE ( .BOTH. , #2524 ) ;
#1425 = DIRECTION ( 'NONE',  ( 1.000000000000000000, 0.000000000000000000, 0.000000000000000000 ) ) ;
#1426 = ORIENTED_EDGE ( 'NONE', *, *, #1964, .F. ) ;
#1427 = ORIENTED_EDGE ( 'NONE', *, *, #1464, .F. ) ;
#1428 = CARTESIAN_POINT ( 'NONE',  ( 0.05999999999999996309, -0.01149110640673522282, -0.1000000000000000056 ) ) ;
#1429 = CARTESIAN_POINT ( 'NONE',  ( -0.05699999999999962735, 0.4049999999999999711, -0.1600000000000000033 ) ) ;
#1430 = EDGE_LOOP ( 'NONE', ( #2341, #719, #1079, #1586 ) ) ;
#1431 = ADVANCED_FACE ( 'NONE', ( #2625 ), #2598, .F. ) ;
#1432 =( LENGTH_UNIT ( ) NAMED_UNIT ( * ) SI_UNIT ( $, .METRE. ) );
#1433 = DIRECTION ( 'NONE',  ( 1.000000000000000000, 0.000000000000000000, 0.000000000000000000 ) ) ;
#1434 = CARTESIAN_POINT ( 'NONE',  ( -0.1974999999999999811, 1.128360462482470653E-17, -0.1000000000000000056 ) ) ;
#1435 = AXIS2_PLACEMENT_3D ( 'NONE', #1483, #1980, #752 ) ;
#1436 = ORIENTED_EDGE ( 'NONE', *, *, #1851, .F. ) ;
#1437 = ORIENTED_EDGE ( 'NONE', *, *, #621, .F. ) ;
#1438 = FILL_AREA_STYLE ('',( #1278 ) ) ;
#1439 = PLANE ( 'NONE',  #2397 ) ;
#1440 = VERTEX_POINT ( 'NONE', #2284 ) ;
#1441 = AXIS2_PLACEMENT_3D ( 'NONE', #1479, #2264, #515 ) ;
#1442 = VERTEX_POINT ( 'NONE', #521 ) ;
#1443 = VERTEX_POINT ( 'NONE', #743 ) ;
#1444 = VECTOR ( 'NONE', #516, 39.37007874015748143 ) ;
#1445 = ORIENTED_EDGE ( 'NONE', *, *, #340, .T. ) ;
#1446 = DIRECTION ( 'NONE',  ( -0.7071067811865463515, -0.7071067811865487940, 0.000000000000000000 ) ) ;
#1447 = VERTEX_POINT ( 'NONE', #1455 ) ;
#1448 = VERTEX_POINT ( 'NONE', #499 ) ;
#1449 = EDGE_LOOP ( 'NONE', ( #1053, #555, #152, #1369 ) ) ;
#1450 = DIRECTION ( 'NONE',  ( -0.000000000000000000, -1.000000000000000000, -0.000000000000000000 ) ) ;
#1451 = EDGE_CURVE ( 'NONE', #976, #392, #844, .T. ) ;
#1452 = VERTEX_POINT ( 'NONE', #1784 ) ;
#1453 = DIRECTION ( 'NONE',  ( 1.000000000000000000, 0.000000000000000000, 0.000000000000000000 ) ) ;
#1454 = ADVANCED_FACE ( 'NONE', ( #850 ), #1936, .T. ) ;
#1455 = CARTESIAN_POINT ( 'NONE',  ( -0.1300000000000000600, 0.4649999999999999689, -0.08000000000000007105 ) ) ;
#1456 = LINE ( 'NONE', #2610, #1444 ) ;
#1457 = ORIENTED_EDGE ( 'NONE', *, *, #1743, .F. ) ;
#1458 = ORIENTED_EDGE ( 'NONE', *, *, #1637, .F. ) ;
#1459 = ORIENTED_EDGE ( 'NONE', *, *, #5, .T. ) ;
#1460 = CARTESIAN_POINT ( 'NONE',  ( -0.2100000000000000200, 0.4449999999999999512, 0.05999999999999999778 ) ) ;
#1461 = ORIENTED_EDGE ( 'NONE', *, *, #1709, .F. ) ;
#1462 = DIRECTION ( 'NONE',  ( 1.000000000000000000, 0.000000000000000000, 0.000000000000000000 ) ) ;
#1463 = FACE_OUTER_BOUND ( 'NONE', #2458, .T. ) ;
#1464 = EDGE_CURVE ( 'NONE', #1316, #2010, #891, .T. ) ;
#1465 = ORIENTED_EDGE ( 'NONE', *, *, #519, .F. ) ;
#1466 = DIRECTION ( 'NONE',  ( -0.000000000000000000, -0.000000000000000000, -1.000000000000000000 ) ) ;
#1467 = ORIENTED_EDGE ( 'NONE', *, *, #369, .F. ) ;
#1468 = DIRECTION ( 'NONE',  ( -1.000000000000000000, 0.000000000000000000, 0.000000000000000000 ) ) ;
#1469 = EDGE_CURVE ( 'NONE', #2508, #2067, #1705, .T. ) ;
#1470 = DIRECTION ( 'NONE',  ( 0.000000000000000000, 1.000000000000000000, 0.000000000000000000 ) ) ;
#1471 = LINE ( 'NONE', #2531, #602 ) ;
#1472 = PRODUCT_DEFINITION_SHAPE ( 'NONE', 'NONE',  #2634 ) ;
#1473 = EDGE_CURVE ( 'NONE', #1505, #1758, #2597, .T. ) ;
#1474 = ORIENTED_EDGE ( 'NONE', *, *, #2327, .T. ) ;
#1475 = AXIS2_PLACEMENT_3D ( 'NONE', #2073, #712, #1509 ) ;
#1476 = ADVANCED_FACE ( 'NONE', ( #2619 ), #2241, .F. ) ;
#1477 = DIRECTION ( 'NONE',  ( 0.000000000000000000, -0.000000000000000000, 1.000000000000000000 ) ) ;
#1478 = AXIS2_PLACEMENT_3D ( 'NONE', #2138, #2183, #451 ) ;
#1479 = CARTESIAN_POINT ( 'NONE',  ( 0.01250000000000000590, 0.3550000000000000377, 0.01250000000000000069 ) ) ;
#1480 = VECTOR ( 'NONE', #2187, 39.37007874015748143 ) ;
#1481 = ORIENTED_EDGE ( 'NONE', *, *, #65, .F. ) ;
#1482 = EDGE_CURVE ( 'NONE', #1764, #1137, #2615, .T. ) ;
#1483 = CARTESIAN_POINT ( 'NONE',  ( 0.000000000000000000, 0.01499999999999999944, 0.000000000000000000 ) ) ;
#1484 = CARTESIAN_POINT ( 'NONE',  ( 0.2299999999999999822, 0.4649999999999999689, -0.09900000000000000466 ) ) ;
#1485 = ORIENTED_EDGE ( 'NONE', *, *, #923, .F. ) ;
#1486 = ORIENTED_EDGE ( 'NONE', *, *, #2585, .T. ) ;
#1487 = CARTESIAN_POINT ( 'NONE',  ( 0.1250000000000000000, 0.1150000000000000050, 0.05999999999999999778 ) ) ;
#1488 = FACE_OUTER_BOUND ( 'NONE', #1554, .T. ) ;
#1489 = EDGE_CURVE ( 'NONE', #783, #2005, #1771, .T. ) ;
#1490 = VECTOR ( 'NONE', #2254, 39.37007874015748143 ) ;
#1491 = ORIENTED_EDGE ( 'NONE', *, *, #134, .T. ) ;
#1492 = VERTEX_POINT ( 'NONE', #1850 ) ;
#1493 = DIRECTION ( 'NONE',  ( 1.000000000000000000, -0.000000000000000000, 0.000000000000000000 ) ) ;
#1494 = VERTEX_POINT ( 'NONE', #216 ) ;
#1495 = LINE ( 'NONE', #1791, #2410 ) ;
#1496 = CARTESIAN_POINT ( 'NONE',  ( 0.2100000000000000200, 0.1150000000000000050, -0.05999999999999999778 ) ) ;
#1497 = ORIENTED_EDGE ( 'NONE', *, *, #532, .T. ) ;
#1498 = ORIENTED_EDGE ( 'NONE', *, *, #2209, .F. ) ;
#1499 = ADVANCED_FACE ( 'NONE', ( #897 ), #1629, .F. ) ;
#1500 = DIRECTION ( 'NONE',  ( 0.000000000000000000, 0.000000000000000000, 1.000000000000000000 ) ) ;
#1501 = AXIS2_PLACEMENT_3D ( 'NONE', #2305, #395, #1174 ) ;
#1502 = ORIENTED_EDGE ( 'NONE', *, *, #1123, .F. ) ;
#1503 = DIRECTION ( 'NONE',  ( 0.000000000000000000, -0.000000000000000000, 1.000000000000000000 ) ) ;
#1504 = FACE_OUTER_BOUND ( 'NONE', #272, .T. ) ;
#1505 = VERTEX_POINT ( 'NONE', #818 ) ;
#1506 = DIRECTION ( 'NONE',  ( -0.2915362068315989763, 0.9110506463487559881, 0.2915362068315989763 ) ) ;
#1507 = FACE_OUTER_BOUND ( 'NONE', #1236, .T. ) ;
#1508 = EDGE_CURVE ( 'NONE', #1302, #1685, #1751, .T. ) ;
#1509 = DIRECTION ( 'NONE',  ( 0.000000000000000000, -0.000000000000000000, -1.000000000000000000 ) ) ;
#1510 = ORIENTED_EDGE ( 'NONE', *, *, #2339, .T. ) ;
#1511 = DIRECTION ( 'NONE',  ( 0.000000000000000000, 0.000000000000000000, -1.000000000000000000 ) ) ;
#1512 = LINE ( 'NONE', #1225, #2321 ) ;
#1513 = EDGE_LOOP ( 'NONE', ( #1330, #2161, #479, #1411 ) ) ;
#1514 = AXIS2_PLACEMENT_3D ( 'NONE', #1280, #2143, #103 ) ;
#1515 = EDGE_LOOP ( 'NONE', ( #566, #2164, #1437, #2166 ) ) ;
#1516 = CARTESIAN_POINT ( 'NONE',  ( 0.1499999999999999667, 0.4649999999999999689, -0.1000000000000000056 ) ) ;
#1517 = LINE ( 'NONE', #2382, #2391 ) ;
#1518 = ORIENTED_EDGE ( 'NONE', *, *, #2533, .F. ) ;
#1519 = ADVANCED_FACE ( 'NONE', ( #899 ), #2196, .T. ) ;
#1520 = EDGE_CURVE ( 'NONE', #2014, #1764, #914, .T. ) ;
#1521 = ORIENTED_EDGE ( 'NONE', *, *, #2222, .T. ) ;
#1522 = CARTESIAN_POINT ( 'NONE',  ( -0.1433333333333333959, 0.4783333333333332771, -0.09333333333333342086 ) ) ;
#1523 = FACE_OUTER_BOUND ( 'NONE', #244, .T. ) ;
#1524 = VERTEX_POINT ( 'NONE', #1993 ) ;
#1525 = ORIENTED_EDGE ( 'NONE', *, *, #2113, .T. ) ;
#1526 = ADVANCED_FACE ( 'NONE', ( #918 ), #1602, .T. ) ;
#1527 = CARTESIAN_POINT ( 'NONE',  ( 0.004499999999999993588, 0.3550000000000000377, -0.01250000000000000069 ) ) ;
#1528 = PLANE ( 'NONE',  #1348 ) ;
#1529 = ORIENTED_EDGE ( 'NONE', *, *, #1013, .F. ) ;
#1530 = LINE ( 'NONE', #696, #1650 ) ;
#1531 = EDGE_LOOP ( 'NONE', ( #430, #173, #2337, #2344 ) ) ;
#1532 = ORIENTED_EDGE ( 'NONE', *, *, #453, .T. ) ;
#1533 = LINE ( 'NONE', #2278, #2470 ) ;
#1534 = ORIENTED_EDGE ( 'NONE', *, *, #1136, .T. ) ;
#1535 = CARTESIAN_POINT ( 'NONE',  ( 0.2299999999999999822, 0.4649999999999999689, -0.1000000000000000056 ) ) ;
#1536 = DIRECTION ( 'NONE',  ( 0.000000000000000000, -0.7071067811865497932, 0.7071067811865452413 ) ) ;
#1537 = ORIENTED_EDGE ( 'NONE', *, *, #130, .T. ) ;
#1538 = LINE ( 'NONE', #2054, #1600 ) ;
#1539 = ORIENTED_EDGE ( 'NONE', *, *, #653, .F. ) ;
#1540 = AXIS2_PLACEMENT_3D ( 'NONE', #2155, #2326, #149 ) ;
#1541 = DIRECTION ( 'NONE',  ( -1.000000000000000000, 0.000000000000000000, -0.000000000000000000 ) ) ;
#1542 = COLOUR_RGB ( '',1.000000000000000000, 0.8117647058823529438, 0.5019607843137254832 ) ;
#1543 = ORIENTED_EDGE ( 'NONE', *, *, #627, .F. ) ;
#1544 = CARTESIAN_POINT ( 'NONE',  ( -0.2100000000000000200, 0.4449999999999999512, -0.05999999999999999778 ) ) ;
#1545 = LINE ( 'NONE', #654, #2437 ) ;
#1546 = ORIENTED_EDGE ( 'NONE', *, *, #2031, .T. ) ;
#1547 = CARTESIAN_POINT ( 'NONE',  ( 0.1499999999999999944, 0.4649999999999999689, -0.1600000000000000033 ) ) ;
#1548 = AXIS2_PLACEMENT_3D ( 'NONE', #1889, #2109, #114 ) ;
#1549 = CARTESIAN_POINT ( 'NONE',  ( -0.2100000000000000200, 0.1150000000000000050, 0.05999999999999999778 ) ) ;
#1550 = ORIENTED_EDGE ( 'NONE', *, *, #837, .T. ) ;
#1551 = FACE_OUTER_BOUND ( 'NONE', #2100, .T. ) ;
#1552 = VERTEX_POINT ( 'NONE', #2034 ) ;
#1553 = DIRECTION ( 'NONE',  ( -1.000000000000000000, 0.000000000000000000, 0.000000000000000000 ) ) ;
#1554 = EDGE_LOOP ( 'NONE', ( #2093, #2213, #2185, #482 ) ) ;
#1555 = ORIENTED_EDGE ( 'NONE', *, *, #795, .T. ) ;
#1556 = LINE ( 'NONE', #1051, #2447 ) ;
#1557 = ORIENTED_EDGE ( 'NONE', *, *, #2294, .F. ) ;
#1558 = DIRECTION ( 'NONE',  ( 1.000000000000000000, 0.000000000000000000, 0.000000000000000000 ) ) ;
#1559 = CARTESIAN_POINT ( 'NONE',  ( -0.01249999999999999722, -0.1049999999999997324, 0.01250000000000000069 ) ) ;
#1560 = PLANE ( 'NONE',  #2267 ) ;
#1561 = ORIENTED_EDGE ( 'NONE', *, *, #1608, .F. ) ;
#1562 = LINE ( 'NONE', #848, #2463 ) ;
#1563 = ORIENTED_EDGE ( 'NONE', *, *, #2533, .T. ) ;
#1564 = VERTEX_POINT ( 'NONE', #258 ) ;
#1565 = VECTOR ( 'NONE', #6, 39.37007874015748143 ) ;
#1566 = ORIENTED_EDGE ( 'NONE', *, *, #1076, .F. ) ;
#1567 = LINE ( 'NONE', #1779, #2549 ) ;
#1568 = PLANE ( 'NONE',  #1188 ) ;
#1569 = EDGE_LOOP ( 'NONE', ( #2239, #1946, #841, #1721 ) ) ;
#1570 = EDGE_LOOP ( 'NONE', ( #1229, #1674, #895, #829, #2430 ) ) ;
#1571 = LINE ( 'NONE', #2363, #675 ) ;
#1572 = ORIENTED_EDGE ( 'NONE', *, *, #981, .T. ) ;
#1573 = VECTOR ( 'NONE', #1970, 39.37007874015748143 ) ;
#1574 = ORIENTED_EDGE ( 'NONE', *, *, #813, .F. ) ;
#1575 = VERTEX_POINT ( 'NONE', #1247 ) ;
#1576 = LINE ( 'NONE', #1805, #1565 ) ;
#1577 = DIRECTION ( 'NONE',  ( 0.7071067811865486830, -0.7071067811865462405, -0.000000000000000000 ) ) ;
#1578 = ORIENTED_EDGE ( 'NONE', *, *, #970, .T. ) ;
#1579 = CARTESIAN_POINT ( 'NONE',  ( -0.1250000000000000000, 0.1150000000000000050, 0.05999999999999999778 ) ) ;
#1580 = DIRECTION ( 'NONE',  ( -0.4472135954999579277, -0.8944271909999158554, 0.000000000000000000 ) ) ;
#1581 = CARTESIAN_POINT ( 'NONE',  ( 0.000000000000000000, 0.000000000000000000, -0.09900000000000000466 ) ) ;
#1582 = VERTEX_POINT ( 'NONE', #612 ) ;
#1583 = EDGE_CURVE ( 'NONE', #1764, #2311, #1731, .T. ) ;
#1584 = ORIENTED_EDGE ( 'NONE', *, *, #1482, .T. ) ;
#1585 = LINE ( 'NONE', #1484, #1595 ) ;
#1586 = ORIENTED_EDGE ( 'NONE', *, *, #2121, .T. ) ;
#1587 = EDGE_CURVE ( 'NONE', #2396, #426, #26, .T. ) ;
#1588 = UNCERTAINTY_MEASURE_WITH_UNIT (LENGTH_MEASURE( 1.000000000000000082E-05 ), #2101, 'distance_accuracy_value', 'NONE');
#1589 = FACE_OUTER_BOUND ( 'NONE', #211, .T. ) ;
#1590 = AXIS2_PLACEMENT_3D ( 'NONE', #2116, #1446, #440 ) ;
#1591 = APPLICATION_CONTEXT ( 'automotive_design' ) ;
#1592 = ORIENTED_EDGE ( 'NONE', *, *, #2623, .T. ) ;
#1593 = DIRECTION ( 'NONE',  ( -1.000000000000000000, 0.000000000000000000, 0.000000000000000000 ) ) ;
#1594 = ORIENTED_EDGE ( 'NONE', *, *, #2022, .T. ) ;
#1595 = VECTOR ( 'NONE', #1732, 39.37007874015748143 ) ;
#1596 = VERTEX_POINT ( 'NONE', #435 ) ;
#1597 = LINE ( 'NONE', #709, #2496 ) ;
#1598 = ORIENTED_EDGE ( 'NONE', *, *, #557, .T. ) ;
#1599 = VERTEX_POINT ( 'NONE', #596 ) ;
#1600 = VECTOR ( 'NONE', #224, 39.37007874015748854 ) ;
#1601 = VERTEX_POINT ( 'NONE', #867 ) ;
#1602 = PLANE ( 'NONE',  #1995 ) ;
#1603 = VECTOR ( 'NONE', #425, 39.37007874015748143 ) ;
#1604 = ORIENTED_EDGE ( 'NONE', *, *, #2327, .F. ) ;
#1605 = VECTOR ( 'NONE', #336, 39.37007874015748143 ) ;
#1606 = CARTESIAN_POINT ( 'NONE',  ( -0.2500000000000000000, 0.4649999999999999689, 0.1000000000000000056 ) ) ;
#1607 = EDGE_LOOP ( 'NONE', ( #1701, #1288, #1532, #1113 ) ) ;
#1608 = EDGE_CURVE ( 'NONE', #1169, #2204, #1801, .T. ) ;
#1609 = CARTESIAN_POINT ( 'NONE',  ( 0.1099999999999999867, 0.4449999999999998956, -0.05999999999999999084 ) ) ;
#1610 = PLANE ( 'NONE',  #150 ) ;
#1611 = ORIENTED_EDGE ( 'NONE', *, *, #1789, .T. ) ;
#1612 = FACE_OUTER_BOUND ( 'NONE', #1625, .T. ) ;
#1613 = ORIENTED_EDGE ( 'NONE', *, *, #314, .T. ) ;
#1614 = FACE_OUTER_BOUND ( 'NONE', #2343, .T. ) ;
#1615 = SURFACE_STYLE_USAGE ( .BOTH. , #247 ) ;
#1616 = VERTEX_POINT ( 'NONE', #2444 ) ;
#1617 = DIRECTION ( 'NONE',  ( 0.000000000000000000, -0.000000000000000000, 1.000000000000000000 ) ) ;
#1618 = ORIENTED_EDGE ( 'NONE', *, *, #1990, .F. ) ;
#1619 = VECTOR ( 'NONE', #1713, 39.37007874015748143 ) ;
#1620 = ORIENTED_EDGE ( 'NONE', *, *, #2031, .F. ) ;
#1621 = FACE_OUTER_BOUND ( 'NONE', #639, .T. ) ;
#1622 = CARTESIAN_POINT ( 'NONE',  ( 0.000000000000000000, -0.1300000000000000044, -0.004499999999999998793 ) ) ;
#1623 = ORIENTED_EDGE ( 'NONE', *, *, #1972, .T. ) ;
#1624 = DIRECTION ( 'NONE',  ( 0.000000000000000000, 0.000000000000000000, 1.000000000000000000 ) ) ;
#1625 = EDGE_LOOP ( 'NONE', ( #1436, #2493, #2383, #325 ) ) ;
#1626 = LINE ( 'NONE', #202, #1605 ) ;
#1627 = LINE ( 'NONE', #2304, #810 ) ;
#1628 = AXIS2_PLACEMENT_3D ( 'NONE', #1209, #1368, #1558 ) ;
#1629 = PLANE ( 'NONE',  #623 ) ;
#1630 = FACE_OUTER_BOUND ( 'NONE', #1702, .T. ) ;
#1631 = ORIENTED_EDGE ( 'NONE', *, *, #1300, .T. ) ;
#1632 = VERTEX_POINT ( 'NONE', #55 ) ;
#1633 = LINE ( 'NONE', #2246, #1645 ) ;
#1634 = DIRECTION ( 'NONE',  ( -1.000000000000000000, 0.000000000000000000, 0.000000000000000000 ) ) ;
#1635 = LINE ( 'NONE', #575, #2523 ) ;
#1636 = CARTESIAN_POINT ( 'NONE',  ( 0.1300000000000000600, 0.4649999999999999689, -0.08000000000000007105 ) ) ;
#1637 = EDGE_CURVE ( 'NONE', #1582, #2388, #85, .T. ) ;
#1638 = LINE ( 'NONE', #1857, #2525 ) ;
#1639 = CARTESIAN_POINT ( 'NONE',  ( 0.1999999999999999833, 0.4049999999999999711, -0.1000000000000000056 ) ) ;
#1640 = DIRECTION ( 'NONE',  ( -0.7071067811865464625, -0.7071067811865486830, 0.000000000000000000 ) ) ;
#1641 = VERTEX_POINT ( 'NONE', #2568 ) ;
#1642 = ADVANCED_FACE ( 'NONE', ( #60 ), #1672, .T. ) ;
#1643 = EDGE_CURVE ( 'NONE', #2394, #1616, #1834, .T. ) ;
#1644 = ORIENTED_EDGE ( 'NONE', *, *, #99, .F. ) ;
#1645 = VECTOR ( 'NONE', #2440, 39.37007874015748143 ) ;
#1646 = LINE ( 'NONE', #2427, #2513 ) ;
#1647 = AXIS2_PLACEMENT_3D ( 'NONE', #1363, #2176, #1503 ) ;
#1648 = ORIENTED_EDGE ( 'NONE', *, *, #2057, .T. ) ;
#1649 = ORIENTED_EDGE ( 'NONE', *, *, #1223, .F. ) ;
#1650 = VECTOR ( 'NONE', #537, 39.37007874015748854 ) ;
#1651 = FACE_OUTER_BOUND ( 'NONE', #1569, .T. ) ;
#1652 = CARTESIAN_POINT ( 'NONE',  ( -0.07499999999999999722, 0.4649999999999999689, 0.1000000000000000056 ) ) ;
#1653 = VERTEX_POINT ( 'NONE', #1317 ) ;
#1654 = LINE ( 'NONE', #2243, #658 ) ;
#1655 = FACE_OUTER_BOUND ( 'NONE', #1997, .T. ) ;
#1656 = DIRECTION ( 'NONE',  ( 0.000000000000000000, 0.000000000000000000, 1.000000000000000000 ) ) ;
#1657 = ORIENTED_EDGE ( 'NONE', *, *, #390, .T. ) ;
#1658 = VERTEX_POINT ( 'NONE', #1725 ) ;
#1659 = CARTESIAN_POINT ( 'NONE',  ( 0.2500000000000000000, 0.4649999999999999689, -0.1000000000000000056 ) ) ;
#1660 = VECTOR ( 'NONE', #1364, 39.37007874015748143 ) ;
#1661 = DIRECTION ( 'NONE',  ( -1.000000000000000000, 0.000000000000000000, 0.000000000000000000 ) ) ;
#1662 = CARTESIAN_POINT ( 'NONE',  ( 0.05999999999999996309, 0.3150000000000000022, -0.1000000000000000056 ) ) ;
#1663 = EDGE_LOOP ( 'NONE', ( #2477, #2004, #900, #2089, #2123 ) ) ;
#1664 = LINE ( 'NONE', #1388, #798 ) ;
#1665 = VECTOR ( 'NONE', #2313, 39.37007874015748143 ) ;
#1666 = CARTESIAN_POINT ( 'NONE',  ( 0.1699999999999999289, 0.4049999999999999711, -0.01999999999999987899 ) ) ;
#1667 = LINE ( 'NONE', #25, #2554 ) ;
#1668 = VECTOR ( 'NONE', #760, 39.37007874015748143 ) ;
#1669 = ORIENTED_EDGE ( 'NONE', *, *, #1300, .F. ) ;
#1670 = AXIS2_PLACEMENT_3D ( 'NONE', #536, #565, #775 ) ;
#1671 = DIRECTION ( 'NONE',  ( 0.7071067811865485719, 0.7071067811865464625, 0.000000000000000000 ) ) ;
#1672 = PLANE ( 'NONE',  #2270 ) ;
#1673 = LINE ( 'NONE', #1177, #1603 ) ;
#1674 = ORIENTED_EDGE ( 'NONE', *, *, #1123, .T. ) ;
#1675 = EDGE_CURVE ( 'NONE', #2569, #1145, #980, .T. ) ;
#1676 = VERTEX_POINT ( 'NONE', #1924 ) ;
#1677 = CARTESIAN_POINT ( 'NONE',  ( 0.1699999999999999845, 0.4649999999999999689, -0.1000000000000000056 ) ) ;
#1678 = EDGE_CURVE ( 'NONE', #1902, #1365, #946, .T. ) ;
#1679 = ORIENTED_EDGE ( 'NONE', *, *, #214, .F. ) ;
#1680 = VECTOR ( 'NONE', #561, 39.37007874015748854 ) ;
#1681 =( NAMED_UNIT ( * ) PLANE_ANGLE_UNIT ( ) SI_UNIT ( $, .RADIAN. ) );
#1682 =( NAMED_UNIT ( * ) PLANE_ANGLE_UNIT ( ) SI_UNIT ( $, .RADIAN. ) );
#1683 = EDGE_CURVE ( 'NONE', #1163, #1494, #984, .T. ) ;
#1684 = CARTESIAN_POINT ( 'NONE',  ( -0.05699999999999962735, 0.4049999999999999711, 0.1176972864800942681 ) ) ;
#1685 = VERTEX_POINT ( 'NONE', #83 ) ;
#1686 = EDGE_CURVE ( 'NONE', #1191, #868, #58, .T. ) ;
#1687 = VERTEX_POINT ( 'NONE', #1942 ) ;
#1688 = ADVANCED_FACE ( 'NONE', ( #968 ), #1439, .T. ) ;
#1689 = PLANE ( 'NONE',  #11 ) ;
#1690 = ORIENTED_EDGE ( 'NONE', *, *, #271, .T. ) ;
#1691 = VECTOR ( 'NONE', #509, 39.37007874015748143 ) ;
#1692 = EDGE_LOOP ( 'NONE', ( #415, #1837, #78, #1324 ) ) ;
#1693 = CARTESIAN_POINT ( 'NONE',  ( -0.1099999999999999867, 0.3519999999999999796, -0.1199999999999999956 ) ) ;
#1694 = VECTOR ( 'NONE', #2140, 39.37007874015748143 ) ;
#1695 = VECTOR ( 'NONE', #533, 39.37007874015748143 ) ;
#1696 = CARTESIAN_POINT ( 'NONE',  ( 0.000000000000000000, 0.4649999999999999689, 0.08000000000000007105 ) ) ;
#1697 = ORIENTED_EDGE ( 'NONE', *, *, #2172, .F. ) ;
#1698 = LINE ( 'NONE', #262, #2596 ) ;
#1699 = DIRECTION ( 'NONE',  ( -0.000000000000000000, 1.000000000000000000, -0.000000000000000000 ) ) ;
#1700 = AXIS2_PLACEMENT_3D ( 'NONE', #1007, #1238, #824 ) ;
#1701 = ORIENTED_EDGE ( 'NONE', *, *, #2028, .T. ) ;
#1702 = EDGE_LOOP ( 'NONE', ( #2181, #63, #1126, #1106 ) ) ;
#1703 = FACE_OUTER_BOUND ( 'NONE', #2112, .T. ) ;
#1704 = CARTESIAN_POINT ( 'NONE',  ( 0.2024999999999999856, 6.026947659071883574E-17, -0.1000000000000000056 ) ) ;
#1705 = LINE ( 'NONE', #2417, #1712 ) ;
#1706 = AXIS2_PLACEMENT_3D ( 'NONE', #2104, #718, #112 ) ;
#1707 = ADVANCED_FACE ( 'NONE', ( #1828 ), #115, .F. ) ;
#1708 = SURFACE_STYLE_FILL_AREA ( #2168 ) ;
#1709 = EDGE_CURVE ( 'NONE', #572, #1264, #988, .T. ) ;
#1710 = FACE_OUTER_BOUND ( 'NONE', #1449, .T. ) ;
#1711 = PLANE ( 'NONE',  #1088 ) ;
#1712 = VECTOR ( 'NONE', #2357, 39.37007874015748143 ) ;
#1713 = DIRECTION ( 'NONE',  ( 1.000000000000000000, 0.000000000000000000, 0.000000000000000000 ) ) ;
#1714 = ORIENTED_EDGE ( 'NONE', *, *, #530, .F. ) ;
#1715 = CARTESIAN_POINT ( 'NONE',  ( 0.1824999999999998013, 0.01500000000000002373, -0.1000000000000000056 ) ) ;
#1716 = VECTOR ( 'NONE', #2184, 39.37007874015748143 ) ;
#1717 = ORIENTED_EDGE ( 'NONE', *, *, #2172, .T. ) ;
#1718 = CARTESIAN_POINT ( 'NONE',  ( 0.000000000000000000, 0.4649999999999999689, -0.08000000000000007105 ) ) ;
#1719 = ORIENTED_EDGE ( 'NONE', *, *, #660, .T. ) ;
#1720 = VECTOR ( 'NONE', #2153, 39.37007874015748854 ) ;
#1721 = ORIENTED_EDGE ( 'NONE', *, *, #948, .F. ) ;
#1722 = DIRECTION ( 'NONE',  ( 0.000000000000000000, 0.000000000000000000, 1.000000000000000000 ) ) ;
#1723 = DIRECTION ( 'NONE',  ( 0.000000000000000000, 0.000000000000000000, 1.000000000000000000 ) ) ;
#1724 =( LENGTH_UNIT ( ) NAMED_UNIT ( * ) SI_UNIT ( $, .METRE. ) );
#1725 = CARTESIAN_POINT ( 'NONE',  ( 0.2024999999999999856, 6.026947659071883574E-17, 0.1000000000000000056 ) ) ;
#1726 = VECTOR ( 'NONE', #1220, 39.37007874015748854 ) ;
#1727 = EDGE_LOOP ( 'NONE', ( #2347, #1353, #2173, #215 ) ) ;
#1728 = VECTOR ( 'NONE', #464, 39.37007874015748143 ) ;
#1729 = LINE ( 'NONE', #179, #831 ) ;
#1730 = CARTESIAN_POINT ( 'NONE',  ( 0.2299999999999999822, 0.4649999999999999689, -0.09900000000000000466 ) ) ;
#1731 = LINE ( 'NONE', #2393, #1776 ) ;
#1732 = DIRECTION ( 'NONE',  ( 1.000000000000000000, 0.000000000000000000, -0.000000000000000000 ) ) ;
#1733 = ADVANCED_FACE ( 'NONE', ( #993 ), #2526, .F. ) ;
#1734 = PLANE ( 'NONE',  #2227 ) ;
#1735 = LINE ( 'NONE', #1375, #1820 ) ;
#1736 = DIRECTION ( 'NONE',  ( -1.000000000000000000, -0.000000000000000000, -0.000000000000000000 ) ) ;
#1737 = VECTOR ( 'NONE', #2562, 39.37007874015748143 ) ;
#1738 = ORIENTED_EDGE ( 'NONE', *, *, #1489, .T. ) ;
#1739 = EDGE_CURVE ( 'NONE', #305, #1137, #975, .T. ) ;
#1740 = ORIENTED_EDGE ( 'NONE', *, *, #598, .F. ) ;
#1741 = VECTOR ( 'NONE', #1231, 39.37007874015748854 ) ;
#1742 = CARTESIAN_POINT ( 'NONE',  ( -0.004499999999999994456, -0.1300000000000000044, 0.000000000000000000 ) ) ;
#1743 = EDGE_CURVE ( 'NONE', #2027, #768, #1847, .T. ) ;
#1744 = CARTESIAN_POINT ( 'NONE',  ( -0.01249999999999999722, 0.01500000000000000291, 0.01250000000000000069 ) ) ;
#1745 = CARTESIAN_POINT ( 'NONE',  ( 0.1250000000000000000, 0.4649999999999999689, 0.08000000000000007105 ) ) ;
#1746 = VERTEX_POINT ( 'NONE', #1496 ) ;
#1747 = DIRECTION ( 'NONE',  ( -1.000000000000000000, 0.000000000000000000, -0.000000000000000000 ) ) ;
#1748 = AXIS2_PLACEMENT_3D ( 'NONE', #1070, #1417, #518 ) ;
#1749 = LINE ( 'NONE', #1386, #50 ) ;
#1750 = DIRECTION ( 'NONE',  ( 1.000000000000000000, -0.000000000000000000, -0.000000000000000000 ) ) ;
#1751 = LINE ( 'NONE', #1377, #876 ) ;
#1752 = EDGE_CURVE ( 'NONE', #1632, #157, #1807, .T. ) ;
#1753 = VERTEX_POINT ( 'NONE', #700 ) ;
#1754 = VECTOR ( 'NONE', #2136, 39.37007874015748854 ) ;
#1755 = PLANE ( 'NONE',  #34 ) ;
#1756 = LINE ( 'NONE', #989, #819 ) ;
#1757 = PLANE ( 'NONE',  #2198 ) ;
#1758 = VERTEX_POINT ( 'NONE', #1154 ) ;
#1759 = SURFACE_STYLE_FILL_AREA ( #1075 ) ;
#1760 = CARTESIAN_POINT ( 'NONE',  ( 0.2500000000000000000, 0.4649999999999999689, 0.1000000000000000056 ) ) ;
#1761 = LINE ( 'NONE', #1796, #889 ) ;
#1762 = EDGE_CURVE ( 'NONE', #268, #1825, #31, .T. ) ;
#1763 = DIRECTION ( 'NONE',  ( -1.000000000000000000, 0.000000000000000000, 0.000000000000000000 ) ) ;
#1764 = VERTEX_POINT ( 'NONE', #301 ) ;
#1765 = VECTOR ( 'NONE', #1933, 39.37007874015748143 ) ;
#1766 = DIRECTION ( 'NONE',  ( 0.000000000000000000, 1.000000000000000000, 0.000000000000000000 ) ) ;
#1767 = CARTESIAN_POINT ( 'NONE',  ( 0.1100000000000000006, 0.3519999999999996465, 0.1176972864800942681 ) ) ;
#1768 = PLANE ( 'NONE',  #1628 ) ;
#1769 = ORIENTED_EDGE ( 'NONE', *, *, #193, .T. ) ;
#1770 = PLANE ( 'NONE',  #1540 ) ;
#1771 = LINE ( 'NONE', #1016, #857 ) ;
#1772 = MANIFOLD_SOLID_BREP ( 'Chamfer1', #276 ) ;
#1773 = ORIENTED_EDGE ( 'NONE', *, *, #2540, .F. ) ;
#1774 = VECTOR ( 'NONE', #1014, 39.37007874015748143 ) ;
#1775 = AXIS2_PLACEMENT_3D ( 'NONE', #57, #454, #1634 ) ;
#1776 = VECTOR ( 'NONE', #1656, 39.37007874015748143 ) ;
#1777 = CARTESIAN_POINT ( 'NONE',  ( -0.1099999999999999867, 0.3519999999999996465, -0.1600000000000000033 ) ) ;
#1778 = VERTEX_POINT ( 'NONE', #2369 ) ;
#1779 = CARTESIAN_POINT ( 'NONE',  ( 0.01250000000000000590, -0.1300000000000000044, -0.01250000000000000069 ) ) ;
#1780 = LINE ( 'NONE', #1864, #1795 ) ;
#1781 = DIRECTION ( 'NONE',  ( -0.7071067811865464625, -0.7071067811865486830, 0.000000000000000000 ) ) ;
#1782 = ADVANCED_FACE ( 'NONE', ( #1074 ), #139, .T. ) ;
#1783 = FACE_OUTER_BOUND ( 'NONE', #1306, .T. ) ;
#1784 = CARTESIAN_POINT ( 'NONE',  ( -0.2300000000000000655, 0.4649999999999999689, 0.08000000000000007105 ) ) ;
#1785 = AXIS2_PLACEMENT_3D ( 'NONE', #27, #578, #2038 ) ;
#1786 = CARTESIAN_POINT ( 'NONE',  ( 0.000000000000000000, 0.000000000000000000, 0.000000000000000000 ) ) ;
#1787 = PLANE ( 'NONE',  #828 ) ;
#1788 = LINE ( 'NONE', #358, #15 ) ;
#1789 = EDGE_CURVE ( 'NONE', #2443, #268, #147, .T. ) ;
#1790 = ORIENTED_EDGE ( 'NONE', *, *, #1223, .T. ) ;
#1791 = CARTESIAN_POINT ( 'NONE',  ( -0.2100000000000000200, 0.1150000000000000050, 0.05999999999999999778 ) ) ;
#1792 = CARTESIAN_POINT ( 'NONE',  ( 0.1100000000000000006, 0.3519999999999996465, -0.1600000000000000033 ) ) ;
#1793 = ORIENTED_EDGE ( 'NONE', *, *, #1752, .T. ) ;
#1794 = CARTESIAN_POINT ( 'NONE',  ( -0.2500000000000000000, 0.4649999999999999689, -0.1000000000000000056 ) ) ;
#1795 = VECTOR ( 'NONE', #815, 39.37007874015748143 ) ;
#1796 = CARTESIAN_POINT ( 'NONE',  ( -0.2100000000000000200, 0.4449999999999999512, -0.05999999999999999778 ) ) ;
#1797 = VECTOR ( 'NONE', #944, 39.37007874015748143 ) ;
#1798 = SHAPE_DEFINITION_REPRESENTATION ( #1211, #2449 ) ;
#1799 = LINE ( 'NONE', #2578, #73 ) ;
#1800 = DIRECTION ( 'NONE',  ( 0.000000000000000000, 0.000000000000000000, 1.000000000000000000 ) ) ;
#1801 = LINE ( 'NONE', #1863, #940 ) ;
#1802 = ADVANCED_FACE ( 'NONE', ( #1951 ), #1011, .F. ) ;
#1803 = DIRECTION ( 'NONE',  ( 0.000000000000000000, 0.000000000000000000, 1.000000000000000000 ) ) ;
#1804 = LINE ( 'NONE', #507, #24 ) ;
#1805 = CARTESIAN_POINT ( 'NONE',  ( 0.1499999999999999944, 0.3150000000000000022, -0.1000000000000000056 ) ) ;
#1806 = DIRECTION ( 'NONE',  ( 0.000000000000000000, 0.000000000000000000, -1.000000000000000000 ) ) ;
#1807 = LINE ( 'NONE', #323, #92 ) ;
#1808 = EDGE_CURVE ( 'NONE', #1658, #364, #1918, .T. ) ;
#1809 = ORIENTED_EDGE ( 'NONE', *, *, #126, .T. ) ;
#1810 = VECTOR ( 'NONE', #647, 39.37007874015748143 ) ;
#1811 = CARTESIAN_POINT ( 'NONE',  ( 0.000000000000000000, 0.4649999999999999689, 0.08000000000000007105 ) ) ;
#1812 = EDGE_CURVE ( 'NONE', #381, #426, #160, .T. ) ;
#1813 = VECTOR ( 'NONE', #1167, 39.37007874015748143 ) ;
#1814 = CARTESIAN_POINT ( 'NONE',  ( 0.2299999999999999822, 0.4649999999999999689, -0.1000000000000000056 ) ) ;
#1815 = VECTOR ( 'NONE', #1800, 39.37007874015748143 ) ;
#1816 = LENGTH_MEASURE_WITH_UNIT ( LENGTH_MEASURE( 0.02539999999999999897 ), #2206 );
#1817 = LINE ( 'NONE', #192, #967 ) ;
#1818 = DIRECTION ( 'NONE',  ( 0.7071067811865464625, -0.7071067811865485719, 0.000000000000000000 ) ) ;
#1819 = UNCERTAINTY_MEASURE_WITH_UNIT (LENGTH_MEASURE( 1.000000000000000082E-05 ), #2348, 'distance_accuracy_value', 'NONE');
#1820 = VECTOR ( 'NONE', #2163, 39.37007874015748143 ) ;
#1821 = PLANE ( 'NONE',  #1785 ) ;
#1822 = DIRECTION ( 'NONE',  ( 0.000000000000000000, -0.000000000000000000, 1.000000000000000000 ) ) ;
#1823 = VECTOR ( 'NONE', #1750, 39.37007874015748143 ) ;
#1824 = ADVANCED_FACE ( 'NONE', ( #1021 ), #1947, .T. ) ;
#1825 = VERTEX_POINT ( 'NONE', #1792 ) ;
#1826 = LINE ( 'NONE', #403, #46 ) ;
#1827 = PRODUCT_CONTEXT ( 'NONE', #1591, 'mechanical' ) ;
#1828 = FACE_OUTER_BOUND ( 'NONE', #1430, .T. ) ;
#1829 = PLANE ( 'NONE',  #748 ) ;
#1830 = ORIENTED_EDGE ( 'NONE', *, *, #1469, .T. ) ;
#1831 = LINE ( 'NONE', #1988, #2622 ) ;
#1832 = SHAPE_REPRESENTATION ( '705430003', ( #1196, #2032, #2252, #266, #1894, #1953 ), #1922 ) ;
#1833 = PLANE ( 'NONE',  #254 ) ;
#1834 = LINE ( 'NONE', #1878, #1810 ) ;
#1835 = ORIENTED_EDGE ( 'NONE', *, *, #226, .F. ) ;
#1836 = DIRECTION ( 'NONE',  ( 1.000000000000000000, 1.224646799147354440E-16, 0.000000000000000000 ) ) ;
#1837 = ORIENTED_EDGE ( 'NONE', *, *, #1583, .F. ) ;
#1838 = PLANE ( 'NONE',  #229 ) ;
#1839 = PLANE ( 'NONE',  #580 ) ;
#1840 = VECTOR ( 'NONE', #339, 39.37007874015748143 ) ;
#1841 = AXIS2_PLACEMENT_3D ( 'NONE', #346, #1763, #2314 ) ;
#1842 = LINE ( 'NONE', #1397, #1010 ) ;
#1843 = MECHANICAL_DESIGN_GEOMETRIC_PRESENTATION_REPRESENTATION (  '', ( #1956 ), #363 ) ;
#1844 = CARTESIAN_POINT ( 'NONE',  ( 0.1999999999999999833, 0.4049999999999999711, -0.09900000000000000466 ) ) ;
#1845 = ADVANCED_FACE ( 'NONE', ( #1940 ), #1829, .F. ) ;
#1846 = AXIS2_PLACEMENT_3D ( 'NONE', #280, #942, #1477 ) ;
#1847 = LINE ( 'NONE', #2126, #37 ) ;
#1848 = ORIENTED_EDGE ( 'NONE', *, *, #2370, .T. ) ;
#1849 = VECTOR ( 'NONE', #2201, 39.37007874015748143 ) ;
#1850 = CARTESIAN_POINT ( 'NONE',  ( 0.05999999999999996309, 0.1150000000000000050, -0.1000000000000000056 ) ) ;
#1851 = EDGE_CURVE ( 'NONE', #1048, #1166, #1029, .T. ) ;
#1852 = DIRECTION ( 'NONE',  ( 0.000000000000000000, -0.000000000000000000, -1.000000000000000000 ) ) ;
#1853 = CARTESIAN_POINT ( 'NONE',  ( -0.2100000000000000200, 0.4449999999999999512, 0.05999999999999999778 ) ) ;
#1854 = ORIENTED_EDGE ( 'NONE', *, *, #223, .T. ) ;
#1855 = VECTOR ( 'NONE', #1244, 39.37007874015748143 ) ;
#1856 = DIRECTION ( 'NONE',  ( -0.000000000000000000, 1.000000000000000000, -0.000000000000000000 ) ) ;
#1857 = CARTESIAN_POINT ( 'NONE',  ( -0.1099999999999999867, 0.4449999999999999512, -0.05999999999999999084 ) ) ;
#1858 = LINE ( 'NONE', #1345, #1041 ) ;
#1859 = CARTESIAN_POINT ( 'NONE',  ( 0.2299999999999999822, 0.4649999999999999689, -0.01414718625761433521 ) ) ;
#1860 = VECTOR ( 'NONE', #2380, 39.37007874015748143 ) ;
#1861 = CARTESIAN_POINT ( 'NONE',  ( 0.000000000000000000, 0.000000000000000000, -0.09900000000000000466 ) ) ;
#1862 = ADVANCED_FACE ( 'NONE', ( #1914 ), #2159, .F. ) ;
#1863 = CARTESIAN_POINT ( 'NONE',  ( 0.1250000000000000000, 0.1150000000000000050, 0.05999999999999999778 ) ) ;
#1864 = CARTESIAN_POINT ( 'NONE',  ( -0.1499999999999999944, 0.4649999999999999689, -0.1600000000000000033 ) ) ;
#1865 = EDGE_CURVE ( 'NONE', #2402, #1653, #1069, .T. ) ;
#1866 = VECTOR ( 'NONE', #52, 39.37007874015748143 ) ;
#1867 = DIRECTION ( 'NONE',  ( 0.000000000000000000, -1.000000000000000000, 0.000000000000000000 ) ) ;
#1868 = CARTESIAN_POINT ( 'NONE',  ( -0.2100000000000000200, 0.4449999999999999512, 0.05999999999999999778 ) ) ;
#1869 = EDGE_CURVE ( 'NONE', #1641, #1676, #178, .T. ) ;
#1870 = LINE ( 'NONE', #2210, #1882 ) ;
#1871 = DIRECTION ( 'NONE',  ( 0.2915362068315990873, -0.9110506463487559881, -0.2915362068315990873 ) ) ;
#1872 = CARTESIAN_POINT ( 'NONE',  ( -0.1499999999999999944, 0.000000000000000000, 0.000000000000000000 ) ) ;
#1873 = UNCERTAINTY_MEASURE_WITH_UNIT (LENGTH_MEASURE( 1.000000000000000082E-05 ), #2095, 'distance_accuracy_value', 'NONE');
#1874 = DIRECTION ( 'NONE',  ( 1.000000000000000000, 0.000000000000000000, 0.000000000000000000 ) ) ;
#1875 = CARTESIAN_POINT ( 'NONE',  ( 0.05999999999999996309, 0.1150000000000000050, -0.1000000000000000056 ) ) ;
#1876 = CARTESIAN_POINT ( 'NONE',  ( -0.2100000000000000200, 0.1150000000000000050, -0.05999999999999999778 ) ) ;
#1877 = LINE ( 'NONE', #1221, #1031 ) ;
#1878 = CARTESIAN_POINT ( 'NONE',  ( -0.1099999999999999867, 0.3049999999999999378, -0.07000000000000008993 ) ) ;
#1879 = EDGE_CURVE ( 'NONE', #2388, #2521, #155, .T. ) ;
#1880 = ADVANCED_FACE ( 'NONE', ( #186 ), #1757, .T. ) ;
#1881 = CARTESIAN_POINT ( 'NONE',  ( 0.07499999999999999722, 0.4649999999999999689, 0.1000000000000000056 ) ) ;
#1882 = VECTOR ( 'NONE', #1420, 39.37007874015748143 ) ;
#1883 = CARTESIAN_POINT ( 'NONE',  ( 0.000000000000000000, 0.3550000000000000377, 0.004499999999999989252 ) ) ;
#1884 = VERTEX_POINT ( 'NONE', #1777 ) ;
#1885 =( NAMED_UNIT ( * ) SI_UNIT ( $, .STERADIAN. ) SOLID_ANGLE_UNIT ( ) );
#1886 = CARTESIAN_POINT ( 'NONE',  ( 0.1099999999999999867, 0.3150000000000000022, -0.1199999999999999956 ) ) ;
#1887 = LINE ( 'NONE', #570, #1035 ) ;
#1888 = AXIS2_PLACEMENT_3D ( 'NONE', #438, #1067, #1414 ) ;
#1889 = CARTESIAN_POINT ( 'NONE',  ( 0.1999999999999999833, 0.4049999999999999711, -0.09900000000000000466 ) ) ;
#1890 = FACE_OUTER_BOUND ( 'NONE', #2419, .T. ) ;
#1891 = DIRECTION ( 'NONE',  ( 0.000000000000000000, 0.000000000000000000, 1.000000000000000000 ) ) ;
#1892 = ORIENTED_EDGE ( 'NONE', *, *, #1373, .F. ) ;
#1893 = EDGE_CURVE ( 'NONE', #1676, #708, #289, .T. ) ;
#1894 = AXIS2_PLACEMENT_3D ( 'NONE', #2234, #2074, #2492 ) ;
#1895 = LINE ( 'NONE', #1327, #162 ) ;
#1896 = ORIENTED_EDGE ( 'NONE', *, *, #947, .T. ) ;
#1897 = EDGE_CURVE ( 'NONE', #1268, #604, #1153, .T. ) ;
#1898 = DIRECTION ( 'NONE',  ( 0.000000000000000000, 0.000000000000000000, 1.000000000000000000 ) ) ;
#1899 = DIMENSIONAL_EXPONENTS ( 1.000000000000000000, 0.000000000000000000, 0.000000000000000000, 0.000000000000000000, 0.000000000000000000, 0.000000000000000000, 0.000000000000000000 ) ;
#1900 = VECTOR ( 'NONE', #2612, 39.37007874015748143 ) ;
#1901 = LINE ( 'NONE', #2044, #144 ) ;
#1902 = VERTEX_POINT ( 'NONE', #188 ) ;
#1903 = PLANE ( 'NONE',  #1475 ) ;
#1904 = CARTESIAN_POINT ( 'NONE',  ( 0.1499999999999999944, 0.3150000000000000022, -0.1600000000000000033 ) ) ;
#1905 = VECTOR ( 'NONE', #171, 39.37007874015748143 ) ;
#1906 = CIRCLE ( 'NONE', #463, 0.05300000000000000544 ) ;
#1907 = ORIENTED_EDGE ( 'NONE', *, *, #1156, .F. ) ;
#1908 = DIRECTION ( 'NONE',  ( 1.000000000000000000, -0.000000000000000000, 0.000000000000000000 ) ) ;
#1909 = DIRECTION ( 'NONE',  ( 0.000000000000000000, -1.000000000000000000, 0.000000000000000000 ) ) ;
#1910 = LINE ( 'NONE', #350, #200 ) ;
#1911 = EDGE_LOOP ( 'NONE', ( #1594, #827, #877, #2141 ) ) ;
#1912 = DIRECTION ( 'NONE',  ( 0.000000000000000000, 0.000000000000000000, -1.000000000000000000 ) ) ;
#1913 = PLANE ( 'NONE',  #514 ) ;
#1914 = FACE_OUTER_BOUND ( 'NONE', #1663, .T. ) ;
#1915 = VECTOR ( 'NONE', #2082, 39.37007874015748143 ) ;
#1916 = DIRECTION ( 'NONE',  ( 0.000000000000000000, 1.000000000000000000, 0.000000000000000000 ) ) ;
#1917 = ADVANCED_FACE ( 'NONE', ( #303 ), #2025, .T. ) ;
#1918 = LINE ( 'NONE', #1214, #165 ) ;
#1919 = EDGE_CURVE ( 'NONE', #728, #1163, #2043, .T. ) ;
#1920 = FACE_OUTER_BOUND ( 'NONE', #1994, .T. ) ;
#1921 = ORIENTED_EDGE ( 'NONE', *, *, #1357, .F. ) ;
#1922 =( GEOMETRIC_REPRESENTATION_CONTEXT ( 3 ) GLOBAL_UNCERTAINTY_ASSIGNED_CONTEXT ( ( #1083 ) ) GLOBAL_UNIT_ASSIGNED_CONTEXT ( ( #270, #293, #458 ) ) REPRESENTATION_CONTEXT ( 'NONE', 'WORKASPACE' ) );
#1923 = DIRECTION ( 'NONE',  ( -0.000000000000000000, -0.7071067811865489050, -0.7071067811865461294 ) ) ;
#1924 = CARTESIAN_POINT ( 'NONE',  ( 0.1099999999999999867, 0.4449999999999998956, -0.1199999999999999956 ) ) ;
#1925 = ORIENTED_EDGE ( 'NONE', *, *, #2193, .T. ) ;
#1926 = EDGE_CURVE ( 'NONE', #680, #297, #2008, .T. ) ;
#1927 = EDGE_CURVE ( 'NONE', #1344, #740, #273, .T. ) ;
#1928 = CARTESIAN_POINT ( 'NONE',  ( -0.1099999999999999867, 0.4449999999999999512, -0.05999999999999999084 ) ) ;
#1929 = LINE ( 'NONE', #1318, #2261 ) ;
#1930 = VERTEX_POINT ( 'NONE', #856 ) ;
#1931 = DIRECTION ( 'NONE',  ( 0.000000000000000000, 0.000000000000000000, -1.000000000000000000 ) ) ;
#1932 = DIRECTION ( 'NONE',  ( 0.000000000000000000, -0.7071067811865489050, 0.7071067811865461294 ) ) ;
#1933 = DIRECTION ( 'NONE',  ( -0.000000000000000000, 0.000000000000000000, 1.000000000000000000 ) ) ;
#1934 = APPLICATION_CONTEXT ( 'automotive_design' ) ;
#1935 = EDGE_CURVE ( 'NONE', #1227, #2462, #260, .T. ) ;
#1936 = PLANE ( 'NONE',  #1478 ) ;
#1937 = ORIENTED_EDGE ( 'NONE', *, *, #387, .T. ) ;
#1938 = PLANE ( 'NONE',  #1501 ) ;
#1939 = ADVANCED_FACE ( 'NONE', ( #1148 ), #2235, .F. ) ;
#1940 = FACE_OUTER_BOUND ( 'NONE', #2577, .T. ) ;
#1941 = CARTESIAN_POINT ( 'NONE',  ( -0.07499999999999999722, 0.4649999999999999689, 0.08000000000000007105 ) ) ;
#1942 = CARTESIAN_POINT ( 'NONE',  ( 0.1974999999999999811, 5.965715319114514816E-17, 0.1000000000000000056 ) ) ;
#1943 = ORIENTED_EDGE ( 'NONE', *, *, #2307, .T. ) ;
#1944 = DIRECTION ( 'NONE',  ( 0.000000000000000000, 0.000000000000000000, -1.000000000000000000 ) ) ;
#1945 = VECTOR ( 'NONE', #2361, 39.37007874015748143 ) ;
#1946 = ORIENTED_EDGE ( 'NONE', *, *, #519, .T. ) ;
#1947 = PLANE ( 'NONE',  #1647 ) ;
#1948 = CARTESIAN_POINT ( 'NONE',  ( 0.1699999999999999845, 0.4649999999999999689, -0.09900000000000000466 ) ) ;
#1949 = DIRECTION ( 'NONE',  ( 0.000000000000000000, 1.000000000000000000, 0.000000000000000000 ) ) ;
#1950 = AXIS2_PLACEMENT_3D ( 'NONE', #548, #1803, #2565 ) ;
#1951 = FACE_OUTER_BOUND ( 'NONE', #1311, .T. ) ;
#1952 = DIRECTION ( 'NONE',  ( -1.000000000000000000, 0.000000000000000000, -0.000000000000000000 ) ) ;
#1953 = AXIS2_PLACEMENT_3D ( 'NONE', #2432, #47, #2464 ) ;
#1954 = LINE ( 'NONE', #599, #2015 ) ;
#1955 = VERTEX_POINT ( 'NONE', #2434 ) ;
#1956 = STYLED_ITEM ( 'NONE', ( #89 ), #365 ) ;
#1957 = CARTESIAN_POINT ( 'NONE',  ( -0.2500000000000000000, -0.5235164807134505827, 0.1000000000000000056 ) ) ;
#1958 = CLOSED_SHELL ( 'NONE', ( #562, #2236, #1802, #679, #1205, #490, #581, #2587, #1325, #714, #2108, #1782, #2450, #1259, #2519, #2279, #79, #1519, #543, #959, #1072, #1116, #913, #2217, #2128, #1412, #1983, #366, #1707, #2570, #143, #104, #437, #1091, #996, #2323, #1027, #475, #805, #1431, #2386, #1476, #1845, #833, #890, #1642, #1862, #1454, #1162, #739, #1526, #648, #1917, #329, #2180, #1939, #503 ) ) ;
#1959 = VECTOR ( 'NONE', #2494, 39.37007874015748143 ) ;
#1960 = AXIS2_PLACEMENT_3D ( 'NONE', #2385, #120, #605 ) ;
#1961 = EDGE_LOOP ( 'NONE', ( #182, #2189, #1089, #201 ) ) ;
#1962 = DIMENSIONAL_EXPONENTS ( 1.000000000000000000, 0.000000000000000000, 0.000000000000000000, 0.000000000000000000, 0.000000000000000000, 0.000000000000000000, 0.000000000000000000 ) ;
#1963 = VECTOR ( 'NONE', #1405, 39.37007874015748143 ) ;
#1964 = EDGE_CURVE ( 'NONE', #1599, #2443, #218, .T. ) ;
#1965 = CARTESIAN_POINT ( 'NONE',  ( -0.2100000000000000200, 0.2949999999999997624, -0.05999999999999999778 ) ) ;
#1966 = LINE ( 'NONE', #1267, #1107 ) ;
#1967 = ORIENTED_EDGE ( 'NONE', *, *, #1686, .T. ) ;
#1968 = UNCERTAINTY_MEASURE_WITH_UNIT (LENGTH_MEASURE( 1.000000000000000082E-05 ), #1996, 'distance_accuracy_value', 'NONE');
#1969 = ORIENTED_EDGE ( 'NONE', *, *, #2290, .T. ) ;
#1970 = DIRECTION ( 'NONE',  ( 0.000000000000000000, 0.000000000000000000, 1.000000000000000000 ) ) ;
#1971 = VECTOR ( 'NONE', #2103, 39.37007874015748143 ) ;
#1972 = EDGE_CURVE ( 'NONE', #2, #1582, #1979, .T. ) ;
#1973 = CARTESIAN_POINT ( 'NONE',  ( 0.01250000000000000590, -0.1049999999999997324, 0.01250000000000000069 ) ) ;
#1974 = ORIENTED_EDGE ( 'NONE', *, *, #1226, .F. ) ;
#1975 = VERTEX_POINT ( 'NONE', #832 ) ;
#1976 = CARTESIAN_POINT ( 'NONE',  ( -0.2100000000000000200, 0.1150000000000000050, -0.05999999999999999778 ) ) ;
#1977 = ORIENTED_EDGE ( 'NONE', *, *, #198, .F. ) ;
#1978 = CARTESIAN_POINT ( 'NONE',  ( -0.2174999999999999989, 0.01499999999999997169, -0.1380788655293195555 ) ) ;
#1979 = LINE ( 'NONE', #1666, #1959 ) ;
#1980 = DIRECTION ( 'NONE',  ( 0.000000000000000000, 1.000000000000000000, 0.000000000000000000 ) ) ;
#1981 = EDGE_LOOP ( 'NONE', ( #1201, #1574, #2302, #1485 ) ) ;
#1982 = PRODUCT ( '705430001_Pins_Gold_Tin_2_705430001_Pins_Gold_Tin_2', '705430001_Pins_Gold_Tin_2_705430001_Pins_Gold_Tin_2', '', ( #128 ) ) ;
#1983 = ADVANCED_FACE ( 'NONE', ( #236 ), #898, .F. ) ;
#1984 = CARTESIAN_POINT ( 'NONE',  ( -0.01249999999999999722, -0.1049999999999997324, 0.01250000000000000069 ) ) ;
#1985 = ORIENTED_EDGE ( 'NONE', *, *, #5, .F. ) ;
#1986 = DIRECTION ( 'NONE',  ( -1.000000000000000000, 0.000000000000000000, 0.000000000000000000 ) ) ;
#1987 = LINE ( 'NONE', #428, #249 ) ;
#1988 = CARTESIAN_POINT ( 'NONE',  ( 0.004117529880478087989, 0.3561952191235060461, 0.004117529880478083652 ) ) ;
#1989 = ORIENTED_EDGE ( 'NONE', *, *, #119, .F. ) ;
#1990 = EDGE_CURVE ( 'NONE', #673, #1582, #1160, .T. ) ;
#1991 = ORIENTED_EDGE ( 'NONE', *, *, #130, .F. ) ;
#1992 = EDGE_CURVE ( 'NONE', #659, #1884, #1185, .T. ) ;
#1993 = CARTESIAN_POINT ( 'NONE',  ( -0.004499999999999984915, 0.3550000000000000377, 0.004499999999999989252 ) ) ;
#1994 = EDGE_LOOP ( 'NONE', ( #2002, #674, #2331, #1142 ) ) ;
#1995 = AXIS2_PLACEMENT_3D ( 'NONE', #196, #1818, #405 ) ;
#1996 =( CONVERSION_BASED_UNIT ( 'INCH', #859 ) LENGTH_UNIT ( ) NAMED_UNIT ( #2197 ) );
#1997 = EDGE_LOOP ( 'NONE', ( #1498, #19, #2211, #2364 ) ) ;
#1998 = DIRECTION ( 'NONE',  ( -0.4472135954999579277, -0.8944271909999158554, -0.000000000000000000 ) ) ;
#1999 = LINE ( 'NONE', #1718, #255 ) ;
#2000 = DIRECTION ( 'NONE',  ( 0.000000000000000000, 0.000000000000000000, -1.000000000000000000 ) ) ;
#2001 = CARTESIAN_POINT ( 'NONE',  ( 0.1099999999999999867, 0.3349999999999999645, -0.09999999999999990841 ) ) ;
#2002 = ORIENTED_EDGE ( 'NONE', *, *, #2300, .T. ) ;
#2003 = EDGE_CURVE ( 'NONE', #1192, #728, #1193, .T. ) ;
#2004 = ORIENTED_EDGE ( 'NONE', *, *, #2339, .F. ) ;
#2005 = VERTEX_POINT ( 'NONE', #2042 ) ;
#2006 = EDGE_CURVE ( 'NONE', #1442, #1344, #316, .T. ) ;
#2007 = ORIENTED_EDGE ( 'NONE', *, *, #1284, .F. ) ;
#2008 = LINE ( 'NONE', #64, #308 ) ;
#2009 = CARTESIAN_POINT ( 'NONE',  ( -0.1499999999999999944, 0.4649999999999999689, -0.1000000000000000056 ) ) ;
#2010 = VERTEX_POINT ( 'NONE', #1287 ) ;
#2011 = VECTOR ( 'NONE', #84, 39.37007874015748143 ) ;
#2012 = VERTEX_POINT ( 'NONE', #76 ) ;
#2013 = CARTESIAN_POINT ( 'NONE',  ( -0.1099999999999999867, 0.4449999999999999512, -0.1199999999999999956 ) ) ;
#2014 = VERTEX_POINT ( 'NONE', #250 ) ;
#2015 = VECTOR ( 'NONE', #480, 39.37007874015748143 ) ;
#2016 = CARTESIAN_POINT ( 'NONE',  ( 0.2299999999999999822, 0.4649999999999999689, -0.09900000000000000466 ) ) ;
#2017 = ORIENTED_EDGE ( 'NONE', *, *, #1025, .F. ) ;
#2018 = DIRECTION ( 'NONE',  ( -0.000000000000000000, -0.000000000000000000, 1.000000000000000000 ) ) ;
#2019 = CARTESIAN_POINT ( 'NONE',  ( -0.1250000000000000000, 0.1150000000000000050, 0.05999999999999999778 ) ) ;
#2020 = VERTEX_POINT ( 'NONE', #1258 ) ;
#2021 = VERTEX_POINT ( 'NONE', #296 ) ;
#2022 = EDGE_CURVE ( 'NONE', #2508, #1028, #2053, .T. ) ;
#2023 = APPLICATION_CONTEXT ( 'automotive_design' ) ;
#2024 = EDGE_LOOP ( 'NONE', ( #1213, #2468, #737, #670 ) ) ;
#2025 = PLANE ( 'NONE',  #1960 ) ;
#2026 = LINE ( 'NONE', #846, #1915 ) ;
#2027 = VERTEX_POINT ( 'NONE', #638 ) ;
#2028 = EDGE_CURVE ( 'NONE', #1443, #2056, #209, .T. ) ;
#2029 = DIRECTION ( 'NONE',  ( 0.000000000000000000, 1.000000000000000000, -0.000000000000000000 ) ) ;
#2030 = ORIENTED_EDGE ( 'NONE', *, *, #1136, .F. ) ;
#2031 = EDGE_CURVE ( 'NONE', #2020, #1264, #1114, .T. ) ;
#2032 = AXIS2_PLACEMENT_3D ( 'NONE', #643, #1037, #855 ) ;
#2033 = ORIENTED_EDGE ( 'NONE', *, *, #1415, .T. ) ;
#2034 = CARTESIAN_POINT ( 'NONE',  ( 0.05999999999999996309, 0.3150000000000000022, -0.08000000000000007105 ) ) ;
#2035 = VERTEX_POINT ( 'NONE', #1039 ) ;
#2036 = PLANE ( 'NONE',  #2389 ) ;
#2037 = VECTOR ( 'NONE', #1453, 39.37007874015748143 ) ;
#2038 = DIRECTION ( 'NONE',  ( -1.000000000000000000, 0.000000000000000000, -0.000000000000000000 ) ) ;
#2039 = PLANE ( 'NONE',  #1700 ) ;
#2040 = ORIENTED_EDGE ( 'NONE', *, *, #2096, .T. ) ;
#2041 = EDGE_LOOP ( 'NONE', ( #1669, #2446, #1584, #2137 ) ) ;
#2042 = CARTESIAN_POINT ( 'NONE',  ( 0.07499999999999999722, 0.1150000000000000050, 0.1000000000000000056 ) ) ;
#2043 = LINE ( 'NONE', #1434, #230 ) ;
#2044 = CARTESIAN_POINT ( 'NONE',  ( -0.1499999999999999944, 0.3150000000000000022, -0.1600000000000000033 ) ) ;
#2045 = ORIENTED_EDGE ( 'NONE', *, *, #1808, .T. ) ;
#2046 = ORIENTED_EDGE ( 'NONE', *, *, #2222, .F. ) ;
#2047 = VECTOR ( 'NONE', #1299, 39.37007874015748143 ) ;
#2048 = CARTESIAN_POINT ( 'NONE',  ( 0.01250000000000000590, 0.3550000000000000377, -0.01250000000000000069 ) ) ;
#2049 = ORIENTED_EDGE ( 'NONE', *, *, #1415, .F. ) ;
#2050 = ADVANCED_FACE ( 'NONE', ( #245 ), #14, .T. ) ;
#2051 = DIRECTION ( 'NONE',  ( 0.000000000000000000, 0.000000000000000000, 1.000000000000000000 ) ) ;
#2052 = DIRECTION ( 'NONE',  ( -0.4472135954999579277, -0.8944271909999158554, -0.000000000000000000 ) ) ;
#2053 = LINE ( 'NONE', #1057, #320 ) ;
#2054 = CARTESIAN_POINT ( 'NONE',  ( -0.004117529880478079315, 0.3561952191235060461, 0.004117529880478083652 ) ) ;
#2055 = CARTESIAN_POINT ( 'NONE',  ( -0.08999999999999994116, 0.4249999999999999889, -0.09999999999999997780 ) ) ;
#2056 = VERTEX_POINT ( 'NONE', #2220 ) ;
#2057 = EDGE_CURVE ( 'NONE', #1443, #783, #1118, .T. ) ;
#2058 = PRODUCT_DEFINITION ( 'UNKNOWN', '', #98, #864 ) ;
#2059 =( LENGTH_UNIT ( ) NAMED_UNIT ( * ) SI_UNIT ( $, .METRE. ) );
#2060 = ORIENTED_EDGE ( 'NONE', *, *, #340, .F. ) ;
#2061 = CARTESIAN_POINT ( 'NONE',  ( -0.2024999999999999856, 1.067128122525102820E-17, -0.1000000000000000056 ) ) ;
#2062 = EDGE_CURVE ( 'NONE', #1360, #1448, #1987, .T. ) ;
#2063 = VERTEX_POINT ( 'NONE', #2539 ) ;
#2064 = APPLICATION_PROTOCOL_DEFINITION ( 'draft international standard', 'automotive_design', 1998, #593 ) ;
#2065 = LINE ( 'NONE', #1128, #328 ) ;
#2066 = DIRECTION ( 'NONE',  ( 0.000000000000000000, 1.000000000000000000, 0.000000000000000000 ) ) ;
#2067 = VERTEX_POINT ( 'NONE', #938 ) ;
#2068 = DIRECTION ( 'NONE',  ( -1.000000000000000000, 0.000000000000000000, 0.000000000000000000 ) ) ;
#2069 = CARTESIAN_POINT ( 'NONE',  ( 0.1499999999999999944, 0.3150000000000000022, -0.1600000000000000033 ) ) ;
#2070 = FACE_OUTER_BOUND ( 'NONE', #1172, .T. ) ;
#2071 = PLANE ( 'NONE',  #839 ) ;
#2072 = DIRECTION ( 'NONE',  ( 1.000000000000000000, 0.000000000000000000, 0.000000000000000000 ) ) ;
#2073 = CARTESIAN_POINT ( 'NONE',  ( 0.000000000000000000, 0.3150000000000000022, 0.000000000000000000 ) ) ;
#2074 = DIRECTION ( 'NONE',  ( 0.000000000000000000, 0.000000000000000000, 1.000000000000000000 ) ) ;
#2075 = VERTEX_POINT ( 'NONE', #686 ) ;
#2076 = DIRECTION ( 'NONE',  ( 0.4472135954999579277, -0.8944271909999158554, 0.000000000000000000 ) ) ;
#2077 = CARTESIAN_POINT ( 'NONE',  ( 0.1824999999999999678, 0.01500000000000002200, 0.1000000000000000056 ) ) ;
#2078 = ORIENTED_EDGE ( 'NONE', *, *, #2083, .T. ) ;
#2079 = PLANE ( 'NONE',  #1249 ) ;
#2080 = LENGTH_MEASURE_WITH_UNIT ( LENGTH_MEASURE( 0.02539999999999999897 ), #1724 );
#2081 = ORIENTED_EDGE ( 'NONE', *, *, #2121, .F. ) ;
#2082 = DIRECTION ( 'NONE',  ( 0.000000000000000000, 1.000000000000000000, 0.000000000000000000 ) ) ;
#2083 = EDGE_CURVE ( 'NONE', #1955, #1447, #1999, .T. ) ;
#2084 = CARTESIAN_POINT ( 'NONE',  ( 0.2100000000000000200, 0.1150000000000000050, 0.05999999999999999778 ) ) ;
#2085 = ORIENTED_EDGE ( 'NONE', *, *, #1919, .F. ) ;
#2086 = PRESENTATION_LAYER_ASSIGNMENT (  '', '', ( #100 ) ) ;
#2087 = VECTOR ( 'NONE', #2120, 39.37007874015748143 ) ;
#2088 = AXIS2_PLACEMENT_3D ( 'NONE', #362, #2301, #1301 ) ;
#2089 = ORIENTED_EDGE ( 'NONE', *, *, #2300, .F. ) ;
#2090 = DIRECTION ( 'NONE',  ( 0.000000000000000000, -0.000000000000000000, 1.000000000000000000 ) ) ;
#2091 = DIMENSIONAL_EXPONENTS ( 1.000000000000000000, 0.000000000000000000, 0.000000000000000000, 0.000000000000000000, 0.000000000000000000, 0.000000000000000000, 0.000000000000000000 ) ;
#2092 = LINE ( 'NONE', #94, #2087 ) ;
#2093 = ORIENTED_EDGE ( 'NONE', *, *, #2151, .T. ) ;
#2094 = DIRECTION ( 'NONE',  ( 0.7071067811865486830, -0.7071067811865462405, -0.000000000000000000 ) ) ;
#2095 =( CONVERSION_BASED_UNIT ( 'INCH', #107 ) LENGTH_UNIT ( ) NAMED_UNIT ( #2091 ) );
#2096 = EDGE_CURVE ( 'NONE', #1687, #1658, #2065, .T. ) ;
#2097 = ORIENTED_EDGE ( 'NONE', *, *, #99, .T. ) ;
#2098 = DIRECTION ( 'NONE',  ( -0.000000000000000000, -0.000000000000000000, -1.000000000000000000 ) ) ;
#2099 = PLANE ( 'NONE',  #1095 ) ;
#2100 = EDGE_LOOP ( 'NONE', ( #2497, #2504, #1120, #2454 ) ) ;
#2101 =( CONVERSION_BASED_UNIT ( 'INCH', #2595 ) LENGTH_UNIT ( ) NAMED_UNIT ( #2182 ) );
#2102 = ORIENTED_EDGE ( 'NONE', *, *, #1390, .T. ) ;
#2103 = DIRECTION ( 'NONE',  ( 0.000000000000000000, 1.000000000000000000, 0.000000000000000000 ) ) ;
#2104 = CARTESIAN_POINT ( 'NONE',  ( 0.01250000000000000590, -0.1300000000000000044, 0.01250000000000000069 ) ) ;
#2105 = ORIENTED_EDGE ( 'NONE', *, *, #510, .F. ) ;
#2106 = AXIS2_PLACEMENT_3D ( 'NONE', #1266, #2398, #2051 ) ;
#2107 = APPLICATION_CONTEXT ( 'automotive_design' ) ;
#2108 = ADVANCED_FACE ( 'NONE', ( #2070 ), #1144, .T. ) ;
#2109 = DIRECTION ( 'NONE',  ( 0.8944271909999159664, -0.4472135954999579832, 0.000000000000000000 ) ) ;
#2110 = SURFACE_STYLE_FILL_AREA ( #1438 ) ;
#2111 = DIRECTION ( 'NONE',  ( 0.000000000000000000, -0.000000000000000000, -1.000000000000000000 ) ) ;
#2112 = EDGE_LOOP ( 'NONE', ( #1135, #2033, #294, #1147 ) ) ;
#2113 = EDGE_CURVE ( 'NONE', #2521, #646, #2092, .T. ) ;
#2114 = DIRECTION ( 'NONE',  ( 1.000000000000000000, -0.000000000000000000, 0.000000000000000000 ) ) ;
#2115 = EDGE_CURVE ( 'NONE', #2012, #680, #1204, .T. ) ;
#2116 = CARTESIAN_POINT ( 'NONE',  ( -0.2100000000000000200, 0.4449999999999999512, 0.05999999999999999778 ) ) ;
#2117 = ORIENTED_EDGE ( 'NONE', *, *, #1260, .F. ) ;
#2118 = CARTESIAN_POINT ( 'NONE',  ( 0.000000000000000000, 0.3550000000000000377, 0.000000000000000000 ) ) ;
#2119 = ORIENTED_EDGE ( 'NONE', *, *, #2250, .F. ) ;
#2120 = DIRECTION ( 'NONE',  ( -0.000000000000000000, -0.000000000000000000, 1.000000000000000000 ) ) ;
#2121 = EDGE_CURVE ( 'NONE', #392, #157, #2135, .T. ) ;
#2122 = CARTESIAN_POINT ( 'NONE',  ( 0.01250000000000000590, 0.3550000000000000377, -0.01250000000000000069 ) ) ;
#2123 = ORIENTED_EDGE ( 'NONE', *, *, #2115, .F. ) ;
#2124 = CARTESIAN_POINT ( 'NONE',  ( -0.1099999999999999867, 0.3150000000000000022, -0.1199999999999999956 ) ) ;
#2125 = CARTESIAN_POINT ( 'NONE',  ( 0.1099999999999999867, 0.3150000000000000022, -0.05999999999999999084 ) ) ;
#2126 = CARTESIAN_POINT ( 'NONE',  ( -0.2100000000000000200, 0.4449999999999999512, 0.05999999999999999778 ) ) ;
#2127 = ORIENTED_EDGE ( 'NONE', *, *, #1709, .T. ) ;
#2128 = ADVANCED_FACE ( 'NONE', ( #376 ), #1409, .T. ) ;
#2129 = DIRECTION ( 'NONE',  ( -0.7071067811865463515, -0.7071067811865487940, 0.000000000000000000 ) ) ;
#2130 = LINE ( 'NONE', #1460, #394 ) ;
#2131 = PRODUCT_DEFINITION_SHAPE ( 'NONE', 'NONE',  #2637 ) ;
#2132 = DIRECTION ( 'NONE',  ( -0.000000000000000000, 1.000000000000000000, -0.000000000000000000 ) ) ;
#2133 = ORIENTED_EDGE ( 'NONE', *, *, #792, .T. ) ;
#2134 = DIRECTION ( 'NONE',  ( 0.000000000000000000, 0.000000000000000000, 1.000000000000000000 ) ) ;
#2135 = LINE ( 'NONE', #661, #357 ) ;
#2136 = DIRECTION ( 'NONE',  ( -0.2915362068315989763, 0.9110506463487559881, -0.2915362068315989763 ) ) ;
#2137 = ORIENTED_EDGE ( 'NONE', *, *, #1739, .F. ) ;
#2138 = CARTESIAN_POINT ( 'NONE',  ( -0.1250000000000000000, 0.000000000000000000, 0.000000000000000000 ) ) ;
#2139 = AXIS2_PLACEMENT_3D ( 'NONE', #284, #1086, #1836 ) ;
#2140 = DIRECTION ( 'NONE',  ( -0.000000000000000000, -0.000000000000000000, 1.000000000000000000 ) ) ;
#2141 = ORIENTED_EDGE ( 'NONE', *, *, #1469, .F. ) ;
#2142 = PLANE ( 'NONE',  #1950 ) ;
#2143 = DIRECTION ( 'NONE',  ( 0.000000000000000000, -1.000000000000000000, 0.000000000000000000 ) ) ;
#2144 = EDGE_CURVE ( 'NONE', #2396, #716, #1262, .T. ) ;
#2145 = VERTEX_POINT ( 'NONE', #1063 ) ;
#2146 = CARTESIAN_POINT ( 'NONE',  ( 0.004500000000000003129, -0.1300000000000000044, 0.000000000000000000 ) ) ;
#2147 = CARTESIAN_POINT ( 'NONE',  ( 0.1999999999999999833, 0.4049999999999999711, -0.01414718625761433521 ) ) ;
#2148 = ORIENTED_EDGE ( 'NONE', *, *, #1296, .T. ) ;
#2149 = CARTESIAN_POINT ( 'NONE',  ( -0.1250000000000000000, 0.1150000000000000050, 0.05999999999999999778 ) ) ;
#2150 = CARTESIAN_POINT ( 'NONE',  ( -0.01037516600265607318, -0.1116401062416995660, -0.01037516600265608012 ) ) ;
#2151 = EDGE_CURVE ( 'NONE', #1601, #1192, #386, .T. ) ;
#2152 = ORIENTED_EDGE ( 'NONE', *, *, #95, .F. ) ;
#2153 = DIRECTION ( 'NONE',  ( -0.2915362068315989763, -0.9110506463487559881, -0.2915362068315989763 ) ) ;
#2154 = ORIENTED_EDGE ( 'NONE', *, *, #1675, .T. ) ;
#2155 = CARTESIAN_POINT ( 'NONE',  ( -0.2100000000000000200, 0.1150000000000000050, 0.05999999999999999778 ) ) ;
#2156 = ORIENTED_EDGE ( 'NONE', *, *, #1413, .T. ) ;
#2157 = CONTEXT_DEPENDENT_SHAPE_REPRESENTATION ( #2262, #2131 ) ;
#2158 = DIRECTION ( 'NONE',  ( 0.000000000000000000, 0.000000000000000000, 1.000000000000000000 ) ) ;
#2159 = PLANE ( 'NONE',  #2333 ) ;
#2160 = ADVANCED_FACE ( 'NONE', ( #1270 ), #2079, .T. ) ;
#2161 = ORIENTED_EDGE ( 'NONE', *, *, #1927, .F. ) ;
#2162 = CARTESIAN_POINT ( 'NONE',  ( -0.01249999999999999722, 0.3299999999999997380, -0.01250000000000000069 ) ) ;
#2163 = DIRECTION ( 'NONE',  ( -0.000000000000000000, -0.000000000000000000, 1.000000000000000000 ) ) ;
#2164 = ORIENTED_EDGE ( 'NONE', *, *, #847, .F. ) ;
#2165 = AXIS2_PLACEMENT_3D ( 'NONE', #1853, #263, #2257 ) ;
#2166 = ORIENTED_EDGE ( 'NONE', *, *, #1378, .F. ) ;
#2167 = CONTEXT_DEPENDENT_SHAPE_REPRESENTATION ( #1276, #682 ) ;
#2168 = FILL_AREA_STYLE ('',( #1189 ) ) ;
#2169 = CARTESIAN_POINT ( 'NONE',  ( -0.1099999999999999867, 0.3150000000000000022, -0.05999999999999999084 ) ) ;
#2170 = MECHANICAL_DESIGN_GEOMETRIC_PRESENTATION_REPRESENTATION (  '', ( #588 ), #2297 ) ;
#2171 = DIRECTION ( 'NONE',  ( 1.000000000000000000, 0.000000000000000000, 0.000000000000000000 ) ) ;
#2172 = EDGE_CURVE ( 'NONE', #2204, #1440, #2130, .T. ) ;
#2173 = ORIENTED_EDGE ( 'NONE', *, *, #1739, .T. ) ;
#2174 = CONTEXT_DEPENDENT_SHAPE_REPRESENTATION ( #903, #1472 ) ;
#2175 = FILL_AREA_STYLE_COLOUR ( '', #1406 ) ;
#2176 = DIRECTION ( 'NONE',  ( 0.000000000000000000, 1.000000000000000000, 0.000000000000000000 ) ) ;
#2177 = ORIENTED_EDGE ( 'NONE', *, *, #105, .F. ) ;
#2178 = EDGE_CURVE ( 'NONE', #1302, #2021, #1254, .T. ) ;
#2179 = MANIFOLD_SOLID_BREP ( 'Cut-Extrude6', #1958 ) ;
#2180 = ADVANCED_FACE ( 'NONE', ( #1232 ), #477, .F. ) ;
#2181 = ORIENTED_EDGE ( 'NONE', *, *, #330, .F. ) ;
#2182 = DIMENSIONAL_EXPONENTS ( 1.000000000000000000, 0.000000000000000000, 0.000000000000000000, 0.000000000000000000, 0.000000000000000000, 0.000000000000000000, 0.000000000000000000 ) ;
#2183 = DIRECTION ( 'NONE',  ( 1.000000000000000000, 0.000000000000000000, -0.000000000000000000 ) ) ;
#2184 = DIRECTION ( 'NONE',  ( -0.000000000000000000, -0.000000000000000000, -1.000000000000000000 ) ) ;
#2185 = ORIENTED_EDGE ( 'NONE', *, *, #1508, .T. ) ;
#2186 = CARTESIAN_POINT ( 'NONE',  ( 0.004500000000000003129, -0.1300000000000000044, 0.004499999999999998793 ) ) ;
#2187 = DIRECTION ( 'NONE',  ( 0.000000000000000000, -0.000000000000000000, -1.000000000000000000 ) ) ;
#2188 = SURFACE_SIDE_STYLE ('',( #592 ) ) ;
#2189 = ORIENTED_EDGE ( 'NONE', *, *, #2006, .F. ) ;
#2190 = CONTEXT_DEPENDENT_SHAPE_REPRESENTATION ( #2238, #1292 ) ;
#2191 = ORIENTED_EDGE ( 'NONE', *, *, #2456, .T. ) ;
#2192 = CARTESIAN_POINT ( 'NONE',  ( 0.01250000000000000590, 0.01500000000000000291, -0.01250000000000000069 ) ) ;
#2193 = EDGE_CURVE ( 'NONE', #1552, #1175, #367, .T. ) ;
#2194 = ORIENTED_EDGE ( 'NONE', *, *, #1643, .T. ) ;
#2195 = EDGE_CURVE ( 'NONE', #1145, #364, #2287, .T. ) ;
#2196 = PLANE ( 'NONE',  #337 ) ;
#2197 = DIMENSIONAL_EXPONENTS ( 1.000000000000000000, 0.000000000000000000, 0.000000000000000000, 0.000000000000000000, 0.000000000000000000, 0.000000000000000000, 0.000000000000000000 ) ;
#2198 = AXIS2_PLACEMENT_3D ( 'NONE', #2147, #2574, #964 ) ;
#2199 = PLANE ( 'NONE',  #412 ) ;
#2200 = ORIENTED_EDGE ( 'NONE', *, *, #2290, .F. ) ;
#2201 = DIRECTION ( 'NONE',  ( -0.000000000000000000, 0.7071067811865461294, 0.7071067811865489050 ) ) ;
#2202 = PLANE ( 'NONE',  #1393 ) ;
#2203 =( NAMED_UNIT ( * ) PLANE_ANGLE_UNIT ( ) SI_UNIT ( $, .RADIAN. ) );
#2204 = VERTEX_POINT ( 'NONE', #667 ) ;
#2205 = ORIENTED_EDGE ( 'NONE', *, *, #1396, .T. ) ;
#2206 =( LENGTH_UNIT ( ) NAMED_UNIT ( * ) SI_UNIT ( $, .METRE. ) );
#2207 = CARTESIAN_POINT ( 'NONE',  ( 0.1099999999999999867, 0.3150000000000000022, -0.1199999999999999956 ) ) ;
#2208 = VERTEX_POINT ( 'NONE', #433 ) ;
#2209 = EDGE_CURVE ( 'NONE', #740, #1227, #2292, .T. ) ;
#2210 = CARTESIAN_POINT ( 'NONE',  ( -0.01249999999999999722, 0.3550000000000000377, -0.004499999999999989252 ) ) ;
#2211 = ORIENTED_EDGE ( 'NONE', *, *, #2607, .T. ) ;
#2212 = PLANE ( 'NONE',  #2106 ) ;
#2213 = ORIENTED_EDGE ( 'NONE', *, *, #508, .T. ) ;
#2214 = CARTESIAN_POINT ( 'NONE',  ( -0.1250000000000000000, 0.4449999999999999512, 0.05999999999999999778 ) ) ;
#2215 = CARTESIAN_POINT ( 'NONE',  ( 0.07499999999999999722, 0.1150000000000000050, 0.05999999999999999778 ) ) ;
#2216 =( LENGTH_UNIT ( ) NAMED_UNIT ( * ) SI_UNIT ( $, .METRE. ) );
#2217 = ADVANCED_FACE ( 'NONE', ( #2249 ), #2240, .F. ) ;
#2218 = VERTEX_POINT ( 'NONE', #886 ) ;
#2219 = AXIS2_PLACEMENT_3D ( 'NONE', #378, #1203, #529 ) ;
#2220 = CARTESIAN_POINT ( 'NONE',  ( -0.07499999999999999722, 0.4649999999999999689, 0.08000000000000007105 ) ) ;
#2221 = ORIENTED_EDGE ( 'NONE', *, *, #223, .F. ) ;
#2222 = EDGE_CURVE ( 'NONE', #1596, #1339, #505, .T. ) ;
#2223 = DIRECTION ( 'NONE',  ( -1.000000000000000000, -0.000000000000000000, -0.000000000000000000 ) ) ;
#2224 = EDGE_CURVE ( 'NONE', #1746, #381, #2266, .T. ) ;
#2225 = VERTEX_POINT ( 'NONE', #465 ) ;
#2226 = CARTESIAN_POINT ( 'NONE',  ( -0.2100000000000000200, 0.2949999999999997624, -0.05999999999999999778 ) ) ;
#2227 = AXIS2_PLACEMENT_3D ( 'NONE', #1868, #1932, #2072 ) ;
#2228 = CARTESIAN_POINT ( 'NONE',  ( 0.1300000000000000322, 0.4649999999999999689, -0.08000000000000007105 ) ) ;
#2229 = EDGE_LOOP ( 'NONE', ( #910, #1036, #195, #462 ) ) ;
#2230 = CARTESIAN_POINT ( 'NONE',  ( -0.2500000000000000000, 0.4649999999999999689, 0.1000000000000000056 ) ) ;
#2231 = CARTESIAN_POINT ( 'NONE',  ( -0.2500000000000000000, 0.4649999999999999689, 0.1000000000000000056 ) ) ;
#2232 = CARTESIAN_POINT ( 'NONE',  ( -0.01249999999999999722, 0.1150000000000000050, 0.01250000000000000069 ) ) ;
#2233 = LINE ( 'NONE', #2309, #2277 ) ;
#2234 = CARTESIAN_POINT ( 'NONE',  ( 0.05000000000000003053, 0.000000000000000000, 0.000000000000000000 ) ) ;
#2235 = PLANE ( 'NONE',  #1352 ) ;
#2236 = ADVANCED_FACE ( 'NONE', ( #590 ), #1689, .F. ) ;
#2237 = CARTESIAN_POINT ( 'NONE',  ( -0.2100000000000000200, 0.4449999999999999512, 0.05999999999999999778 ) ) ;
#2238 =( REPRESENTATION_RELATIONSHIP ('NONE','NONE', #1832, #1328 ) REPRESENTATION_RELATIONSHIP_WITH_TRANSFORMATION ( #1347 )SHAPE_REPRESENTATION_RELATIONSHIP( ) );
#2239 = ORIENTED_EDGE ( 'NONE', *, *, #345, .F. ) ;
#2240 = PLANE ( 'NONE',  #444 ) ;
#2241 = PLANE ( 'NONE',  #2576 ) ;
#2242 = CARTESIAN_POINT ( 'NONE',  ( 0.1250000000000000000, 0.1150000000000000050, 0.1000000000000000056 ) ) ;
#2243 = CARTESIAN_POINT ( 'NONE',  ( 0.2500000000000000000, 0.4649999999999999689, 0.1000000000000000056 ) ) ;
#2244 = CARTESIAN_POINT ( 'NONE',  ( 0.1824999999999999678, 0.01500000000000002200, -0.1380788655293195555 ) ) ;
#2245 = AXIS2_PLACEMENT_3D ( 'NONE', #1957, #2068, #1250 ) ;
#2246 = CARTESIAN_POINT ( 'NONE',  ( -0.01249999999999999722, 0.3550000000000000377, -0.01250000000000000069 ) ) ;
#2247 = CARTESIAN_POINT ( 'NONE',  ( 0.01250000000000000590, 0.3299999999999997380, 0.01250000000000000069 ) ) ;
#2248 = EDGE_CURVE ( 'NONE', #2532, #587, #595, .T. ) ;
#2249 = FACE_OUTER_BOUND ( 'NONE', #753, .T. ) ;
#2250 = EDGE_CURVE ( 'NONE', #2063, #1169, #615, .T. ) ;
#2251 = CARTESIAN_POINT ( 'NONE',  ( -0.2100000000000000200, 0.4449999999999999512, -0.05999999999999999778 ) ) ;
#2252 = AXIS2_PLACEMENT_3D ( 'NONE', #1872, #2259, #1055 ) ;
#2253 = ADVANCED_FACE ( 'NONE', ( #2358 ), #2202, .F. ) ;
#2254 = DIRECTION ( 'NONE',  ( -1.000000000000000000, -0.000000000000000000, -0.000000000000000000 ) ) ;
#2255 = CARTESIAN_POINT ( 'NONE',  ( 0.000000000000000000, -0.1300000000000000044, 0.000000000000000000 ) ) ;
#2256 = EDGE_CURVE ( 'NONE', #392, #2402, #622, .T. ) ;
#2257 = DIRECTION ( 'NONE',  ( 1.000000000000000000, 0.000000000000000000, 0.000000000000000000 ) ) ;
#2258 = DIRECTION ( 'NONE',  ( 0.000000000000000000, 0.3047757271037810356, 0.9524241471993251107 ) ) ;
#2259 = DIRECTION ( 'NONE',  ( 0.000000000000000000, 0.000000000000000000, 1.000000000000000000 ) ) ;
#2260 = DIRECTION ( 'NONE',  ( 1.000000000000000000, 0.000000000000000000, 0.000000000000000000 ) ) ;
#2261 = VECTOR ( 'NONE', #117, 39.37007874015748143 ) ;
#2262 =( REPRESENTATION_RELATIONSHIP ('NONE','NONE', #1832, #1328 ) REPRESENTATION_RELATIONSHIP_WITH_TRANSFORMATION ( #442 )SHAPE_REPRESENTATION_RELATIONSHIP( ) );
#2263 = CARTESIAN_POINT ( 'NONE',  ( 0.000000000000000000, 0.01499999999999999944, 0.000000000000000000 ) ) ;
#2264 = DIRECTION ( 'NONE',  ( -1.000000000000000000, 0.000000000000000000, 0.000000000000000000 ) ) ;
#2265 = ADVANCED_FACE ( 'NONE', ( #1504 ), #1838, .F. ) ;
#2266 = LINE ( 'NONE', #1876, #1490 ) ;
#2267 = AXIS2_PLACEMENT_3D ( 'NONE', #225, #2626, #1019 ) ;
#2268 = DIRECTION ( 'NONE',  ( 1.000000000000000000, 0.000000000000000000, 0.000000000000000000 ) ) ;
#2269 = PRODUCT_RELATED_PRODUCT_CATEGORY ( 'part', '', ( #204 ) ) ;
#2270 = AXIS2_PLACEMENT_3D ( 'NONE', #2289, #466, #1891 ) ;
#2271 = CARTESIAN_POINT ( 'NONE',  ( -0.05700000000000000205, 0.3519999999999999796, -0.1200000000000000233 ) ) ;
#2272 = EDGE_CURVE ( 'NONE', #1758, #751, #698, .T. ) ;
#2273 = SURFACE_STYLE_FILL_AREA ( #997 ) ;
#2274 = DIRECTION ( 'NONE',  ( -2.134256245050204715E-16, -0.000000000000000000, -1.000000000000000000 ) ) ;
#2275 = DIRECTION ( 'NONE',  ( -0.000000000000000000, -0.000000000000000000, -1.000000000000000000 ) ) ;
#2276 = EDGE_CURVE ( 'NONE', #1685, #1601, #1571, .T. ) ;
#2277 = VECTOR ( 'NONE', #354, 39.37007874015748143 ) ;
#2278 = CARTESIAN_POINT ( 'NONE',  ( 0.01250000000000000590, 0.1150000000000000050, 0.01250000000000000069 ) ) ;
#2279 = ADVANCED_FACE ( 'NONE', ( #769 ), #1821, .T. ) ;
#2280 = CARTESIAN_POINT ( 'NONE',  ( 0.05699999999999961348, 0.4049999999999999711, 0.1176972864800942681 ) ) ;
#2281 = DIRECTION ( 'NONE',  ( 0.000000000000000000, 0.000000000000000000, -1.000000000000000000 ) ) ;
#2282 = AXIS2_PLACEMENT_3D ( 'NONE', #2271, #2342, #2520 ) ;
#2283 = DIRECTION ( 'NONE',  ( 0.000000000000000000, 0.000000000000000000, 1.000000000000000000 ) ) ;
#2284 = CARTESIAN_POINT ( 'NONE',  ( 0.2100000000000000200, 0.4449999999999999512, 0.05999999999999999778 ) ) ;
#2285 = ORIENTED_EDGE ( 'NONE', *, *, #2209, .T. ) ;
#2286 = DIRECTION ( 'NONE',  ( -0.000000000000000000, -0.000000000000000000, 1.000000000000000000 ) ) ;
#2287 = LINE ( 'NONE', #1098, #544 ) ;
#2288 = ORIENTED_EDGE ( 'NONE', *, *, #396, .T. ) ;
#2289 = CARTESIAN_POINT ( 'NONE',  ( 0.1250000000000000000, 0.000000000000000000, 0.000000000000000000 ) ) ;
#2290 = EDGE_CURVE ( 'NONE', #1448, #1975, #1562, .T. ) ;
#2291 = DIRECTION ( 'NONE',  ( 0.000000000000000000, 0.000000000000000000, 1.000000000000000000 ) ) ;
#2292 = LINE ( 'NONE', #68, #1376 ) ;
#2293 = ORIENTED_EDGE ( 'NONE', *, *, #2571, .T. ) ;
#2294 = EDGE_CURVE ( 'NONE', #1268, #1048, #1556, .T. ) ;
#2295 = CARTESIAN_POINT ( 'NONE',  ( -0.2500000000000000000, 0.4649999999999999689, -0.1000000000000000056 ) ) ;
#2296 = CARTESIAN_POINT ( 'NONE',  ( -0.06000000000000003247, -0.01149110640673522282, -0.05999999999999999084 ) ) ;
#2297 =( GEOMETRIC_REPRESENTATION_CONTEXT ( 3 ) GLOBAL_UNCERTAINTY_ASSIGNED_CONTEXT ( ( #1873 ) ) GLOBAL_UNIT_ASSIGNED_CONTEXT ( ( #2095, #1100, #1291 ) ) REPRESENTATION_CONTEXT ( 'NONE', 'WORKASPACE' ) );
#2298 = CARTESIAN_POINT ( 'NONE',  ( 0.1099999999999999867, 0.3150000000000000022, -0.1199999999999999956 ) ) ;
#2299 = ORIENTED_EDGE ( 'NONE', *, *, #1025, .T. ) ;
#2300 = EDGE_CURVE ( 'NONE', #680, #2056, #2483, .T. ) ;
#2301 = DIRECTION ( 'NONE',  ( 0.000000000000000000, 0.000000000000000000, -1.000000000000000000 ) ) ;
#2302 = ORIENTED_EDGE ( 'NONE', *, *, #1865, .F. ) ;
#2303 = ORIENTED_EDGE ( 'NONE', *, *, #1390, .F. ) ;
#2304 = CARTESIAN_POINT ( 'NONE',  ( -0.1250000000000000000, 0.1150000000000000050, 0.1000000000000000056 ) ) ;
#2305 = CARTESIAN_POINT ( 'NONE',  ( -0.01249999999999999722, -0.1049999999999997324, 0.01250000000000000069 ) ) ;
#2306 = DIRECTION ( 'NONE',  ( -0.4472135954999579277, 0.8944271909999158554, 0.000000000000000000 ) ) ;
#2307 = EDGE_CURVE ( 'NONE', #740, #1524, #1538, .T. ) ;
#2308 = ORIENTED_EDGE ( 'NONE', *, *, #8, .T. ) ;
#2309 = CARTESIAN_POINT ( 'NONE',  ( 0.07499999999999999722, 0.4649999999999999689, 0.08000000000000007105 ) ) ;
#2310 =( NAMED_UNIT ( * ) PLANE_ANGLE_UNIT ( ) SI_UNIT ( $, .RADIAN. ) );
#2311 = VERTEX_POINT ( 'NONE', #1559 ) ;
#2312 = DIRECTION ( 'NONE',  ( -1.000000000000000000, 0.000000000000000000, 0.000000000000000000 ) ) ;
#2313 = DIRECTION ( 'NONE',  ( 0.000000000000000000, 1.000000000000000000, 0.000000000000000000 ) ) ;
#2314 = DIRECTION ( 'NONE',  ( 0.000000000000000000, 0.000000000000000000, 1.000000000000000000 ) ) ;
#2315 = VERTEX_POINT ( 'NONE', #2215 ) ;
#2316 = VERTEX_POINT ( 'NONE', #2231 ) ;
#2317 = CARTESIAN_POINT ( 'NONE',  ( -0.01249999999999999722, -0.1049999999999997324, 0.01250000000000000069 ) ) ;
#2318 = ORIENTED_EDGE ( 'NONE', *, *, #1093, .F. ) ;
#2319 = AXIS2_PLACEMENT_3D ( 'NONE', #756, #1197, #1500 ) ;
#2320 = ORIENTED_EDGE ( 'NONE', *, *, #2495, .T. ) ;
#2321 = VECTOR ( 'NONE', #385, 39.37007874015748143 ) ;
#2322 = DIRECTION ( 'NONE',  ( 0.000000000000000000, 0.000000000000000000, -1.000000000000000000 ) ) ;
#2323 = ADVANCED_FACE ( 'NONE', ( #2414 ), #42, .F. ) ;
#2324 = EDGE_LOOP ( 'NONE', ( #1279, #2102, #2616, #729 ) ) ;
#2325 = ORIENTED_EDGE ( 'NONE', *, *, #387, .F. ) ;
#2326 = DIRECTION ( 'NONE',  ( -0.000000000000000000, 0.000000000000000000, 1.000000000000000000 ) ) ;
#2327 = EDGE_CURVE ( 'NONE', #1676, #1297, #1530, .T. ) ;
#2328 = EDGE_LOOP ( 'NONE', ( #471, #963, #929, #436, #2200, #1346 ) ) ;
#2329 = EDGE_CURVE ( 'NONE', #2067, #572, #1576, .T. ) ;
#2330 = CARTESIAN_POINT ( 'NONE',  ( -0.2500000000000000000, 0.01499999999999997689, -0.1000000000000000056 ) ) ;
#2331 = ORIENTED_EDGE ( 'NONE', *, *, #837, .F. ) ;
#2332 = DIRECTION ( 'NONE',  ( -0.000000000000000000, -0.7071067811865497932, 0.7071067811865452413 ) ) ;
#2333 = AXIS2_PLACEMENT_3D ( 'NONE', #1180, #1350, #343 ) ;
#2334 = LINE ( 'NONE', #1179, #619 ) ;
#2335 = CARTESIAN_POINT ( 'NONE',  ( 0.1974999999999999811, 5.965715319114514816E-17, -0.1000000000000000056 ) ) ;
#2336 = DIRECTION ( 'NONE',  ( -1.000000000000000000, -0.000000000000000000, -0.000000000000000000 ) ) ;
#2337 = ORIENTED_EDGE ( 'NONE', *, *, #1303, .T. ) ;
#2338 =( REPRESENTATION_RELATIONSHIP ('NONE','NONE', #1832, #1328 ) REPRESENTATION_RELATIONSHIP_WITH_TRANSFORMATION ( #1315 )SHAPE_REPRESENTATION_RELATIONSHIP( ) );
#2339 = EDGE_CURVE ( 'NONE', #379, #2208, #1626, .T. ) ;
#2340 = LINE ( 'NONE', #538, #2371 ) ;
#2341 = ORIENTED_EDGE ( 'NONE', *, *, #65, .T. ) ;
#2342 = DIRECTION ( 'NONE',  ( -0.000000000000000000, -0.000000000000000000, 1.000000000000000000 ) ) ;
#2343 = EDGE_LOOP ( 'NONE', ( #302, #1239, #370, #858 ) ) ;
#2344 = ORIENTED_EDGE ( 'NONE', *, *, #17, .F. ) ;
#2345 = VECTOR ( 'NONE', #1307, 39.37007874015748143 ) ;
#2346 = CARTESIAN_POINT ( 'NONE',  ( -0.1499999999999999944, 0.3150000000000000022, -0.1600000000000000033 ) ) ;
#2347 = ORIENTED_EDGE ( 'NONE', *, *, #51, .T. ) ;
#2348 =( CONVERSION_BASED_UNIT ( 'INCH', #585 ) LENGTH_UNIT ( ) NAMED_UNIT ( #1962 ) );
#2349 = LINE ( 'NONE', #203, #2415 ) ;
#2350 = DIRECTION ( 'NONE',  ( -0.000000000000000000, 0.3047757271037809801, -0.9524241471993251107 ) ) ;
#2351 = ORIENTED_EDGE ( 'NONE', *, *, #977, .F. ) ;
#2352 = DIRECTION ( 'NONE',  ( -0.000000000000000000, -0.7071067811865489050, -0.7071067811865461294 ) ) ;
#2353 = DIRECTION ( 'NONE',  ( 0.000000000000000000, 0.000000000000000000, -1.000000000000000000 ) ) ;
#2354 = ORIENTED_EDGE ( 'NONE', *, *, #1464, .T. ) ;
#2355 = EDGE_CURVE ( 'NONE', #1166, #1365, #2401, .T. ) ;
#2356 = ORIENTED_EDGE ( 'NONE', *, *, #927, .F. ) ;
#2357 = DIRECTION ( 'NONE',  ( 1.000000000000000000, 0.000000000000000000, 0.000000000000000000 ) ) ;
#2358 = FACE_OUTER_BOUND ( 'NONE', #1515, .T. ) ;
#2359 = VERTEX_POINT ( 'NONE', #567 ) ;
#2360 = VECTOR ( 'NONE', #2114, 39.37007874015748143 ) ;
#2361 = DIRECTION ( 'NONE',  ( -0.000000000000000000, -0.000000000000000000, -1.000000000000000000 ) ) ;
#2362 = EDGE_CURVE ( 'NONE', #887, #1227, #2499, .T. ) ;
#2363 = CARTESIAN_POINT ( 'NONE',  ( -0.2500000000000000000, 0.01499999999999997689, 0.1000000000000000056 ) ) ;
#2364 = ORIENTED_EDGE ( 'NONE', *, *, #2362, .T. ) ;
#2365 = FILL_AREA_STYLE ('',( #727 ) ) ;
#2366 = ADVANCED_FACE ( 'NONE', ( #717 ), #1329, .T. ) ;
#2367 = LINE ( 'NONE', #1522, #2421 ) ;
#2368 = ORIENTED_EDGE ( 'NONE', *, *, #2195, .T. ) ;
#2369 = CARTESIAN_POINT ( 'NONE',  ( 0.004500000000000003129, -0.1300000000000000044, -0.004499999999999998793 ) ) ;
#2370 = EDGE_CURVE ( 'NONE', #1356, #1746, #2478, .T. ) ;
#2371 = VECTOR ( 'NONE', #2171, 39.37007874015748143 ) ;
#2372 = ORIENTED_EDGE ( 'NONE', *, *, #1789, .F. ) ;
#2373 = VECTOR ( 'NONE', #1006, 39.37007874015748143 ) ;
#2374 = EDGE_CURVE ( 'NONE', #257, #2027, #1545, .T. ) ;
#2375 = ORIENTED_EDGE ( 'NONE', *, *, #1101, .F. ) ;
#2376 = LINE ( 'NONE', #324, #624 ) ;
#2377 = VECTOR ( 'NONE', #1380, 39.37007874015748143 ) ;
#2378 = CARTESIAN_POINT ( 'NONE',  ( -0.01249999999999999722, -0.1300000000000000044, 0.01250000000000000069 ) ) ;
#2379 = FACE_OUTER_BOUND ( 'NONE', #191, .T. ) ;
#2380 = DIRECTION ( 'NONE',  ( 0.000000000000000000, 1.000000000000000000, 0.000000000000000000 ) ) ;
#2381 = ORIENTED_EDGE ( 'NONE', *, *, #2355, .T. ) ;
#2382 = CARTESIAN_POINT ( 'NONE',  ( 0.07499999999999999722, 0.1150000000000000050, 0.05999999999999999778 ) ) ;
#2383 = ORIENTED_EDGE ( 'NONE', *, *, #1678, .T. ) ;
#2384 = ORIENTED_EDGE ( 'NONE', *, *, #2571, .F. ) ;
#2385 = CARTESIAN_POINT ( 'NONE',  ( 0.2024999999999999856, 6.026947659071883574E-17, -0.1380788655293195555 ) ) ;
#2386 = ADVANCED_FACE ( 'NONE', ( #1551 ), #931, .F. ) ;
#2387 = VECTOR ( 'NONE', #411, 39.37007874015748143 ) ;
#2388 = VERTEX_POINT ( 'NONE', #1124 ) ;
#2389 = AXIS2_PLACEMENT_3D ( 'NONE', #1050, #1068, #1121 ) ;
#2390 = PRODUCT_RELATED_PRODUCT_CATEGORY ( 'part', '', ( #825 ) ) ;
#2391 = VECTOR ( 'NONE', #1382, 39.37007874015748143 ) ;
#2392 = ORIENTED_EDGE ( 'NONE', *, *, #1897, .F. ) ;
#2393 = CARTESIAN_POINT ( 'NONE',  ( -0.01249999999999999722, -0.1049999999999997324, 0.01250000000000000069 ) ) ;
#2394 = VERTEX_POINT ( 'NONE', #306 ) ;
#2395 = PRESENTATION_LAYER_ASSIGNMENT (  '', '', ( #1956 ) ) ;
#2396 = VERTEX_POINT ( 'NONE', #1309 ) ;
#2397 = AXIS2_PLACEMENT_3D ( 'NONE', #2255, #1909, #2111 ) ;
#2398 = DIRECTION ( 'NONE',  ( -1.000000000000000000, 0.000000000000000000, 0.000000000000000000 ) ) ;
#2399 = CARTESIAN_POINT ( 'NONE',  ( -0.1099999999999999867, 0.4449999999999998956, -0.1199999999999999956 ) ) ;
#2400 = ORIENTED_EDGE ( 'NONE', *, *, #95, .T. ) ;
#2401 = LINE ( 'NONE', #549, #669 ) ;
#2402 = VERTEX_POINT ( 'NONE', #634 ) ;
#2403 = CARTESIAN_POINT ( 'NONE',  ( 0.000000000000000000, 0.000000000000000000, -0.1000000000000000056 ) ) ;
#2404 = VECTOR ( 'NONE', #1536, 39.37007874015748143 ) ;
#2405 = ORIENTED_EDGE ( 'NONE', *, *, #1686, .F. ) ;
#2406 = VECTOR ( 'NONE', #481, 39.37007874015748143 ) ;
#2407 = EDGE_CURVE ( 'NONE', #2, #716, #688, .T. ) ;
#2408 = ORIENTED_EDGE ( 'NONE', *, *, #701, .T. ) ;
#2409 = CARTESIAN_POINT ( 'NONE',  ( 0.07499999999999999722, 0.4649999999999999689, 0.1000000000000000056 ) ) ;
#2410 = VECTOR ( 'NONE', #1462, 39.37007874015748143 ) ;
#2411 = EDGE_CURVE ( 'NONE', #2462, #2359, #1533, .T. ) ;
#2412 = EDGE_LOOP ( 'NONE', ( #2156, #2288, #943, #2320 ) ) ;
#2413 = EDGE_LOOP ( 'NONE', ( #559, #1563, #1042, #2472 ) ) ;
#2414 = FACE_OUTER_BOUND ( 'NONE', #1981, .T. ) ;
#2415 = VECTOR ( 'NONE', #1806, 39.37007874015748143 ) ;
#2416 = ORIENTED_EDGE ( 'NONE', *, *, #564, .T. ) ;
#2417 = CARTESIAN_POINT ( 'NONE',  ( -0.1499999999999999944, 0.3150000000000000022, -0.1000000000000000056 ) ) ;
#2418 = VECTOR ( 'NONE', #2457, 39.37007874015748143 ) ;
#2419 = EDGE_LOOP ( 'NONE', ( #1510, #1690, #649, #635, #2049, #2460, #726, #2416, #1521, #2426, #699, #2040, #2045, #2481, #1613, #251, #2097, #1679, #288, #2559 ) ) ;
#2420 = CARTESIAN_POINT ( 'NONE',  ( -0.1099999999999999867, 0.3150000000000000022, -0.1000000000000000056 ) ) ;
#2421 = VECTOR ( 'NONE', #540, 39.37007874015748143 ) ;
#2422 = PLANE ( 'NONE',  #2139 ) ;
#2423 = ORIENTED_EDGE ( 'NONE', *, *, #1277, .T. ) ;
#2424 = VECTOR ( 'NONE', #383, 39.37007874015748143 ) ;
#2425 = DIRECTION ( 'NONE',  ( 0.000000000000000000, -0.000000000000000000, 1.000000000000000000 ) ) ;
#2426 = ORIENTED_EDGE ( 'NONE', *, *, #443, .F. ) ;
#2427 = CARTESIAN_POINT ( 'NONE',  ( -0.2500000000000000000, 0.4649999999999999689, 0.1000000000000000056 ) ) ;
#2428 = LINE ( 'NONE', #804, #2506 ) ;
#2429 = ORIENTED_EDGE ( 'NONE', *, *, #2540, .T. ) ;
#2430 = ORIENTED_EDGE ( 'NONE', *, *, #67, .T. ) ;
#2431 = VECTOR ( 'NONE', #1898, 39.37007874015748143 ) ;
#2432 = CARTESIAN_POINT ( 'NONE',  ( 0.1500000000000000222, 0.000000000000000000, 0.000000000000000000 ) ) ;
#2433 = VERTEX_POINT ( 'NONE', #601 ) ;
#2434 = CARTESIAN_POINT ( 'NONE',  ( -0.2300000000000000655, 0.4649999999999999689, -0.08000000000000007105 ) ) ;
#2435 = FACE_OUTER_BOUND ( 'NONE', #208, .T. ) ;
#2436 = EDGE_CURVE ( 'NONE', #2218, #305, #776, .T. ) ;
#2437 = VECTOR ( 'NONE', #2132, 39.37007874015748143 ) ;
#2438 = DIRECTION ( 'NONE',  ( -1.000000000000000000, 0.000000000000000000, -0.000000000000000000 ) ) ;
#2439 = ORIENTED_EDGE ( 'NONE', *, *, #1812, .T. ) ;
#2440 = DIRECTION ( 'NONE',  ( -0.000000000000000000, -1.000000000000000000, -0.000000000000000000 ) ) ;
#2441 = CARTESIAN_POINT ( 'NONE',  ( 0.2100000000000000200, 0.1150000000000000050, 0.05999999999999999778 ) ) ;
#2442 = VECTOR ( 'NONE', #1183, 39.37007874015748143 ) ;
#2443 = VERTEX_POINT ( 'NONE', #1429 ) ;
#2444 = CARTESIAN_POINT ( 'NONE',  ( -0.1099999999999999867, 0.3150000000000000022, -0.08000000000000007105 ) ) ;
#2445 = AXIS2_PLACEMENT_3D ( 'NONE', #1859, #1394, #1617 ) ;
#2446 = ORIENTED_EDGE ( 'NONE', *, *, #1520, .T. ) ;
#2447 = VECTOR ( 'NONE', #1580, 39.37007874015748143 ) ;
#2448 = ORIENTED_EDGE ( 'NONE', *, *, #1990, .T. ) ;
#2449 = SHAPE_REPRESENTATION ( '705430002_Body_4', ( #511 ), #227 ) ;
#2450 = ADVANCED_FACE ( 'NONE', ( #652 ), #2071, .T. ) ;
#2451 = CARTESIAN_POINT ( 'NONE',  ( 0.2500000000000000000, 0.01499999999999997689, 0.1000000000000000056 ) ) ;
#2452 = PLANE ( 'NONE',  #2165 ) ;
#2453 = EDGE_LOOP ( 'NONE', ( #2423, #2534, #724, #2191 ) ) ;
#2454 = ORIENTED_EDGE ( 'NONE', *, *, #557, .F. ) ;
#2455 = VECTOR ( 'NONE', #1661, 39.37007874015748143 ) ;
#2456 = EDGE_CURVE ( 'NONE', #1524, #971, #683, .T. ) ;
#2457 = DIRECTION ( 'NONE',  ( -1.000000000000000000, 0.000000000000000000, 0.000000000000000000 ) ) ;
#2458 = EDGE_LOOP ( 'NONE', ( #2375, #7, #485, #2303 ) ) ;
#2459 = FACE_OUTER_BOUND ( 'NONE', #2453, .T. ) ;
#2460 = ORIENTED_EDGE ( 'NONE', *, *, #1508, .F. ) ;
#2461 = CARTESIAN_POINT ( 'NONE',  ( -0.2100000000000000200, 0.4449999999999999512, -0.05999999999999999778 ) ) ;
#2462 = VERTEX_POINT ( 'NONE', #2511 ) ;
#2463 = VECTOR ( 'NONE', #1856, 39.37007874015748143 ) ;
#2464 = DIRECTION ( 'NONE',  ( 1.000000000000000000, 0.000000000000000000, 0.000000000000000000 ) ) ;
#2465 = ORIENTED_EDGE ( 'NONE', *, *, #2609, .T. ) ;
#2466 = EDGE_CURVE ( 'NONE', #747, #2075, #2491, .T. ) ;
#2467 = VECTOR ( 'NONE', #849, 39.37007874015748143 ) ;
#2468 = ORIENTED_EDGE ( 'NONE', *, *, #598, .T. ) ;
#2469 = ORIENTED_EDGE ( 'NONE', *, *, #653, .T. ) ;
#2470 = VECTOR ( 'NONE', #677, 39.37007874015748143 ) ;
#2471 = DIRECTION ( 'NONE',  ( -0.000000000000000000, 0.000000000000000000, 1.000000000000000000 ) ) ;
#2472 = ORIENTED_EDGE ( 'NONE', *, *, #232, .F. ) ;
#2473 = CARTESIAN_POINT ( 'NONE',  ( 0.05999999999999996309, 0.3150000000000000022, -0.1000000000000000056 ) ) ;
#2474 = LINE ( 'NONE', #2296, #773 ) ;
#2475 = EDGE_LOOP ( 'NONE', ( #452, #1486, #607, #2308, #2293, #1422, #1159, #457 ) ) ;
#2476 = CARTESIAN_POINT ( 'NONE',  ( 0.1699999999999999845, 0.4649999999999999689, -0.01414718625761433521 ) ) ;
#2477 = ORIENTED_EDGE ( 'NONE', *, *, #126, .F. ) ;
#2478 = LINE ( 'NONE', #2084, #2516 ) ;
#2479 = ORIENTED_EDGE ( 'NONE', *, *, #2374, .T. ) ;
#2480 = CARTESIAN_POINT ( 'NONE',  ( -0.1250000000000000000, 0.4649999999999999689, 0.08000000000000007105 ) ) ;
#2481 = ORIENTED_EDGE ( 'NONE', *, *, #311, .F. ) ;
#2482 = ORIENTED_EDGE ( 'NONE', *, *, #360, .T. ) ;
#2483 = LINE ( 'NONE', #1941, #2424 ) ;
#2484 = ORIENTED_EDGE ( 'NONE', *, *, #701, .F. ) ;
#2485 = MECHANICAL_DESIGN_GEOMETRIC_PRESENTATION_REPRESENTATION (  '', ( #741 ), #1387 ) ;
#2486 = ADVANCED_FACE ( 'NONE', ( #1612 ), #2099, .T. ) ;
#2487 = LINE ( 'NONE', #2055, #765 ) ;
#2488 = EDGE_LOOP ( 'NONE', ( #459, #2154, #2368, #600 ) ) ;
#2489 = DIRECTION ( 'NONE',  ( -1.000000000000000000, 0.000000000000000000, 0.000000000000000000 ) ) ;
#2490 = ORIENTED_EDGE ( 'NONE', *, *, #1587, .T. ) ;
#2491 = LINE ( 'NONE', #243, #2431 ) ;
#2492 = DIRECTION ( 'NONE',  ( 1.000000000000000000, 0.000000000000000000, 0.000000000000000000 ) ) ;
#2493 = ORIENTED_EDGE ( 'NONE', *, *, #1076, .T. ) ;
#2494 = DIRECTION ( 'NONE',  ( 0.5773502691896263972, 0.5773502691896242878, -0.5773502691896266192 ) ) ;
#2495 = EDGE_CURVE ( 'NONE', #568, #676, #742, .T. ) ;
#2496 = VECTOR ( 'NONE', #1506, 39.37007874015748854 ) ;
#2497 = ORIENTED_EDGE ( 'NONE', *, *, #439, .T. ) ;
#2498 = EDGE_CURVE ( 'NONE', #1182, #163, #1654, .T. ) ;
#2499 = LINE ( 'NONE', #1034, #645 ) ;
#2500 = DIRECTION ( 'NONE',  ( 0.000000000000000000, 1.000000000000000000, 0.000000000000000000 ) ) ;
#2501 = VECTOR ( 'NONE', #1271, 39.37007874015748143 ) ;
#2502 = AXIS2_PLACEMENT_3D ( 'NONE', #1886, #49, #32 ) ;
#2503 = EDGE_LOOP ( 'NONE', ( #237, #1717, #1273, #1218 ) ) ;
#2504 = ORIENTED_EDGE ( 'NONE', *, *, #333, .F. ) ;
#2505 = LINE ( 'NONE', #2295, #711 ) ;
#2506 = VECTOR ( 'NONE', #779, 39.37007874015748143 ) ;
#2507 = CARTESIAN_POINT ( 'NONE',  ( -0.2100000000000000200, 0.1150000000000000050, 0.05999999999999999778 ) ) ;
#2508 = VERTEX_POINT ( 'NONE', #287 ) ;
#2509 = ORIENTED_EDGE ( 'NONE', *, *, #1964, .T. ) ;
#2510 = LINE ( 'NONE', #484, #2538 ) ;
#2511 = CARTESIAN_POINT ( 'NONE',  ( 0.01250000000000000590, 0.1150000000000000050, 0.01250000000000000069 ) ) ;
#2512 = ORIENTED_EDGE ( 'NONE', *, *, #617, .T. ) ;
#2513 = VECTOR ( 'NONE', #43, 39.37007874015748143 ) ;
#2514 = ORIENTED_EDGE ( 'NONE', *, *, #1230, .T. ) ;
#2515 = ORIENTED_EDGE ( 'NONE', *, *, #493, .T. ) ;
#2516 = VECTOR ( 'NONE', #1931, 39.37007874015748143 ) ;
#2517 = LINE ( 'NONE', #2242, #854 ) ;
#2518 = DIRECTION ( 'NONE',  ( -1.000000000000000000, 0.000000000000000000, 0.000000000000000000 ) ) ;
#2519 = ADVANCED_FACE ( 'NONE', ( #762 ), #495, .F. ) ;
#2520 = DIRECTION ( 'NONE',  ( -1.000000000000000000, 0.000000000000000000, 0.000000000000000000 ) ) ;
#2521 = VERTEX_POINT ( 'NONE', #950 ) ;
#2522 = FACE_OUTER_BOUND ( 'NONE', #1911, .T. ) ;
#2523 = VECTOR ( 'NONE', #1033, 39.37007874015748143 ) ;
#2524 = SURFACE_SIDE_STYLE ('',( #2110 ) ) ;
#2525 = VECTOR ( 'NONE', #2134, 39.37007874015748143 ) ;
#2526 = PLANE ( 'NONE',  #1441 ) ;
#2527 = ORIENTED_EDGE ( 'NONE', *, *, #1879, .F. ) ;
#2528 = LINE ( 'NONE', #1875, #1728 ) ;
#2529 = VECTOR ( 'NONE', #973, 39.37007874015748143 ) ;
#2530 = LINE ( 'NONE', #2335, #799 ) ;
#2531 = CARTESIAN_POINT ( 'NONE',  ( 0.1974999999999999811, 5.965715319114514816E-17, -0.1000000000000000056 ) ) ;
#2532 = VERTEX_POINT ( 'NONE', #1322 ) ;
#2533 = EDGE_CURVE ( 'NONE', #1902, #1268, #1585, .T. ) ;
#2534 = ORIENTED_EDGE ( 'NONE', *, *, #470, .T. ) ;
#2535 = DIRECTION ( 'NONE',  ( 0.000000000000000000, 0.000000000000000000, -1.000000000000000000 ) ) ;
#2536 = LINE ( 'NONE', #998, #1660 ) ;
#2537 = EDGE_CURVE ( 'NONE', #751, #572, #2505, .T. ) ;
#2538 = VECTOR ( 'NONE', #1450, 39.37007874015748143 ) ;
#2539 = CARTESIAN_POINT ( 'NONE',  ( 0.1250000000000000000, 0.1150000000000000050, 0.1000000000000000056 ) ) ;
#2540 = EDGE_CURVE ( 'NONE', #1564, #1599, #730, .T. ) ;
#2541 = FACE_OUTER_BOUND ( 'NONE', #35, .T. ) ;
#2542 = CARTESIAN_POINT ( 'NONE',  ( 0.000000000000000000, 0.3150000000000000022, -0.08000000000000007105 ) ) ;
#2543 = CARTESIAN_POINT ( 'NONE',  ( -0.004499999999999984915, 0.3550000000000000377, 0.000000000000000000 ) ) ;
#2544 = CARTESIAN_POINT ( 'NONE',  ( -0.2500000000000000000, 0.01499999999999997689, 0.1000000000000000056 ) ) ;
#2545 = ADVANCED_FACE ( 'NONE', ( #663 ), #456, .T. ) ;
#2546 = DIRECTION ( 'NONE',  ( 0.9524241471993251107, 0.3047757271037810356, 0.000000000000000000 ) ) ;
#2547 = LINE ( 'NONE', #1527, #1668 ) ;
#2548 = ORIENTED_EDGE ( 'NONE', *, *, #1296, .F. ) ;
#2549 = VECTOR ( 'NONE', #2593, 39.37007874015748143 ) ;
#2550 = PLANE ( 'NONE',  #1001 ) ;
#2551 = ORIENTED_EDGE ( 'NONE', *, *, #1005, .F. ) ;
#2552 = ORIENTED_EDGE ( 'NONE', *, *, #2537, .F. ) ;
#2553 = DIRECTION ( 'NONE',  ( -1.000000000000000000, -0.000000000000000000, -0.000000000000000000 ) ) ;
#2554 = VECTOR ( 'NONE', #421, 39.37007874015748143 ) ;
#2555 = DIRECTION ( 'NONE',  ( -0.5773502691896265082, 0.5773502691896245098, -0.5773502691896260641 ) ) ;
#2556 = FACE_OUTER_BOUND ( 'NONE', #801, .T. ) ;
#2557 = DIRECTION ( 'NONE',  ( -0.000000000000000000, -0.000000000000000000, -1.000000000000000000 ) ) ;
#2558 = CARTESIAN_POINT ( 'NONE',  ( 0.2024999999999999856, 6.026947659071883574E-17, -0.1000000000000000056 ) ) ;
#2559 = ORIENTED_EDGE ( 'NONE', *, *, #453, .F. ) ;
#2560 = CYLINDRICAL_SURFACE ( 'NONE', #1775, 0.05300000000000000544 ) ;
#2561 = VECTOR ( 'NONE', #524, 39.37007874015748143 ) ;
#2562 = DIRECTION ( 'NONE',  ( 0.000000000000000000, 1.000000000000000000, 0.000000000000000000 ) ) ;
#2563 = VECTOR ( 'NONE', #1367, 39.37007874015748143 ) ;
#2564 = CARTESIAN_POINT ( 'NONE',  ( -0.1974999999999999811, 1.128360462482470653E-17, -0.1380788655293195555 ) ) ;
#2565 = DIRECTION ( 'NONE',  ( 1.000000000000000000, 0.000000000000000000, -0.000000000000000000 ) ) ;
#2566 = DIRECTION ( 'NONE',  ( 1.000000000000000000, 0.000000000000000000, 0.000000000000000000 ) ) ;
#2567 = VECTOR ( 'NONE', #1146, 39.37007874015748143 ) ;
#2568 = CARTESIAN_POINT ( 'NONE',  ( 0.1100000000000000006, 0.3519999999999996465, -0.1200000000000000233 ) ) ;
#2569 = VERTEX_POINT ( 'NONE', #2558 ) ;
#2570 = ADVANCED_FACE ( 'NONE', ( #725 ), #127, .F. ) ;
#2571 = EDGE_CURVE ( 'NONE', #1825, #1028, #2510, .T. ) ;
#2572 = SURFACE_STYLE_USAGE ( .BOTH. , #1362 ) ;
#2573 = ORIENTED_EDGE ( 'NONE', *, *, #2272, .F. ) ;
#2574 = DIRECTION ( 'NONE',  ( 0.8944271909999159664, -0.4472135954999579832, 0.000000000000000000 ) ) ;
#2575 = CARTESIAN_POINT ( 'NONE',  ( -0.2024999999999999856, 1.067128122525102820E-17, -0.1380788655293195555 ) ) ;
#2576 = AXIS2_PLACEMENT_3D ( 'NONE', #2013, #1410, #22 ) ;
#2577 = EDGE_LOOP ( 'NONE', ( #1592, #1977, #242, #723 ) ) ;
#2578 = CARTESIAN_POINT ( 'NONE',  ( -0.06000000000000003247, 0.1150000000000000050, -0.1000000000000000056 ) ) ;
#2579 = LINE ( 'NONE', #2317, #1695 ) ;
#2580 = DIRECTION ( 'NONE',  ( 0.000000000000000000, 0.000000000000000000, -1.000000000000000000 ) ) ;
#2581 = LINE ( 'NONE', #407, #1694 ) ;
#2582 = DIRECTION ( 'NONE',  ( 1.000000000000000000, 0.000000000000000000, 0.000000000000000000 ) ) ;
#2583 = DIRECTION ( 'NONE',  ( -0.000000000000000000, 1.000000000000000000, -0.000000000000000000 ) ) ;
#2584 = FACE_OUTER_BOUND ( 'NONE', #342, .T. ) ;
#2585 = EDGE_CURVE ( 'NONE', #716, #1676, #755, .T. ) ;
#2586 = SHAPE_REPRESENTATION_RELATIONSHIP ( 'NONE' , 'NONE' ,  #2449, #124 ) ;
#2587 = ADVANCED_FACE ( 'NONE', ( #2522 ), #1903, .T. ) ;
#2588 = LINE ( 'NONE', #1767, #1716 ) ;
#2589 = LINE ( 'NONE', #941, #16 ) ;
#2590 = CARTESIAN_POINT ( 'NONE',  ( 0.000000000000000000, 0.3150000000000000022, -0.08000000000000007105 ) ) ;
#2591 = ORIENTED_EDGE ( 'NONE', *, *, #311, .T. ) ;
#2592 = DIRECTION ( 'NONE',  ( 0.000000000000000000, -0.000000000000000000, -1.000000000000000000 ) ) ;
#2593 = DIRECTION ( 'NONE',  ( 0.000000000000000000, 1.000000000000000000, 0.000000000000000000 ) ) ;
#2594 = DIRECTION ( 'NONE',  ( 0.000000000000000000, 0.000000000000000000, -1.000000000000000000 ) ) ;
#2595 = LENGTH_MEASURE_WITH_UNIT ( LENGTH_MEASURE( 0.02539999999999999897 ), #1432 );
#2596 = VECTOR ( 'NONE', #820, 39.37007874015748143 ) ;
#2597 = LINE ( 'NONE', #843, #1726 ) ;
#2598 = PLANE ( 'NONE',  #800 ) ;
#2599 = ORIENTED_EDGE ( 'NONE', *, *, #261, .T. ) ;
#2600 = PRESENTATION_LAYER_ASSIGNMENT (  '', '', ( #88 ) ) ;
#2601 = ORIENTED_EDGE ( 'NONE', *, *, #390, .F. ) ;
#2602 = PRESENTATION_STYLE_ASSIGNMENT (( #334 ) ) ;
#2603 = SURFACE_SIDE_STYLE ('',( #1708 ) ) ;
#2604 = DIRECTION ( 'NONE',  ( 1.000000000000000000, 0.000000000000000000, -0.000000000000000000 ) ) ;
#2605 = ORIENTED_EDGE ( 'NONE', *, *, #2407, .T. ) ;
#2606 = SURFACE_STYLE_USAGE ( .BOTH. , #2188 ) ;
#2607 = EDGE_CURVE ( 'NONE', #1316, #887, #1633, .T. ) ;
#2608 = VECTOR ( 'NONE', #61, 39.37007874015748143 ) ;
#2609 = EDGE_CURVE ( 'NONE', #1492, #381, #2528, .T. ) ;
#2610 = CARTESIAN_POINT ( 'NONE',  ( -0.2500000000000000000, 0.01499999999999997689, -0.1000000000000000056 ) ) ;
#2611 = AXIS2_PLACEMENT_3D ( 'NONE', #292, #313, #1342 ) ;
#2612 = DIRECTION ( 'NONE',  ( 0.000000000000000000, 0.000000000000000000, -1.000000000000000000 ) ) ;
#2613 = ADVANCED_FACE ( 'NONE', ( #2627 ), #774, .T. ) ;
#2614 = PRESENTATION_LAYER_ASSIGNMENT (  '', '', ( #588 ) ) ;
#2615 = LINE ( 'NONE', #1064, #2633 ) ;
#2616 = ORIENTED_EDGE ( 'NONE', *, *, #835, .T. ) ;
#2617 = CARTESIAN_POINT ( 'NONE',  ( -0.01249999999999999722, -0.1300000000000000044, -0.01250000000000000069 ) ) ;
#2618 = EDGE_CURVE ( 'NONE', #626, #1442, #842, .T. ) ;
#2619 = FACE_OUTER_BOUND ( 'NONE', #1326, .T. ) ;
#2620 = CARTESIAN_POINT ( 'NONE',  ( 0.2500000000000000000, -0.5235164807134505827, 0.1000000000000000056 ) ) ;
#2621 = EDGE_LOOP ( 'NONE', ( #1943, #424, #1427, #2351 ) ) ;
#2622 = VECTOR ( 'NONE', #142, 39.37007874015748854 ) ;
#2623 = EDGE_CURVE ( 'NONE', #1955, #1975, #822, .T. ) ;
#2624 = DIRECTION ( 'NONE',  ( -0.2915362068315989763, -0.9110506463487559881, 0.2915362068315989763 ) ) ;
#2625 = FACE_OUTER_BOUND ( 'NONE', #248, .T. ) ;
#2626 = DIRECTION ( 'NONE',  ( 0.000000000000000000, -0.7071067811865452413, -0.7071067811865497932 ) ) ;
#2627 = FACE_OUTER_BOUND ( 'NONE', #2621, .T. ) ;
#2628 = LINE ( 'NONE', #1742, #834 ) ;
#2629 = CARTESIAN_POINT ( 'NONE',  ( 0.2299999999999999822, 0.4649999999999999689, -0.01414718625761433521 ) ) ;
#2630 = LINE ( 'NONE', #1343, #2567 ) ;
#2631 = VERTEX_POINT ( 'NONE', #936 ) ;
#2632 = CARTESIAN_POINT ( 'NONE',  ( 0.05699999999999961348, 0.4049999999999999711, -0.1600000000000000033 ) ) ;
#2633 = VECTOR ( 'NONE', #177, 39.37007874015748143 ) ;
#2634 = NEXT_ASSEMBLY_USAGE_OCCURRENCE ( 'NAUO1', ' ', ' ', #2058, #912, $ ) ;
#2635 = NEXT_ASSEMBLY_USAGE_OCCURRENCE ( 'NAUO2', ' ', ' ', #2058, #154, $ ) ;
#2636 = NEXT_ASSEMBLY_USAGE_OCCURRENCE ( 'NAUO3', ' ', ' ', #2058, #154, $ ) ;
#2637 = NEXT_ASSEMBLY_USAGE_OCCURRENCE ( 'NAUO4', ' ', ' ', #2058, #154, $ ) ;
#2638 = NEXT_ASSEMBLY_USAGE_OCCURRENCE ( 'NAUO5', ' ', ' ', #2058, #154, $ ) ;
ENDSEC;
END-ISO-10303-21;
