ISO-10303-21;
HEADER;
FILE_DESCRIPTION (( 'STEP AP214' ),
    '1' );
FILE_NAME ('CC1206FKNPO9BN103.STEP',
    '2026-05-29T16:21:42',
    ( 'LENOVO' ),
    ( '' ),
    'SwSTEP 2.0',
    'SolidWorks 2021',
    '' );
FILE_SCHEMA (( 'AUTOMOTIVE_DESIGN' ));
ENDSEC;

DATA;
#1 = PRESENTATION_LAYER_ASSIGNMENT (  '', '', ( #390 ) ) ;
#2 = CARTESIAN_POINT ( 'NONE',  ( 500000.0000000000582, 0.07999999999999998779, 0.7199999999566318865 ) ) ;
#3 = PRESENTATION_LAYER_ASSIGNMENT (  '', '', ( #708 ) ) ;
#4 = EDGE_CURVE ( 'NONE', #519, #1156, #663, .T. ) ;
#5 =( NAMED_UNIT ( * ) PLANE_ANGLE_UNIT ( ) SI_UNIT ( $, .RADIAN. ) );
#6 = FACE_OUTER_BOUND ( 'NONE', #636, .T. ) ;
#7 = PRESENTATION_LAYER_ASSIGNMENT (  '', '', ( #650 ) ) ;
#8 = SURFACE_STYLE_FILL_AREA ( #288 ) ;
#9 =( LENGTH_UNIT ( ) NAMED_UNIT ( * ) SI_UNIT ( .MILLI., .METRE. ) );
#10 = DIRECTION ( 'NONE',  ( -1.000000000000000000, 0.000000000000000000, 1.355252715606880789E-16 ) ) ;
#11 = CIRCLE ( 'NONE', #645, 0.05333333333333329512 ) ;
#12 = CARTESIAN_POINT ( 'NONE',  ( -1.600000000000000311, 0.07999999999999998779, -0.7999999999999997113 ) ) ;
#13 = SURFACE_STYLE_USAGE ( .BOTH. , #1027 ) ;
#14 = CIRCLE ( 'NONE', #1129, 0.07999999999999998779 ) ;
#15 = DIRECTION ( 'NONE',  ( -1.355252715606880789E-16, -0.000000000000000000, -1.000000000000000000 ) ) ;
#16 =( NAMED_UNIT ( * ) PLANE_ANGLE_UNIT ( ) SI_UNIT ( $, .RADIAN. ) );
#17 = AXIS2_PLACEMENT_3D ( 'NONE', #1042, #635, #56 ) ;
#18 = CARTESIAN_POINT ( 'NONE',  ( -1.100000000000000311, 0.07999999999999998779, -0.7733333333333329840 ) ) ;
#19 = STYLED_ITEM ( 'NONE', ( #657 ), #429 ) ;
#20 = DIRECTION ( 'NONE',  ( 0.000000000000000000, -1.000000000000000000, 0.000000000000000000 ) ) ;
#21 =( LENGTH_UNIT ( ) NAMED_UNIT ( * ) SI_UNIT ( .MILLI., .METRE. ) );
#22 = CYLINDRICAL_SURFACE ( 'NONE', #670, 0.07999999999999998779 ) ;
#23 = FILL_AREA_STYLE_COLOUR ( '', #902 ) ;
#24 = LINE ( 'NONE', #1177, #503 ) ;
#25 = DIRECTION ( 'NONE',  ( 0.000000000000000000, 0.000000000000000000, 1.000000000000000000 ) ) ;
#26 = DIRECTION ( 'NONE',  ( -0.000000000000000000, -0.000000000000000000, -1.000000000000000000 ) ) ;
#27 = ORIENTED_EDGE ( 'NONE', *, *, #1192, .T. ) ;
#28 = AXIS2_PLACEMENT_3D ( 'NONE', #359, #582, #150 ) ;
#29 = DIRECTION ( 'NONE',  ( 1.000000000000000000, 0.000000000000000000, 0.000000000000000000 ) ) ;
#30 = FACE_OUTER_BOUND ( 'NONE', #1267, .T. ) ;
#31 = ORIENTED_EDGE ( 'NONE', *, *, #158, .T. ) ;
#32 = FILL_AREA_STYLE_COLOUR ( '', #877 ) ;
#33 = VERTEX_POINT ( 'NONE', #559 ) ;
#34 = EDGE_CURVE ( 'NONE', #1108, #1219, #1284, .T. ) ;
#35 = LINE ( 'NONE', #484, #990 ) ;
#36 = DIRECTION ( 'NONE',  ( -1.000000000000000000, -0.000000000000000000, -0.000000000000000000 ) ) ;
#37 = EDGE_LOOP ( 'NONE', ( #1015, #591, #1087, #316 ) ) ;
#38 = FACE_OUTER_BOUND ( 'NONE', #154, .T. ) ;
#39 = AXIS2_PLACEMENT_3D ( 'NONE', #1118, #434, #789 ) ;
#40 = EDGE_LOOP ( 'NONE', ( #646, #726, #103 ) ) ;
#41 = DIRECTION ( 'NONE',  ( -1.000000000000000000, -0.000000000000000000, 8.673617379884039170E-17 ) ) ;
#42 =( NAMED_UNIT ( * ) SI_UNIT ( $, .STERADIAN. ) SOLID_ANGLE_UNIT ( ) );
#43 = ORIENTED_EDGE ( 'NONE', *, *, #405, .T. ) ;
#44 = CYLINDRICAL_SURFACE ( 'NONE', #884, 0.07999999999999998779 ) ;
#45 = ORIENTED_EDGE ( 'NONE', *, *, #518, .T. ) ;
#46 = SPHERICAL_SURFACE ( 'NONE', #1425, 0.08000000000000000167 ) ;
#47 = DIRECTION ( 'NONE',  ( 1.000000000000000000, 0.000000000000000000, 0.000000000000000000 ) ) ;
#48 = ORIENTED_EDGE ( 'NONE', *, *, #842, .T. ) ;
#49 = ADVANCED_FACE ( 'NONE', ( #807 ), #331, .T. ) ;
#50 = AXIS2_PLACEMENT_3D ( 'NONE', #498, #870, #1429 ) ;
#51 = VERTEX_POINT ( 'NONE', #1312 ) ;
#52 = FACE_OUTER_BOUND ( 'NONE', #157, .T. ) ;
#53 = EDGE_CURVE ( 'NONE', #252, #319, #318, .T. ) ;
#54 = VERTEX_POINT ( 'NONE', #1390 ) ;
#55 = DIRECTION ( 'NONE',  ( 1.000000000000000000, 0.000000000000000000, 1.355252715606880789E-16 ) ) ;
#56 = DIRECTION ( 'NONE',  ( 0.000000000000000000, 0.000000000000000000, 1.000000000000000000 ) ) ;
#57 = CIRCLE ( 'NONE', #1361, 0.07999999999999998779 ) ;
#58 = EDGE_CURVE ( 'NONE', #208, #200, #328, .T. ) ;
#59 =( GEOMETRIC_REPRESENTATION_CONTEXT ( 3 ) GLOBAL_UNCERTAINTY_ASSIGNED_CONTEXT ( ( #683 ) ) GLOBAL_UNIT_ASSIGNED_CONTEXT ( ( #1314, #536, #945 ) ) REPRESENTATION_CONTEXT ( 'NONE', 'WORKASPACE' ) );
#60 = EDGE_LOOP ( 'NONE', ( #92, #994, #123, #75 ) ) ;
#61 = DIRECTION ( 'NONE',  ( -1.000000000000000000, 0.000000000000000000, 0.000000000000000000 ) ) ;
#62 = ORIENTED_EDGE ( 'NONE', *, *, #1311, .T. ) ;
#63 = ORIENTED_EDGE ( 'NONE', *, *, #213, .F. ) ;
#64 = LINE ( 'NONE', #190, #585 ) ;
#65 = ORIENTED_EDGE ( 'NONE', *, *, #270, .F. ) ;
#66 = CARTESIAN_POINT ( 'NONE',  ( 0.000000000000000000, 1.369999999999999885, 0.7200000000000000844 ) ) ;
#67 = DIRECTION ( 'NONE',  ( 1.000000000000000000, -0.000000000000000000, -0.000000000000000000 ) ) ;
#68 = ORIENTED_EDGE ( 'NONE', *, *, #1423, .F. ) ;
#69 = AXIS2_PLACEMENT_3D ( 'NONE', #1376, #952, #1088 ) ;
#70 = PLANE ( 'NONE',  #302 ) ;
#71 = CARTESIAN_POINT ( 'NONE',  ( 1.600000000000000311, 1.369999999999999885, -0.7199999999999997513 ) ) ;
#72 = ORIENTED_EDGE ( 'NONE', *, *, #477, .T. ) ;
#73 = VECTOR ( 'NONE', #854, 1000.000000000000000 ) ;
#74 = ADVANCED_FACE ( 'NONE', ( #803 ), #433, .F. ) ;
#75 = ORIENTED_EDGE ( 'NONE', *, *, #980, .F. ) ;
#76 = FILL_AREA_STYLE ('',( #1383 ) ) ;
#77 = EDGE_CURVE ( 'NONE', #779, #261, #337, .T. ) ;
#78 = VERTEX_POINT ( 'NONE', #1330 ) ;
#79 = CARTESIAN_POINT ( 'NONE',  ( 1.100000000121781341, 1.369999999999999885, 0.7733333333333330950 ) ) ;
#80 = FACE_OUTER_BOUND ( 'NONE', #40, .T. ) ;
#81 = ORIENTED_EDGE ( 'NONE', *, *, #1375, .T. ) ;
#82 = PRESENTATION_STYLE_ASSIGNMENT (( #1225 ) ) ;
#83 = CARTESIAN_POINT ( 'NONE',  ( 1.100000000000000089, 1.449999999999999956, 0.7200000000000000844 ) ) ;
#84 = FACE_OUTER_BOUND ( 'NONE', #565, .T. ) ;
#85 = DIRECTION ( 'NONE',  ( 1.355252715606880789E-16, 0.000000000000000000, -1.000000000000000000 ) ) ;
#86 = VERTEX_POINT ( 'NONE', #71 ) ;
#87 = FACE_OUTER_BOUND ( 'NONE', #1161, .T. ) ;
#88 = LINE ( 'NONE', #942, #1059 ) ;
#89 = ORIENTED_EDGE ( 'NONE', *, *, #855, .F. ) ;
#90 = PLANE ( 'NONE',  #1274 ) ;
#91 = PRESENTATION_STYLE_ASSIGNMENT (( #1339 ) ) ;
#92 = ORIENTED_EDGE ( 'NONE', *, *, #1172, .F. ) ;
#93 = ORIENTED_EDGE ( 'NONE', *, *, #911, .T. ) ;
#94 = CYLINDRICAL_SURFACE ( 'NONE', #1162, 0.07999999999999998779 ) ;
#95 = FILL_AREA_STYLE_COLOUR ( '', #788 ) ;
#96 = FILL_AREA_STYLE ('',( #1116 ) ) ;
#97 = EDGE_LOOP ( 'NONE', ( #1127, #1181, #114, #720 ) ) ;
#98 = LINE ( 'NONE', #705, #579 ) ;
#99 = EDGE_LOOP ( 'NONE', ( #104, #517, #1250, #552 ) ) ;
#100 = ORIENTED_EDGE ( 'NONE', *, *, #405, .F. ) ;
#101 = DIRECTION ( 'NONE',  ( 0.000000000000000000, 0.000000000000000000, 1.000000000000000000 ) ) ;
#102 = LINE ( 'NONE', #12, #1007 ) ;
#103 = ORIENTED_EDGE ( 'NONE', *, *, #825, .F. ) ;
#104 = ORIENTED_EDGE ( 'NONE', *, *, #1097, .T. ) ;
#105 = DIRECTION ( 'NONE',  ( 1.000000000000000000, 0.000000000000000000, 0.000000000000000000 ) ) ;
#106 = ORIENTED_EDGE ( 'NONE', *, *, #859, .T. ) ;
#107 = EDGE_LOOP ( 'NONE', ( #1242, #27, #335, #549 ) ) ;
#108 = DIRECTION ( 'NONE',  ( 1.355252715606880789E-16, 0.000000000000000000, -1.000000000000000000 ) ) ;
#109 = VECTOR ( 'NONE', #476, 1000.000000000000000 ) ;
#110 = VERTEX_POINT ( 'NONE', #232 ) ;
#111 = DIRECTION ( 'NONE',  ( 0.000000000000000000, 0.000000000000000000, -1.000000000000000000 ) ) ;
#112 = ORIENTED_EDGE ( 'NONE', *, *, #1423, .T. ) ;
#113 = COLOUR_RGB ( '',0.7921568627450980005, 0.8196078431372548767, 0.9333333333333333481 ) ;
#114 = ORIENTED_EDGE ( 'NONE', *, *, #1199, .T. ) ;
#115 = VERTEX_POINT ( 'NONE', #348 ) ;
#116 = DIRECTION ( 'NONE',  ( 0.000000000000000000, 0.000000000000000000, 1.000000000000000000 ) ) ;
#117 = FACE_OUTER_BOUND ( 'NONE', #554, .T. ) ;
#118 = VERTEX_POINT ( 'NONE', #128 ) ;
#119 = ORIENTED_EDGE ( 'NONE', *, *, #1311, .F. ) ;
#120 = CARTESIAN_POINT ( 'NONE',  ( 1.520000000000000240, 1.369999999999999885, -0.7199999999999997513 ) ) ;
#121 = CIRCLE ( 'NONE', #984, 0.07999999999999998779 ) ;
#122 =( LENGTH_UNIT ( ) NAMED_UNIT ( * ) SI_UNIT ( .MILLI., .METRE. ) );
#123 = ORIENTED_EDGE ( 'NONE', *, *, #1236, .F. ) ;
#124 = EDGE_CURVE ( 'NONE', #718, #236, #800, .T. ) ;
#125 = MECHANICAL_DESIGN_GEOMETRIC_PRESENTATION_REPRESENTATION (  '', ( #1121 ), #947 ) ;
#126 =( NAMED_UNIT ( * ) PLANE_ANGLE_UNIT ( ) SI_UNIT ( $, .RADIAN. ) );
#127 = ORIENTED_EDGE ( 'NONE', *, *, #1236, .T. ) ;
#128 = CARTESIAN_POINT ( 'NONE',  ( 1.520000000000000018, 1.449999999999999956, 0.7200000000000000844 ) ) ;
#129 = EDGE_CURVE ( 'NONE', #140, #524, #786, .T. ) ;
#130 = ORIENTED_EDGE ( 'NONE', *, *, #1404, .T. ) ;
#131 = ORIENTED_EDGE ( 'NONE', *, *, #1346, .T. ) ;
#132 =( GEOMETRIC_REPRESENTATION_CONTEXT ( 3 ) GLOBAL_UNCERTAINTY_ASSIGNED_CONTEXT ( ( #970 ) ) GLOBAL_UNIT_ASSIGNED_CONTEXT ( ( #1306, #1400, #423 ) ) REPRESENTATION_CONTEXT ( 'NONE', 'WORKASPACE' ) );
#133 = ORIENTED_EDGE ( 'NONE', *, *, #458, .T. ) ;
#134 = ORIENTED_EDGE ( 'NONE', *, *, #882, .T. ) ;
#135 = CARTESIAN_POINT ( 'NONE',  ( 1.100000000000000089, 1.449999999999999956, 0.7199999999999995293 ) ) ;
#136 = DIRECTION ( 'NONE',  ( -1.000000000000000000, 0.000000000000000000, 0.000000000000000000 ) ) ;
#137 = ORIENTED_EDGE ( 'NONE', *, *, #1296, .F. ) ;
#138 = EDGE_LOOP ( 'NONE', ( #63, #1305, #1057, #630 ) ) ;
#139 = ADVANCED_FACE ( 'NONE', ( #780 ), #811, .T. ) ;
#140 = VERTEX_POINT ( 'NONE', #665 ) ;
#141 = FILL_AREA_STYLE_COLOUR ( '', #113 ) ;
#142 = ORIENTED_EDGE ( 'NONE', *, *, #950, .F. ) ;
#143 = PRODUCT_RELATED_PRODUCT_CATEGORY ( 'part', '', ( #1221 ) ) ;
#144 = VECTOR ( 'NONE', #446, 1000.000000000000000 ) ;
#145 = ORIENTED_EDGE ( 'NONE', *, *, #962, .T. ) ;
#146 = STYLED_ITEM ( 'NONE', ( #209 ), #1424 ) ;
#147 = DIRECTION ( 'NONE',  ( 0.000000000000000000, 0.000000000000000000, 1.000000000000000000 ) ) ;
#148 = ORIENTED_EDGE ( 'NONE', *, *, #596, .T. ) ;
#149 = VERTEX_POINT ( 'NONE', #222 ) ;
#150 = DIRECTION ( 'NONE',  ( 0.000000000000000000, 0.000000000000000000, 1.000000000000000000 ) ) ;
#151 = PLANE ( 'NONE',  #568 ) ;
#152 = ORIENTED_EDGE ( 'NONE', *, *, #204, .F. ) ;
#153 = EDGE_CURVE ( 'NONE', #252, #1224, #768, .T. ) ;
#154 = EDGE_LOOP ( 'NONE', ( #268, #142, #799, #741, #750, #65, #1234, #983 ) ) ;
#155 = ORIENTED_EDGE ( 'NONE', *, *, #491, .T. ) ;
#156 = CARTESIAN_POINT ( 'NONE',  ( -1.600000000000000089, 0.07999999999999998779, 0.8000000000000000444 ) ) ;
#157 = EDGE_LOOP ( 'NONE', ( #1190, #656, #658 ) ) ;
#158 = EDGE_CURVE ( 'NONE', #261, #1039, #306, .T. ) ;
#159 = SURFACE_STYLE_FILL_AREA ( #76 ) ;
#160 = ORIENTED_EDGE ( 'NONE', *, *, #669, .T. ) ;
#161 = ORIENTED_EDGE ( 'NONE', *, *, #227, .F. ) ;
#162 =( NAMED_UNIT ( * ) SI_UNIT ( $, .STERADIAN. ) SOLID_ANGLE_UNIT ( ) );
#163 = DIRECTION ( 'NONE',  ( -1.000000000000000000, 0.000000000000000000, 0.000000000000000000 ) ) ;
#164 = ORIENTED_EDGE ( 'NONE', *, *, #327, .T. ) ;
#165 = FILL_AREA_STYLE ('',( #187 ) ) ;
#166 = ORIENTED_EDGE ( 'NONE', *, *, #808, .F. ) ;
#167 = SURFACE_STYLE_FILL_AREA ( #775 ) ;
#168 = ORIENTED_EDGE ( 'NONE', *, *, #664, .F. ) ;
#169 = PRESENTATION_STYLE_ASSIGNMENT (( #749 ) ) ;
#171 = ORIENTED_EDGE ( 'NONE', *, *, #793, .F. ) ;
#170 = MECHANICAL_DESIGN_GEOMETRIC_PRESENTATION_REPRESENTATION (  '', ( #146 ), #973 ) ;
#172 = DIRECTION ( 'NONE',  ( 0.000000000000000000, 0.000000000000000000, 1.000000000000000000 ) ) ;
#173 =( NAMED_UNIT ( * ) SI_UNIT ( $, .STERADIAN. ) SOLID_ANGLE_UNIT ( ) );
#174 = ORIENTED_EDGE ( 'NONE', *, *, #1372, .T. ) ;
#175 = FACE_OUTER_BOUND ( 'NONE', #1006, .T. ) ;
#176 = ORIENTED_EDGE ( 'NONE', *, *, #897, .F. ) ;
#177 = ORIENTED_EDGE ( 'NONE', *, *, #836, .F. ) ;
#178 = FILL_AREA_STYLE ('',( #23 ) ) ;
#179 =( NAMED_UNIT ( * ) PLANE_ANGLE_UNIT ( ) SI_UNIT ( $, .RADIAN. ) );
#180 = MECHANICAL_DESIGN_GEOMETRIC_PRESENTATION_REPRESENTATION (  '', ( #708 ), #806 ) ;
#181 = EDGE_LOOP ( 'NONE', ( #507, #785, #985, #166, #625, #666, #677, #704 ) ) ;
#182 = CIRCLE ( 'NONE', #237, 0.07999999999999998779 ) ;
#183 = EDGE_LOOP ( 'NONE', ( #100, #580, #1106, #1002 ) ) ;
#184 = CARTESIAN_POINT ( 'NONE',  ( -1.520000000000000018, 1.449999999999999956, 0.7200000000000000844 ) ) ;
#185 = EDGE_CURVE ( 'NONE', #621, #252, #773, .T. ) ;
#186 = COLOUR_RGB ( '',0.4862745098039215619, 0.2352941176470588203, 0.01568627450980392135 ) ;
#187 = FILL_AREA_STYLE_COLOUR ( '', #1025 ) ;
#188 = ORIENTED_EDGE ( 'NONE', *, *, #1357, .T. ) ;
#189 = AXIS2_PLACEMENT_3D ( 'NONE', #339, #1290, #409 ) ;
#190 = CARTESIAN_POINT ( 'NONE',  ( -1.100000000000000311, 0.02666666666666666491, 0.7199999999999995293 ) ) ;
#191 = ORIENTED_EDGE ( 'NONE', *, *, #1212, .T. ) ;
#192 = VECTOR ( 'NONE', #872, 1000.000000000000000 ) ;
#193 = VECTOR ( 'NONE', #432, 1000.000000000000000 ) ;
#194 = ORIENTED_EDGE ( 'NONE', *, *, #965, .F. ) ;
#195 = FILL_AREA_STYLE ('',( #32 ) ) ;
#196 = CYLINDRICAL_SURFACE ( 'NONE', #1065, 0.07999999999999998779 ) ;
#197 = ORIENTED_EDGE ( 'NONE', *, *, #859, .F. ) ;
#198 = DIRECTION ( 'NONE',  ( 0.000000000000000000, 0.000000000000000000, 1.000000000000000000 ) ) ;
#199 = FACE_OUTER_BOUND ( 'NONE', #1217, .T. ) ;
#200 = VERTEX_POINT ( 'NONE', #1115 ) ;
#201 = ADVANCED_FACE ( 'NONE', ( #769 ), #1268, .T. ) ;
#202 = CARTESIAN_POINT ( 'NONE',  ( 1.100000000121781341, 0.07999999999999998779, -0.7733333333333332060 ) ) ;
#203 = ORIENTED_EDGE ( 'NONE', *, *, #435, .F. ) ;
#204 = EDGE_CURVE ( 'NONE', #524, #208, #1062, .T. ) ;
#205 = DIRECTION ( 'NONE',  ( 1.000000000000000000, 0.000000000000000000, 1.355252715606880789E-16 ) ) ;
#206 = VECTOR ( 'NONE', #250, 1000.000000000000000 ) ;
#207 =( GEOMETRIC_REPRESENTATION_CONTEXT ( 3 ) GLOBAL_UNCERTAINTY_ASSIGNED_CONTEXT ( ( #1353 ) ) GLOBAL_UNIT_ASSIGNED_CONTEXT ( ( #122, #464, #1266 ) ) REPRESENTATION_CONTEXT ( 'NONE', 'WORKASPACE' ) );
#208 = VERTEX_POINT ( 'NONE', #251 ) ;
#209 = PRESENTATION_STYLE_ASSIGNMENT (( #917 ) ) ;
#210 = AXIS2_PLACEMENT_3D ( 'NONE', #742, #1193, #1299 ) ;
#211 = DIRECTION ( 'NONE',  ( -1.355252715606880789E-16, 0.000000000000000000, 1.000000000000000000 ) ) ;
#212 = CARTESIAN_POINT ( 'NONE',  ( 1.600000000000000089, 0.07999999999999998779, 0.7200000000000000844 ) ) ;
#213 = EDGE_CURVE ( 'NONE', #54, #249, #88, .T. ) ;
#214 = ADVANCED_FACE ( 'NONE', ( #117 ), #273, .F. ) ;
#215 = DIRECTION ( 'NONE',  ( -1.000000000000000000, -0.000000000000000000, 8.673617379884039170E-17 ) ) ;
#216 =( GEOMETRIC_REPRESENTATION_CONTEXT ( 3 ) GLOBAL_UNCERTAINTY_ASSIGNED_CONTEXT ( ( #1420 ) ) GLOBAL_UNIT_ASSIGNED_CONTEXT ( ( #1020, #5, #1269 ) ) REPRESENTATION_CONTEXT ( 'NONE', 'WORKASPACE' ) );
#217 = DIRECTION ( 'NONE',  ( 1.000000000000000000, 0.000000000000000000, 1.355252715606880789E-16 ) ) ;
#218 = CARTESIAN_POINT ( 'NONE',  ( 1.520000000000000240, 1.369999999999999885, 2.059984127722459411E-16 ) ) ;
#219 = CARTESIAN_POINT ( 'NONE',  ( -1.520000000000000240, 0.08000000000000000167, -0.7199999999999997513 ) ) ;
#220 = CARTESIAN_POINT ( 'NONE',  ( 1.100000000121781341, 0.02666666666666668573, 0.7199999999999993072 ) ) ;
#221 = PRODUCT_DEFINITION ( 'UNKNOWN', '', #1308, #1344 ) ;
#222 = CARTESIAN_POINT ( 'NONE',  ( -1.100000000000000311, 1.449999999999999956, -0.7199999999999997513 ) ) ;
#223 = VERTEX_POINT ( 'NONE', #202 ) ;
#224 = DIRECTION ( 'NONE',  ( -1.000000000000000000, 0.000000000000000000, 0.000000000000000000 ) ) ;
#225 = EDGE_CURVE ( 'NONE', #54, #118, #553, .T. ) ;
#226 = CARTESIAN_POINT ( 'NONE',  ( -1.600000000000000311, 1.369999999999999885, -0.7199999999999997513 ) ) ;
#227 = EDGE_CURVE ( 'NONE', #33, #616, #1010, .T. ) ;
#228 = PRESENTATION_LAYER_ASSIGNMENT (  '', '', ( #761 ) ) ;
#229 = DIRECTION ( 'NONE',  ( -1.000000000000000000, 0.000000000000000000, 0.000000000000000000 ) ) ;
#230 = UNCERTAINTY_MEASURE_WITH_UNIT (LENGTH_MEASURE( 1.000000000000000082E-05 ), #21, 'distance_accuracy_value', 'NONE');
#231 = ORIENTED_EDGE ( 'NONE', *, *, #461, .T. ) ;
#232 = CARTESIAN_POINT ( 'NONE',  ( -1.100000000000000311, 0.07999999999999998779, -0.7999999999999997113 ) ) ;
#233 = ORIENTED_EDGE ( 'NONE', *, *, #158, .F. ) ;
#234 = EDGE_LOOP ( 'NONE', ( #760, #324, #233, #1119 ) ) ;
#235 = DIRECTION ( 'NONE',  ( 1.000000000000000000, 0.000000000000000000, 0.000000000000000000 ) ) ;
#236 = VERTEX_POINT ( 'NONE', #916 ) ;
#237 = AXIS2_PLACEMENT_3D ( 'NONE', #1133, #725, #1421 ) ;
#238 = CARTESIAN_POINT ( 'NONE',  ( 1.520000000000000240, 1.449999999999999956, -0.7999999999999997113 ) ) ;
#239 = DIRECTION ( 'NONE',  ( -0.000000000000000000, 1.000000000000000000, -0.000000000000000000 ) ) ;
#240 = AXIS2_PLACEMENT_3D ( 'NONE', #1295, #728, #960 ) ;
#241 = EDGE_LOOP ( 'NONE', ( #1147, #652, #1093 ) ) ;
#242 = SURFACE_SIDE_STYLE ('',( #167 ) ) ;
#243 = DIRECTION ( 'NONE',  ( 1.000000000000000000, 0.000000000000000000, 1.355252715606880789E-16 ) ) ;
#244 = VERTEX_POINT ( 'NONE', #360 ) ;
#245 = ORIENTED_EDGE ( 'NONE', *, *, #564, .F. ) ;
#246 = AXIS2_PLACEMENT_3D ( 'NONE', #218, #85, #1103 ) ;
#247 = CARTESIAN_POINT ( 'NONE',  ( -1.520000000000000018, 1.369999999999999885, 0.8000000000000000444 ) ) ;
#248 = DIRECTION ( 'NONE',  ( -1.000000000000000000, -0.000000000000000000, 8.673617379884039170E-17 ) ) ;
#249 = VERTEX_POINT ( 'NONE', #890 ) ;
#250 = DIRECTION ( 'NONE',  ( -0.000000000000000000, -1.000000000000000000, -0.000000000000000000 ) ) ;
#251 = CARTESIAN_POINT ( 'NONE',  ( 1.600000000000000311, 0.07999999999999998779, -0.7199999999999997513 ) ) ;
#252 = VERTEX_POINT ( 'NONE', #256 ) ;
#253 = DIRECTION ( 'NONE',  ( -0.000000000000000000, 0.000000000000000000, -1.000000000000000000 ) ) ;
#254 = ORIENTED_EDGE ( 'NONE', *, *, #697, .F. ) ;
#255 = DIRECTION ( 'NONE',  ( 0.000000000000000000, 1.000000000000000000, 0.000000000000000000 ) ) ;
#256 = CARTESIAN_POINT ( 'NONE',  ( 1.100000000121781341, 1.423333333333333339, -0.7199999999999999734 ) ) ;
#257 = EDGE_CURVE ( 'NONE', #1186, #739, #1044, .T. ) ;
#258 = CARTESIAN_POINT ( 'NONE',  ( 1.100000000008094503, 1.369999999999999885, 0.7733333333333330950 ) ) ;
#259 = VERTEX_POINT ( 'NONE', #378 ) ;
#260 = AXIS2_PLACEMENT_3D ( 'NONE', #550, #1427, #163 ) ;
#261 = VERTEX_POINT ( 'NONE', #1159 ) ;
#262 = DIRECTION ( 'NONE',  ( -1.000000000000000000, 0.000000000000000000, 1.355252715606882022E-16 ) ) ;
#263 = SURFACE_SIDE_STYLE ('',( #1035 ) ) ;
#264 = EDGE_LOOP ( 'NONE', ( #1109, #1210, #587, #176 ) ) ;
#265 = PLANE ( 'NONE',  #289 ) ;
#266 = DIRECTION ( 'NONE',  ( 1.000000000000000000, 0.000000000000000000, -0.000000000000000000 ) ) ;
#267 = AXIS2_PLACEMENT_3D ( 'NONE', #120, #690, #958 ) ;
#268 = ORIENTED_EDGE ( 'NONE', *, *, #1018, .F. ) ;
#269 = DIRECTION ( 'NONE',  ( -8.673617379884036705E-17, 0.000000000000000000, -1.000000000000000000 ) ) ;
#270 = EDGE_CURVE ( 'NONE', #115, #537, #64, .T. ) ;
#271 = AXIS2_PLACEMENT_3D ( 'NONE', #1238, #136, #570 ) ;
#272 = EDGE_LOOP ( 'NONE', ( #629, #642, #1060, #174 ) ) ;
#273 = PLANE ( 'NONE',  #1331 ) ;
#274 =( NAMED_UNIT ( * ) PLANE_ANGLE_UNIT ( ) SI_UNIT ( $, .RADIAN. ) );
#275 = ORIENTED_EDGE ( 'NONE', *, *, #644, .T. ) ;
#276 = EDGE_CURVE ( 'NONE', #1075, #33, #57, .T. ) ;
#277 = MANIFOLD_SOLID_BREP ( 'Fillet1', #735 ) ;
#278 = DIRECTION ( 'NONE',  ( -0.000000000000000000, 1.000000000000000000, -0.000000000000000000 ) ) ;
#279 = ORIENTED_EDGE ( 'NONE', *, *, #669, .F. ) ;
#280 = DIRECTION ( 'NONE',  ( 1.000000000000000000, -0.000000000000000000, -1.355252715606880789E-16 ) ) ;
#281 = DIRECTION ( 'NONE',  ( -1.355252715606880789E-16, 0.000000000000000000, -1.000000000000000000 ) ) ;
#282 = DIRECTION ( 'NONE',  ( 1.000000000000000000, 0.000000000000000000, 1.355252715606880789E-16 ) ) ;
#283 =( GEOMETRIC_REPRESENTATION_CONTEXT ( 3 ) GLOBAL_UNCERTAINTY_ASSIGNED_CONTEXT ( ( #230 ) ) GLOBAL_UNIT_ASSIGNED_CONTEXT ( ( #21, #126, #173 ) ) REPRESENTATION_CONTEXT ( 'NONE', 'WORKASPACE' ) );
#284 = DIRECTION ( 'NONE',  ( 1.000000000000000000, -0.000000000000000000, 0.000000000000000000 ) ) ;
#285 = PLANE ( 'NONE',  #680 ) ;
#286 = ORIENTED_EDGE ( 'NONE', *, *, #1172, .T. ) ;
#287 = ORIENTED_EDGE ( 'NONE', *, *, #1285, .T. ) ;
#288 = FILL_AREA_STYLE ('',( #1169 ) ) ;
#289 = AXIS2_PLACEMENT_3D ( 'NONE', #592, #1011, #295 ) ;
#290 = ORIENTED_EDGE ( 'NONE', *, *, #882, .F. ) ;
#291 = CARTESIAN_POINT ( 'NONE',  ( 1.520000000000000018, 1.369999999999999885, 0.7200000000000000844 ) ) ;
#292 = EDGE_CURVE ( 'NONE', #1213, #118, #1030, .T. ) ;
#293 = EDGE_CURVE ( 'NONE', #633, #1196, #560, .T. ) ;
#294 = ORIENTED_EDGE ( 'NONE', *, *, #361, .F. ) ;
#295 = DIRECTION ( 'NONE',  ( 0.000000000000000000, -0.000000000000000000, 1.000000000000000000 ) ) ;
#296 = EDGE_LOOP ( 'NONE', ( #279, #569, #304, #290 ) ) ;
#297 = CARTESIAN_POINT ( 'NONE',  ( -1.100000000000000311, 1.369999999999999885, -0.7199999999999997513 ) ) ;
#298 = ADVANCED_FACE ( 'NONE', ( #1050 ), #1033, .T. ) ;
#299 = ORIENTED_EDGE ( 'NONE', *, *, #664, .T. ) ;
#300 = CARTESIAN_POINT ( 'NONE',  ( -1.600000000000000311, 0.07999999999999998779, -0.7199999999999997513 ) ) ;
#301 = ORIENTED_EDGE ( 'NONE', *, *, #622, .F. ) ;
#302 = AXIS2_PLACEMENT_3D ( 'NONE', #1046, #1179, #47 ) ;
#303 = FILL_AREA_STYLE ('',( #1107 ) ) ;
#304 = ORIENTED_EDGE ( 'NONE', *, *, #1018, .T. ) ;
#305 = DIRECTION ( 'NONE',  ( 0.000000000000000000, -1.000000000000000000, -0.000000000000000000 ) ) ;
#306 = CIRCLE ( 'NONE', #1386, 0.07999999999999998779 ) ;
#307 = VERTEX_POINT ( 'NONE', #1364 ) ;
#308 = AXIS2_PLACEMENT_3D ( 'NONE', #1247, #20, #480 ) ;
#309 = AXIS2_PLACEMENT_3D ( 'NONE', #833, #205, #391 ) ;
#310 = DIRECTION ( 'NONE',  ( 0.000000000000000000, -0.000000000000000000, -1.000000000000000000 ) ) ;
#311 = ORIENTED_EDGE ( 'NONE', *, *, #491, .F. ) ;
#312 = VECTOR ( 'NONE', #953, 1000.000000000000000 ) ;
#313 = STYLED_ITEM ( 'NONE', ( #794 ), #74 ) ;
#314 = PRESENTATION_LAYER_ASSIGNMENT (  '', '', ( #19 ) ) ;
#315 = CARTESIAN_POINT ( 'NONE',  ( 500000.0000000000582, 1.423333333333333339, -0.7200000000433679492 ) ) ;
#316 = ORIENTED_EDGE ( 'NONE', *, *, #375, .F. ) ;
#317 = PLANE ( 'NONE',  #1230 ) ;
#318 = LINE ( 'NONE', #971, #312 ) ;
#319 = VERTEX_POINT ( 'NONE', #1257 ) ;
#320 = DIRECTION ( 'NONE',  ( 1.000000000000000000, 0.000000000000000000, 0.000000000000000000 ) ) ;
#321 = FILL_AREA_STYLE ('',( #95 ) ) ;
#322 = AXIS2_PLACEMENT_3D ( 'NONE', #567, #255, #25 ) ;
#323 = DIRECTION ( 'NONE',  ( 0.000000000000000000, 1.000000000000000000, 0.000000000000000000 ) ) ;
#324 = ORIENTED_EDGE ( 'NONE', *, *, #1285, .F. ) ;
#325 = VECTOR ( 'NONE', #961, 1000.000000000000000 ) ;
#326 = EDGE_CURVE ( 'NONE', #1075, #1207, #98, .T. ) ;
#327 = EDGE_CURVE ( 'NONE', #1259, #779, #102, .T. ) ;
#328 = LINE ( 'NONE', #343, #783 ) ;
#329 = DIRECTION ( 'NONE',  ( -1.000000000000000000, 0.000000000000000000, 0.000000000000000000 ) ) ;
#330 = CARTESIAN_POINT ( 'NONE',  ( 500000.0000000000582, 1.423333333333333339, -0.7200000000433679492 ) ) ;
#331 = CYLINDRICAL_SURFACE ( 'NONE', #1158, 0.07999999999999998779 ) ;
#332 = CARTESIAN_POINT ( 'NONE',  ( 1.520000000000000240, 0.08000000000000000167, -0.7199999999999997513 ) ) ;
#333 =( NAMED_UNIT ( * ) SI_UNIT ( $, .STERADIAN. ) SOLID_ANGLE_UNIT ( ) );
#334 = CARTESIAN_POINT ( 'NONE',  ( 1.600000000000000089, 1.449999999999999956, 0.7199999999999999734 ) ) ;
#335 = ORIENTED_EDGE ( 'NONE', *, *, #743, .T. ) ;
#336 = SURFACE_SIDE_STYLE ('',( #1256 ) ) ;
#337 = LINE ( 'NONE', #698, #1291 ) ;
#338 = ADVANCED_FACE ( 'NONE', ( #539 ), #94, .T. ) ;
#339 = CARTESIAN_POINT ( 'NONE',  ( 1.520000000000000018, 0.08000000000000000167, 0.7200000000000000844 ) ) ;
#340 = EDGE_CURVE ( 'NONE', #249, #1196, #581, .T. ) ;
#341 = AXIS2_PLACEMENT_3D ( 'NONE', #717, #282, #479 ) ;
#342 = EDGE_CURVE ( 'NONE', #78, #595, #1036, .T. ) ;
#343 = CARTESIAN_POINT ( 'NONE',  ( 1.600000000000000311, 0.07999999999999998779, -0.7999999999999997113 ) ) ;
#344 = DIRECTION ( 'NONE',  ( 0.000000000000000000, 0.000000000000000000, 1.000000000000000000 ) ) ;
#345 = FACE_OUTER_BOUND ( 'NONE', #608, .T. ) ;
#346 = CARTESIAN_POINT ( 'NONE',  ( 1.100000000121781341, 0.08000000000000043188, 0.7733333333333330950 ) ) ;
#347 = CARTESIAN_POINT ( 'NONE',  ( 0.000000000000000000, 0.000000000000000000, 0.000000000000000000 ) ) ;
#348 = CARTESIAN_POINT ( 'NONE',  ( -1.100000000000000311, 0.02666666666666668573, 0.7199999999999995293 ) ) ;
#349 = CIRCLE ( 'NONE', #50, 0.07999999999999998779 ) ;
#350 = EDGE_CURVE ( 'NONE', #1196, #259, #548, .T. ) ;
#351 = CARTESIAN_POINT ( 'NONE',  ( 1.520000000000000240, 0.07999999999999998779, -0.7999999999999997113 ) ) ;
#352 = ORIENTED_EDGE ( 'NONE', *, *, #721, .F. ) ;
#353 = VECTOR ( 'NONE', #473, 1000.000000000000000 ) ;
#354 = CARTESIAN_POINT ( 'NONE',  ( 1.520000000000000240, 1.449999999999999956, -0.7199999999999997513 ) ) ;
#355 = ADVANCED_FACE ( 'NONE', ( #84 ), #566, .T. ) ;
#356 = DIRECTION ( 'NONE',  ( 0.000000000000000000, 0.000000000000000000, 1.000000000000000000 ) ) ;
#357 = LINE ( 'NONE', #1049, #388 ) ;
#358 = DIRECTION ( 'NONE',  ( 0.000000000000000000, 0.000000000000000000, 1.000000000000000000 ) ) ;
#359 = CARTESIAN_POINT ( 'NONE',  ( -1.100000000000000311, 0.07999999999999998779, -0.7199999999999997513 ) ) ;
#360 = CARTESIAN_POINT ( 'NONE',  ( -1.520000000000000240, 0.07999999999999998779, -0.7999999999999997113 ) ) ;
#361 = EDGE_CURVE ( 'NONE', #771, #577, #551, .T. ) ;
#362 = CARTESIAN_POINT ( 'NONE',  ( -1.600000000000000311, 1.449999999999999956, -0.7199999999999997513 ) ) ;
#363 = PLANE ( 'NONE',  #829 ) ;
#364 = AXIS2_PLACEMENT_3D ( 'NONE', #737, #835, #101 ) ;
#365 = CARTESIAN_POINT ( 'NONE',  ( -1.520000000000000240, 0.000000000000000000, -0.7199999999999997513 ) ) ;
#366 = DIRECTION ( 'NONE',  ( 0.000000000000000000, 0.000000000000000000, 1.000000000000000000 ) ) ;
#367 = VECTOR ( 'NONE', #1197, 1000.000000000000000 ) ;
#368 = DIRECTION ( 'NONE',  ( -1.000000000000000000, -0.000000000000000000, -0.000000000000000000 ) ) ;
#369 = DIRECTION ( 'NONE',  ( 0.000000000000000000, 0.000000000000000000, 1.000000000000000000 ) ) ;
#370 = DIRECTION ( 'NONE',  ( -1.000000000000000000, 0.000000000000000000, 0.000000000000000000 ) ) ;
#371 = CIRCLE ( 'NONE', #1048, 0.07999999999999998779 ) ;
#372 = SURFACE_STYLE_FILL_AREA ( #1367 ) ;
#373 = SURFACE_SIDE_STYLE ('',( #372 ) ) ;
#374 = CARTESIAN_POINT ( 'NONE',  ( -1.100000000000000311, 1.369999999999999885, 0.7200000000000000844 ) ) ;
#375 = EDGE_CURVE ( 'NONE', #51, #537, #1078, .T. ) ;
#376 = AXIS2_PLACEMENT_3D ( 'NONE', #2, #781, #1321 ) ;
#377 = CIRCLE ( 'NONE', #1283, 0.07999999999999998779 ) ;
#378 = CARTESIAN_POINT ( 'NONE',  ( 1.100000000000000089, 0.000000000000000000, 0.7199999999999995293 ) ) ;
#379 =( NAMED_UNIT ( * ) PLANE_ANGLE_UNIT ( ) SI_UNIT ( $, .RADIAN. ) );
#380 = COLOUR_RGB ( '',0.4862745098039215619, 0.2352941176470588203, 0.01568627450980392135 ) ;
#381 = MECHANICAL_DESIGN_GEOMETRIC_PRESENTATION_REPRESENTATION (  '', ( #866 ), #216 ) ;
#382 = LINE ( 'NONE', #695, #874 ) ;
#383 = SURFACE_STYLE_FILL_AREA ( #1227 ) ;
#384 = DIRECTION ( 'NONE',  ( 0.000000000000000000, 0.000000000000000000, 1.000000000000000000 ) ) ;
#385 = AXIS2_PLACEMENT_3D ( 'NONE', #1422, #784, #111 ) ;
#386 = ADVANCED_FACE ( 'NONE', ( #1054 ), #556, .T. ) ;
#387 = DIRECTION ( 'NONE',  ( 0.000000000000000000, 1.000000000000000000, 0.000000000000000000 ) ) ;
#388 = VECTOR ( 'NONE', #1289, 1000.000000000000000 ) ;
#389 = DIRECTION ( 'NONE',  ( 0.000000000000000000, 1.000000000000000000, 0.000000000000000000 ) ) ;
#390 = STYLED_ITEM ( 'NONE', ( #852 ), #777 ) ;
#391 = DIRECTION ( 'NONE',  ( 0.000000000000000000, 0.000000000000000000, -1.000000000000000000 ) ) ;
#392 = DIRECTION ( 'NONE',  ( 1.000000000000000000, 0.000000000000000000, 0.000000000000000000 ) ) ;
#393 = EDGE_CURVE ( 'NONE', #537, #754, #601, .T. ) ;
#394 = ADVANCED_FACE ( 'NONE', ( #80 ), #1074, .T. ) ;
#395 = LINE ( 'NONE', #258, #416 ) ;
#396 = EDGE_CURVE ( 'NONE', #1086, #33, #121, .T. ) ;
#397 =( NAMED_UNIT ( * ) PLANE_ANGLE_UNIT ( ) SI_UNIT ( $, .RADIAN. ) );
#398 = DIRECTION ( 'NONE',  ( -1.000000000000000000, -0.000000000000000000, 8.673617379884039170E-17 ) ) ;
#399 = CARTESIAN_POINT ( 'NONE',  ( 1.600000000000000311, 0.07999999999999998779, -0.7199999999999997513 ) ) ;
#400 = VECTOR ( 'NONE', #963, 1000.000000000000000 ) ;
#401 = ADVANCED_FACE ( 'NONE', ( #52 ), #533, .T. ) ;
#402 = SURFACE_STYLE_USAGE ( .BOTH. , #1208 ) ;
#403 = CIRCLE ( 'NONE', #640, 0.07999999999999998779 ) ;
#404 = CARTESIAN_POINT ( 'NONE',  ( 0.000000000000000000, 1.449999999999999956, 0.000000000000000000 ) ) ;
#405 = EDGE_CURVE ( 'NONE', #595, #519, #1005, .T. ) ;
#406 = FACE_OUTER_BOUND ( 'NONE', #1064, .T. ) ;
#407 = CARTESIAN_POINT ( 'NONE',  ( 1.100000000000000311, 0.07999999999999998779, -0.7199999999999997513 ) ) ;
#408 =( GEOMETRIC_REPRESENTATION_CONTEXT ( 3 ) GLOBAL_UNCERTAINTY_ASSIGNED_CONTEXT ( ( #1182 ) ) GLOBAL_UNIT_ASSIGNED_CONTEXT ( ( #954, #425, #936 ) ) REPRESENTATION_CONTEXT ( 'NONE', 'WORKASPACE' ) );
#409 = DIRECTION ( 'NONE',  ( -1.000000000000000000, 0.000000000000000000, 0.000000000000000000 ) ) ;
#410 = ADVANCED_FACE ( 'NONE', ( #1040 ), #90, .F. ) ;
#411 = DIRECTION ( 'NONE',  ( -1.000000000000000000, 0.000000000000000000, 0.000000000000000000 ) ) ;
#412 = PRESENTATION_STYLE_ASSIGNMENT (( #693 ) ) ;
#413 = CARTESIAN_POINT ( 'NONE',  ( 1.100000000008094503, 0.02666666666666666491, 0.7199999998888687580 ) ) ;
#414 = DIRECTION ( 'NONE',  ( 0.000000000000000000, 1.000000000000000000, -0.000000000000000000 ) ) ;
#415 = LINE ( 'NONE', #930, #436 ) ;
#416 = VECTOR ( 'NONE', #981, 1000.000000000000000 ) ;
#417 = DIRECTION ( 'NONE',  ( -1.000000000000000000, 0.000000000000000000, -0.000000000000000000 ) ) ;
#418 = LINE ( 'NONE', #609, #913 ) ;
#419 = DIRECTION ( 'NONE',  ( 0.000000000000000000, 0.000000000000000000, 1.000000000000000000 ) ) ;
#420 = CIRCLE ( 'NONE', #534, 0.07999999999999998779 ) ;
#421 = CARTESIAN_POINT ( 'NONE',  ( -1.100000000000000311, 1.369999999999999440, -0.7733333333333329840 ) ) ;
#422 = EDGE_CURVE ( 'NONE', #519, #604, #1104, .T. ) ;
#423 =( NAMED_UNIT ( * ) SI_UNIT ( $, .STERADIAN. ) SOLID_ANGLE_UNIT ( ) );
#424 = AXIS2_PLACEMENT_3D ( 'NONE', #1155, #280, #116 ) ;
#425 =( NAMED_UNIT ( * ) PLANE_ANGLE_UNIT ( ) SI_UNIT ( $, .RADIAN. ) );
#426 = CYLINDRICAL_SURFACE ( 'NONE', #659, 0.07999999999999998779 ) ;
#427 = PRESENTATION_STYLE_ASSIGNMENT (( #1394 ) ) ;
#428 = SPHERICAL_SURFACE ( 'NONE', #267, 0.08000000000000000167 ) ;
#429 = ADVANCED_FACE ( 'NONE', ( #175 ), #929, .T. ) ;
#430 = LINE ( 'NONE', #860, #900 ) ;
#431 = DIRECTION ( 'NONE',  ( -1.000000000000000000, 0.000000000000000000, 0.000000000000000000 ) ) ;
#432 = DIRECTION ( 'NONE',  ( 1.355252715606880789E-16, 0.000000000000000000, -1.000000000000000000 ) ) ;
#433 = PLANE ( 'NONE',  #1134 ) ;
#434 = DIRECTION ( 'NONE',  ( 1.000000000000000000, 0.000000000000000000, 1.355252715606880789E-16 ) ) ;
#435 = EDGE_CURVE ( 'NONE', #1108, #200, #1095, .T. ) ;
#436 = VECTOR ( 'NONE', #1055, 1000.000000000000000 ) ;
#437 = FACE_OUTER_BOUND ( 'NONE', #1031, .T. ) ;
#438 = DIRECTION ( 'NONE',  ( -1.000000000000000000, -0.000000000000000000, -0.000000000000000000 ) ) ;
#439 = PRESENTATION_LAYER_ASSIGNMENT (  '', '', ( #478 ) ) ;
#440 = FACE_OUTER_BOUND ( 'NONE', #623, .T. ) ;
#441 = FACE_OUTER_BOUND ( 'NONE', #181, .T. ) ;
#442 = COLOUR_RGB ( '',0.4862745098039215619, 0.2352941176470588203, 0.01568627450980392135 ) ;
#443 = DIRECTION ( 'NONE',  ( -0.000000000000000000, 1.000000000000000000, -0.000000000000000000 ) ) ;
#444 = VECTOR ( 'NONE', #215, 1000.000000000000000 ) ;
#445 = LINE ( 'NONE', #1366, #1380 ) ;
#446 = DIRECTION ( 'NONE',  ( 1.355252715606880789E-16, -0.000000000000000000, -1.000000000000000000 ) ) ;
#447 = LINE ( 'NONE', #504, #1382 ) ;
#448 = PRESENTATION_STYLE_ASSIGNMENT (( #459 ) ) ;
#449 = LINE ( 'NONE', #1389, #1405 ) ;
#450 = FACE_OUTER_BOUND ( 'NONE', #97, .T. ) ;
#451 = CIRCLE ( 'NONE', #878, 0.05333333333333329512 ) ;
#452 = CARTESIAN_POINT ( 'NONE',  ( -1.100000000000000311, 1.423333333333333339, -0.7199999999999997513 ) ) ;
#453 = CYLINDRICAL_SURFACE ( 'NONE', #802, 0.07999999999999998779 ) ;
#454 =( NAMED_UNIT ( * ) SI_UNIT ( $, .STERADIAN. ) SOLID_ANGLE_UNIT ( ) );
#455 = LINE ( 'NONE', #238, #460 ) ;
#456 = CARTESIAN_POINT ( 'NONE',  ( -1.520000000000000018, 1.369999999999999885, 0.7200000000000000844 ) ) ;
#457 = LINE ( 'NONE', #948, #915 ) ;
#458 = EDGE_CURVE ( 'NONE', #524, #1219, #614, .T. ) ;
#459 = SURFACE_STYLE_USAGE ( .BOTH. , #483 ) ;
#460 = VECTOR ( 'NONE', #540, 1000.000000000000000 ) ;
#461 = EDGE_CURVE ( 'NONE', #259, #599, #1083, .T. ) ;
#462 = MECHANICAL_DESIGN_GEOMETRIC_PRESENTATION_REPRESENTATION (  '', ( #19 ), #59 ) ;
#463 = CARTESIAN_POINT ( 'NONE',  ( 1.520000000000000240, 1.369999999999999885, -0.7199999999999997513 ) ) ;
#464 =( NAMED_UNIT ( * ) PLANE_ANGLE_UNIT ( ) SI_UNIT ( $, .RADIAN. ) );
#465 = CYLINDRICAL_SURFACE ( 'NONE', #1320, 0.07999999999999998779 ) ;
#466 = FACE_OUTER_BOUND ( 'NONE', #992, .T. ) ;
#467 = DIRECTION ( 'NONE',  ( -1.000000000000000000, 0.000000000000000000, 0.000000000000000000 ) ) ;
#468 = CARTESIAN_POINT ( 'NONE',  ( -1.600000000000000311, 1.369999999999999885, -0.7999999999999997113 ) ) ;
#469 = AXIS2_PLACEMENT_3D ( 'NONE', #606, #1173, #969 ) ;
#470 = AXIS2_PLACEMENT_3D ( 'NONE', #291, #1281, #848 ) ;
#471 = DIRECTION ( 'NONE',  ( -1.000000000000000000, -0.000000000000000000, 8.673617379884039170E-17 ) ) ;
#472 = SPHERICAL_SURFACE ( 'NONE', #752, 0.08000000000000000167 ) ;
#473 = DIRECTION ( 'NONE',  ( 1.000000000000000000, -0.000000000000000000, 0.000000000000000000 ) ) ;
#474 = PRESENTATION_STYLE_ASSIGNMENT (( #999 ) ) ;
#475 = FACE_OUTER_BOUND ( 'NONE', #99, .T. ) ;
#476 = DIRECTION ( 'NONE',  ( 1.000000000000000000, -0.000000000000000000, -0.000000000000000000 ) ) ;
#477 = EDGE_CURVE ( 'NONE', #1189, #1244, #1099, .T. ) ;
#478 = STYLED_ITEM ( 'NONE', ( #959 ), #745 ) ;
#479 = DIRECTION ( 'NONE',  ( 0.000000000000000000, 0.000000000000000000, 1.000000000000000000 ) ) ;
#480 = DIRECTION ( 'NONE',  ( 0.000000000000000000, 0.000000000000000000, -1.000000000000000000 ) ) ;
#481 = SURFACE_STYLE_USAGE ( .BOTH. , #1355 ) ;
#482 = UNCERTAINTY_MEASURE_WITH_UNIT (LENGTH_MEASURE( 1.000000000000000082E-05 ), #873, 'distance_accuracy_value', 'NONE');
#483 = SURFACE_SIDE_STYLE ('',( #1401 ) ) ;
#484 = CARTESIAN_POINT ( 'NONE',  ( 0.000000000000000000, 0.000000000000000000, -0.7199999999999997513 ) ) ;
#485 = LINE ( 'NONE', #1273, #493 ) ;
#486 =( GEOMETRIC_REPRESENTATION_CONTEXT ( 3 ) GLOBAL_UNCERTAINTY_ASSIGNED_CONTEXT ( ( #1245 ) ) GLOBAL_UNIT_ASSIGNED_CONTEXT ( ( #9, #16, #1336 ) ) REPRESENTATION_CONTEXT ( 'NONE', 'WORKASPACE' ) );
#487 = CARTESIAN_POINT ( 'NONE',  ( -1.520000000000000018, 1.449999999999999956, 0.8000000000000000444 ) ) ;
#488 = COLOUR_RGB ( '',0.4862745098039215619, 0.2352941176470588203, 0.01568627450980392135 ) ;
#489 = ADVANCED_FACE ( 'NONE', ( #1180 ), #927, .T. ) ;
#490 = CARTESIAN_POINT ( 'NONE',  ( -1.100000000000000311, 1.369999999999999885, -0.7999999999999997113 ) ) ;
#491 = EDGE_CURVE ( 'NONE', #1039, #1207, #1415, .T. ) ;
#492 = FACE_OUTER_BOUND ( 'NONE', #138, .T. ) ;
#493 = VECTOR ( 'NONE', #398, 1000.000000000000000 ) ;
#494 = AXIS2_PLACEMENT_3D ( 'NONE', #700, #370, #358 ) ;
#495 = LINE ( 'NONE', #834, #1341 ) ;
#496 = VECTOR ( 'NONE', #239, 1000.000000000000000 ) ;
#497 = DIRECTION ( 'NONE',  ( -1.355252715606880789E-16, 0.000000000000000000, 1.000000000000000000 ) ) ;
#498 = CARTESIAN_POINT ( 'NONE',  ( 1.520000000000000240, 0.08000000000000000167, -0.7199999999999997513 ) ) ;
#499 = DIRECTION ( 'NONE',  ( 0.000000000000000000, 0.000000000000000000, 1.000000000000000000 ) ) ;
#500 =( GEOMETRIC_REPRESENTATION_CONTEXT ( 3 ) GLOBAL_UNCERTAINTY_ASSIGNED_CONTEXT ( ( #885 ) ) GLOBAL_UNIT_ASSIGNED_CONTEXT ( ( #1279, #1041, #162 ) ) REPRESENTATION_CONTEXT ( 'NONE', 'WORKASPACE' ) );
#501 = DIRECTION ( 'NONE',  ( 0.000000000000000000, 0.000000000000000000, 1.000000000000000000 ) ) ;
#502 = EDGE_CURVE ( 'NONE', #51, #223, #921, .T. ) ;
#503 = VECTOR ( 'NONE', #863, 1000.000000000000000 ) ;
#504 = CARTESIAN_POINT ( 'NONE',  ( -1.100000000000000311, 1.369999999999999885, 0.7733333333333333171 ) ) ;
#505 = ADVANCED_FACE ( 'NONE', ( #466 ), #694, .F. ) ;
#506 = CIRCLE ( 'NONE', #597, 0.07999999999999998779 ) ;
#507 = ORIENTED_EDGE ( 'NONE', *, *, #461, .F. ) ;
#508 = DIRECTION ( 'NONE',  ( 0.000000000000000000, 0.000000000000000000, 1.000000000000000000 ) ) ;
#509 = DIRECTION ( 'NONE',  ( 1.355252715606880789E-16, -0.000000000000000000, -1.000000000000000000 ) ) ;
#510 = ADVANCED_FACE ( 'NONE', ( #1414 ), #867, .F. ) ;
#511 = ORIENTED_EDGE ( 'NONE', *, *, #774, .T. ) ;
#512 = VECTOR ( 'NONE', #529, 1000.000000000000000 ) ;
#513 = CARTESIAN_POINT ( 'NONE',  ( -1.520000000000000240, 1.369999999999999885, -0.7199999999999997513 ) ) ;
#514 = EDGE_LOOP ( 'NONE', ( #647, #275, #1045, #511 ) ) ;
#515 = STYLED_ITEM ( 'NONE', ( #427 ), #957 ) ;
#516 = CARTESIAN_POINT ( 'NONE',  ( 1.100000000008094503, 0.07999999999999998779, -0.7733333333333332060 ) ) ;
#517 = ORIENTED_EDGE ( 'NONE', *, *, #734, .T. ) ;
#518 = EDGE_CURVE ( 'NONE', #261, #1207, #938, .T. ) ;
#519 = VERTEX_POINT ( 'NONE', #1218 ) ;
#520 = PLANE ( 'NONE',  #1340 ) ;
#521 = DIRECTION ( 'NONE',  ( 0.000000000000000000, 0.000000000000000000, -1.000000000000000000 ) ) ;
#522 = FACE_OUTER_BOUND ( 'NONE', #1124, .T. ) ;
#523 = EDGE_CURVE ( 'NONE', #261, #1086, #1426, .T. ) ;
#524 = VERTEX_POINT ( 'NONE', #351 ) ;
#525 = CARTESIAN_POINT ( 'NONE',  ( 0.000000000000000000, 0.000000000000000000, -0.7199999999999997513 ) ) ;
#526 = EDGE_LOOP ( 'NONE', ( #1117, #1226, #131, #1302 ) ) ;
#527 = DIRECTION ( 'NONE',  ( 0.000000000000000000, 0.000000000000000000, -1.000000000000000000 ) ) ;
#528 = ORIENTED_EDGE ( 'NONE', *, *, #53, .F. ) ;
#529 = DIRECTION ( 'NONE',  ( 1.355252715606880789E-16, -0.000000000000000000, -1.000000000000000000 ) ) ;
#530 = ADVANCED_FACE ( 'NONE', ( #475 ), #363, .F. ) ;
#531 = ORIENTED_EDGE ( 'NONE', *, *, #1174, .F. ) ;
#532 = DIRECTION ( 'NONE',  ( 8.673617379884039170E-17, -0.000000000000000000, 1.000000000000000000 ) ) ;
#533 = SPHERICAL_SURFACE ( 'NONE', #931, 0.08000000000000000167 ) ;
#534 = AXIS2_PLACEMENT_3D ( 'NONE', #407, #217, #508 ) ;
#535 = EDGE_LOOP ( 'NONE', ( #1202, #810, #137, #702 ) ) ;
#536 =( NAMED_UNIT ( * ) PLANE_ANGLE_UNIT ( ) SI_UNIT ( $, .RADIAN. ) );
#537 = VERTEX_POINT ( 'NONE', #805 ) ;
#538 = AXIS2_PLACEMENT_3D ( 'NONE', #463, #798, #709 ) ;
#539 = FACE_OUTER_BOUND ( 'NONE', #535, .T. ) ;
#540 = DIRECTION ( 'NONE',  ( -0.000000000000000000, 1.000000000000000000, -0.000000000000000000 ) ) ;
#541 = ORIENTED_EDGE ( 'NONE', *, *, #1022, .F. ) ;
#542 = DIRECTION ( 'NONE',  ( 1.000000000000000000, 0.000000000000000000, -8.673617379884036705E-17 ) ) ;
#543 = MECHANICAL_DESIGN_GEOMETRIC_PRESENTATION_REPRESENTATION (  '', ( #478 ), #1098 ) ;
#544 = VECTOR ( 'NONE', #467, 1000.000000000000000 ) ;
#545 = ORIENTED_EDGE ( 'NONE', *, *, #342, .T. ) ;
#546 = CARTESIAN_POINT ( 'NONE',  ( 1.100000000008094503, 1.369999999999999885, -0.7199999999999999734 ) ) ;
#547 = PRESENTATION_LAYER_ASSIGNMENT (  '', '', ( #313 ) ) ;
#548 = CIRCLE ( 'NONE', #747, 0.07999999999999998779 ) ;
#549 = ORIENTED_EDGE ( 'NONE', *, *, #153, .F. ) ;
#550 = CARTESIAN_POINT ( 'NONE',  ( 1.520000000000000018, 0.07999999999999998779, 0.7200000000000000844 ) ) ;
#551 = LINE ( 'NONE', #724, #1026 ) ;
#552 = ORIENTED_EDGE ( 'NONE', *, *, #422, .T. ) ;
#553 = CIRCLE ( 'NONE', #673, 0.07999999999999998779 ) ;
#554 = EDGE_LOOP ( 'NONE', ( #668, #177, #231, #197 ) ) ;
#555 = PLANE ( 'NONE',  #912 ) ;
#556 = SPHERICAL_SURFACE ( 'NONE', #828, 0.08000000000000000167 ) ;
#557 = EDGE_LOOP ( 'NONE', ( #528, #1080, #612, #815 ) ) ;
#558 = DIRECTION ( 'NONE',  ( 0.000000000000000000, 0.000000000000000000, 1.000000000000000000 ) ) ;
#559 = CARTESIAN_POINT ( 'NONE',  ( -1.520000000000000240, 1.369999999999999885, -0.7999999999999997113 ) ) ;
#560 = LINE ( 'NONE', #1153, #1066 ) ;
#561 = AXIS2_PLACEMENT_3D ( 'NONE', #1157, #281, #262 ) ;
#562 = ORIENTED_EDGE ( 'NONE', *, *, #393, .T. ) ;
#563 = CARTESIAN_POINT ( 'NONE',  ( -1.520000000000000018, 1.369999999999999885, 0.7200000000000000844 ) ) ;
#564 = EDGE_CURVE ( 'NONE', #236, #140, #445, .T. ) ;
#565 = EDGE_LOOP ( 'NONE', ( #31, #155, #1091 ) ) ;
#566 = SPHERICAL_SURFACE ( 'NONE', #1408, 0.08000000000000000167 ) ;
#567 = CARTESIAN_POINT ( 'NONE',  ( 0.000000000000000000, 1.449999999999999956, 0.000000000000000000 ) ) ;
#568 = AXIS2_PLACEMENT_3D ( 'NONE', #1017, #10, #871 ) ;
#569 = ORIENTED_EDGE ( 'NONE', *, *, #1248, .T. ) ;
#570 = DIRECTION ( 'NONE',  ( 0.000000000000000000, 0.000000000000000000, 1.000000000000000000 ) ) ;
#571 = FACE_OUTER_BOUND ( 'NONE', #107, .T. ) ;
#572 = ORIENTED_EDGE ( 'NONE', *, *, #502, .T. ) ;
#573 = AXIS2_PLACEMENT_3D ( 'NONE', #546, #243, #755 ) ;
#574 = AXIS2_PLACEMENT_3D ( 'NONE', #891, #1249, #972 ) ;
#575 = CARTESIAN_POINT ( 'NONE',  ( 0.000000000000000000, 0.000000000000000000, 0.000000000000000000 ) ) ;
#576 = SURFACE_STYLE_FILL_AREA ( #713 ) ;
#577 = VERTEX_POINT ( 'NONE', #1113 ) ;
#578 = FILL_AREA_STYLE_COLOUR ( '', #442 ) ;
#579 = VECTOR ( 'NONE', #883, 1000.000000000000000 ) ;
#580 = ORIENTED_EDGE ( 'NONE', *, *, #342, .F. ) ;
#581 = LINE ( 'NONE', #1008, #544 ) ;
#582 = DIRECTION ( 'NONE',  ( 1.000000000000000000, -0.000000000000000000, -1.355252715606880789E-16 ) ) ;
#583 = VERTEX_POINT ( 'NONE', #421 ) ;
#584 = CARTESIAN_POINT ( 'NONE',  ( 500000.0000000000582, 1.369999999999999885, -0.7200000000433679492 ) ) ;
#585 = VECTOR ( 'NONE', #605, 1000.000000000000000 ) ;
#586 = EDGE_LOOP ( 'NONE', ( #127, #643, #654 ) ) ;
#587 = ORIENTED_EDGE ( 'NONE', *, *, #1419, .T. ) ;
#588 = DIRECTION ( 'NONE',  ( 1.000000000000000000, 0.000000000000000000, 0.000000000000000000 ) ) ;
#589 = VECTOR ( 'NONE', #284, 1000.000000000000000 ) ;
#590 = ORIENTED_EDGE ( 'NONE', *, *, #124, .F. ) ;
#591 = ORIENTED_EDGE ( 'NONE', *, *, #1022, .T. ) ;
#592 = CARTESIAN_POINT ( 'NONE',  ( 500000.0000000000582, 0.02666666666666666491, 0.7199999999566313313 ) ) ;
#593 = CARTESIAN_POINT ( 'NONE',  ( 0.000000000000000000, 0.000000000000000000, 0.000000000000000000 ) ) ;
#594 = ORIENTED_EDGE ( 'NONE', *, *, #58, .T. ) ;
#595 = VERTEX_POINT ( 'NONE', #1195 ) ;
#596 = EDGE_CURVE ( 'NONE', #236, #739, #914, .T. ) ;
#597 = AXIS2_PLACEMENT_3D ( 'NONE', #732, #1028, #384 ) ;
#598 = VECTOR ( 'NONE', #730, 1000.000000000000000 ) ;
#599 = VERTEX_POINT ( 'NONE', #624 ) ;
#600 = DIRECTION ( 'NONE',  ( 1.000000000000000000, 0.000000000000000000, 0.000000000000000000 ) ) ;
#601 = CIRCLE ( 'NONE', #210, 0.05333333333333329512 ) ;
#602 = ORIENTED_EDGE ( 'NONE', *, *, #1327, .T. ) ;
#603 = ADVANCED_FACE ( 'NONE', ( #450 ), #22, .T. ) ;
#604 = VERTEX_POINT ( 'NONE', #727 ) ;
#605 = DIRECTION ( 'NONE',  ( 0.000000000000000000, 0.000000000000000000, -1.000000000000000000 ) ) ;
#606 = CARTESIAN_POINT ( 'NONE',  ( -1.520000000000000018, 0.07999999999999998779, 0.7200000000000000844 ) ) ;
#607 = VECTOR ( 'NONE', #996, 1000.000000000000000 ) ;
#608 = EDGE_LOOP ( 'NONE', ( #531, #1239, #1101, #541 ) ) ;
#609 = CARTESIAN_POINT ( 'NONE',  ( -1.520000000000000240, 1.449999999999999956, -0.7999999999999997113 ) ) ;
#610 =( NAMED_UNIT ( * ) SI_UNIT ( $, .STERADIAN. ) SOLID_ANGLE_UNIT ( ) );
#611 = VERTEX_POINT ( 'NONE', #968 ) ;
#612 = ORIENTED_EDGE ( 'NONE', *, *, #950, .T. ) ;
#613 = AXIS2_PLACEMENT_3D ( 'NONE', #1278, #813, #369 ) ;
#614 = CIRCLE ( 'NONE', #627, 0.07999999999999998779 ) ;
#615 = DIRECTION ( 'NONE',  ( -1.000000000000000000, -0.000000000000000000, 8.673617379884039170E-17 ) ) ;
#616 = VERTEX_POINT ( 'NONE', #1374 ) ;
#617 = ORIENTED_EDGE ( 'NONE', *, *, #257, .F. ) ;
#618 = CLOSED_SHELL ( 'NONE', ( #1377, #1342, #956, #736, #1176, #214, #489, #1316, #603, #988, #394, #201, #139, #637, #1300, #974, #401, #831 ) ) ;
#619 = CARTESIAN_POINT ( 'NONE',  ( 1.100000000000000089, 0.07999999999999998779, 0.7200000000000000844 ) ) ;
#620 = APPLICATION_CONTEXT ( 'automotive_design' ) ;
#621 = VERTEX_POINT ( 'NONE', #1211 ) ;
#622 = EDGE_CURVE ( 'NONE', #223, #754, #485, .T. ) ;
#623 = EDGE_LOOP ( 'NONE', ( #991, #772, #311, #89 ) ) ;
#624 = CARTESIAN_POINT ( 'NONE',  ( 1.100000000000000311, 0.000000000000000000, -0.7199999999999997513 ) ) ;
#625 = ORIENTED_EDGE ( 'NONE', *, *, #257, .T. ) ;
#626 = ORIENTED_EDGE ( 'NONE', *, *, #1174, .T. ) ;
#627 = AXIS2_PLACEMENT_3D ( 'NONE', #782, #714, #147 ) ;
#628 = CARTESIAN_POINT ( 'NONE',  ( -1.100000000000000089, 1.369999999999999885, 0.8000000000000000444 ) ) ;
#629 = ORIENTED_EDGE ( 'NONE', *, *, #808, .T. ) ;
#630 = ORIENTED_EDGE ( 'NONE', *, *, #340, .F. ) ;
#631 = ORIENTED_EDGE ( 'NONE', *, *, #326, .F. ) ;
#632 = SURFACE_SIDE_STYLE ('',( #576 ) ) ;
#633 = VERTEX_POINT ( 'NONE', #1418 ) ;
#634 = ORIENTED_EDGE ( 'NONE', *, *, #396, .F. ) ;
#635 = DIRECTION ( 'NONE',  ( 1.000000000000000000, 0.000000000000000000, 1.355252715606880789E-16 ) ) ;
#636 = EDGE_LOOP ( 'NONE', ( #245, #590, #1205, #1139 ) ) ;
#637 = ADVANCED_FACE ( 'NONE', ( #522 ), #44, .T. ) ;
#638 = ORIENTED_EDGE ( 'NONE', *, *, #523, .F. ) ;
#639 = UNCERTAINTY_MEASURE_WITH_UNIT (LENGTH_MEASURE( 1.000000000000000082E-05 ), #1021, 'distance_accuracy_value', 'NONE');
#640 = AXIS2_PLACEMENT_3D ( 'NONE', #701, #438, #791 ) ;
#641 = ORIENTED_EDGE ( 'NONE', *, *, #1251, .T. ) ;
#642 = ORIENTED_EDGE ( 'NONE', *, *, #1128, .T. ) ;
#643 = ORIENTED_EDGE ( 'NONE', *, *, #1296, .T. ) ;
#644 = EDGE_CURVE ( 'NONE', #149, #1075, #24, .T. ) ;
#645 = AXIS2_PLACEMENT_3D ( 'NONE', #1385, #1365, #686 ) ;
#646 = ORIENTED_EDGE ( 'NONE', *, *, #1199, .F. ) ;
#647 = ORIENTED_EDGE ( 'NONE', *, *, #1148, .T. ) ;
#648 = DIRECTION ( 'NONE',  ( 0.000000000000000000, 0.000000000000000000, 1.000000000000000000 ) ) ;
#649 = CARTESIAN_POINT ( 'NONE',  ( 1.520000000000000240, 1.369999999999999885, -0.7999999999999997113 ) ) ;
#650 = STYLED_ITEM ( 'NONE', ( #474 ), #510 ) ;
#651 = ORIENTED_EDGE ( 'NONE', *, *, #213, .T. ) ;
#652 = ORIENTED_EDGE ( 'NONE', *, *, #946, .T. ) ;
#653 = DIRECTION ( 'NONE',  ( -0.000000000000000000, -1.000000000000000000, -0.000000000000000000 ) ) ;
#654 = ORIENTED_EDGE ( 'NONE', *, *, #1419, .F. ) ;
#655 = ORIENTED_EDGE ( 'NONE', *, *, #687, .F. ) ;
#656 = ORIENTED_EDGE ( 'NONE', *, *, #204, .T. ) ;
#657 = PRESENTATION_STYLE_ASSIGNMENT (( #402 ) ) ;
#658 = ORIENTED_EDGE ( 'NONE', *, *, #962, .F. ) ;
#659 = AXIS2_PLACEMENT_3D ( 'NONE', #66, #411, #648 ) ;
#660 = VECTOR ( 'NONE', #329, 1000.000000000000000 ) ;
#661 = ORIENTED_EDGE ( 'NONE', *, *, #1145, .T. ) ;
#662 = CARTESIAN_POINT ( 'NONE',  ( -1.520000000000000240, 1.449999999999999956, -0.7199999999999997513 ) ) ;
#663 = LINE ( 'NONE', #1228, #192 ) ;
#664 = EDGE_CURVE ( 'NONE', #616, #149, #506, .T. ) ;
#665 = CARTESIAN_POINT ( 'NONE',  ( 1.100000000000000311, 0.07999999999999998779, -0.7999999999999997113 ) ) ;
#666 = ORIENTED_EDGE ( 'NONE', *, *, #596, .F. ) ;
#667 = ADVANCED_FACE ( 'NONE', ( #30 ), #46, .T. ) ;
#668 = ORIENTED_EDGE ( 'NONE', *, *, #34, .F. ) ;
#669 = EDGE_CURVE ( 'NONE', #319, #989, #951, .T. ) ;
#670 = AXIS2_PLACEMENT_3D ( 'NONE', #212, #839, #939 ) ;
#671 = CIRCLE ( 'NONE', #469, 0.07999999999999998779 ) ;
#672 = ORIENTED_EDGE ( 'NONE', *, *, #1233, .T. ) ;
#673 = AXIS2_PLACEMENT_3D ( 'NONE', #906, #368, #819 ) ;
#674 = CARTESIAN_POINT ( 'NONE',  ( -1.520000000000000240, 1.449999999999999956, -0.7199999999999997513 ) ) ;
#675 = COLOUR_RGB ( '',0.4862745098039215619, 0.2352941176470588203, 0.01568627450980392135 ) ;
#676 = FACE_OUTER_BOUND ( 'NONE', #746, .T. ) ;
#677 = ORIENTED_EDGE ( 'NONE', *, *, #564, .T. ) ;
#678 = CARTESIAN_POINT ( 'NONE',  ( 1.600000000000000311, 0.07999999999999998779, -0.7999999999999997113 ) ) ;
#679 = ORIENTED_EDGE ( 'NONE', *, *, #697, .T. ) ;
#680 = AXIS2_PLACEMENT_3D ( 'NONE', #864, #691, #108 ) ;
#681 = DIRECTION ( 'NONE',  ( -1.000000000000000000, -0.000000000000000000, -0.000000000000000000 ) ) ;
#682 = COLOUR_RGB ( '',0.4862745098039215619, 0.2352941176470588203, 0.01568627450980392135 ) ;
#683 = UNCERTAINTY_MEASURE_WITH_UNIT (LENGTH_MEASURE( 1.000000000000000082E-05 ), #1314, 'distance_accuracy_value', 'NONE');
#684 = MECHANICAL_DESIGN_GEOMETRIC_PRESENTATION_REPRESENTATION (  '', ( #515 ), #790 ) ;
#685 = CARTESIAN_POINT ( 'NONE',  ( 500000.0000000000582, 0.02666666666666668573, 0.7199999999566313313 ) ) ;
#686 = DIRECTION ( 'NONE',  ( 0.000000000000000000, 0.000000000000000000, -1.000000000000000000 ) ) ;
#687 = EDGE_CURVE ( 'NONE', #611, #118, #14, .T. ) ;
#688 = CYLINDRICAL_SURFACE ( 'NONE', #613, 0.05333333333333329512 ) ;
#689 = DIRECTION ( 'NONE',  ( 1.000000000000000000, 0.000000000000000000, -8.673617379884039170E-17 ) ) ;
#690 = DIRECTION ( 'NONE',  ( 0.000000000000000000, -1.000000000000000000, 0.000000000000000000 ) ) ;
#691 = DIRECTION ( 'NONE',  ( -1.000000000000000000, 0.000000000000000000, -1.355252715606880789E-16 ) ) ;
#692 = CARTESIAN_POINT ( 'NONE',  ( 1.520000000000000240, 0.07999999999999998779, -0.7199999999999997513 ) ) ;
#693 = SURFACE_STYLE_USAGE ( .BOTH. , #979 ) ;
#694 = PLANE ( 'NONE',  #1216 ) ;
#695 = CARTESIAN_POINT ( 'NONE',  ( 500000.0000000000582, 1.369999999999999440, -0.7733333333767011819 ) ) ;
#696 = CARTESIAN_POINT ( 'NONE',  ( -1.600000000000000089, 0.07999999999999998779, 0.7200000000000000844 ) ) ;
#697 = EDGE_CURVE ( 'NONE', #611, #86, #986, .T. ) ;
#698 = CARTESIAN_POINT ( 'NONE',  ( -1.600000000000000089, 1.449999999999999956, 0.7199999999999999734 ) ) ;
#699 =( NAMED_UNIT ( * ) PLANE_ANGLE_UNIT ( ) SI_UNIT ( $, .RADIAN. ) );
#700 = CARTESIAN_POINT ( 'NONE',  ( -1.520000000000000018, 1.369999999999999885, 0.7200000000000000844 ) ) ;
#701 = CARTESIAN_POINT ( 'NONE',  ( -1.520000000000000240, 0.07999999999999998779, -0.7199999999999997513 ) ) ;
#702 = ORIENTED_EDGE ( 'NONE', *, *, #1097, .F. ) ;
#703 = CARTESIAN_POINT ( 'NONE',  ( 1.520000000000000018, 0.07999999999999998779, 0.7200000000000000844 ) ) ;
#704 = ORIENTED_EDGE ( 'NONE', *, *, #1357, .F. ) ;
#705 = CARTESIAN_POINT ( 'NONE',  ( -1.520000000000000018, 1.449999999999999956, 0.8000000000000000444 ) ) ;
#706 = EDGE_LOOP ( 'NONE', ( #722, #1069, #1141 ) ) ;
#707 = CARTESIAN_POINT ( 'NONE',  ( 1.100000000000000311, 0.000000000000000000, -0.7999999999999997113 ) ) ;
#708 = STYLED_ITEM ( 'NONE', ( #880 ), #886 ) ;
#709 = DIRECTION ( 'NONE',  ( 1.000000000000000000, 0.000000000000000000, 0.000000000000000000 ) ) ;
#710 = ORIENTED_EDGE ( 'NONE', *, *, #965, .T. ) ;
#711 = SURFACE_SIDE_STYLE ('',( #8 ) ) ;
#712 = ORIENTED_EDGE ( 'NONE', *, *, #292, .T. ) ;
#713 = FILL_AREA_STYLE ('',( #141 ) ) ;
#714 = DIRECTION ( 'NONE',  ( -1.000000000000000000, 0.000000000000000000, 0.000000000000000000 ) ) ;
#715 = VERTEX_POINT ( 'NONE', #1280 ) ;
#716 = DIRECTION ( 'NONE',  ( 0.000000000000000000, 0.000000000000000000, -1.000000000000000000 ) ) ;
#717 = CARTESIAN_POINT ( 'NONE',  ( 1.100000000000000089, 1.369999999999999885, 0.7200000000000000844 ) ) ;
#718 = VERTEX_POINT ( 'NONE', #649 ) ;
#719 = DIRECTION ( 'NONE',  ( -1.000000000000000000, 0.000000000000000000, 0.000000000000000000 ) ) ;
#720 = ORIENTED_EDGE ( 'NONE', *, *, #340, .T. ) ;
#721 = EDGE_CURVE ( 'NONE', #200, #611, #955, .T. ) ;
#722 = ORIENTED_EDGE ( 'NONE', *, *, #1251, .F. ) ;
#723 = MECHANICAL_DESIGN_GEOMETRIC_PRESENTATION_REPRESENTATION (  '', ( #313 ), #132 ) ;
#724 = CARTESIAN_POINT ( 'NONE',  ( 500000.0000000000582, 0.08000000000000043188, 0.7733333332899651191 ) ) ;
#725 = DIRECTION ( 'NONE',  ( 0.000000000000000000, 1.000000000000000000, 0.000000000000000000 ) ) ;
#726 = ORIENTED_EDGE ( 'NONE', *, *, #435, .T. ) ;
#727 = CARTESIAN_POINT ( 'NONE',  ( -1.520000000000000018, 0.000000000000000000, 0.7200000000000000844 ) ) ;
#728 = DIRECTION ( 'NONE',  ( 0.000000000000000000, -1.000000000000000000, 0.000000000000000000 ) ) ;
#729 = UNCERTAINTY_MEASURE_WITH_UNIT (LENGTH_MEASURE( 1.000000000000000082E-05 ), #766, 'distance_accuracy_value', 'NONE');
#730 = DIRECTION ( 'NONE',  ( -1.355252715606880789E-16, 0.000000000000000000, 1.000000000000000000 ) ) ;
#731 = EDGE_CURVE ( 'NONE', #577, #115, #11, .T. ) ;
#732 = CARTESIAN_POINT ( 'NONE',  ( -1.100000000000000311, 1.369999999999999885, -0.7199999999999997513 ) ) ;
#733 = ORIENTED_EDGE ( 'NONE', *, *, #276, .F. ) ;
#734 = EDGE_CURVE ( 'NONE', #1175, #1156, #35, .T. ) ;
#735 = CLOSED_SHELL ( 'NONE', ( #809, #1237, #753, #505, #1032, #530, #1013, #298, #49, #355, #667, #1260, #1188, #338, #967, #1282, #386, #1369 ) ) ;
#736 = ADVANCED_FACE ( 'NONE', ( #6 ), #920, .F. ) ;
#737 = CARTESIAN_POINT ( 'NONE',  ( -1.100000000000000089, 0.07999999999999998779, 0.7200000000000000844 ) ) ;
#738 = CARTESIAN_POINT ( 'NONE',  ( -1.100000000000000311, 1.449999999999999956, -0.7999999999999997113 ) ) ;
#739 = VERTEX_POINT ( 'NONE', #764 ) ;
#740 = AXIS2_PLACEMENT_3D ( 'NONE', #1149, #36, #198 ) ;
#741 = ORIENTED_EDGE ( 'NONE', *, *, #1346, .F. ) ;
#742 = CARTESIAN_POINT ( 'NONE',  ( -1.100000000000000311, 0.07999999999999998779, -0.7199999999999997513 ) ) ;
#743 = EDGE_CURVE ( 'NONE', #583, #1224, #966, .T. ) ;
#744 = MECHANICAL_DESIGN_GEOMETRIC_PRESENTATION_REPRESENTATION (  '', ( #1328 ), #207 ) ;
#745 = ADVANCED_FACE ( 'NONE', ( #38 ), #555, .F. ) ;
#746 = EDGE_LOOP ( 'NONE', ( #997, #1265, #562, #301 ) ) ;
#747 = AXIS2_PLACEMENT_3D ( 'NONE', #619, #896, #356 ) ;
#748 = DIRECTION ( 'NONE',  ( 0.000000000000000000, 0.000000000000000000, 1.000000000000000000 ) ) ;
#749 = SURFACE_STYLE_USAGE ( .BOTH. , #1204 ) ;
#750 = ORIENTED_EDGE ( 'NONE', *, *, #393, .F. ) ;
#751 = DIRECTION ( 'NONE',  ( 1.000000000000000000, 0.000000000000000000, -8.673617379884036705E-17 ) ) ;
#752 = AXIS2_PLACEMENT_3D ( 'NONE', #1379, #387, #392 ) ;
#753 = ADVANCED_FACE ( 'NONE', ( #87 ), #151, .F. ) ;
#754 = VERTEX_POINT ( 'NONE', #18 ) ;
#755 = DIRECTION ( 'NONE',  ( 0.000000000000000000, 0.000000000000000000, -1.000000000000000000 ) ) ;
#756 = ORIENTED_EDGE ( 'NONE', *, *, #77, .T. ) ;
#757 = PRESENTATION_LAYER_ASSIGNMENT (  '', '', ( #866 ) ) ;
#758 = CARTESIAN_POINT ( 'NONE',  ( 500000.0000000000582, 1.369999999999999885, 0.7733333332899651191 ) ) ;
#759 = DIRECTION ( 'NONE',  ( 0.000000000000000000, -1.000000000000000000, 0.000000000000000000 ) ) ;
#760 = ORIENTED_EDGE ( 'NONE', *, *, #1404, .F. ) ;
#761 = STYLED_ITEM ( 'NONE', ( #169 ), #410 ) ;
#762 = CARTESIAN_POINT ( 'NONE',  ( 1.520000000000000018, 0.000000000000000000, 0.7200000000000000844 ) ) ;
#763 = ADVANCED_FACE ( 'NONE', ( #571 ), #1323, .T. ) ;
#764 = CARTESIAN_POINT ( 'NONE',  ( 1.100000000000000311, 1.449999999999999956, -0.7199999999999997513 ) ) ;
#765 = ORIENTED_EDGE ( 'NONE', *, *, #842, .F. ) ;
#766 =( LENGTH_UNIT ( ) NAMED_UNIT ( * ) SI_UNIT ( .MILLI., .METRE. ) );
#767 = CARTESIAN_POINT ( 'NONE',  ( -1.520000000000000018, 1.369999999999999885, 0.7200000000000000844 ) ) ;
#768 = LINE ( 'NONE', #330, #1254 ) ;
#769 = FACE_OUTER_BOUND ( 'NONE', #1246, .T. ) ;
#770 = DIRECTION ( 'NONE',  ( 1.000000000000000000, 0.000000000000000000, 0.000000000000000000 ) ) ;
#771 = VERTEX_POINT ( 'NONE', #346 ) ;
#772 = ORIENTED_EDGE ( 'NONE', *, *, #774, .F. ) ;
#773 = CIRCLE ( 'NONE', #573, 0.05333333333333339921 ) ;
#774 = EDGE_CURVE ( 'NONE', #1207, #1189, #1326, .T. ) ;
#775 = FILL_AREA_STYLE ('',( #1160 ) ) ;
#776 = DIRECTION ( 'NONE',  ( 0.000000000000000000, -1.000000000000000000, -0.000000000000000000 ) ) ;
#777 = ADVANCED_BREP_SHAPE_REPRESENTATION ( 'CC1206FKNPO9BN103', ( #277, #886, #957, #787 ), #1037 ) ;
#778 = VECTOR ( 'NONE', #1319, 1000.000000000000000 ) ;
#779 = VERTEX_POINT ( 'NONE', #696 ) ;
#780 = FACE_OUTER_BOUND ( 'NONE', #1063, .T. ) ;
#781 = DIRECTION ( 'NONE',  ( -1.000000000000000000, -0.000000000000000000, 8.673617379884039170E-17 ) ) ;
#782 = CARTESIAN_POINT ( 'NONE',  ( 1.520000000000000240, 0.07999999999999998779, -0.7199999999999997513 ) ) ;
#783 = VECTOR ( 'NONE', #1297, 1000.000000000000000 ) ;
#784 = DIRECTION ( 'NONE',  ( -1.000000000000000000, 0.000000000000000000, 0.000000000000000000 ) ) ;
#785 = ORIENTED_EDGE ( 'NONE', *, *, #350, .F. ) ;
#786 = LINE ( 'NONE', #678, #778 ) ;
#787 = AXIS2_PLACEMENT_3D ( 'NONE', #347, #558, #907 ) ;
#788 = COLOUR_RGB ( '',0.4862745098039215619, 0.2352941176470588203, 0.01568627450980392135 ) ;
#789 = DIRECTION ( 'NONE',  ( 0.000000000000000000, 0.000000000000000000, -1.000000000000000000 ) ) ;
#790 =( GEOMETRIC_REPRESENTATION_CONTEXT ( 3 ) GLOBAL_UNCERTAINTY_ASSIGNED_CONTEXT ( ( #1003 ) ) GLOBAL_UNIT_ASSIGNED_CONTEXT ( ( #858, #397, #333 ) ) REPRESENTATION_CONTEXT ( 'NONE', 'WORKASPACE' ) );
#791 = DIRECTION ( 'NONE',  ( 0.000000000000000000, 0.000000000000000000, 1.000000000000000000 ) ) ;
#792 = DIRECTION ( 'NONE',  ( 1.000000000000000000, 0.000000000000000000, -8.673617379884036705E-17 ) ) ;
#793 = EDGE_CURVE ( 'NONE', #604, #779, #371, .T. ) ;
#794 = PRESENTATION_STYLE_ASSIGNMENT (( #1201 ) ) ;
#795 = DIRECTION ( 'NONE',  ( 0.000000000000000000, 0.000000000000000000, 1.000000000000000000 ) ) ;
#796 = VECTOR ( 'NONE', #509, 1000.000000000000000 ) ;
#797 = FILL_AREA_STYLE ('',( #578 ) ) ;
#798 = DIRECTION ( 'NONE',  ( -0.000000000000000000, -0.000000000000000000, 1.000000000000000000 ) ) ;
#799 = ORIENTED_EDGE ( 'NONE', *, *, #743, .F. ) ;
#800 = LINE ( 'NONE', #1215, #325 ) ;
#801 = DIRECTION ( 'NONE',  ( 1.355252715606880789E-16, -0.000000000000000000, 1.000000000000000000 ) ) ;
#802 = AXIS2_PLACEMENT_3D ( 'NONE', #399, #320, #501 ) ;
#803 = FACE_OUTER_BOUND ( 'NONE', #526, .T. ) ;
#804 =( NAMED_UNIT ( * ) PLANE_ANGLE_UNIT ( ) SI_UNIT ( $, .RADIAN. ) );
#805 = CARTESIAN_POINT ( 'NONE',  ( -1.100000000000000311, 0.02666666666666666491, -0.7199999999999993072 ) ) ;
#806 =( GEOMETRIC_REPRESENTATION_CONTEXT ( 3 ) GLOBAL_UNCERTAINTY_ASSIGNED_CONTEXT ( ( #1399 ) ) GLOBAL_UNIT_ASSIGNED_CONTEXT ( ( #1154, #804, #1168 ) ) REPRESENTATION_CONTEXT ( 'NONE', 'WORKASPACE' ) );
#807 = FACE_OUTER_BOUND ( 'NONE', #183, .T. ) ;
#808 = EDGE_CURVE ( 'NONE', #1186, #633, #1329, .T. ) ;
#809 = ADVANCED_FACE ( 'NONE', ( #817 ), #975, .F. ) ;
#810 = ORIENTED_EDGE ( 'NONE', *, *, #327, .F. ) ;
#811 = CYLINDRICAL_SURFACE ( 'NONE', #246, 0.07999999999999998779 ) ;
#812 = CARTESIAN_POINT ( 'NONE',  ( -1.520000000000000240, 1.369999999999999885, -0.7199999999999997513 ) ) ;
#813 = DIRECTION ( 'NONE',  ( -1.000000000000000000, -0.000000000000000000, 8.673617379884039170E-17 ) ) ;
#814 = DIRECTION ( 'NONE',  ( 0.000000000000000000, 0.000000000000000000, 1.000000000000000000 ) ) ;
#815 = ORIENTED_EDGE ( 'NONE', *, *, #1248, .F. ) ;
#816 = CARTESIAN_POINT ( 'NONE',  ( 1.100000000000000089, 0.07999999999999998779, 0.8000000000000000444 ) ) ;
#817 = FACE_OUTER_BOUND ( 'NONE', #1068, .T. ) ;
#818 = AXIS2_PLACEMENT_3D ( 'NONE', #1252, #1016, #1275 ) ;
#819 = DIRECTION ( 'NONE',  ( 0.000000000000000000, 0.000000000000000000, 1.000000000000000000 ) ) ;
#820 = CARTESIAN_POINT ( 'NONE',  ( -1.100000000000000089, 1.449999999999999956, 0.8000000000000000444 ) ) ;
#821 = EDGE_CURVE ( 'NONE', #604, #78, #1303, .T. ) ;
#822 = CYLINDRICAL_SURFACE ( 'NONE', #1343, 0.07999999999999998779 ) ;
#823 = CARTESIAN_POINT ( 'NONE',  ( 1.520000000000000018, 1.369999999999999885, 0.7200000000000000844 ) ) ;
#824 = VECTOR ( 'NONE', #1071, 1000.000000000000000 ) ;
#825 = EDGE_CURVE ( 'NONE', #249, #200, #377, .T. ) ;
#826 = DIRECTION ( 'NONE',  ( 0.000000000000000000, -1.000000000000000000, 0.000000000000000000 ) ) ;
#827 = DIRECTION ( 'NONE',  ( 0.000000000000000000, -1.000000000000000000, 0.000000000000000000 ) ) ;
#828 = AXIS2_PLACEMENT_3D ( 'NONE', #219, #323, #235 ) ;
#829 = AXIS2_PLACEMENT_3D ( 'NONE', #593, #1146, #1243 ) ;
#830 = FACE_OUTER_BOUND ( 'NONE', #60, .T. ) ;
#831 = ADVANCED_FACE ( 'NONE', ( #1335 ), #822, .T. ) ;
#832 = CARTESIAN_POINT ( 'NONE',  ( 1.520000000000000240, 1.369999999999999885, -0.7199999999999997513 ) ) ;
#833 = CARTESIAN_POINT ( 'NONE',  ( 1.100000000008094503, 1.369999999999999885, 0.7199999999999998623 ) ) ;
#834 = CARTESIAN_POINT ( 'NONE',  ( -1.100000000000000311, 0.07999999999999998779, -0.7733333333333329840 ) ) ;
#835 = DIRECTION ( 'NONE',  ( 1.000000000000000000, -0.000000000000000000, -1.355252715606880789E-16 ) ) ;
#836 = EDGE_CURVE ( 'NONE', #259, #1108, #357, .T. ) ;
#837 = AXIS2_PLACEMENT_3D ( 'NONE', #1337, #879, #1140 ) ;
#838 = DIRECTION ( 'NONE',  ( -1.355252715606880789E-16, -0.000000000000000000, -1.000000000000000000 ) ) ;
#839 = DIRECTION ( 'NONE',  ( -1.000000000000000000, 0.000000000000000000, 0.000000000000000000 ) ) ;
#840 = ADVANCED_FACE ( 'NONE', ( #345 ), #861, .T. ) ;
#841 = CIRCLE ( 'NONE', #470, 0.07999999999999998779 ) ;
#842 = EDGE_CURVE ( 'NONE', #989, #771, #395, .T. ) ;
#843 = CARTESIAN_POINT ( 'NONE',  ( -1.600000000000000089, 1.449999999999999956, 0.8000000000000000444 ) ) ;
#844 = DIRECTION ( 'NONE',  ( -0.000000000000000000, -1.000000000000000000, -0.000000000000000000 ) ) ;
#845 = CIRCLE ( 'NONE', #740, 0.07999999999999998779 ) ;
#846 = DIRECTION ( 'NONE',  ( 0.000000000000000000, -1.000000000000000000, 0.000000000000000000 ) ) ;
#847 = CIRCLE ( 'NONE', #818, 0.07999999999999998779 ) ;
#848 = DIRECTION ( 'NONE',  ( 0.000000000000000000, 0.000000000000000000, 1.000000000000000000 ) ) ;
#849 = DIRECTION ( 'NONE',  ( 1.000000000000000000, -0.000000000000000000, 0.000000000000000000 ) ) ;
#850 = PRESENTATION_LAYER_ASSIGNMENT (  '', '', ( #977 ) ) ;
#851 = FACE_OUTER_BOUND ( 'NONE', #296, .T. ) ;
#852 = PRESENTATION_STYLE_ASSIGNMENT (( #481 ) ) ;
#853 = DIRECTION ( 'NONE',  ( -1.000000000000000000, -0.000000000000000000, -0.000000000000000000 ) ) ;
#854 = DIRECTION ( 'NONE',  ( -1.000000000000000000, -0.000000000000000000, 8.673617379884039170E-17 ) ) ;
#855 = EDGE_CURVE ( 'NONE', #1244, #1039, #1360, .T. ) ;
#856 = COLOUR_RGB ( '',0.7921568627450980005, 0.8196078431372548767, 0.9333333333333333481 ) ;
#857 = COLOUR_RGB ( '',0.4862745098039215619, 0.2352941176470588203, 0.01568627450980392135 ) ;
#858 =( LENGTH_UNIT ( ) NAMED_UNIT ( * ) SI_UNIT ( .MILLI., .METRE. ) );
#859 = EDGE_CURVE ( 'NONE', #1219, #599, #889, .T. ) ;
#860 = CARTESIAN_POINT ( 'NONE',  ( -1.100000000000000311, 1.449999999999999956, -0.7999999999999997113 ) ) ;
#861 = CYLINDRICAL_SURFACE ( 'NONE', #376, 0.05333333333333329512 ) ;
#862 = CARTESIAN_POINT ( 'NONE',  ( 1.600000000000000089, 1.369999999999999885, 0.8000000000000000444 ) ) ;
#863 = DIRECTION ( 'NONE',  ( -1.000000000000000000, 0.000000000000000000, 0.000000000000000000 ) ) ;
#864 = CARTESIAN_POINT ( 'NONE',  ( 1.600000000000000311, 1.449999999999999956, -0.7999999999999997113 ) ) ;
#865 = CARTESIAN_POINT ( 'NONE',  ( 1.520000000000000240, 0.000000000000000000, 2.059984127722459411E-16 ) ) ;
#866 = STYLED_ITEM ( 'NONE', ( #91 ), #277 ) ;
#867 = PLANE ( 'NONE',  #574 ) ;
#868 = VECTOR ( 'NONE', #681, 1000.000000000000000 ) ;
#869 = COLOUR_RGB ( '',0.7921568627450980005, 0.8196078431372548767, 0.9333333333333333481 ) ;
#870 = DIRECTION ( 'NONE',  ( 0.000000000000000000, -0.000000000000000000, 1.000000000000000000 ) ) ;
#871 = DIRECTION ( 'NONE',  ( 1.355252715606880789E-16, 0.000000000000000000, 1.000000000000000000 ) ) ;
#872 = DIRECTION ( 'NONE',  ( -1.355252715606880789E-16, -0.000000000000000000, -1.000000000000000000 ) ) ;
#873 =( LENGTH_UNIT ( ) NAMED_UNIT ( * ) SI_UNIT ( .MILLI., .METRE. ) );
#874 = VECTOR ( 'NONE', #471, 1000.000000000000000 ) ;
#875 = VECTOR ( 'NONE', #853, 1000.000000000000000 ) ;
#876 = CARTESIAN_POINT ( 'NONE',  ( -1.600000000000000311, 1.449999999999999956, -0.7999999999999997113 ) ) ;
#877 = COLOUR_RGB ( '',0.4862745098039215619, 0.2352941176470588203, 0.01568627450980392135 ) ;
#878 = AXIS2_PLACEMENT_3D ( 'NONE', #1345, #1264, #716 ) ;
#879 = DIRECTION ( 'NONE',  ( 1.000000000000000000, 0.000000000000000000, -1.355252715606880789E-16 ) ) ;
#880 = PRESENTATION_STYLE_ASSIGNMENT (( #13 ) ) ;
#881 = LINE ( 'NONE', #1076, #367 ) ;
#882 = EDGE_CURVE ( 'NONE', #989, #307, #1352, .T. ) ;
#883 = DIRECTION ( 'NONE',  ( 1.355252715606880789E-16, -0.000000000000000000, 1.000000000000000000 ) ) ;
#884 = AXIS2_PLACEMENT_3D ( 'NONE', #1317, #1287, #1378 ) ;
#885 = UNCERTAINTY_MEASURE_WITH_UNIT (LENGTH_MEASURE( 1.000000000000000082E-05 ), #1279, 'distance_accuracy_value', 'NONE');
#886 = MANIFOLD_SOLID_BREP ( 'Mirror2', #618 ) ;
#887 = SURFACE_STYLE_FILL_AREA ( #178 ) ;
#888 = DIRECTION ( 'NONE',  ( 0.000000000000000000, 0.000000000000000000, -1.000000000000000000 ) ) ;
#889 = LINE ( 'NONE', #525, #868 ) ;
#890 = CARTESIAN_POINT ( 'NONE',  ( 1.520000000000000018, 0.07999999999999998779, 0.8000000000000000444 ) ) ;
#891 = CARTESIAN_POINT ( 'NONE',  ( 500000.0000000000582, 1.369999999999999885, 0.7733333332899651191 ) ) ;
#892 = FILL_AREA_STYLE_COLOUR ( '', #380 ) ;
#893 = CARTESIAN_POINT ( 'NONE',  ( -1.100000000000000089, 1.449999999999999956, 0.7200000000000000844 ) ) ;
#894 = VECTOR ( 'NONE', #838, 1000.000000000000000 ) ;
#895 = CIRCLE ( 'NONE', #28, 0.07999999999999998779 ) ;
#896 = DIRECTION ( 'NONE',  ( 1.000000000000000000, 0.000000000000000000, 1.355252715606880789E-16 ) ) ;
#897 = EDGE_CURVE ( 'NONE', #1086, #1259, #918, .T. ) ;
#898 = FACE_OUTER_BOUND ( 'NONE', #514, .T. ) ;
#899 = LINE ( 'NONE', #516, #1384 ) ;
#900 = VECTOR ( 'NONE', #653, 1000.000000000000000 ) ;
#901 = VECTOR ( 'NONE', #1417, 1000.000000000000000 ) ;
#902 = COLOUR_RGB ( '',0.4862745098039215619, 0.2352941176470588203, 0.01568627450980392135 ) ;
#903 = FACE_OUTER_BOUND ( 'NONE', #1276, .T. ) ;
#904 = LINE ( 'NONE', #685, #444 ) ;
#905 = PRESENTATION_LAYER_ASSIGNMENT (  '', '', ( #146 ) ) ;
#906 = CARTESIAN_POINT ( 'NONE',  ( 1.520000000000000018, 1.369999999999999885, 0.7200000000000000844 ) ) ;
#907 = DIRECTION ( 'NONE',  ( 1.000000000000000000, 0.000000000000000000, 0.000000000000000000 ) ) ;
#908 = DIRECTION ( 'NONE',  ( 0.000000000000000000, 0.000000000000000000, -1.000000000000000000 ) ) ;
#909 = SPHERICAL_SURFACE ( 'NONE', #1014, 0.08000000000000000167 ) ;
#910 = CARTESIAN_POINT ( 'NONE',  ( -1.100000000000000089, 1.449999999999999956, 0.7199999999999995293 ) ) ;
#911 = EDGE_CURVE ( 'NONE', #244, #33, #418, .T. ) ;
#912 = AXIS2_PLACEMENT_3D ( 'NONE', #374, #792, #269 ) ;
#913 = VECTOR ( 'NONE', #278, 1000.000000000000000 ) ;
#914 = CIRCLE ( 'NONE', #17, 0.07999999999999998779 ) ;
#915 = VECTOR ( 'NONE', #1096, 1000.000000000000000 ) ;
#916 = CARTESIAN_POINT ( 'NONE',  ( 1.100000000000000311, 1.369999999999999885, -0.7999999999999997113 ) ) ;
#917 = SURFACE_STYLE_USAGE ( .BOTH. , #242 ) ;
#918 = LINE ( 'NONE', #362, #924 ) ;
#919 = LINE ( 'NONE', #738, #894 ) ;
#920 = PLANE ( 'NONE',  #1163 ) ;
#921 = CIRCLE ( 'NONE', #39, 0.05333333333333329512 ) ;
#922 = ADVANCED_FACE ( 'NONE', ( #1370 ), #265, .F. ) ;
#923 = FACE_OUTER_BOUND ( 'NONE', #241, .T. ) ;
#924 = VECTOR ( 'NONE', #1272, 1000.000000000000000 ) ;
#925 = DIRECTION ( 'NONE',  ( 0.000000000000000000, -1.000000000000000000, 0.000000000000000000 ) ) ;
#926 = DIRECTION ( 'NONE',  ( 0.000000000000000000, 0.000000000000000000, -1.000000000000000000 ) ) ;
#927 = CYLINDRICAL_SURFACE ( 'NONE', #1332, 0.07999999999999998779 ) ;
#928 = AXIS2_PLACEMENT_3D ( 'NONE', #1166, #615, #1171 ) ;
#929 = PLANE ( 'NONE',  #1203 ) ;
#930 = CARTESIAN_POINT ( 'NONE',  ( -1.100000000000000311, 1.423333333333333339, -0.7199999999999997513 ) ) ;
#931 = AXIS2_PLACEMENT_3D ( 'NONE', #332, #1406, #224 ) ;
#932 = CIRCLE ( 'NONE', #69, 0.07999999999999998779 ) ;
#933 = SURFACE_STYLE_FILL_AREA ( #797 ) ;
#934 = DIRECTION ( 'NONE',  ( 0.000000000000000000, 1.000000000000000000, 0.000000000000000000 ) ) ;
#935 = CARTESIAN_POINT ( 'NONE',  ( 1.520000000000000240, 1.449999999999999956, -0.7199999999999997513 ) ) ;
#936 =( NAMED_UNIT ( * ) SI_UNIT ( $, .STERADIAN. ) SOLID_ANGLE_UNIT ( ) );
#937 = FACE_OUTER_BOUND ( 'NONE', #1253, .T. ) ;
#938 = CIRCLE ( 'NONE', #1409, 0.07999999999999998779 ) ;
#939 = DIRECTION ( 'NONE',  ( 0.000000000000000000, 0.000000000000000000, -1.000000000000000000 ) ) ;
#940 = LINE ( 'NONE', #487, #1428 ) ;
#941 = DIRECTION ( 'NONE',  ( 0.000000000000000000, 0.000000000000000000, -1.000000000000000000 ) ) ;
#942 = CARTESIAN_POINT ( 'NONE',  ( 1.520000000000000018, 1.449999999999999956, 0.8000000000000000444 ) ) ;
#943 = CIRCLE ( 'NONE', #976, 0.07999999999999998779 ) ;
#944 = AXIS2_PLACEMENT_3D ( 'NONE', #832, #1164, #1261 ) ;
#945 =( NAMED_UNIT ( * ) SI_UNIT ( $, .STERADIAN. ) SOLID_ANGLE_UNIT ( ) );
#946 = EDGE_CURVE ( 'NONE', #86, #718, #1403, .T. ) ;
#947 =( GEOMETRIC_REPRESENTATION_CONTEXT ( 3 ) GLOBAL_UNCERTAINTY_ASSIGNED_CONTEXT ( ( #482 ) ) GLOBAL_UNIT_ASSIGNED_CONTEXT ( ( #873, #699, #1229 ) ) REPRESENTATION_CONTEXT ( 'NONE', 'WORKASPACE' ) );
#948 = CARTESIAN_POINT ( 'NONE',  ( -1.520000000000000240, 0.000000000000000000, 2.059984127722459411E-16 ) ) ;
#949 = VECTOR ( 'NONE', #15, 1000.000000000000000 ) ;
#950 = EDGE_CURVE ( 'NONE', #1224, #715, #415, .T. ) ;
#951 = CIRCLE ( 'NONE', #309, 0.05333333333333329512 ) ;
#952 = DIRECTION ( 'NONE',  ( 0.000000000000000000, 0.000000000000000000, -1.000000000000000000 ) ) ;
#953 = DIRECTION ( 'NONE',  ( -1.355252715606880789E-16, 0.000000000000000000, 1.000000000000000000 ) ) ;
#954 =( LENGTH_UNIT ( ) NAMED_UNIT ( * ) SI_UNIT ( .MILLI., .METRE. ) );
#955 = LINE ( 'NONE', #334, #496 ) ;
#956 = ADVANCED_FACE ( 'NONE', ( #441 ), #1358, .F. ) ;
#957 = MANIFOLD_SOLID_BREP ( 'Boss-Extrude2', #1150 ) ;
#958 = DIRECTION ( 'NONE',  ( -1.000000000000000000, 0.000000000000000000, 0.000000000000000000 ) ) ;
#959 = PRESENTATION_STYLE_ASSIGNMENT (( #1325 ) ) ;
#960 = DIRECTION ( 'NONE',  ( 0.000000000000000000, 0.000000000000000000, -1.000000000000000000 ) ) ;
#961 = DIRECTION ( 'NONE',  ( -1.000000000000000000, -0.000000000000000000, -0.000000000000000000 ) ) ;
#962 = EDGE_CURVE ( 'NONE', #1219, #208, #349, .T. ) ;
#963 = DIRECTION ( 'NONE',  ( -1.000000000000000000, -0.000000000000000000, 8.673617379884039170E-17 ) ) ;
#964 = CARTESIAN_POINT ( 'NONE',  ( 0.000000000000000000, 0.000000000000000000, 0.7200000000000000844 ) ) ;
#965 = EDGE_CURVE ( 'NONE', #739, #1213, #1307, .T. ) ;
#966 = CIRCLE ( 'NONE', #1023, 0.05333333333333339921 ) ;
#967 = ADVANCED_FACE ( 'NONE', ( #830 ), #1397, .T. ) ;
#968 = CARTESIAN_POINT ( 'NONE',  ( 1.600000000000000089, 1.369999999999999885, 0.7200000000000000844 ) ) ;
#969 = DIRECTION ( 'NONE',  ( 0.000000000000000000, 0.000000000000000000, -1.000000000000000000 ) ) ;
#970 = UNCERTAINTY_MEASURE_WITH_UNIT (LENGTH_MEASURE( 1.000000000000000082E-05 ), #1306, 'distance_accuracy_value', 'NONE');
#971 = CARTESIAN_POINT ( 'NONE',  ( 1.100000000008094503, 1.423333333333333339, -0.7200000001111304115 ) ) ;
#972 = DIRECTION ( 'NONE',  ( -1.000000000000000000, 0.000000000000000000, 8.673617379884039170E-17 ) ) ;
#973 =( GEOMETRIC_REPRESENTATION_CONTEXT ( 3 ) GLOBAL_UNCERTAINTY_ASSIGNED_CONTEXT ( ( #729 ) ) GLOBAL_UNIT_ASSIGNED_CONTEXT ( ( #766, #274, #1430 ) ) REPRESENTATION_CONTEXT ( 'NONE', 'WORKASPACE' ) );
#974 = ADVANCED_FACE ( 'NONE', ( #923 ), #428, .T. ) ;
#975 = PLANE ( 'NONE',  #837 ) ;
#976 = AXIS2_PLACEMENT_3D ( 'NONE', #1102, #310, #61 ) ;
#977 = STYLED_ITEM ( 'NONE', ( #448 ), #922 ) ;
#978 = DIRECTION ( 'NONE',  ( -1.000000000000000000, -0.000000000000000000, 8.673617379884039170E-17 ) ) ;
#979 = SURFACE_SIDE_STYLE ('',( #1298 ) ) ;
#980 = EDGE_CURVE ( 'NONE', #110, #244, #1411, .T. ) ;
#981 = DIRECTION ( 'NONE',  ( 0.000000000000000000, -1.000000000000000000, 0.000000000000000000 ) ) ;
#982 = DIRECTION ( 'NONE',  ( 0.000000000000000000, 0.000000000000000000, 1.000000000000000000 ) ) ;
#983 = ORIENTED_EDGE ( 'NONE', *, *, #1047, .F. ) ;
#984 = AXIS2_PLACEMENT_3D ( 'NONE', #513, #844, #1392 ) ;
#985 = ORIENTED_EDGE ( 'NONE', *, *, #293, .F. ) ;
#986 = LINE ( 'NONE', #1056, #512 ) ;
#987 = ORIENTED_EDGE ( 'NONE', *, *, #185, .T. ) ;
#988 = ADVANCED_FACE ( 'NONE', ( #1388 ), #909, .T. ) ;
#989 = VERTEX_POINT ( 'NONE', #79 ) ;
#990 = VECTOR ( 'NONE', #67, 1000.000000000000000 ) ;
#991 = ORIENTED_EDGE ( 'NONE', *, *, #477, .F. ) ;
#992 = EDGE_LOOP ( 'NONE', ( #62, #1061, #93, #1029 ) ) ;
#993 = DIRECTION ( 'NONE',  ( -0.000000000000000000, 1.000000000000000000, -0.000000000000000000 ) ) ;
#994 = ORIENTED_EDGE ( 'NONE', *, *, #734, .F. ) ;
#995 = PRESENTATION_LAYER_ASSIGNMENT (  '', '', ( #1121 ) ) ;
#996 = DIRECTION ( 'NONE',  ( 1.355252715606880789E-16, -0.000000000000000000, -1.000000000000000000 ) ) ;
#997 = ORIENTED_EDGE ( 'NONE', *, *, #502, .F. ) ;
#998 = AXIS2_PLACEMENT_3D ( 'NONE', #584, #248, #366 ) ;
#999 = SURFACE_STYLE_USAGE ( .BOTH. , #1232 ) ;
#1000 = ORIENTED_EDGE ( 'NONE', *, *, #1271, .F. ) ;
#1001 = MECHANICAL_DESIGN_GEOMETRIC_PRESENTATION_REPRESENTATION (  '', ( #761 ), #408 ) ;
#1002 = ORIENTED_EDGE ( 'NONE', *, *, #422, .F. ) ;
#1003 = UNCERTAINTY_MEASURE_WITH_UNIT (LENGTH_MEASURE( 1.000000000000000082E-05 ), #858, 'distance_accuracy_value', 'NONE');
#1004 = SURFACE_STYLE_USAGE ( .BOTH. , #373 ) ;
#1005 = CIRCLE ( 'NONE', #364, 0.07999999999999998779 ) ;
#1006 = EDGE_LOOP ( 'NONE', ( #160, #48, #626, #81, #572, #1094, #987, #1012 ) ) ;
#1007 = VECTOR ( 'NONE', #801, 1000.000000000000000 ) ;
#1008 = CARTESIAN_POINT ( 'NONE',  ( 1.600000000000000089, 0.07999999999999998779, 0.8000000000000000444 ) ) ;
#1009 = EDGE_LOOP ( 'NONE', ( #1136, #602, #152, #661 ) ) ;
#1010 = LINE ( 'NONE', #490, #109 ) ;
#1011 = DIRECTION ( 'NONE',  ( 0.000000000000000000, 1.000000000000000000, 0.000000000000000000 ) ) ;
#1012 = ORIENTED_EDGE ( 'NONE', *, *, #53, .T. ) ;
#1013 = ADVANCED_FACE ( 'NONE', ( #440 ), #426, .T. ) ;
#1014 = AXIS2_PLACEMENT_3D ( 'NONE', #1324, #846, #1410 ) ;
#1015 = ORIENTED_EDGE ( 'NONE', *, *, #1375, .F. ) ;
#1016 = DIRECTION ( 'NONE',  ( -1.000000000000000000, -0.000000000000000000, -0.000000000000000000 ) ) ;
#1017 = CARTESIAN_POINT ( 'NONE',  ( -1.100000000000000311, 1.449999999999999956, -0.7999999999999997113 ) ) ;
#1018 = EDGE_CURVE ( 'NONE', #715, #307, #1407, .T. ) ;
#1019 = EDGE_LOOP ( 'NONE', ( #168, #161, #733, #1114 ) ) ;
#1020 =( LENGTH_UNIT ( ) NAMED_UNIT ( * ) SI_UNIT ( .MILLI., .METRE. ) );
#1021 =( LENGTH_UNIT ( ) NAMED_UNIT ( * ) SI_UNIT ( .MILLI., .METRE. ) );
#1022 = EDGE_CURVE ( 'NONE', #1034, #115, #904, .T. ) ;
#1023 = AXIS2_PLACEMENT_3D ( 'NONE', #297, #542, #908 ) ;
#1024 = ORIENTED_EDGE ( 'NONE', *, *, #58, .F. ) ;
#1025 = COLOUR_RGB ( '',0.4862745098039215619, 0.2352941176470588203, 0.01568627450980392135 ) ;
#1026 = VECTOR ( 'NONE', #41, 1000.000000000000000 ) ;
#1027 = SURFACE_SIDE_STYLE ('',( #1356 ) ) ;
#1028 = DIRECTION ( 'NONE',  ( 1.000000000000000000, -0.000000000000000000, -1.355252715606880789E-16 ) ) ;
#1029 = ORIENTED_EDGE ( 'NONE', *, *, #227, .T. ) ;
#1030 = LINE ( 'NONE', #1371, #598 ) ;
#1031 = EDGE_LOOP ( 'NONE', ( #617, #1081, #1100, #194 ) ) ;
#1032 = ADVANCED_FACE ( 'NONE', ( #898 ), #317, .T. ) ;
#1033 = CYLINDRICAL_SURFACE ( 'NONE', #308, 0.07999999999999998779 ) ;
#1034 = VERTEX_POINT ( 'NONE', #220 ) ;
#1035 = SURFACE_STYLE_FILL_AREA ( #165 ) ;
#1036 = LINE ( 'NONE', #156, #589 ) ;
#1037 =( GEOMETRIC_REPRESENTATION_CONTEXT ( 3 ) GLOBAL_UNCERTAINTY_ASSIGNED_CONTEXT ( ( #639 ) ) GLOBAL_UNIT_ASSIGNED_CONTEXT ( ( #1021, #379, #42 ) ) REPRESENTATION_CONTEXT ( 'NONE', 'WORKASPACE' ) );
#1038 = CARTESIAN_POINT ( 'NONE',  ( 1.100000000000000311, 1.449999999999999956, -0.7999999999999997113 ) ) ;
#1039 = VERTEX_POINT ( 'NONE', #247 ) ;
#1040 = FACE_OUTER_BOUND ( 'NONE', #557, .T. ) ;
#1041 =( NAMED_UNIT ( * ) PLANE_ANGLE_UNIT ( ) SI_UNIT ( $, .RADIAN. ) );
#1042 = CARTESIAN_POINT ( 'NONE',  ( 1.100000000000000311, 1.369999999999999885, -0.7199999999999997513 ) ) ;
#1043 = EDGE_LOOP ( 'NONE', ( #45, #631, #1000, #638 ) ) ;
#1044 = LINE ( 'NONE', #1038, #607 ) ;
#1045 = ORIENTED_EDGE ( 'NONE', *, *, #326, .T. ) ;
#1046 = CARTESIAN_POINT ( 'NONE',  ( 1.600000000000000089, 1.449999999999999956, 0.8000000000000000444 ) ) ;
#1047 = EDGE_CURVE ( 'NONE', #307, #577, #447, .T. ) ;
#1048 = AXIS2_PLACEMENT_3D ( 'NONE', #1130, #26, #600 ) ;
#1049 = CARTESIAN_POINT ( 'NONE',  ( 0.000000000000000000, 0.000000000000000000, 0.7200000000000000844 ) ) ;
#1050 = FACE_OUTER_BOUND ( 'NONE', #234, .T. ) ;
#1051 = EDGE_CURVE ( 'NONE', #223, #621, #899, .T. ) ;
#1052 = CARTESIAN_POINT ( 'NONE',  ( 1.100000000000000311, 1.449999999999999956, -0.7999999999999997113 ) ) ;
#1053 = ORIENTED_EDGE ( 'NONE', *, *, #4, .T. ) ;
#1054 = FACE_OUTER_BOUND ( 'NONE', #586, .T. ) ;
#1055 = DIRECTION ( 'NONE',  ( 0.000000000000000000, 0.000000000000000000, 1.000000000000000000 ) ) ;
#1056 = CARTESIAN_POINT ( 'NONE',  ( 1.600000000000000311, 1.369999999999999885, -0.7999999999999997113 ) ) ;
#1057 = ORIENTED_EDGE ( 'NONE', *, *, #293, .T. ) ;
#1058 = UNCERTAINTY_MEASURE_WITH_UNIT (LENGTH_MEASURE( 1.000000000000000082E-05 ), #1348, 'distance_accuracy_value', 'NONE');
#1059 = VECTOR ( 'NONE', #1077, 1000.000000000000000 ) ;
#1060 = ORIENTED_EDGE ( 'NONE', *, *, #225, .T. ) ;
#1061 = ORIENTED_EDGE ( 'NONE', *, *, #980, .T. ) ;
#1062 = CIRCLE ( 'NONE', #1240, 0.07999999999999998779 ) ;
#1063 = EDGE_LOOP ( 'NONE', ( #655, #679, #191, #712 ) ) ;
#1064 = EDGE_LOOP ( 'NONE', ( #287, #545, #68, #1085 ) ) ;
#1065 = AXIS2_PLACEMENT_3D ( 'NONE', #662, #1200, #1398 ) ;
#1066 = VECTOR ( 'NONE', #1354, 1000.000000000000000 ) ;
#1067 = MECHANICAL_DESIGN_GEOMETRIC_PRESENTATION_REPRESENTATION (  '', ( #1381 ), #486 ) ;
#1068 = EDGE_LOOP ( 'NONE', ( #1255, #1073, #164, #756 ) ) ;
#1069 = ORIENTED_EDGE ( 'NONE', *, *, #687, .T. ) ;
#1070 = PRESENTATION_LAYER_ASSIGNMENT (  '', '', ( #1381 ) ) ;
#1071 = DIRECTION ( 'NONE',  ( 1.000000000000000000, 0.000000000000000000, 0.000000000000000000 ) ) ;
#1072 = CARTESIAN_POINT ( 'NONE',  ( -1.520000000000000018, 0.08000000000000000167, 0.7200000000000000844 ) ) ;
#1073 = ORIENTED_EDGE ( 'NONE', *, *, #897, .T. ) ;
#1074 = SPHERICAL_SURFACE ( 'NONE', #189, 0.08000000000000000167 ) ;
#1075 = VERTEX_POINT ( 'NONE', #674 ) ;
#1076 = CARTESIAN_POINT ( 'NONE',  ( 500000.0000000000582, 1.423333333333333339, 0.7199999999566308873 ) ) ;
#1077 = DIRECTION ( 'NONE',  ( 0.000000000000000000, -1.000000000000000000, 0.000000000000000000 ) ) ;
#1078 = LINE ( 'NONE', #1142, #73 ) ;
#1079 = ORIENTED_EDGE ( 'NONE', *, *, #1271, .T. ) ;
#1080 = ORIENTED_EDGE ( 'NONE', *, *, #153, .T. ) ;
#1081 = ORIENTED_EDGE ( 'NONE', *, *, #1372, .F. ) ;
#1082 = ORIENTED_EDGE ( 'NONE', *, *, #276, .T. ) ;
#1083 = LINE ( 'NONE', #707, #144 ) ;
#1084 = DIRECTION ( 'NONE',  ( -1.000000000000000000, 0.000000000000000000, 0.000000000000000000 ) ) ;
#1085 = ORIENTED_EDGE ( 'NONE', *, *, #855, .T. ) ;
#1086 = VERTEX_POINT ( 'NONE', #226 ) ;
#1087 = ORIENTED_EDGE ( 'NONE', *, *, #270, .T. ) ;
#1088 = DIRECTION ( 'NONE',  ( -1.000000000000000000, 0.000000000000000000, 0.000000000000000000 ) ) ;
#1089 = CARTESIAN_POINT ( 'NONE',  ( -1.600000000000000089, 0.07999999999999998779, 0.7200000000000000844 ) ) ;
#1090 = SHAPE_DEFINITION_REPRESENTATION ( #1223, #777 ) ;
#1091 = ORIENTED_EDGE ( 'NONE', *, *, #518, .F. ) ;
#1092 = ORIENTED_EDGE ( 'NONE', *, *, #1148, .F. ) ;
#1093 = ORIENTED_EDGE ( 'NONE', *, *, #1233, .F. ) ;
#1094 = ORIENTED_EDGE ( 'NONE', *, *, #1051, .T. ) ;
#1095 = CIRCLE ( 'NONE', #260, 0.07999999999999998779 ) ;
#1096 = DIRECTION ( 'NONE',  ( -1.355252715606880789E-16, 0.000000000000000000, -1.000000000000000000 ) ) ;
#1097 = EDGE_CURVE ( 'NONE', #604, #1175, #457, .T. ) ;
#1098 =( GEOMETRIC_REPRESENTATION_CONTEXT ( 3 ) GLOBAL_UNCERTAINTY_ASSIGNED_CONTEXT ( ( #1058 ) ) GLOBAL_UNIT_ASSIGNED_CONTEXT ( ( #1348, #1151, #454 ) ) REPRESENTATION_CONTEXT ( 'NONE', 'WORKASPACE' ) );
#1099 = CIRCLE ( 'NONE', #424, 0.07999999999999998779 ) ;
#1100 = ORIENTED_EDGE ( 'NONE', *, *, #292, .F. ) ;
#1101 = ORIENTED_EDGE ( 'NONE', *, *, #731, .T. ) ;
#1102 = CARTESIAN_POINT ( 'NONE',  ( -1.520000000000000240, 0.08000000000000000167, -0.7199999999999997513 ) ) ;
#1103 = DIRECTION ( 'NONE',  ( 1.000000000000000000, 0.000000000000000000, 1.355252715606882022E-16 ) ) ;
#1104 = LINE ( 'NONE', #964, #1123 ) ;
#1105 = ORIENTED_EDGE ( 'NONE', *, *, #124, .T. ) ;
#1106 = ORIENTED_EDGE ( 'NONE', *, *, #821, .F. ) ;
#1107 = FILL_AREA_STYLE_COLOUR ( '', #675 ) ;
#1108 = VERTEX_POINT ( 'NONE', #762 ) ;
#1109 = ORIENTED_EDGE ( 'NONE', *, *, #396, .T. ) ;
#1110 = ORIENTED_EDGE ( 'NONE', *, *, #34, .T. ) ;
#1111 = CARTESIAN_POINT ( 'NONE',  ( 1.600000000000000311, 1.449999999999999956, -0.7199999999999997513 ) ) ;
#1112 = ORIENTED_EDGE ( 'NONE', *, *, #1327, .F. ) ;
#1113 = CARTESIAN_POINT ( 'NONE',  ( -1.100000000000000311, 0.08000000000000043188, 0.7733333333333333171 ) ) ;
#1114 = ORIENTED_EDGE ( 'NONE', *, *, #644, .F. ) ;
#1115 = CARTESIAN_POINT ( 'NONE',  ( 1.600000000000000089, 0.07999999999999998779, 0.7200000000000000844 ) ) ;
#1116 = FILL_AREA_STYLE_COLOUR ( '', #857 ) ;
#1117 = ORIENTED_EDGE ( 'NONE', *, *, #1051, .F. ) ;
#1118 = CARTESIAN_POINT ( 'NONE',  ( 1.100000000008094503, 0.07999999999999998779, -0.7199999999999999734 ) ) ;
#1119 = ORIENTED_EDGE ( 'NONE', *, *, #77, .F. ) ;
#1120 = LINE ( 'NONE', #820, #206 ) ;
#1121 = STYLED_ITEM ( 'NONE', ( #412 ), #840 ) ;
#1122 = ORIENTED_EDGE ( 'NONE', *, *, #825, .T. ) ;
#1123 = VECTOR ( 'NONE', #417, 1000.000000000000000 ) ;
#1124 = EDGE_LOOP ( 'NONE', ( #203, #1110, #145, #594 ) ) ;
#1125 = DIRECTION ( 'NONE',  ( 0.000000000000000000, -1.000000000000000000, 0.000000000000000000 ) ) ;
#1126 = LINE ( 'NONE', #413, #193 ) ;
#1127 = ORIENTED_EDGE ( 'NONE', *, *, #350, .T. ) ;
#1128 = EDGE_CURVE ( 'NONE', #633, #54, #1402, .T. ) ;
#1129 = AXIS2_PLACEMENT_3D ( 'NONE', #823, #499, #229 ) ;
#1130 = CARTESIAN_POINT ( 'NONE',  ( -1.520000000000000018, 0.07999999999999998779, 0.7200000000000000844 ) ) ;
#1131 = SURFACE_STYLE_FILL_AREA ( #303 ) ;
#1132 = ORIENTED_EDGE ( 'NONE', *, *, #129, .T. ) ;
#1133 = CARTESIAN_POINT ( 'NONE',  ( -1.520000000000000240, 0.07999999999999998779, -0.7199999999999997513 ) ) ;
#1134 = AXIS2_PLACEMENT_3D ( 'NONE', #1413, #532, #689 ) ;
#1135 = DIRECTION ( 'NONE',  ( 0.000000000000000000, 0.000000000000000000, -1.000000000000000000 ) ) ;
#1136 = ORIENTED_EDGE ( 'NONE', *, *, #946, .F. ) ;
#1137 = EDGE_LOOP ( 'NONE', ( #188, #1132, #133, #106 ) ) ;
#1138 = PLANE ( 'NONE',  #322 ) ;
#1139 = ORIENTED_EDGE ( 'NONE', *, *, #129, .F. ) ;
#1140 = DIRECTION ( 'NONE',  ( -1.355252715606880789E-16, 0.000000000000000000, -1.000000000000000000 ) ) ;
#1141 = ORIENTED_EDGE ( 'NONE', *, *, #225, .F. ) ;
#1142 = CARTESIAN_POINT ( 'NONE',  ( 500000.0000000000582, 0.02666666666666666491, -0.7200000000433675051 ) ) ;
#1143 = FACE_OUTER_BOUND ( 'NONE', #264, .T. ) ;
#1144 = EDGE_LOOP ( 'NONE', ( #765, #134, #1263, #294 ) ) ;
#1145 = EDGE_CURVE ( 'NONE', #524, #718, #455, .T. ) ;
#1146 = DIRECTION ( 'NONE',  ( 0.000000000000000000, 1.000000000000000000, 0.000000000000000000 ) ) ;
#1147 = ORIENTED_EDGE ( 'NONE', *, *, #1212, .F. ) ;
#1148 = EDGE_CURVE ( 'NONE', #1189, #149, #919, .T. ) ;
#1149 = CARTESIAN_POINT ( 'NONE',  ( 1.520000000000000240, 1.369999999999999885, -0.7199999999999997513 ) ) ;
#1150 = CLOSED_SHELL ( 'NONE', ( #429, #745, #410, #763, #74, #1424, #922, #840, #510, #1220 ) ) ;
#1151 =( NAMED_UNIT ( * ) PLANE_ANGLE_UNIT ( ) SI_UNIT ( $, .RADIAN. ) );
#1152 = LINE ( 'NONE', #83, #660 ) ;
#1153 = CARTESIAN_POINT ( 'NONE',  ( 1.100000000000000089, 1.449999999999999956, 0.8000000000000000444 ) ) ;
#1154 =( LENGTH_UNIT ( ) NAMED_UNIT ( * ) SI_UNIT ( .MILLI., .METRE. ) );
#1155 = CARTESIAN_POINT ( 'NONE',  ( -1.100000000000000089, 1.369999999999999885, 0.7200000000000000844 ) ) ;
#1156 = VERTEX_POINT ( 'NONE', #1362 ) ;
#1157 = CARTESIAN_POINT ( 'NONE',  ( -1.520000000000000240, 1.369999999999999885, 2.059984127722459411E-16 ) ) ;
#1158 = AXIS2_PLACEMENT_3D ( 'NONE', #1089, #849, #521 ) ;
#1159 = CARTESIAN_POINT ( 'NONE',  ( -1.600000000000000089, 1.369999999999999885, 0.7200000000000000844 ) ) ;
#1160 = FILL_AREA_STYLE_COLOUR ( '', #682 ) ;
#1161 = EDGE_LOOP ( 'NONE', ( #1053, #286, #119, #299, #1092, #72, #112, #43 ) ) ;
#1162 = AXIS2_PLACEMENT_3D ( 'NONE', #1349, #1241, #29 ) ;
#1163 = AXIS2_PLACEMENT_3D ( 'NONE', #1185, #814, #431 ) ;
#1164 = DIRECTION ( 'NONE',  ( 0.000000000000000000, 1.000000000000000000, 0.000000000000000000 ) ) ;
#1165 =( GEOMETRIC_REPRESENTATION_CONTEXT ( 3 ) GLOBAL_UNCERTAINTY_ASSIGNED_CONTEXT ( ( #1322 ) ) GLOBAL_UNIT_ASSIGNED_CONTEXT ( ( #1334, #179, #610 ) ) REPRESENTATION_CONTEXT ( 'NONE', 'WORKASPACE' ) );
#1166 = CARTESIAN_POINT ( 'NONE',  ( 500000.0000000000582, 1.369999999999999885, 0.7199999999566318865 ) ) ;
#1167 = APPLICATION_CONTEXT ( 'automotive_design' ) ;
#1168 =( NAMED_UNIT ( * ) SI_UNIT ( $, .STERADIAN. ) SOLID_ANGLE_UNIT ( ) );
#1169 = FILL_AREA_STYLE_COLOUR ( '', #488 ) ;
#1170 = AXIS2_PLACEMENT_3D ( 'NONE', #1286, #55, #211 ) ;
#1171 = DIRECTION ( 'NONE',  ( 0.000000000000000000, 0.000000000000000000, 1.000000000000000000 ) ) ;
#1172 = EDGE_CURVE ( 'NONE', #1156, #110, #895, .T. ) ;
#1173 = DIRECTION ( 'NONE',  ( 0.000000000000000000, -1.000000000000000000, 0.000000000000000000 ) ) ;
#1174 = EDGE_CURVE ( 'NONE', #771, #1034, #451, .T. ) ;
#1175 = VERTEX_POINT ( 'NONE', #365 ) ;
#1176 = ADVANCED_FACE ( 'NONE', ( #437 ), #1138, .T. ) ;
#1177 = CARTESIAN_POINT ( 'NONE',  ( -1.600000000000000311, 1.449999999999999956, -0.7199999999999997513 ) ) ;
#1178 = ORIENTED_EDGE ( 'NONE', *, *, #721, .T. ) ;
#1179 = DIRECTION ( 'NONE',  ( 0.000000000000000000, 0.000000000000000000, -1.000000000000000000 ) ) ;
#1180 = FACE_OUTER_BOUND ( 'NONE', #272, .T. ) ;
#1181 = ORIENTED_EDGE ( 'NONE', *, *, #836, .T. ) ;
#1182 = UNCERTAINTY_MEASURE_WITH_UNIT (LENGTH_MEASURE( 1.000000000000000082E-05 ), #954, 'distance_accuracy_value', 'NONE');
#1183 = MECHANICAL_DESIGN_GEOMETRIC_PRESENTATION_REPRESENTATION (  '', ( #390 ), #283 ) ;
#1184 = DIRECTION ( 'NONE',  ( 1.000000000000000000, 0.000000000000000000, 1.355252715606880789E-16 ) ) ;
#1185 = CARTESIAN_POINT ( 'NONE',  ( 1.600000000000000311, 1.449999999999999956, -0.7999999999999997113 ) ) ;
#1186 = VERTEX_POINT ( 'NONE', #135 ) ;
#1187 = MECHANICAL_DESIGN_GEOMETRIC_PRESENTATION_REPRESENTATION (  '', ( #977 ), #500 ) ;
#1188 = ADVANCED_FACE ( 'NONE', ( #1387 ), #1391, .T. ) ;
#1189 = VERTEX_POINT ( 'NONE', #910 ) ;
#1190 = ORIENTED_EDGE ( 'NONE', *, *, #458, .F. ) ;
#1191 = CARTESIAN_POINT ( 'NONE',  ( 0.000000000000000000, 1.369999999999999885, -0.7199999999999997513 ) ) ;
#1192 = EDGE_CURVE ( 'NONE', #621, #583, #382, .T. ) ;
#1193 = DIRECTION ( 'NONE',  ( 1.000000000000000000, 0.000000000000000000, -8.673617379884036705E-17 ) ) ;
#1194 = CARTESIAN_POINT ( 'NONE',  ( -1.600000000000000311, 0.07999999999999998779, -0.7199999999999997513 ) ) ;
#1195 = CARTESIAN_POINT ( 'NONE',  ( -1.100000000000000089, 0.07999999999999998779, 0.8000000000000000444 ) ) ;
#1196 = VERTEX_POINT ( 'NONE', #816 ) ;
#1197 = DIRECTION ( 'NONE',  ( -1.000000000000000000, -0.000000000000000000, 8.673617379884039170E-17 ) ) ;
#1198 = ORIENTED_EDGE ( 'NONE', *, *, #821, .T. ) ;
#1199 = EDGE_CURVE ( 'NONE', #1108, #249, #847, .T. ) ;
#1200 = DIRECTION ( 'NONE',  ( 0.000000000000000000, -1.000000000000000000, 0.000000000000000000 ) ) ;
#1201 = SURFACE_STYLE_USAGE ( .BOTH. , #336 ) ;
#1202 = ORIENTED_EDGE ( 'NONE', *, *, #793, .T. ) ;
#1203 = AXIS2_PLACEMENT_3D ( 'NONE', #1052, #1184, #497 ) ;
#1204 = SURFACE_SIDE_STYLE ('',( #159 ) ) ;
#1205 = ORIENTED_EDGE ( 'NONE', *, *, #1145, .F. ) ;
#1206 = DIRECTION ( 'NONE',  ( 0.000000000000000000, 1.000000000000000000, 0.000000000000000000 ) ) ;
#1207 = VERTEX_POINT ( 'NONE', #184 ) ;
#1208 = SURFACE_SIDE_STYLE ('',( #1131 ) ) ;
#1209 = CARTESIAN_POINT ( 'NONE',  ( -1.600000000000000311, 0.07999999999999998779, -0.7999999999999997113 ) ) ;
#1210 = ORIENTED_EDGE ( 'NONE', *, *, #911, .F. ) ;
#1211 = CARTESIAN_POINT ( 'NONE',  ( 1.100000000121781341, 1.369999999999999440, -0.7733333333333332060 ) ) ;
#1212 = EDGE_CURVE ( 'NONE', #86, #1213, #1338, .T. ) ;
#1213 = VERTEX_POINT ( 'NONE', #354 ) ;
#1214 = APPLICATION_PROTOCOL_DEFINITION ( 'draft international standard', 'automotive_design', 1998, #620 ) ;
#1215 = CARTESIAN_POINT ( 'NONE',  ( 1.100000000000000311, 1.369999999999999885, -0.7999999999999997113 ) ) ;
#1216 = AXIS2_PLACEMENT_3D ( 'NONE', #876, #982, #266 ) ;
#1217 = EDGE_LOOP ( 'NONE', ( #254, #352, #1024, #1112 ) ) ;
#1218 = CARTESIAN_POINT ( 'NONE',  ( -1.100000000000000089, 0.000000000000000000, 0.7199999999999995293 ) ) ;
#1219 = VERTEX_POINT ( 'NONE', #1235 ) ;
#1220 = ADVANCED_FACE ( 'NONE', ( #851 ), #1359, .T. ) ;
#1221 = PRODUCT ( 'CC1206FKNPO9BN103', 'CC1206FKNPO9BN103', '', ( #1318 ) ) ;
#1222 = DIRECTION ( 'NONE',  ( -0.000000000000000000, 1.000000000000000000, 0.000000000000000000 ) ) ;
#1223 = PRODUCT_DEFINITION_SHAPE ( 'NONE', 'NONE',  #221 ) ;
#1224 = VERTEX_POINT ( 'NONE', #452 ) ;
#1225 = SURFACE_STYLE_USAGE ( .BOTH. , #263 ) ;
#1226 = ORIENTED_EDGE ( 'NONE', *, *, #622, .T. ) ;
#1227 = FILL_AREA_STYLE ('',( #1258 ) ) ;
#1228 = CARTESIAN_POINT ( 'NONE',  ( -1.100000000000000311, 0.000000000000000000, -0.7999999999999997113 ) ) ;
#1229 =( NAMED_UNIT ( * ) SI_UNIT ( $, .STERADIAN. ) SOLID_ANGLE_UNIT ( ) );
#1230 = AXIS2_PLACEMENT_3D ( 'NONE', #404, #1206, #1310 ) ;
#1231 = CARTESIAN_POINT ( 'NONE',  ( -1.600000000000000089, 1.369999999999999885, 0.8000000000000000444 ) ) ;
#1232 = SURFACE_SIDE_STYLE ('',( #933 ) ) ;
#1233 = EDGE_CURVE ( 'NONE', #1213, #718, #845, .T. ) ;
#1234 = ORIENTED_EDGE ( 'NONE', *, *, #731, .F. ) ;
#1235 = CARTESIAN_POINT ( 'NONE',  ( 1.520000000000000240, 0.000000000000000000, -0.7199999999999997513 ) ) ;
#1236 = EDGE_CURVE ( 'NONE', #244, #1175, #403, .T. ) ;
#1237 = ADVANCED_FACE ( 'NONE', ( #406 ), #520, .F. ) ;
#1238 = CARTESIAN_POINT ( 'NONE',  ( -1.520000000000000018, 0.08000000000000000167, 0.7200000000000000844 ) ) ;
#1239 = ORIENTED_EDGE ( 'NONE', *, *, #361, .T. ) ;
#1240 = AXIS2_PLACEMENT_3D ( 'NONE', #692, #776, #1135 ) ;
#1241 = DIRECTION ( 'NONE',  ( 1.355252715606880789E-16, -0.000000000000000000, 1.000000000000000000 ) ) ;
#1242 = ORIENTED_EDGE ( 'NONE', *, *, #185, .F. ) ;
#1243 = DIRECTION ( 'NONE',  ( 0.000000000000000000, -0.000000000000000000, 1.000000000000000000 ) ) ;
#1244 = VERTEX_POINT ( 'NONE', #628 ) ;
#1245 = UNCERTAINTY_MEASURE_WITH_UNIT (LENGTH_MEASURE( 1.000000000000000082E-05 ), #9, 'distance_accuracy_value', 'NONE');
#1246 = EDGE_LOOP ( 'NONE', ( #148, #710, #672, #1105 ) ) ;
#1247 = CARTESIAN_POINT ( 'NONE',  ( -1.520000000000000018, 1.449999999999999956, 0.7200000000000000844 ) ) ;
#1248 = EDGE_CURVE ( 'NONE', #319, #715, #881, .T. ) ;
#1249 = DIRECTION ( 'NONE',  ( -8.673617379884039170E-17, 0.000000000000000000, -1.000000000000000000 ) ) ;
#1250 = ORIENTED_EDGE ( 'NONE', *, *, #4, .F. ) ;
#1251 = EDGE_CURVE ( 'NONE', #611, #54, #841, .T. ) ;
#1252 = CARTESIAN_POINT ( 'NONE',  ( 1.520000000000000018, 0.08000000000000000167, 0.7200000000000000844 ) ) ;
#1253 = EDGE_LOOP ( 'NONE', ( #1079, #1082, #634 ) ) ;
#1254 = VECTOR ( 'NONE', #978, 1000.000000000000000 ) ;
#1255 = ORIENTED_EDGE ( 'NONE', *, *, #523, .T. ) ;
#1256 = SURFACE_STYLE_FILL_AREA ( #321 ) ;
#1257 = CARTESIAN_POINT ( 'NONE',  ( 1.100000000121781341, 1.423333333333333339, 0.7199999999999988631 ) ) ;
#1258 = FILL_AREA_STYLE_COLOUR ( '', #856 ) ;
#1259 = VERTEX_POINT ( 'NONE', #300 ) ;
#1260 = ADVANCED_FACE ( 'NONE', ( #1333 ), #465, .T. ) ;
#1261 = DIRECTION ( 'NONE',  ( 0.000000000000000000, 0.000000000000000000, 1.000000000000000000 ) ) ;
#1262 = CARTESIAN_POINT ( 'NONE',  ( 0.000000000000000000, 1.369999999999999885, 0.7200000000000000844 ) ) ;
#1263 = ORIENTED_EDGE ( 'NONE', *, *, #1047, .T. ) ;
#1264 = DIRECTION ( 'NONE',  ( 1.000000000000000000, 0.000000000000000000, 1.355252715606880789E-16 ) ) ;
#1265 = ORIENTED_EDGE ( 'NONE', *, *, #375, .T. ) ;
#1266 =( NAMED_UNIT ( * ) SI_UNIT ( $, .STERADIAN. ) SOLID_ANGLE_UNIT ( ) );
#1267 = EDGE_LOOP ( 'NONE', ( #1198, #130, #171 ) ) ;
#1268 = CYLINDRICAL_SURFACE ( 'NONE', #385, 0.07999999999999998779 ) ;
#1269 =( NAMED_UNIT ( * ) SI_UNIT ( $, .STERADIAN. ) SOLID_ANGLE_UNIT ( ) );
#1270 = APPLICATION_PROTOCOL_DEFINITION ( 'draft international standard', 'automotive_design', 1998, #1167 ) ;
#1271 = EDGE_CURVE ( 'NONE', #1086, #1075, #932, .T. ) ;
#1272 = DIRECTION ( 'NONE',  ( 0.000000000000000000, -1.000000000000000000, 0.000000000000000000 ) ) ;
#1273 = CARTESIAN_POINT ( 'NONE',  ( 500000.0000000000582, 0.07999999999999998779, -0.7733333333767011819 ) ) ;
#1274 = AXIS2_PLACEMENT_3D ( 'NONE', #315, #759, #1309 ) ;
#1275 = DIRECTION ( 'NONE',  ( 0.000000000000000000, 0.000000000000000000, 1.000000000000000000 ) ) ;
#1276 = EDGE_LOOP ( 'NONE', ( #1122, #1178, #641, #651 ) ) ;
#1277 = DIRECTION ( 'NONE',  ( 0.000000000000000000, 1.000000000000000000, 0.000000000000000000 ) ) ;
#1278 = CARTESIAN_POINT ( 'NONE',  ( 500000.0000000000582, 0.07999999999999998779, -0.7200000000433679492 ) ) ;
#1279 =( LENGTH_UNIT ( ) NAMED_UNIT ( * ) SI_UNIT ( .MILLI., .METRE. ) );
#1280 = CARTESIAN_POINT ( 'NONE',  ( -1.100000000000000311, 1.423333333333333339, 0.7199999999999990852 ) ) ;
#1281 = DIRECTION ( 'NONE',  ( -0.000000000000000000, -1.000000000000000000, -0.000000000000000000 ) ) ;
#1282 = ADVANCED_FACE ( 'NONE', ( #937 ), #472, .T. ) ;
#1283 = AXIS2_PLACEMENT_3D ( 'NONE', #703, #993, #888 ) ;
#1284 = LINE ( 'NONE', #865, #796 ) ;
#1285 = EDGE_CURVE ( 'NONE', #1039, #78, #940, .T. ) ;
#1286 = CARTESIAN_POINT ( 'NONE',  ( 1.100000000000000311, 1.449999999999999956, -0.7999999999999997113 ) ) ;
#1287 = DIRECTION ( 'NONE',  ( -1.355252715606880789E-16, 0.000000000000000000, 1.000000000000000000 ) ) ;
#1288 = DIRECTION ( 'NONE',  ( 0.000000000000000000, 0.000000000000000000, -1.000000000000000000 ) ) ;
#1289 = DIRECTION ( 'NONE',  ( 1.000000000000000000, -0.000000000000000000, -0.000000000000000000 ) ) ;
#1290 = DIRECTION ( 'NONE',  ( 0.000000000000000000, -1.000000000000000000, 0.000000000000000000 ) ) ;
#1291 = VECTOR ( 'NONE', #443, 1000.000000000000000 ) ;
#1292 = CARTESIAN_POINT ( 'NONE',  ( -1.100000000000000311, 1.369999999999999885, 0.7200000000000000844 ) ) ;
#1293 = DIRECTION ( 'NONE',  ( 0.000000000000000000, 1.000000000000000000, 0.000000000000000000 ) ) ;
#1294 = AXIS2_PLACEMENT_3D ( 'NONE', #1292, #751, #527 ) ;
#1295 = CARTESIAN_POINT ( 'NONE',  ( 1.520000000000000018, 1.449999999999999956, 0.7200000000000000844 ) ) ;
#1296 = EDGE_CURVE ( 'NONE', #1175, #1259, #943, .T. ) ;
#1297 = DIRECTION ( 'NONE',  ( -1.355252715606880789E-16, 0.000000000000000000, 1.000000000000000000 ) ) ;
#1298 = SURFACE_STYLE_FILL_AREA ( #96 ) ;
#1299 = DIRECTION ( 'NONE',  ( 0.000000000000000000, 0.000000000000000000, -1.000000000000000000 ) ) ;
#1300 = ADVANCED_FACE ( 'NONE', ( #1393 ), #453, .T. ) ;
#1301 = SURFACE_SIDE_STYLE ('',( #887 ) ) ;
#1302 = ORIENTED_EDGE ( 'NONE', *, *, #1192, .F. ) ;
#1303 = CIRCLE ( 'NONE', #271, 0.07999999999999998779 ) ;
#1304 = DIRECTION ( 'NONE',  ( 1.000000000000000000, 0.000000000000000000, 0.000000000000000000 ) ) ;
#1305 = ORIENTED_EDGE ( 'NONE', *, *, #1128, .F. ) ;
#1306 =( LENGTH_UNIT ( ) NAMED_UNIT ( * ) SI_UNIT ( .MILLI., .METRE. ) );
#1307 = LINE ( 'NONE', #1111, #824 ) ;
#1308 = PRODUCT_DEFINITION_FORMATION_WITH_SPECIFIED_SOURCE ( 'ANY', '', #1221, .NOT_KNOWN. ) ;
#1309 = DIRECTION ( 'NONE',  ( 0.000000000000000000, -0.000000000000000000, -1.000000000000000000 ) ) ;
#1310 = DIRECTION ( 'NONE',  ( 0.000000000000000000, -0.000000000000000000, 1.000000000000000000 ) ) ;
#1311 = EDGE_CURVE ( 'NONE', #616, #110, #430, .T. ) ;
#1312 = CARTESIAN_POINT ( 'NONE',  ( 1.100000000121781341, 0.02666666666666666491, -0.7199999999999995293 ) ) ;
#1313 = MECHANICAL_DESIGN_GEOMETRIC_PRESENTATION_REPRESENTATION (  '', ( #650 ), #1165 ) ;
#1314 =( LENGTH_UNIT ( ) NAMED_UNIT ( * ) SI_UNIT ( .MILLI., .METRE. ) );
#1315 = DIRECTION ( 'NONE',  ( -1.000000000000000000, 0.000000000000000000, 0.000000000000000000 ) ) ;
#1316 = ADVANCED_FACE ( 'NONE', ( #903 ), #1396, .T. ) ;
#1317 = CARTESIAN_POINT ( 'NONE',  ( 1.520000000000000240, 0.07999999999999998779, -0.7999999999999997113 ) ) ;
#1318 = PRODUCT_CONTEXT ( 'NONE', #620, 'mechanical' ) ;
#1319 = DIRECTION ( 'NONE',  ( 1.000000000000000000, 0.000000000000000000, 0.000000000000000000 ) ) ;
#1320 = AXIS2_PLACEMENT_3D ( 'NONE', #1191, #1304, #1288 ) ;
#1321 = DIRECTION ( 'NONE',  ( 0.000000000000000000, 0.000000000000000000, 1.000000000000000000 ) ) ;
#1322 = UNCERTAINTY_MEASURE_WITH_UNIT (LENGTH_MEASURE( 1.000000000000000082E-05 ), #1334, 'distance_accuracy_value', 'NONE');
#1323 = CYLINDRICAL_SURFACE ( 'NONE', #998, 0.05333333333333329512 ) ;
#1324 = CARTESIAN_POINT ( 'NONE',  ( 1.520000000000000018, 1.369999999999999885, 0.7200000000000000844 ) ) ;
#1325 = SURFACE_STYLE_USAGE ( .BOTH. , #711 ) ;
#1326 = LINE ( 'NONE', #893, #353 ) ;
#1327 = EDGE_CURVE ( 'NONE', #86, #208, #449, .T. ) ;
#1328 = STYLED_ITEM ( 'NONE', ( #82 ), #763 ) ;
#1329 = CIRCLE ( 'NONE', #341, 0.07999999999999998779 ) ;
#1330 = CARTESIAN_POINT ( 'NONE',  ( -1.520000000000000018, 0.07999999999999998779, 0.8000000000000000444 ) ) ;
#1331 = AXIS2_PLACEMENT_3D ( 'NONE', #575, #389, #172 ) ;
#1332 = AXIS2_PLACEMENT_3D ( 'NONE', #1262, #770, #344 ) ;
#1333 = FACE_OUTER_BOUND ( 'NONE', #1019, .T. ) ;
#1334 =( LENGTH_UNIT ( ) NAMED_UNIT ( * ) SI_UNIT ( .MILLI., .METRE. ) );
#1335 = FACE_OUTER_BOUND ( 'NONE', #1009, .T. ) ;
#1336 =( NAMED_UNIT ( * ) SI_UNIT ( $, .STERADIAN. ) SOLID_ANGLE_UNIT ( ) );
#1337 = CARTESIAN_POINT ( 'NONE',  ( -1.600000000000000311, 1.449999999999999956, -0.7999999999999997113 ) ) ;
#1338 = CIRCLE ( 'NONE', #538, 0.07999999999999998779 ) ;
#1339 = SURFACE_STYLE_USAGE ( .BOTH. , #632 ) ;
#1340 = AXIS2_PLACEMENT_3D ( 'NONE', #843, #941, #1412 ) ;
#1341 = VECTOR ( 'NONE', #934, 1000.000000000000000 ) ;
#1342 = ADVANCED_FACE ( 'NONE', ( #492 ), #70, .F. ) ;
#1343 = AXIS2_PLACEMENT_3D ( 'NONE', #935, #827, #926 ) ;
#1344 = PRODUCT_DEFINITION_CONTEXT ( 'detailed design', #1167, 'design' ) ;
#1345 = CARTESIAN_POINT ( 'NONE',  ( 1.100000000008094503, 0.07999999999999998779, 0.7199999999999998623 ) ) ;
#1346 = EDGE_CURVE ( 'NONE', #754, #583, #495, .T. ) ;
#1347 = PRESENTATION_LAYER_ASSIGNMENT (  '', '', ( #1328 ) ) ;
#1348 =( LENGTH_UNIT ( ) NAMED_UNIT ( * ) SI_UNIT ( .MILLI., .METRE. ) );
#1349 = CARTESIAN_POINT ( 'NONE',  ( -1.520000000000000240, 0.07999999999999998779, -0.7999999999999997113 ) ) ;
#1350 = FILL_AREA_STYLE ('',( #1373 ) ) ;
#1351 = DIRECTION ( 'NONE',  ( 1.000000000000000000, 0.000000000000000000, 0.000000000000000000 ) ) ;
#1352 = LINE ( 'NONE', #758, #400 ) ;
#1353 = UNCERTAINTY_MEASURE_WITH_UNIT (LENGTH_MEASURE( 1.000000000000000082E-05 ), #122, 'distance_accuracy_value', 'NONE');
#1354 = DIRECTION ( 'NONE',  ( 0.000000000000000000, -1.000000000000000000, -0.000000000000000000 ) ) ;
#1355 = SURFACE_SIDE_STYLE ('',( #383 ) ) ;
#1356 = SURFACE_STYLE_FILL_AREA ( #1350 ) ;
#1357 = EDGE_CURVE ( 'NONE', #599, #140, #420, .T. ) ;
#1358 = PLANE ( 'NONE',  #1170 ) ;
#1359 = CYLINDRICAL_SURFACE ( 'NONE', #928, 0.05333333333333339921 ) ;
#1360 = LINE ( 'NONE', #1231, #875 ) ;
#1361 = AXIS2_PLACEMENT_3D ( 'NONE', #812, #719, #795 ) ;
#1362 = CARTESIAN_POINT ( 'NONE',  ( -1.100000000000000311, 0.000000000000000000, -0.7199999999999997513 ) ) ;
#1363 = PRESENTATION_STYLE_ASSIGNMENT (( #1004 ) ) ;
#1364 = CARTESIAN_POINT ( 'NONE',  ( -1.100000000000000311, 1.369999999999999885, 0.7733333333333333171 ) ) ;
#1365 = DIRECTION ( 'NONE',  ( 1.000000000000000000, 0.000000000000000000, -8.673617379884036705E-17 ) ) ;
#1366 = CARTESIAN_POINT ( 'NONE',  ( 1.100000000000000311, 1.449999999999999956, -0.7999999999999997113 ) ) ;
#1367 = FILL_AREA_STYLE ('',( #892 ) ) ;
#1368 = PRESENTATION_LAYER_ASSIGNMENT (  '', '', ( #515 ) ) ;
#1369 = ADVANCED_FACE ( 'NONE', ( #1143 ), #196, .T. ) ;
#1370 = FACE_OUTER_BOUND ( 'NONE', #37, .T. ) ;
#1371 = CARTESIAN_POINT ( 'NONE',  ( 1.520000000000000018, 1.449999999999999956, 0.8000000000000000444 ) ) ;
#1372 = EDGE_CURVE ( 'NONE', #118, #1186, #1152, .T. ) ;
#1373 = FILL_AREA_STYLE_COLOUR ( '', #869 ) ;
#1374 = CARTESIAN_POINT ( 'NONE',  ( -1.100000000000000311, 1.369999999999999885, -0.7999999999999997113 ) ) ;
#1375 = EDGE_CURVE ( 'NONE', #1034, #51, #1126, .T. ) ;
#1376 = CARTESIAN_POINT ( 'NONE',  ( -1.520000000000000240, 1.369999999999999885, -0.7199999999999997513 ) ) ;
#1377 = ADVANCED_FACE ( 'NONE', ( #199 ), #285, .F. ) ;
#1378 = DIRECTION ( 'NONE',  ( -1.000000000000000000, 0.000000000000000000, 0.000000000000000000 ) ) ;
#1379 = CARTESIAN_POINT ( 'NONE',  ( -1.520000000000000240, 1.369999999999999885, -0.7199999999999997513 ) ) ;
#1380 = VECTOR ( 'NONE', #305, 1000.000000000000000 ) ;
#1381 = STYLED_ITEM ( 'NONE', ( #1363 ), #1220 ) ;
#1382 = VECTOR ( 'NONE', #1125, 1000.000000000000000 ) ;
#1383 = FILL_AREA_STYLE_COLOUR ( '', #186 ) ;
#1384 = VECTOR ( 'NONE', #1222, 1000.000000000000000 ) ;
#1385 = CARTESIAN_POINT ( 'NONE',  ( -1.100000000000000311, 0.07999999999999998779, 0.7200000000000000844 ) ) ;
#1386 = AXIS2_PLACEMENT_3D ( 'NONE', #767, #414, #748 ) ;
#1387 = FACE_OUTER_BOUND ( 'NONE', #1043, .T. ) ;
#1388 = FACE_OUTER_BOUND ( 'NONE', #706, .T. ) ;
#1389 = CARTESIAN_POINT ( 'NONE',  ( 1.600000000000000311, 1.449999999999999956, -0.7199999999999997513 ) ) ;
#1390 = CARTESIAN_POINT ( 'NONE',  ( 1.520000000000000018, 1.369999999999999885, 0.8000000000000000444 ) ) ;
#1391 = CYLINDRICAL_SURFACE ( 'NONE', #561, 0.07999999999999998779 ) ;
#1392 = DIRECTION ( 'NONE',  ( 0.000000000000000000, 0.000000000000000000, 1.000000000000000000 ) ) ;
#1393 = FACE_OUTER_BOUND ( 'NONE', #1137, .T. ) ;
#1394 = SURFACE_STYLE_USAGE ( .BOTH. , #1301 ) ;
#1395 = VECTOR ( 'NONE', #1315, 1000.000000000000000 ) ;
#1396 = CYLINDRICAL_SURFACE ( 'NONE', #240, 0.07999999999999998779 ) ;
#1397 = CYLINDRICAL_SURFACE ( 'NONE', #1416, 0.07999999999999998779 ) ;
#1398 = DIRECTION ( 'NONE',  ( 0.000000000000000000, 0.000000000000000000, -1.000000000000000000 ) ) ;
#1399 = UNCERTAINTY_MEASURE_WITH_UNIT (LENGTH_MEASURE( 1.000000000000000082E-05 ), #1154, 'distance_accuracy_value', 'NONE');
#1400 =( NAMED_UNIT ( * ) PLANE_ANGLE_UNIT ( ) SI_UNIT ( $, .RADIAN. ) );
#1401 = SURFACE_STYLE_FILL_AREA ( #195 ) ;
#1402 = LINE ( 'NONE', #862, #901 ) ;
#1403 = CIRCLE ( 'NONE', #944, 0.07999999999999998779 ) ;
#1404 = EDGE_CURVE ( 'NONE', #78, #779, #671, .T. ) ;
#1405 = VECTOR ( 'NONE', #826, 1000.000000000000000 ) ;
#1406 = DIRECTION ( 'NONE',  ( 0.000000000000000000, -1.000000000000000000, 0.000000000000000000 ) ) ;
#1407 = CIRCLE ( 'NONE', #1294, 0.05333333333333329512 ) ;
#1408 = AXIS2_PLACEMENT_3D ( 'NONE', #456, #1277, #588 ) ;
#1409 = AXIS2_PLACEMENT_3D ( 'NONE', #563, #253, #1351 ) ;
#1410 = DIRECTION ( 'NONE',  ( -1.000000000000000000, 0.000000000000000000, 0.000000000000000000 ) ) ;
#1411 = LINE ( 'NONE', #1209, #1395 ) ;
#1412 = DIRECTION ( 'NONE',  ( -1.000000000000000000, 0.000000000000000000, -0.000000000000000000 ) ) ;
#1413 = CARTESIAN_POINT ( 'NONE',  ( 500000.0000000000582, 0.07999999999999998779, -0.7733333333767011819 ) ) ;
#1414 = FACE_OUTER_BOUND ( 'NONE', #1144, .T. ) ;
#1415 = CIRCLE ( 'NONE', #494, 0.07999999999999998779 ) ;
#1416 = AXIS2_PLACEMENT_3D ( 'NONE', #1194, #1084, #419 ) ;
#1417 = DIRECTION ( 'NONE',  ( 1.000000000000000000, -0.000000000000000000, -0.000000000000000000 ) ) ;
#1418 = CARTESIAN_POINT ( 'NONE',  ( 1.100000000000000089, 1.369999999999999885, 0.8000000000000000444 ) ) ;
#1419 = EDGE_CURVE ( 'NONE', #244, #1259, #182, .T. ) ;
#1420 = UNCERTAINTY_MEASURE_WITH_UNIT (LENGTH_MEASURE( 1.000000000000000082E-05 ), #1020, 'distance_accuracy_value', 'NONE');
#1421 = DIRECTION ( 'NONE',  ( 0.000000000000000000, 0.000000000000000000, -1.000000000000000000 ) ) ;
#1422 = CARTESIAN_POINT ( 'NONE',  ( 0.000000000000000000, 1.369999999999999885, -0.7199999999999997513 ) ) ;
#1423 = EDGE_CURVE ( 'NONE', #1244, #595, #1120, .T. ) ;
#1424 = ADVANCED_FACE ( 'NONE', ( #676 ), #688, .T. ) ;
#1425 = AXIS2_PLACEMENT_3D ( 'NONE', #1072, #1293, #105 ) ;
#1426 = LINE ( 'NONE', #468, #949 ) ;
#1427 = DIRECTION ( 'NONE',  ( 0.000000000000000000, 0.000000000000000000, 1.000000000000000000 ) ) ;
#1428 = VECTOR ( 'NONE', #925, 1000.000000000000000 ) ;
#1429 = DIRECTION ( 'NONE',  ( 1.000000000000000000, 0.000000000000000000, 0.000000000000000000 ) ) ;
#1430 =( NAMED_UNIT ( * ) SI_UNIT ( $, .STERADIAN. ) SOLID_ANGLE_UNIT ( ) );
ENDSEC;
END-ISO-10303-21;
