ISO-10303-21;
HEADER;
FILE_DESCRIPTION((''),'2;1');
FILE_NAME('68001-X03_ASM_ASM','2019-04-23T',('zhoumk'),('AFCI'),
'CREO PARAMETRIC BY PTC INC, 2016130','CREO PARAMETRIC BY PTC INC, 2016130','');
FILE_SCHEMA(('AUTOMOTIVE_DESIGN { 1 0 10303 214 1 1 1 1 }'));
ENDSEC;
DATA;
#183=DIRECTION('',(0.E0,0.E0,-1.E0));
#184=VECTOR('',#183,1.55E0);
#185=CARTESIAN_POINT('',(0.E0,-6.35E0,7.75E-1));
#186=LINE('661',#185,#184);
#187=CARTESIAN_POINT('',(0.E0,-6.35E0,-1.025E0));
#188=DIRECTION('',(-1.E0,0.E0,0.E0));
#189=DIRECTION('',(0.E0,0.E0,1.E0));
#190=AXIS2_PLACEMENT_3D('',#187,#188,#189);
#192=DIRECTION('',(0.E0,4.067366430758E-1,-9.135454576426E-1));
#193=VECTOR('',#192,3.083417014573E-1);
#194=CARTESIAN_POINT('',(0.E0,-6.121613635589E0,-9.233158392319E-1));
#195=LINE('663',#194,#193);
#196=DIRECTION('',(0.E0,4.067366430758E-1,9.135454576426E-1));
#197=VECTOR('',#196,3.083417014581E-1);
#198=CARTESIAN_POINT('',(0.E0,-4.163800232982E0,-1.205E0));
#199=LINE('665',#198,#197);
#200=CARTESIAN_POINT('',(0.E0,-3.81E0,-1.025E0));
#201=DIRECTION('',(-1.E0,0.E0,0.E0));
#202=DIRECTION('',(0.E0,-9.135454576423E-1,4.067366430765E-1));
#203=AXIS2_PLACEMENT_3D('',#200,#201,#202);
#205=DIRECTION('',(0.E0,4.067366430758E-1,-9.135454576426E-1));
#206=VECTOR('',#205,3.083417014572E-1);
#207=CARTESIAN_POINT('',(0.E0,-3.581613635589E0,-9.233158392319E-1));
#208=LINE('667',#207,#206);
#209=DIRECTION('',(0.E0,4.067366430758E-1,9.135454576426E-1));
#210=VECTOR('',#209,3.083417014582E-1);
#211=CARTESIAN_POINT('',(0.E0,-1.623800232982E0,-1.205E0));
#212=LINE('669',#211,#210);
#213=CARTESIAN_POINT('',(0.E0,-1.27E0,-1.025E0));
#214=DIRECTION('',(-1.E0,0.E0,0.E0));
#215=DIRECTION('',(0.E0,-9.135454576421E-1,4.067366430768E-1));
#216=AXIS2_PLACEMENT_3D('',#213,#214,#215);
#218=DIRECTION('',(0.E0,4.067366430758E-1,-9.135454576426E-1));
#219=VECTOR('',#218,3.083417014572E-1);
#220=CARTESIAN_POINT('',(0.E0,-1.041613635589E0,-9.233158392319E-1));
#221=LINE('671',#220,#219);
#222=DIRECTION('',(0.E0,4.067366430758E-1,9.135454576426E-1));
#223=VECTOR('',#222,3.083417014583E-1);
#224=CARTESIAN_POINT('',(0.E0,9.161997670180E-1,-1.205E0));
#225=LINE('673',#224,#223);
#226=CARTESIAN_POINT('',(0.E0,1.27E0,-1.025E0));
#227=DIRECTION('',(-1.E0,0.E0,0.E0));
#228=DIRECTION('',(0.E0,-9.135454576420E-1,4.067366430772E-1));
#229=AXIS2_PLACEMENT_3D('',#226,#227,#228);
#231=CARTESIAN_POINT('',(0.E0,1.27E0,1.025E0));
#232=DIRECTION('',(-1.E0,0.E0,0.E0));
#233=DIRECTION('',(0.E0,0.E0,-1.E0));
#234=AXIS2_PLACEMENT_3D('',#231,#232,#233);
#236=DIRECTION('',(0.E0,-4.067366430758E-1,9.135454576426E-1));
#237=VECTOR('',#236,3.083417014572E-1);
#238=CARTESIAN_POINT('',(0.E0,1.041613635589E0,9.233158392319E-1));
#239=LINE('677',#238,#237);
#240=DIRECTION('',(0.E0,-4.067366430758E-1,-9.135454576426E-1));
#241=VECTOR('',#240,3.083417014582E-1);
#242=CARTESIAN_POINT('',(0.E0,-9.161997670180E-1,1.205E0));
#243=LINE('679',#242,#241);
#244=CARTESIAN_POINT('',(0.E0,-1.27E0,1.025E0));
#245=DIRECTION('',(-1.E0,0.E0,0.E0));
#246=DIRECTION('',(0.E0,9.135454576421E-1,-4.067366430768E-1));
#247=AXIS2_PLACEMENT_3D('',#244,#245,#246);
#249=DIRECTION('',(0.E0,-4.067366430758E-1,9.135454576426E-1));
#250=VECTOR('',#249,3.083417014572E-1);
#251=CARTESIAN_POINT('',(0.E0,-1.498386364411E0,9.233158392319E-1));
#252=LINE('681',#251,#250);
#253=DIRECTION('',(0.E0,-4.067366430758E-1,-9.135454576426E-1));
#254=VECTOR('',#253,3.083417014582E-1);
#255=CARTESIAN_POINT('',(0.E0,-3.456199767018E0,1.205E0));
#256=LINE('683',#255,#254);
#257=CARTESIAN_POINT('',(0.E0,-3.81E0,1.025E0));
#258=DIRECTION('',(-1.E0,0.E0,0.E0));
#259=DIRECTION('',(0.E0,9.135454576421E-1,-4.067366430768E-1));
#260=AXIS2_PLACEMENT_3D('',#257,#258,#259);
#262=DIRECTION('',(0.E0,-4.067366430758E-1,9.135454576426E-1));
#263=VECTOR('',#262,3.083417014573E-1);
#264=CARTESIAN_POINT('',(0.E0,-4.038386364411E0,9.233158392319E-1));
#265=LINE('685',#264,#263);
#266=DIRECTION('',(0.E0,-4.067366430758E-1,-9.135454576426E-1));
#267=VECTOR('',#266,3.083417014581E-1);
#268=CARTESIAN_POINT('',(0.E0,-5.996199767018E0,1.205E0));
#269=LINE('687',#268,#267);
#270=CARTESIAN_POINT('',(0.E0,-6.35E0,1.025E0));
#271=DIRECTION('',(-1.E0,0.E0,0.E0));
#272=DIRECTION('',(0.E0,9.135454576423E-1,-4.067366430765E-1));
#273=AXIS2_PLACEMENT_3D('',#270,#271,#272);
#275=CARTESIAN_POINT('',(0.E0,6.6E-1,4.8E-1));
#276=DIRECTION('',(-1.E0,0.E0,0.E0));
#277=DIRECTION('',(0.E0,-1.E0,0.E0));
#278=AXIS2_PLACEMENT_3D('',#275,#276,#277);
#280=CARTESIAN_POINT('',(0.E0,6.6E-1,4.8E-1));
#281=DIRECTION('',(-1.E0,0.E0,0.E0));
#282=DIRECTION('',(0.E0,1.E0,0.E0));
#283=AXIS2_PLACEMENT_3D('',#280,#281,#282);
#285=CARTESIAN_POINT('',(0.E0,-6.6E-1,-4.8E-1));
#286=DIRECTION('',(-1.E0,0.E0,0.E0));
#287=DIRECTION('',(0.E0,-1.E0,0.E0));
#288=AXIS2_PLACEMENT_3D('',#285,#286,#287);
#290=CARTESIAN_POINT('',(0.E0,-6.6E-1,-4.8E-1));
#291=DIRECTION('',(-1.E0,0.E0,0.E0));
#292=DIRECTION('',(0.E0,1.E0,0.E0));
#293=AXIS2_PLACEMENT_3D('',#290,#291,#292);
#295=CARTESIAN_POINT('',(0.E0,-1.88E0,4.8E-1));
#296=DIRECTION('',(-1.E0,0.E0,0.E0));
#297=DIRECTION('',(0.E0,-1.E0,0.E0));
#298=AXIS2_PLACEMENT_3D('',#295,#296,#297);
#300=CARTESIAN_POINT('',(0.E0,-1.88E0,4.8E-1));
#301=DIRECTION('',(-1.E0,0.E0,0.E0));
#302=DIRECTION('',(0.E0,1.E0,0.E0));
#303=AXIS2_PLACEMENT_3D('',#300,#301,#302);
#305=CARTESIAN_POINT('',(0.E0,-3.2E0,-4.8E-1));
#306=DIRECTION('',(-1.E0,0.E0,0.E0));
#307=DIRECTION('',(0.E0,-1.E0,0.E0));
#308=AXIS2_PLACEMENT_3D('',#305,#306,#307);
#310=CARTESIAN_POINT('',(0.E0,-3.2E0,-4.8E-1));
#311=DIRECTION('',(-1.E0,0.E0,0.E0));
#312=DIRECTION('',(0.E0,1.E0,0.E0));
#313=AXIS2_PLACEMENT_3D('',#310,#311,#312);
#315=CARTESIAN_POINT('',(0.E0,-4.42E0,4.8E-1));
#316=DIRECTION('',(-1.E0,0.E0,0.E0));
#317=DIRECTION('',(0.E0,-1.E0,0.E0));
#318=AXIS2_PLACEMENT_3D('',#315,#316,#317);
#320=CARTESIAN_POINT('',(0.E0,-4.42E0,4.8E-1));
#321=DIRECTION('',(-1.E0,0.E0,0.E0));
#322=DIRECTION('',(0.E0,1.E0,0.E0));
#323=AXIS2_PLACEMENT_3D('',#320,#321,#322);
#325=CARTESIAN_POINT('',(0.E0,-5.74E0,-4.8E-1));
#326=DIRECTION('',(-1.E0,0.E0,0.E0));
#327=DIRECTION('',(0.E0,-1.E0,0.E0));
#328=AXIS2_PLACEMENT_3D('',#325,#326,#327);
#330=CARTESIAN_POINT('',(0.E0,-5.74E0,-4.8E-1));
#331=DIRECTION('',(-1.E0,0.E0,0.E0));
#332=DIRECTION('',(0.E0,1.E0,0.E0));
#333=AXIS2_PLACEMENT_3D('',#330,#331,#332);
#335=DIRECTION('',(0.E0,0.E0,-1.E0));
#336=VECTOR('',#335,1.55E0);
#337=CARTESIAN_POINT('',(2.14E0,-6.35E0,7.75E-1));
#338=LINE('721',#337,#336);
#339=DIRECTION('',(-1.E0,0.E0,0.E0));
#340=VECTOR('',#339,2.14E0);
#341=CARTESIAN_POINT('',(2.14E0,-6.35E0,7.75E-1));
#342=LINE('801',#341,#340);
#343=DIRECTION('',(1.E0,-1.162102605215E-14,-2.656234526206E-14));
#344=VECTOR('',#343,2.14E0);
#345=CARTESIAN_POINT('',(0.E0,-6.121613635589E0,9.233158392311E-1));
#346=LINE('803',#345,#344);
#347=DIRECTION('',(0.E0,1.E0,-2.544716158684E-14));
#348=VECTOR('',#347,1.832399534036E0);
#349=CARTESIAN_POINT('',(0.E0,-5.996199767018E0,1.205E0));
#350=LINE('686',#349,#348);
#351=DIRECTION('',(-1.E0,0.E0,0.E0));
#352=VECTOR('',#351,2.14E0);
#353=CARTESIAN_POINT('',(2.14E0,-5.996199767018E0,1.205E0));
#354=LINE('804',#353,#352);
#355=DIRECTION('',(-1.E0,0.E0,0.E0));
#356=VECTOR('',#355,2.14E0);
#357=CARTESIAN_POINT('',(2.14E0,-4.163800232982E0,1.205E0));
#358=LINE('805',#357,#356);
#359=DIRECTION('',(-1.E0,1.162102605215E-14,-2.682174316501E-14));
#360=VECTOR('',#359,2.14E0);
#361=CARTESIAN_POINT('',(2.14E0,-4.038386364411E0,9.233158392319E-1));
#362=LINE('806',#361,#360);
#363=DIRECTION('',(1.E0,0.E0,-1.348869095339E-14));
#364=VECTOR('',#363,2.14E0);
#365=CARTESIAN_POINT('',(0.E0,-3.581613635589E0,9.233158392310E-1));
#366=LINE('807',#365,#364);
#367=CARTESIAN_POINT('',(2.14E0,-6.35E0,1.025E0));
#368=DIRECTION('',(1.E0,0.E0,0.E0));
#369=DIRECTION('',(0.E0,0.E0,-1.E0));
#370=AXIS2_PLACEMENT_3D('',#367,#368,#369);
#372=DIRECTION('',(0.E0,4.067366430758E-1,9.135454576426E-1));
#373=VECTOR('',#372,3.083417014582E-1);
#374=CARTESIAN_POINT('',(2.14E0,-6.121613635589E0,9.233158392311E-1));
#375=LINE('723',#374,#373);
#376=DIRECTION('',(0.E0,1.E0,-2.544716158684E-14));
#377=VECTOR('',#376,1.832399534036E0);
#378=CARTESIAN_POINT('',(2.14E0,-5.996199767018E0,1.205E0));
#379=LINE('724',#378,#377);
#380=DIRECTION('',(0.E0,4.067366430758E-1,-9.135454576426E-1));
#381=VECTOR('',#380,3.083417014572E-1);
#382=CARTESIAN_POINT('',(2.14E0,-4.163800232982E0,1.205E0));
#383=LINE('725',#382,#381);
#384=CARTESIAN_POINT('',(2.14E0,-3.81E0,1.025E0));
#385=DIRECTION('',(1.E0,0.E0,0.E0));
#386=DIRECTION('',(0.E0,-9.135454576471E-1,-4.067366430657E-1));
#387=AXIS2_PLACEMENT_3D('',#384,#385,#386);
#389=DIRECTION('',(0.E0,4.067366430758E-1,9.135454576426E-1));
#390=VECTOR('',#389,3.083417014583E-1);
#391=CARTESIAN_POINT('',(2.14E0,-3.581613635589E0,9.233158392310E-1));
#392=LINE('727',#391,#390);
#393=DIRECTION('',(0.E0,1.E0,-2.544716158684E-14));
#394=VECTOR('',#393,1.832399534036E0);
#395=CARTESIAN_POINT('',(2.14E0,-3.456199767018E0,1.205E0));
#396=LINE('728',#395,#394);
#397=DIRECTION('',(0.E0,4.067366430758E-1,-9.135454576426E-1));
#398=VECTOR('',#397,3.083417014572E-1);
#399=CARTESIAN_POINT('',(2.14E0,-1.623800232982E0,1.205E0));
#400=LINE('729',#399,#398);
#401=CARTESIAN_POINT('',(2.14E0,-1.27E0,1.025E0));
#402=DIRECTION('',(1.E0,0.E0,0.E0));
#403=DIRECTION('',(0.E0,-9.135454576475E-1,-4.067366430648E-1));
#404=AXIS2_PLACEMENT_3D('',#401,#402,#403);
#406=DIRECTION('',(0.E0,4.067366430758E-1,9.135454576426E-1));
#407=VECTOR('',#406,3.083417014583E-1);
#408=CARTESIAN_POINT('',(2.14E0,-1.041613635589E0,9.233158392310E-1));
#409=LINE('731',#408,#407);
#410=DIRECTION('',(0.E0,1.E0,-2.544716158684E-14));
#411=VECTOR('',#410,1.832399534036E0);
#412=CARTESIAN_POINT('',(2.14E0,-9.161997670180E-1,1.205E0));
#413=LINE('732',#412,#411);
#414=DIRECTION('',(0.E0,4.067366430758E-1,-9.135454576426E-1));
#415=VECTOR('',#414,3.083417014572E-1);
#416=CARTESIAN_POINT('',(2.14E0,9.161997670178E-1,1.205E0));
#417=LINE('733',#416,#415);
#418=CARTESIAN_POINT('',(2.14E0,1.27E0,1.025E0));
#419=DIRECTION('',(1.E0,0.E0,0.E0));
#420=DIRECTION('',(0.E0,-9.135454576475E-1,-4.067366430647E-1));
#421=AXIS2_PLACEMENT_3D('',#418,#419,#420);
#423=DIRECTION('',(0.E0,0.E0,-1.E0));
#424=VECTOR('',#423,1.55E0);
#425=CARTESIAN_POINT('',(2.14E0,1.27E0,7.75E-1));
#426=LINE('735',#425,#424);
#427=CARTESIAN_POINT('',(2.14E0,1.27E0,-1.025E0));
#428=DIRECTION('',(1.E0,0.E0,0.E0));
#429=DIRECTION('',(0.E0,0.E0,1.E0));
#430=AXIS2_PLACEMENT_3D('',#427,#428,#429);
#432=DIRECTION('',(0.E0,-4.067366430758E-1,-9.135454576426E-1));
#433=VECTOR('',#432,3.083417014583E-1);
#434=CARTESIAN_POINT('',(2.14E0,1.041613635589E0,-9.233158392310E-1));
#435=LINE('737',#434,#433);
#436=DIRECTION('',(0.E0,-1.E0,2.544716158684E-14));
#437=VECTOR('',#436,1.832399534036E0);
#438=CARTESIAN_POINT('',(2.14E0,9.161997670180E-1,-1.205E0));
#439=LINE('738',#438,#437);
#440=DIRECTION('',(0.E0,-4.067366430758E-1,9.135454576426E-1));
#441=VECTOR('',#440,3.083417014572E-1);
#442=CARTESIAN_POINT('',(2.14E0,-9.161997670178E-1,-1.205E0));
#443=LINE('739',#442,#441);
#444=CARTESIAN_POINT('',(2.14E0,-1.27E0,-1.025E0));
#445=DIRECTION('',(1.E0,0.E0,0.E0));
#446=DIRECTION('',(0.E0,9.135454576475E-1,4.067366430648E-1));
#447=AXIS2_PLACEMENT_3D('',#444,#445,#446);
#449=DIRECTION('',(0.E0,-4.067366430758E-1,-9.135454576426E-1));
#450=VECTOR('',#449,3.083417014583E-1);
#451=CARTESIAN_POINT('',(2.14E0,-1.498386364411E0,-9.233158392310E-1));
#452=LINE('741',#451,#450);
#453=DIRECTION('',(0.E0,-1.E0,2.544716158684E-14));
#454=VECTOR('',#453,1.832399534036E0);
#455=CARTESIAN_POINT('',(2.14E0,-1.623800232982E0,-1.205E0));
#456=LINE('742',#455,#454);
#457=DIRECTION('',(0.E0,-4.067366430758E-1,9.135454576426E-1));
#458=VECTOR('',#457,3.083417014572E-1);
#459=CARTESIAN_POINT('',(2.14E0,-3.456199767018E0,-1.205E0));
#460=LINE('743',#459,#458);
#461=CARTESIAN_POINT('',(2.14E0,-3.81E0,-1.025E0));
#462=DIRECTION('',(1.E0,0.E0,0.E0));
#463=DIRECTION('',(0.E0,9.135454576475E-1,4.067366430648E-1));
#464=AXIS2_PLACEMENT_3D('',#461,#462,#463);
#466=DIRECTION('',(0.E0,-4.067366430758E-1,-9.135454576426E-1));
#467=VECTOR('',#466,3.083417014582E-1);
#468=CARTESIAN_POINT('',(2.14E0,-4.038386364411E0,-9.233158392311E-1));
#469=LINE('745',#468,#467);
#470=DIRECTION('',(0.E0,-1.E0,2.544716158684E-14));
#471=VECTOR('',#470,1.832399534036E0);
#472=CARTESIAN_POINT('',(2.14E0,-4.163800232982E0,-1.205E0));
#473=LINE('746',#472,#471);
#474=DIRECTION('',(0.E0,-4.067366430758E-1,9.135454576426E-1));
#475=VECTOR('',#474,3.083417014572E-1);
#476=CARTESIAN_POINT('',(2.14E0,-5.996199767018E0,-1.205E0));
#477=LINE('747',#476,#475);
#478=CARTESIAN_POINT('',(2.14E0,-6.35E0,-1.025E0));
#479=DIRECTION('',(1.E0,0.E0,0.E0));
#480=DIRECTION('',(0.E0,9.135454576471E-1,4.067366430657E-1));
#481=AXIS2_PLACEMENT_3D('',#478,#479,#480);
#483=DIRECTION('',(0.E0,0.E0,1.E0));
#484=VECTOR('',#483,6.1E-1);
#485=CARTESIAN_POINT('',(2.14E0,-2.235E0,-3.05E-1));
#486=LINE('749',#485,#484);
#487=DIRECTION('',(0.E0,-1.E0,0.E0));
#488=VECTOR('',#487,6.1E-1);
#489=CARTESIAN_POINT('',(2.14E0,-2.235E0,3.05E-1));
#490=LINE('750',#489,#488);
#491=DIRECTION('',(0.E0,0.E0,-1.E0));
#492=VECTOR('',#491,6.1E-1);
#493=CARTESIAN_POINT('',(2.14E0,-2.845E0,3.05E-1));
#494=LINE('751',#493,#492);
#495=DIRECTION('',(0.E0,1.E0,0.E0));
#496=VECTOR('',#495,6.1E-1);
#497=CARTESIAN_POINT('',(2.14E0,-2.845E0,-3.05E-1));
#498=LINE('752',#497,#496);
#499=DIRECTION('',(0.E0,0.E0,1.E0));
#500=VECTOR('',#499,6.1E-1);
#501=CARTESIAN_POINT('',(2.14E0,3.05E-1,-3.05E-1));
#502=LINE('753',#501,#500);
#503=DIRECTION('',(0.E0,-1.E0,0.E0));
#504=VECTOR('',#503,6.1E-1);
#505=CARTESIAN_POINT('',(2.14E0,3.05E-1,3.05E-1));
#506=LINE('754',#505,#504);
#507=DIRECTION('',(0.E0,0.E0,-1.E0));
#508=VECTOR('',#507,6.1E-1);
#509=CARTESIAN_POINT('',(2.14E0,-3.05E-1,3.05E-1));
#510=LINE('755',#509,#508);
#511=DIRECTION('',(0.E0,1.E0,0.E0));
#512=VECTOR('',#511,6.1E-1);
#513=CARTESIAN_POINT('',(2.14E0,-3.05E-1,-3.05E-1));
#514=LINE('756',#513,#512);
#515=CARTESIAN_POINT('',(2.14E0,-4.8E-1,6.6E-1));
#516=DIRECTION('',(1.E0,0.E0,0.E0));
#517=DIRECTION('',(0.E0,1.E0,0.E0));
#518=AXIS2_PLACEMENT_3D('',#515,#516,#517);
#520=CARTESIAN_POINT('',(2.14E0,-4.8E-1,6.6E-1));
#521=DIRECTION('',(1.E0,0.E0,0.E0));
#522=DIRECTION('',(0.E0,-1.E0,0.E0));
#523=AXIS2_PLACEMENT_3D('',#520,#521,#522);
#525=CARTESIAN_POINT('',(2.14E0,4.8E-1,-6.6E-1));
#526=DIRECTION('',(1.E0,0.E0,0.E0));
#527=DIRECTION('',(0.E0,1.E0,0.E0));
#528=AXIS2_PLACEMENT_3D('',#525,#526,#527);
#530=CARTESIAN_POINT('',(2.14E0,4.8E-1,-6.6E-1));
#531=DIRECTION('',(1.E0,0.E0,0.E0));
#532=DIRECTION('',(0.E0,-1.E0,0.E0));
#533=AXIS2_PLACEMENT_3D('',#530,#531,#532);
#535=CARTESIAN_POINT('',(2.14E0,-3.02E0,6.6E-1));
#536=DIRECTION('',(1.E0,0.E0,0.E0));
#537=DIRECTION('',(0.E0,1.E0,0.E0));
#538=AXIS2_PLACEMENT_3D('',#535,#536,#537);
#540=CARTESIAN_POINT('',(2.14E0,-3.02E0,6.6E-1));
#541=DIRECTION('',(1.E0,0.E0,0.E0));
#542=DIRECTION('',(0.E0,-1.E0,0.E0));
#543=AXIS2_PLACEMENT_3D('',#540,#541,#542);
#545=CARTESIAN_POINT('',(2.14E0,-2.06E0,-6.6E-1));
#546=DIRECTION('',(1.E0,0.E0,0.E0));
#547=DIRECTION('',(0.E0,1.E0,0.E0));
#548=AXIS2_PLACEMENT_3D('',#545,#546,#547);
#550=CARTESIAN_POINT('',(2.14E0,-2.06E0,-6.6E-1));
#551=DIRECTION('',(1.E0,0.E0,0.E0));
#552=DIRECTION('',(0.E0,-1.E0,0.E0));
#553=AXIS2_PLACEMENT_3D('',#550,#551,#552);
#555=CARTESIAN_POINT('',(2.14E0,-5.56E0,6.6E-1));
#556=DIRECTION('',(1.E0,0.E0,0.E0));
#557=DIRECTION('',(0.E0,1.E0,0.E0));
#558=AXIS2_PLACEMENT_3D('',#555,#556,#557);
#560=CARTESIAN_POINT('',(2.14E0,-5.56E0,6.6E-1));
#561=DIRECTION('',(1.E0,0.E0,0.E0));
#562=DIRECTION('',(0.E0,-1.E0,0.E0));
#563=AXIS2_PLACEMENT_3D('',#560,#561,#562);
#565=CARTESIAN_POINT('',(2.14E0,-4.6E0,-6.6E-1));
#566=DIRECTION('',(1.E0,0.E0,0.E0));
#567=DIRECTION('',(0.E0,1.E0,0.E0));
#568=AXIS2_PLACEMENT_3D('',#565,#566,#567);
#570=CARTESIAN_POINT('',(2.14E0,-4.6E0,-6.6E-1));
#571=DIRECTION('',(1.E0,0.E0,0.E0));
#572=DIRECTION('',(0.E0,-1.E0,0.E0));
#573=AXIS2_PLACEMENT_3D('',#570,#571,#572);
#575=DIRECTION('',(0.E0,0.E0,1.E0));
#576=VECTOR('',#575,6.1E-1);
#577=CARTESIAN_POINT('',(2.14E0,-4.775E0,-3.05E-1));
#578=LINE('714',#577,#576);
#579=DIRECTION('',(0.E0,-1.E0,0.E0));
#580=VECTOR('',#579,6.1E-1);
#581=CARTESIAN_POINT('',(2.14E0,-4.775E0,3.05E-1));
#582=LINE('717',#581,#580);
#583=DIRECTION('',(0.E0,0.E0,-1.E0));
#584=VECTOR('',#583,6.1E-1);
#585=CARTESIAN_POINT('',(2.14E0,-5.385E0,3.05E-1));
#586=LINE('719',#585,#584);
#587=DIRECTION('',(0.E0,1.E0,0.E0));
#588=VECTOR('',#587,6.1E-1);
#589=CARTESIAN_POINT('',(2.14E0,-5.385E0,-3.05E-1));
#590=LINE('720',#589,#588);
#591=DIRECTION('',(0.E0,1.E0,-2.544716158684E-14));
#592=VECTOR('',#591,1.832399534036E0);
#593=CARTESIAN_POINT('',(0.E0,-3.456199767018E0,1.205E0));
#594=LINE('682',#593,#592);
#595=DIRECTION('',(-1.E0,0.E0,0.E0));
#596=VECTOR('',#595,2.14E0);
#597=CARTESIAN_POINT('',(2.14E0,-3.456199767018E0,1.205E0));
#598=LINE('808',#597,#596);
#599=DIRECTION('',(-1.E0,0.E0,0.E0));
#600=VECTOR('',#599,2.14E0);
#601=CARTESIAN_POINT('',(2.14E0,-1.623800232982E0,1.205E0));
#602=LINE('809',#601,#600);
#603=DIRECTION('',(-1.E0,0.E0,-1.359245011457E-14));
#604=VECTOR('',#603,2.14E0);
#605=CARTESIAN_POINT('',(2.14E0,-1.498386364411E0,9.233158392319E-1));
#606=LINE('810',#605,#604);
#607=DIRECTION('',(1.E0,0.E0,-1.369620927575E-14));
#608=VECTOR('',#607,2.14E0);
#609=CARTESIAN_POINT('',(0.E0,-1.041613635589E0,9.233158392310E-1));
#610=LINE('811',#609,#608);
#611=DIRECTION('',(0.E0,1.E0,-2.544716158684E-14));
#612=VECTOR('',#611,1.832399534036E0);
#613=CARTESIAN_POINT('',(0.E0,-9.161997670180E-1,1.205E0));
#614=LINE('678',#613,#612);
#615=DIRECTION('',(-1.E0,0.E0,0.E0));
#616=VECTOR('',#615,2.14E0);
#617=CARTESIAN_POINT('',(2.14E0,-9.161997670180E-1,1.205E0));
#618=LINE('812',#617,#616);
#619=DIRECTION('',(-1.E0,0.E0,0.E0));
#620=VECTOR('',#619,2.14E0);
#621=CARTESIAN_POINT('',(2.14E0,9.161997670178E-1,1.205E0));
#622=LINE('813',#621,#620);
#623=DIRECTION('',(1.E0,0.E0,0.E0));
#624=VECTOR('',#623,2.14E0);
#625=CARTESIAN_POINT('',(0.E0,1.27E0,7.75E-1));
#626=LINE('815',#625,#624);
#627=DIRECTION('',(-1.E0,0.E0,0.E0));
#628=VECTOR('',#627,2.14E0);
#629=CARTESIAN_POINT('',(2.14E0,1.041613635589E0,9.233158392319E-1));
#630=LINE('814',#629,#628);
#631=DIRECTION('',(0.E0,0.E0,-1.E0));
#632=VECTOR('',#631,1.55E0);
#633=CARTESIAN_POINT('',(0.E0,1.27E0,7.75E-1));
#634=LINE('675',#633,#632);
#635=DIRECTION('',(1.E0,0.E0,0.E0));
#636=VECTOR('',#635,2.14E0);
#637=CARTESIAN_POINT('',(0.E0,1.041613635589E0,-9.233158392310E-1));
#638=LINE('817',#637,#636);
#639=DIRECTION('',(-1.E0,0.E0,0.E0));
#640=VECTOR('',#639,2.14E0);
#641=CARTESIAN_POINT('',(2.14E0,1.27E0,-7.75E-1));
#642=LINE('816',#641,#640);
#643=DIRECTION('',(0.E0,-1.E0,2.544716158684E-14));
#644=VECTOR('',#643,1.832399534036E0);
#645=CARTESIAN_POINT('',(0.E0,9.161997670180E-1,-1.205E0));
#646=LINE('672',#645,#644);
#647=DIRECTION('',(-1.E0,0.E0,0.E0));
#648=VECTOR('',#647,2.14E0);
#649=CARTESIAN_POINT('',(2.14E0,9.161997670180E-1,-1.205E0));
#650=LINE('818',#649,#648);
#651=DIRECTION('',(-1.E0,0.E0,0.E0));
#652=VECTOR('',#651,2.14E0);
#653=CARTESIAN_POINT('',(2.14E0,-9.161997670178E-1,-1.205E0));
#654=LINE('819',#653,#652);
#655=DIRECTION('',(1.E0,0.E0,1.369620927575E-14));
#656=VECTOR('',#655,2.14E0);
#657=CARTESIAN_POINT('',(0.E0,-1.498386364411E0,-9.233158392310E-1));
#658=LINE('821',#657,#656);
#659=DIRECTION('',(-1.E0,0.E0,1.359245011457E-14));
#660=VECTOR('',#659,2.14E0);
#661=CARTESIAN_POINT('',(2.14E0,-1.041613635589E0,-9.233158392319E-1));
#662=LINE('820',#661,#660);
#663=DIRECTION('',(0.E0,-1.E0,2.544716158684E-14));
#664=VECTOR('',#663,1.832399534036E0);
#665=CARTESIAN_POINT('',(0.E0,-1.623800232982E0,-1.205E0));
#666=LINE('668',#665,#664);
#667=DIRECTION('',(-1.E0,0.E0,0.E0));
#668=VECTOR('',#667,2.14E0);
#669=CARTESIAN_POINT('',(2.14E0,-1.623800232982E0,-1.205E0));
#670=LINE('822',#669,#668);
#671=DIRECTION('',(-1.E0,0.E0,0.E0));
#672=VECTOR('',#671,2.14E0);
#673=CARTESIAN_POINT('',(2.14E0,-3.456199767018E0,-1.205E0));
#674=LINE('823',#673,#672);
#675=DIRECTION('',(1.E0,1.162102605215E-14,2.692550232619E-14));
#676=VECTOR('',#675,2.14E0);
#677=CARTESIAN_POINT('',(0.E0,-4.038386364411E0,-9.233158392311E-1));
#678=LINE('825',#677,#676);
#679=DIRECTION('',(-1.E0,0.E0,1.348869095339E-14));
#680=VECTOR('',#679,2.14E0);
#681=CARTESIAN_POINT('',(2.14E0,-3.581613635589E0,-9.233158392319E-1));
#682=LINE('824',#681,#680);
#683=DIRECTION('',(0.E0,-1.E0,2.544716158684E-14));
#684=VECTOR('',#683,1.832399534036E0);
#685=CARTESIAN_POINT('',(0.E0,-4.163800232982E0,-1.205E0));
#686=LINE('664',#685,#684);
#687=DIRECTION('',(-1.E0,0.E0,0.E0));
#688=VECTOR('',#687,2.14E0);
#689=CARTESIAN_POINT('',(2.14E0,-4.163800232982E0,-1.205E0));
#690=LINE('826',#689,#688);
#691=DIRECTION('',(-1.E0,0.E0,0.E0));
#692=VECTOR('',#691,2.14E0);
#693=CARTESIAN_POINT('',(2.14E0,-5.996199767018E0,-1.205E0));
#694=LINE('827',#693,#692);
#695=DIRECTION('',(1.E0,0.E0,0.E0));
#696=VECTOR('',#695,2.14E0);
#697=CARTESIAN_POINT('',(0.E0,-6.35E0,-7.75E-1));
#698=LINE('802',#697,#696);
#699=DIRECTION('',(-1.E0,-1.203606269687E-14,2.651046568147E-14));
#700=VECTOR('',#699,2.14E0);
#701=CARTESIAN_POINT('',(2.14E0,-6.121613635589E0,-9.233158392319E-1));
#702=LINE('828',#701,#700);
#703=DIRECTION('',(0.E0,0.E0,1.E0));
#704=VECTOR('',#703,6.1E-1);
#705=CARTESIAN_POINT('',(0.E0,-2.235E0,-3.05E-1));
#706=LINE('689',#705,#704);
#707=DIRECTION('',(-1.E0,0.E0,0.E0));
#708=VECTOR('',#707,2.14E0);
#709=CARTESIAN_POINT('',(2.14E0,-2.235E0,-3.05E-1));
#710=LINE('770',#709,#708);
#711=DIRECTION('',(0.E0,-1.E0,0.E0));
#712=VECTOR('',#711,6.1E-1);
#713=CARTESIAN_POINT('',(0.E0,-2.235E0,3.05E-1));
#714=LINE('692',#713,#712);
#715=DIRECTION('',(-1.E0,0.E0,0.E0));
#716=VECTOR('',#715,2.14E0);
#717=CARTESIAN_POINT('',(2.14E0,-2.235E0,3.05E-1));
#718=LINE('769',#717,#716);
#719=DIRECTION('',(0.E0,0.E0,-1.E0));
#720=VECTOR('',#719,6.1E-1);
#721=CARTESIAN_POINT('',(0.E0,-2.845E0,3.05E-1));
#722=LINE('691',#721,#720);
#723=DIRECTION('',(-1.E0,0.E0,0.E0));
#724=VECTOR('',#723,2.14E0);
#725=CARTESIAN_POINT('',(2.14E0,-2.845E0,3.05E-1));
#726=LINE('771',#725,#724);
#727=DIRECTION('',(0.E0,1.E0,0.E0));
#728=VECTOR('',#727,6.1E-1);
#729=CARTESIAN_POINT('',(0.E0,-2.845E0,-3.05E-1));
#730=LINE('690',#729,#728);
#731=DIRECTION('',(-1.E0,0.E0,0.E0));
#732=VECTOR('',#731,2.14E0);
#733=CARTESIAN_POINT('',(2.14E0,-2.845E0,-3.05E-1));
#734=LINE('772',#733,#732);
#735=DIRECTION('',(0.E0,0.E0,1.E0));
#736=VECTOR('',#735,6.1E-1);
#737=CARTESIAN_POINT('',(0.E0,3.05E-1,-3.05E-1));
#738=LINE('693',#737,#736);
#739=DIRECTION('',(-1.E0,0.E0,0.E0));
#740=VECTOR('',#739,2.14E0);
#741=CARTESIAN_POINT('',(2.14E0,3.05E-1,-3.05E-1));
#742=LINE('774',#741,#740);
#743=DIRECTION('',(0.E0,-1.E0,0.E0));
#744=VECTOR('',#743,6.1E-1);
#745=CARTESIAN_POINT('',(0.E0,3.05E-1,3.05E-1));
#746=LINE('696',#745,#744);
#747=DIRECTION('',(-1.E0,0.E0,0.E0));
#748=VECTOR('',#747,2.14E0);
#749=CARTESIAN_POINT('',(2.14E0,3.05E-1,3.05E-1));
#750=LINE('773',#749,#748);
#751=DIRECTION('',(0.E0,0.E0,-1.E0));
#752=VECTOR('',#751,6.1E-1);
#753=CARTESIAN_POINT('',(0.E0,-3.05E-1,3.05E-1));
#754=LINE('695',#753,#752);
#755=DIRECTION('',(-1.E0,0.E0,0.E0));
#756=VECTOR('',#755,2.14E0);
#757=CARTESIAN_POINT('',(2.14E0,-3.05E-1,3.05E-1));
#758=LINE('775',#757,#756);
#759=DIRECTION('',(0.E0,1.E0,0.E0));
#760=VECTOR('',#759,6.1E-1);
#761=CARTESIAN_POINT('',(0.E0,-3.05E-1,-3.05E-1));
#762=LINE('694',#761,#760);
#763=DIRECTION('',(-1.E0,0.E0,0.E0));
#764=VECTOR('',#763,2.14E0);
#765=CARTESIAN_POINT('',(2.14E0,-3.05E-1,-3.05E-1));
#766=LINE('776',#765,#764);
#767=DIRECTION('',(-1.E0,0.E0,0.E0));
#768=VECTOR('',#767,2.E-1);
#769=CARTESIAN_POINT('',(2.34E0,-6.85E-1,6.6E-1));
#770=LINE('779',#769,#768);
#771=DIRECTION('',(-1.E0,0.E0,0.E0));
#772=VECTOR('',#771,2.E-1);
#773=CARTESIAN_POINT('',(2.34E0,-2.75E-1,6.6E-1));
#774=LINE('777',#773,#772);
#775=CARTESIAN_POINT('',(2.34E0,-4.8E-1,6.6E-1));
#776=DIRECTION('',(-1.E0,0.E0,0.E0));
#777=DIRECTION('',(0.E0,-1.E0,0.E0));
#778=AXIS2_PLACEMENT_3D('',#775,#776,#777);
#780=CARTESIAN_POINT('',(2.34E0,-4.8E-1,6.6E-1));
#781=DIRECTION('',(-1.E0,0.E0,0.E0));
#782=DIRECTION('',(0.E0,1.E0,0.E0));
#783=AXIS2_PLACEMENT_3D('',#780,#781,#782);
#785=DIRECTION('',(-1.E0,0.E0,0.E0));
#786=VECTOR('',#785,2.E-1);
#787=CARTESIAN_POINT('',(2.34E0,2.75E-1,-6.6E-1));
#788=LINE('784',#787,#786);
#789=DIRECTION('',(-1.E0,0.E0,0.E0));
#790=VECTOR('',#789,2.E-1);
#791=CARTESIAN_POINT('',(2.34E0,6.85E-1,-6.6E-1));
#792=LINE('783',#791,#790);
#793=CARTESIAN_POINT('',(2.34E0,4.8E-1,-6.6E-1));
#794=DIRECTION('',(-1.E0,0.E0,0.E0));
#795=DIRECTION('',(0.E0,-1.E0,0.E0));
#796=AXIS2_PLACEMENT_3D('',#793,#794,#795);
#798=CARTESIAN_POINT('',(2.34E0,4.8E-1,-6.6E-1));
#799=DIRECTION('',(-1.E0,0.E0,0.E0));
#800=DIRECTION('',(0.E0,1.E0,0.E0));
#801=AXIS2_PLACEMENT_3D('',#798,#799,#800);
#803=DIRECTION('',(-1.E0,0.E0,0.E0));
#804=VECTOR('',#803,2.E-1);
#805=CARTESIAN_POINT('',(2.34E0,-3.225E0,6.6E-1));
#806=LINE('787',#805,#804);
#807=DIRECTION('',(-1.E0,0.E0,0.E0));
#808=VECTOR('',#807,2.E-1);
#809=CARTESIAN_POINT('',(2.34E0,-2.815E0,6.6E-1));
#810=LINE('785',#809,#808);
#811=CARTESIAN_POINT('',(2.34E0,-3.02E0,6.6E-1));
#812=DIRECTION('',(-1.E0,0.E0,0.E0));
#813=DIRECTION('',(0.E0,-1.E0,0.E0));
#814=AXIS2_PLACEMENT_3D('',#811,#812,#813);
#816=CARTESIAN_POINT('',(2.34E0,-3.02E0,6.6E-1));
#817=DIRECTION('',(-1.E0,0.E0,0.E0));
#818=DIRECTION('',(0.E0,1.E0,0.E0));
#819=AXIS2_PLACEMENT_3D('',#816,#817,#818);
#821=DIRECTION('',(-1.E0,0.E0,0.E0));
#822=VECTOR('',#821,2.E-1);
#823=CARTESIAN_POINT('',(2.34E0,-2.265E0,-6.6E-1));
#824=LINE('792',#823,#822);
#825=DIRECTION('',(-1.E0,0.E0,0.E0));
#826=VECTOR('',#825,2.E-1);
#827=CARTESIAN_POINT('',(2.34E0,-1.855E0,-6.6E-1));
#828=LINE('791',#827,#826);
#829=CARTESIAN_POINT('',(2.34E0,-2.06E0,-6.6E-1));
#830=DIRECTION('',(-1.E0,0.E0,0.E0));
#831=DIRECTION('',(0.E0,-1.E0,0.E0));
#832=AXIS2_PLACEMENT_3D('',#829,#830,#831);
#834=CARTESIAN_POINT('',(2.34E0,-2.06E0,-6.6E-1));
#835=DIRECTION('',(-1.E0,0.E0,0.E0));
#836=DIRECTION('',(0.E0,1.E0,0.E0));
#837=AXIS2_PLACEMENT_3D('',#834,#835,#836);
#839=DIRECTION('',(-1.E0,0.E0,0.E0));
#840=VECTOR('',#839,2.E-1);
#841=CARTESIAN_POINT('',(2.34E0,-5.765E0,6.6E-1));
#842=LINE('795',#841,#840);
#843=DIRECTION('',(-1.E0,0.E0,0.E0));
#844=VECTOR('',#843,2.E-1);
#845=CARTESIAN_POINT('',(2.34E0,-5.355E0,6.6E-1));
#846=LINE('793',#845,#844);
#847=CARTESIAN_POINT('',(2.34E0,-5.56E0,6.6E-1));
#848=DIRECTION('',(-1.E0,0.E0,0.E0));
#849=DIRECTION('',(0.E0,-1.E0,0.E0));
#850=AXIS2_PLACEMENT_3D('',#847,#848,#849);
#852=CARTESIAN_POINT('',(2.34E0,-5.56E0,6.6E-1));
#853=DIRECTION('',(-1.E0,0.E0,0.E0));
#854=DIRECTION('',(0.E0,1.E0,0.E0));
#855=AXIS2_PLACEMENT_3D('',#852,#853,#854);
#857=DIRECTION('',(-1.E0,0.E0,0.E0));
#858=VECTOR('',#857,2.E-1);
#859=CARTESIAN_POINT('',(2.34E0,-4.805E0,-6.6E-1));
#860=LINE('800',#859,#858);
#861=DIRECTION('',(-1.E0,0.E0,0.E0));
#862=VECTOR('',#861,2.E-1);
#863=CARTESIAN_POINT('',(2.34E0,-4.395E0,-6.6E-1));
#864=LINE('799',#863,#862);
#865=CARTESIAN_POINT('',(2.34E0,-4.6E0,-6.6E-1));
#866=DIRECTION('',(-1.E0,0.E0,0.E0));
#867=DIRECTION('',(0.E0,-1.E0,0.E0));
#868=AXIS2_PLACEMENT_3D('',#865,#866,#867);
#870=CARTESIAN_POINT('',(2.34E0,-4.6E0,-6.6E-1));
#871=DIRECTION('',(-1.E0,0.E0,0.E0));
#872=DIRECTION('',(0.E0,1.E0,0.E0));
#873=AXIS2_PLACEMENT_3D('',#870,#871,#872);
#875=DIRECTION('',(0.E0,0.E0,1.E0));
#876=VECTOR('',#875,6.1E-1);
#877=CARTESIAN_POINT('',(0.E0,-4.775E0,-3.05E-1));
#878=LINE('709',#877,#876);
#879=DIRECTION('',(-1.E0,0.E0,0.E0));
#880=VECTOR('',#879,2.14E0);
#881=CARTESIAN_POINT('',(2.14E0,-4.775E0,-3.05E-1));
#882=LINE('715',#881,#880);
#883=DIRECTION('',(0.E0,-1.E0,0.E0));
#884=VECTOR('',#883,6.1E-1);
#885=CARTESIAN_POINT('',(0.E0,-4.775E0,3.05E-1));
#886=LINE('712',#885,#884);
#887=DIRECTION('',(-1.E0,0.E0,0.E0));
#888=VECTOR('',#887,2.14E0);
#889=CARTESIAN_POINT('',(2.14E0,-4.775E0,3.05E-1));
#890=LINE('713',#889,#888);
#891=DIRECTION('',(0.E0,0.E0,-1.E0));
#892=VECTOR('',#891,6.1E-1);
#893=CARTESIAN_POINT('',(0.E0,-5.385E0,3.05E-1));
#894=LINE('711',#893,#892);
#895=DIRECTION('',(-1.E0,0.E0,0.E0));
#896=VECTOR('',#895,2.14E0);
#897=CARTESIAN_POINT('',(2.14E0,-5.385E0,3.05E-1));
#898=LINE('716',#897,#896);
#899=DIRECTION('',(0.E0,1.E0,0.E0));
#900=VECTOR('',#899,6.1E-1);
#901=CARTESIAN_POINT('',(0.E0,-5.385E0,-3.05E-1));
#902=LINE('710',#901,#900);
#903=DIRECTION('',(-1.E0,0.E0,0.E0));
#904=VECTOR('',#903,2.14E0);
#905=CARTESIAN_POINT('',(2.14E0,-5.385E0,-3.05E-1));
#906=LINE('718',#905,#904);
#907=DIRECTION('',(1.E0,0.E0,0.E0));
#908=VECTOR('',#907,2.E-1);
#909=CARTESIAN_POINT('',(-2.E-1,8.65E-1,4.8E-1));
#910=LINE('831',#909,#908);
#911=DIRECTION('',(1.E0,0.E0,0.E0));
#912=VECTOR('',#911,2.E-1);
#913=CARTESIAN_POINT('',(-2.E-1,4.55E-1,4.8E-1));
#914=LINE('829',#913,#912);
#915=CARTESIAN_POINT('',(-2.E-1,6.6E-1,4.8E-1));
#916=DIRECTION('',(1.E0,0.E0,0.E0));
#917=DIRECTION('',(0.E0,1.E0,0.E0));
#918=AXIS2_PLACEMENT_3D('',#915,#916,#917);
#920=CARTESIAN_POINT('',(-2.E-1,6.6E-1,4.8E-1));
#921=DIRECTION('',(1.E0,0.E0,0.E0));
#922=DIRECTION('',(0.E0,-1.E0,0.E0));
#923=AXIS2_PLACEMENT_3D('',#920,#921,#922);
#925=DIRECTION('',(1.E0,0.E0,0.E0));
#926=VECTOR('',#925,2.E-1);
#927=CARTESIAN_POINT('',(-2.E-1,-4.55E-1,-4.8E-1));
#928=LINE('836',#927,#926);
#929=DIRECTION('',(1.E0,0.E0,0.E0));
#930=VECTOR('',#929,2.E-1);
#931=CARTESIAN_POINT('',(-2.E-1,-8.65E-1,-4.8E-1));
#932=LINE('835',#931,#930);
#933=CARTESIAN_POINT('',(-2.E-1,-6.6E-1,-4.8E-1));
#934=DIRECTION('',(1.E0,0.E0,0.E0));
#935=DIRECTION('',(0.E0,1.E0,0.E0));
#936=AXIS2_PLACEMENT_3D('',#933,#934,#935);
#938=CARTESIAN_POINT('',(-2.E-1,-6.6E-1,-4.8E-1));
#939=DIRECTION('',(1.E0,0.E0,0.E0));
#940=DIRECTION('',(0.E0,-1.E0,0.E0));
#941=AXIS2_PLACEMENT_3D('',#938,#939,#940);
#943=DIRECTION('',(1.E0,0.E0,0.E0));
#944=VECTOR('',#943,2.E-1);
#945=CARTESIAN_POINT('',(-2.E-1,-1.675E0,4.8E-1));
#946=LINE('839',#945,#944);
#947=DIRECTION('',(1.E0,0.E0,0.E0));
#948=VECTOR('',#947,2.E-1);
#949=CARTESIAN_POINT('',(-2.E-1,-2.085E0,4.8E-1));
#950=LINE('837',#949,#948);
#951=CARTESIAN_POINT('',(-2.E-1,-1.88E0,4.8E-1));
#952=DIRECTION('',(1.E0,0.E0,0.E0));
#953=DIRECTION('',(0.E0,1.E0,0.E0));
#954=AXIS2_PLACEMENT_3D('',#951,#952,#953);
#956=CARTESIAN_POINT('',(-2.E-1,-1.88E0,4.8E-1));
#957=DIRECTION('',(1.E0,0.E0,0.E0));
#958=DIRECTION('',(0.E0,-1.E0,0.E0));
#959=AXIS2_PLACEMENT_3D('',#956,#957,#958);
#961=DIRECTION('',(1.E0,0.E0,0.E0));
#962=VECTOR('',#961,2.E-1);
#963=CARTESIAN_POINT('',(-2.E-1,-2.995E0,-4.8E-1));
#964=LINE('844',#963,#962);
#965=DIRECTION('',(1.E0,0.E0,0.E0));
#966=VECTOR('',#965,2.E-1);
#967=CARTESIAN_POINT('',(-2.E-1,-3.405E0,-4.8E-1));
#968=LINE('843',#967,#966);
#969=CARTESIAN_POINT('',(-2.E-1,-3.2E0,-4.8E-1));
#970=DIRECTION('',(1.E0,0.E0,0.E0));
#971=DIRECTION('',(0.E0,1.E0,0.E0));
#972=AXIS2_PLACEMENT_3D('',#969,#970,#971);
#974=CARTESIAN_POINT('',(-2.E-1,-3.2E0,-4.8E-1));
#975=DIRECTION('',(1.E0,0.E0,0.E0));
#976=DIRECTION('',(0.E0,-1.E0,0.E0));
#977=AXIS2_PLACEMENT_3D('',#974,#975,#976);
#979=DIRECTION('',(1.E0,0.E0,0.E0));
#980=VECTOR('',#979,2.E-1);
#981=CARTESIAN_POINT('',(-2.E-1,-4.215E0,4.8E-1));
#982=LINE('847',#981,#980);
#983=DIRECTION('',(1.E0,0.E0,0.E0));
#984=VECTOR('',#983,2.E-1);
#985=CARTESIAN_POINT('',(-2.E-1,-4.625E0,4.8E-1));
#986=LINE('845',#985,#984);
#987=CARTESIAN_POINT('',(-2.E-1,-4.42E0,4.8E-1));
#988=DIRECTION('',(1.E0,0.E0,0.E0));
#989=DIRECTION('',(0.E0,1.E0,0.E0));
#990=AXIS2_PLACEMENT_3D('',#987,#988,#989);
#992=CARTESIAN_POINT('',(-2.E-1,-4.42E0,4.8E-1));
#993=DIRECTION('',(1.E0,0.E0,0.E0));
#994=DIRECTION('',(0.E0,-1.E0,0.E0));
#995=AXIS2_PLACEMENT_3D('',#992,#993,#994);
#997=DIRECTION('',(1.E0,0.E0,0.E0));
#998=VECTOR('',#997,2.E-1);
#999=CARTESIAN_POINT('',(-2.E-1,-5.535E0,-4.8E-1));
#1000=LINE('852',#999,#998);
#1001=DIRECTION('',(1.E0,0.E0,0.E0));
#1002=VECTOR('',#1001,2.E-1);
#1003=CARTESIAN_POINT('',(-2.E-1,-5.945E0,-4.8E-1));
#1004=LINE('851',#1003,#1002);
#1005=CARTESIAN_POINT('',(-2.E-1,-5.74E0,-4.8E-1));
#1006=DIRECTION('',(1.E0,0.E0,0.E0));
#1007=DIRECTION('',(0.E0,1.E0,0.E0));
#1008=AXIS2_PLACEMENT_3D('',#1005,#1006,#1007);
#1010=CARTESIAN_POINT('',(-2.E-1,-5.74E0,-4.8E-1));
#1011=DIRECTION('',(1.E0,0.E0,0.E0));
#1012=DIRECTION('',(0.E0,-1.E0,0.E0));
#1013=AXIS2_PLACEMENT_3D('',#1010,#1011,#1012);
#1015=CARTESIAN_POINT('',(0.E0,-6.35E0,7.75E-1));
#1016=CARTESIAN_POINT('',(0.E0,-6.35E0,-7.75E-1));
#1017=VERTEX_POINT('',#1015);
#1018=VERTEX_POINT('',#1016);
#1019=CARTESIAN_POINT('',(0.E0,-6.121613635588E0,-9.233158392334E-1));
#1020=VERTEX_POINT('',#1019);
#1021=CARTESIAN_POINT('',(0.E0,-5.996199767018E0,-1.205E0));
#1022=VERTEX_POINT('',#1021);
#1023=CARTESIAN_POINT('',(0.E0,-4.163800232982E0,-1.205E0));
#1024=VERTEX_POINT('',#1023);
#1025=CARTESIAN_POINT('',(0.E0,-4.038386364411E0,-9.233158392311E-1));
#1026=VERTEX_POINT('',#1025);
#1027=CARTESIAN_POINT('',(0.E0,-3.581613635588E0,-9.233158392337E-1));
#1028=VERTEX_POINT('',#1027);
#1029=CARTESIAN_POINT('',(0.E0,-3.456199767018E0,-1.205E0));
#1030=VERTEX_POINT('',#1029);
#1031=CARTESIAN_POINT('',(0.E0,-1.623800232982E0,-1.205E0));
#1032=VERTEX_POINT('',#1031);
#1033=CARTESIAN_POINT('',(0.E0,-1.498386364411E0,-9.233158392310E-1));
#1034=VERTEX_POINT('',#1033);
#1035=CARTESIAN_POINT('',(0.E0,-1.041613635588E0,-9.233158392337E-1));
#1036=VERTEX_POINT('',#1035);
#1037=CARTESIAN_POINT('',(0.E0,-9.161997670178E-1,-1.205E0));
#1038=VERTEX_POINT('',#1037);
#1039=CARTESIAN_POINT('',(0.E0,9.161997670180E-1,-1.205E0));
#1040=VERTEX_POINT('',#1039);
#1041=CARTESIAN_POINT('',(0.E0,1.041613635589E0,-9.233158392310E-1));
#1042=VERTEX_POINT('',#1041);
#1043=CARTESIAN_POINT('',(0.E0,1.27E0,-7.75E-1));
#1044=VERTEX_POINT('',#1043);
#1045=CARTESIAN_POINT('',(0.E0,1.27E0,7.75E-1));
#1046=VERTEX_POINT('',#1045);
#1047=CARTESIAN_POINT('',(0.E0,1.041613635588E0,9.233158392338E-1));
#1048=VERTEX_POINT('',#1047);
#1049=CARTESIAN_POINT('',(0.E0,9.161997670178E-1,1.205E0));
#1050=VERTEX_POINT('',#1049);
#1051=CARTESIAN_POINT('',(0.E0,-9.161997670180E-1,1.205E0));
#1052=VERTEX_POINT('',#1051);
#1053=CARTESIAN_POINT('',(0.E0,-1.041613635589E0,9.233158392310E-1));
#1054=VERTEX_POINT('',#1053);
#1055=CARTESIAN_POINT('',(0.E0,-1.498386364412E0,9.233158392337E-1));
#1056=VERTEX_POINT('',#1055);
#1057=CARTESIAN_POINT('',(0.E0,-1.623800232982E0,1.205E0));
#1058=VERTEX_POINT('',#1057);
#1059=CARTESIAN_POINT('',(0.E0,-3.456199767018E0,1.205E0));
#1060=VERTEX_POINT('',#1059);
#1061=CARTESIAN_POINT('',(0.E0,-3.581613635589E0,9.233158392310E-1));
#1062=VERTEX_POINT('',#1061);
#1063=CARTESIAN_POINT('',(0.E0,-4.038386364412E0,9.233158392334E-1));
#1064=VERTEX_POINT('',#1063);
#1065=CARTESIAN_POINT('',(0.E0,-4.163800232982E0,1.205E0));
#1066=VERTEX_POINT('',#1065);
#1067=CARTESIAN_POINT('',(0.E0,-5.996199767018E0,1.205E0));
#1068=VERTEX_POINT('',#1067);
#1069=CARTESIAN_POINT('',(0.E0,-6.121613635589E0,9.233158392311E-1));
#1070=VERTEX_POINT('',#1069);
#1071=CARTESIAN_POINT('',(0.E0,-2.235E0,-3.05E-1));
#1072=CARTESIAN_POINT('',(0.E0,-2.235E0,3.05E-1));
#1073=VERTEX_POINT('',#1071);
#1074=VERTEX_POINT('',#1072);
#1075=CARTESIAN_POINT('',(0.E0,-2.845E0,-3.05E-1));
#1076=VERTEX_POINT('',#1075);
#1077=CARTESIAN_POINT('',(0.E0,-2.845E0,3.05E-1));
#1078=VERTEX_POINT('',#1077);
#1079=CARTESIAN_POINT('',(0.E0,3.05E-1,-3.05E-1));
#1080=CARTESIAN_POINT('',(0.E0,3.05E-1,3.05E-1));
#1081=VERTEX_POINT('',#1079);
#1082=VERTEX_POINT('',#1080);
#1083=CARTESIAN_POINT('',(0.E0,-3.05E-1,-3.05E-1));
#1084=VERTEX_POINT('',#1083);
#1085=CARTESIAN_POINT('',(0.E0,-3.05E-1,3.05E-1));
#1086=VERTEX_POINT('',#1085);
#1087=CARTESIAN_POINT('',(0.E0,4.55E-1,4.8E-1));
#1088=CARTESIAN_POINT('',(0.E0,8.65E-1,4.8E-1));
#1089=VERTEX_POINT('',#1087);
#1090=VERTEX_POINT('',#1088);
#1091=CARTESIAN_POINT('',(0.E0,-8.65E-1,-4.8E-1));
#1092=CARTESIAN_POINT('',(0.E0,-4.55E-1,-4.8E-1));
#1093=VERTEX_POINT('',#1091);
#1094=VERTEX_POINT('',#1092);
#1095=CARTESIAN_POINT('',(0.E0,-2.085E0,4.8E-1));
#1096=CARTESIAN_POINT('',(0.E0,-1.675E0,4.8E-1));
#1097=VERTEX_POINT('',#1095);
#1098=VERTEX_POINT('',#1096);
#1099=CARTESIAN_POINT('',(0.E0,-3.405E0,-4.8E-1));
#1100=CARTESIAN_POINT('',(0.E0,-2.995E0,-4.8E-1));
#1101=VERTEX_POINT('',#1099);
#1102=VERTEX_POINT('',#1100);
#1103=CARTESIAN_POINT('',(0.E0,-4.625E0,4.8E-1));
#1104=CARTESIAN_POINT('',(0.E0,-4.215E0,4.8E-1));
#1105=VERTEX_POINT('',#1103);
#1106=VERTEX_POINT('',#1104);
#1107=CARTESIAN_POINT('',(0.E0,-5.945E0,-4.8E-1));
#1108=CARTESIAN_POINT('',(0.E0,-5.535E0,-4.8E-1));
#1109=VERTEX_POINT('',#1107);
#1110=VERTEX_POINT('',#1108);
#1111=CARTESIAN_POINT('',(0.E0,-4.775E0,-3.05E-1));
#1112=CARTESIAN_POINT('',(0.E0,-4.775E0,3.05E-1));
#1113=VERTEX_POINT('',#1111);
#1114=VERTEX_POINT('',#1112);
#1115=CARTESIAN_POINT('',(0.E0,-5.385E0,-3.05E-1));
#1116=VERTEX_POINT('',#1115);
#1117=CARTESIAN_POINT('',(0.E0,-5.385E0,3.05E-1));
#1118=VERTEX_POINT('',#1117);
#1119=CARTESIAN_POINT('',(2.14E0,-4.775E0,3.05E-1));
#1120=VERTEX_POINT('',#1119);
#1121=CARTESIAN_POINT('',(2.14E0,-4.775E0,-3.05E-1));
#1122=VERTEX_POINT('',#1121);
#1123=CARTESIAN_POINT('',(2.14E0,-5.385E0,3.05E-1));
#1124=VERTEX_POINT('',#1123);
#1125=CARTESIAN_POINT('',(2.14E0,-5.385E0,-3.05E-1));
#1126=VERTEX_POINT('',#1125);
#1127=CARTESIAN_POINT('',(2.14E0,-6.35E0,7.75E-1));
#1128=CARTESIAN_POINT('',(2.14E0,-6.35E0,-7.75E-1));
#1129=VERTEX_POINT('',#1127);
#1130=VERTEX_POINT('',#1128);
#1131=CARTESIAN_POINT('',(2.14E0,-6.121613635590E0,9.233158392307E-1));
#1132=VERTEX_POINT('',#1131);
#1133=CARTESIAN_POINT('',(2.14E0,-5.996199767018E0,1.205E0));
#1134=VERTEX_POINT('',#1133);
#1135=CARTESIAN_POINT('',(2.14E0,-4.163800232982E0,1.205E0));
#1136=VERTEX_POINT('',#1135);
#1137=CARTESIAN_POINT('',(2.14E0,-4.038386364411E0,9.233158392319E-1));
#1138=VERTEX_POINT('',#1137);
#1139=CARTESIAN_POINT('',(2.14E0,-3.581613635590E0,9.233158392307E-1));
#1140=VERTEX_POINT('',#1139);
#1141=CARTESIAN_POINT('',(2.14E0,-3.456199767018E0,1.205E0));
#1142=VERTEX_POINT('',#1141);
#1143=CARTESIAN_POINT('',(2.14E0,-1.623800232982E0,1.205E0));
#1144=VERTEX_POINT('',#1143);
#1145=CARTESIAN_POINT('',(2.14E0,-1.498386364411E0,9.233158392319E-1));
#1146=VERTEX_POINT('',#1145);
#1147=CARTESIAN_POINT('',(2.14E0,-1.041613635590E0,9.233158392307E-1));
#1148=VERTEX_POINT('',#1147);
#1149=CARTESIAN_POINT('',(2.14E0,-9.161997670180E-1,1.205E0));
#1150=VERTEX_POINT('',#1149);
#1151=CARTESIAN_POINT('',(2.14E0,9.161997670178E-1,1.205E0));
#1152=VERTEX_POINT('',#1151);
#1153=CARTESIAN_POINT('',(2.14E0,1.041613635589E0,9.233158392319E-1));
#1154=VERTEX_POINT('',#1153);
#1155=CARTESIAN_POINT('',(2.14E0,1.27E0,7.75E-1));
#1156=VERTEX_POINT('',#1155);
#1157=CARTESIAN_POINT('',(2.14E0,1.27E0,-7.75E-1));
#1158=VERTEX_POINT('',#1157);
#1159=CARTESIAN_POINT('',(2.14E0,1.041613635590E0,-9.233158392307E-1));
#1160=VERTEX_POINT('',#1159);
#1161=CARTESIAN_POINT('',(2.14E0,9.161997670180E-1,-1.205E0));
#1162=VERTEX_POINT('',#1161);
#1163=CARTESIAN_POINT('',(2.14E0,-9.161997670178E-1,-1.205E0));
#1164=VERTEX_POINT('',#1163);
#1165=CARTESIAN_POINT('',(2.14E0,-1.041613635589E0,-9.233158392319E-1));
#1166=VERTEX_POINT('',#1165);
#1167=CARTESIAN_POINT('',(2.14E0,-1.498386364410E0,-9.233158392307E-1));
#1168=VERTEX_POINT('',#1167);
#1169=CARTESIAN_POINT('',(2.14E0,-1.623800232982E0,-1.205E0));
#1170=VERTEX_POINT('',#1169);
#1171=CARTESIAN_POINT('',(2.14E0,-3.456199767018E0,-1.205E0));
#1172=VERTEX_POINT('',#1171);
#1173=CARTESIAN_POINT('',(2.14E0,-3.581613635589E0,-9.233158392319E-1));
#1174=VERTEX_POINT('',#1173);
#1175=CARTESIAN_POINT('',(2.14E0,-4.038386364410E0,-9.233158392307E-1));
#1176=VERTEX_POINT('',#1175);
#1177=CARTESIAN_POINT('',(2.14E0,-4.163800232982E0,-1.205E0));
#1178=VERTEX_POINT('',#1177);
#1179=CARTESIAN_POINT('',(2.14E0,-5.996199767018E0,-1.205E0));
#1180=VERTEX_POINT('',#1179);
#1181=CARTESIAN_POINT('',(2.14E0,-6.121613635589E0,-9.233158392319E-1));
#1182=VERTEX_POINT('',#1181);
#1183=CARTESIAN_POINT('',(2.14E0,-2.235E0,-3.05E-1));
#1184=CARTESIAN_POINT('',(2.14E0,-2.235E0,3.05E-1));
#1185=VERTEX_POINT('',#1183);
#1186=VERTEX_POINT('',#1184);
#1187=CARTESIAN_POINT('',(2.14E0,-2.845E0,3.05E-1));
#1188=VERTEX_POINT('',#1187);
#1189=CARTESIAN_POINT('',(2.14E0,-2.845E0,-3.05E-1));
#1190=VERTEX_POINT('',#1189);
#1191=CARTESIAN_POINT('',(2.14E0,3.05E-1,-3.05E-1));
#1192=CARTESIAN_POINT('',(2.14E0,3.05E-1,3.05E-1));
#1193=VERTEX_POINT('',#1191);
#1194=VERTEX_POINT('',#1192);
#1195=CARTESIAN_POINT('',(2.14E0,-3.05E-1,3.05E-1));
#1196=VERTEX_POINT('',#1195);
#1197=CARTESIAN_POINT('',(2.14E0,-3.05E-1,-3.05E-1));
#1198=VERTEX_POINT('',#1197);
#1199=CARTESIAN_POINT('',(2.14E0,-2.75E-1,6.6E-1));
#1200=CARTESIAN_POINT('',(2.14E0,-6.85E-1,6.6E-1));
#1201=VERTEX_POINT('',#1199);
#1202=VERTEX_POINT('',#1200);
#1203=CARTESIAN_POINT('',(2.14E0,6.85E-1,-6.6E-1));
#1204=CARTESIAN_POINT('',(2.14E0,2.75E-1,-6.6E-1));
#1205=VERTEX_POINT('',#1203);
#1206=VERTEX_POINT('',#1204);
#1207=CARTESIAN_POINT('',(2.14E0,-2.815E0,6.6E-1));
#1208=CARTESIAN_POINT('',(2.14E0,-3.225E0,6.6E-1));
#1209=VERTEX_POINT('',#1207);
#1210=VERTEX_POINT('',#1208);
#1211=CARTESIAN_POINT('',(2.14E0,-1.855E0,-6.6E-1));
#1212=CARTESIAN_POINT('',(2.14E0,-2.265E0,-6.6E-1));
#1213=VERTEX_POINT('',#1211);
#1214=VERTEX_POINT('',#1212);
#1215=CARTESIAN_POINT('',(2.14E0,-5.355E0,6.6E-1));
#1216=CARTESIAN_POINT('',(2.14E0,-5.765E0,6.6E-1));
#1217=VERTEX_POINT('',#1215);
#1218=VERTEX_POINT('',#1216);
#1219=CARTESIAN_POINT('',(2.14E0,-4.395E0,-6.6E-1));
#1220=CARTESIAN_POINT('',(2.14E0,-4.805E0,-6.6E-1));
#1221=VERTEX_POINT('',#1219);
#1222=VERTEX_POINT('',#1220);
#1223=CARTESIAN_POINT('',(2.34E0,-2.75E-1,6.6E-1));
#1224=VERTEX_POINT('',#1223);
#1225=CARTESIAN_POINT('',(2.34E0,-6.85E-1,6.6E-1));
#1226=VERTEX_POINT('',#1225);
#1227=CARTESIAN_POINT('',(2.34E0,2.75E-1,-6.6E-1));
#1228=CARTESIAN_POINT('',(2.34E0,6.85E-1,-6.6E-1));
#1229=VERTEX_POINT('',#1227);
#1230=VERTEX_POINT('',#1228);
#1231=CARTESIAN_POINT('',(2.34E0,-2.815E0,6.6E-1));
#1232=VERTEX_POINT('',#1231);
#1233=CARTESIAN_POINT('',(2.34E0,-3.225E0,6.6E-1));
#1234=VERTEX_POINT('',#1233);
#1235=CARTESIAN_POINT('',(2.34E0,-2.265E0,-6.6E-1));
#1236=CARTESIAN_POINT('',(2.34E0,-1.855E0,-6.6E-1));
#1237=VERTEX_POINT('',#1235);
#1238=VERTEX_POINT('',#1236);
#1239=CARTESIAN_POINT('',(2.34E0,-5.355E0,6.6E-1));
#1240=VERTEX_POINT('',#1239);
#1241=CARTESIAN_POINT('',(2.34E0,-5.765E0,6.6E-1));
#1242=VERTEX_POINT('',#1241);
#1243=CARTESIAN_POINT('',(2.34E0,-4.805E0,-6.6E-1));
#1244=CARTESIAN_POINT('',(2.34E0,-4.395E0,-6.6E-1));
#1245=VERTEX_POINT('',#1243);
#1246=VERTEX_POINT('',#1244);
#1247=CARTESIAN_POINT('',(-2.E-1,4.55E-1,4.8E-1));
#1248=VERTEX_POINT('',#1247);
#1249=CARTESIAN_POINT('',(-2.E-1,8.65E-1,4.8E-1));
#1250=VERTEX_POINT('',#1249);
#1251=CARTESIAN_POINT('',(-2.E-1,-4.55E-1,-4.8E-1));
#1252=CARTESIAN_POINT('',(-2.E-1,-8.65E-1,-4.8E-1));
#1253=VERTEX_POINT('',#1251);
#1254=VERTEX_POINT('',#1252);
#1255=CARTESIAN_POINT('',(-2.E-1,-2.085E0,4.8E-1));
#1256=VERTEX_POINT('',#1255);
#1257=CARTESIAN_POINT('',(-2.E-1,-1.675E0,4.8E-1));
#1258=VERTEX_POINT('',#1257);
#1259=CARTESIAN_POINT('',(-2.E-1,-2.995E0,-4.8E-1));
#1260=CARTESIAN_POINT('',(-2.E-1,-3.405E0,-4.8E-1));
#1261=VERTEX_POINT('',#1259);
#1262=VERTEX_POINT('',#1260);
#1263=CARTESIAN_POINT('',(-2.E-1,-4.625E0,4.8E-1));
#1264=VERTEX_POINT('',#1263);
#1265=CARTESIAN_POINT('',(-2.E-1,-4.215E0,4.8E-1));
#1266=VERTEX_POINT('',#1265);
#1267=CARTESIAN_POINT('',(-2.E-1,-5.535E0,-4.8E-1));
#1268=CARTESIAN_POINT('',(-2.E-1,-5.945E0,-4.8E-1));
#1269=VERTEX_POINT('',#1267);
#1270=VERTEX_POINT('',#1268);
#1271=CARTESIAN_POINT('',(0.E0,0.E0,0.E0));
#1272=DIRECTION('',(1.E0,0.E0,0.E0));
#1273=DIRECTION('',(0.E0,1.E0,0.E0));
#1274=AXIS2_PLACEMENT_3D('',#1271,#1272,#1273);
#1275=PLANE('853',#1274);
#1277=ORIENTED_EDGE('661',*,*,#1276,.T.);
#1279=ORIENTED_EDGE('662',*,*,#1278,.T.);
#1281=ORIENTED_EDGE('663',*,*,#1280,.T.);
#1283=ORIENTED_EDGE('664',*,*,#1282,.F.);
#1285=ORIENTED_EDGE('665',*,*,#1284,.T.);
#1287=ORIENTED_EDGE('666',*,*,#1286,.T.);
#1289=ORIENTED_EDGE('667',*,*,#1288,.T.);
#1291=ORIENTED_EDGE('668',*,*,#1290,.F.);
#1293=ORIENTED_EDGE('669',*,*,#1292,.T.);
#1295=ORIENTED_EDGE('670',*,*,#1294,.T.);
#1297=ORIENTED_EDGE('671',*,*,#1296,.T.);
#1299=ORIENTED_EDGE('672',*,*,#1298,.F.);
#1301=ORIENTED_EDGE('673',*,*,#1300,.T.);
#1303=ORIENTED_EDGE('674',*,*,#1302,.T.);
#1305=ORIENTED_EDGE('675',*,*,#1304,.F.);
#1307=ORIENTED_EDGE('676',*,*,#1306,.T.);
#1309=ORIENTED_EDGE('677',*,*,#1308,.T.);
#1311=ORIENTED_EDGE('678',*,*,#1310,.F.);
#1313=ORIENTED_EDGE('679',*,*,#1312,.T.);
#1315=ORIENTED_EDGE('680',*,*,#1314,.T.);
#1317=ORIENTED_EDGE('681',*,*,#1316,.T.);
#1319=ORIENTED_EDGE('682',*,*,#1318,.F.);
#1321=ORIENTED_EDGE('683',*,*,#1320,.T.);
#1323=ORIENTED_EDGE('684',*,*,#1322,.T.);
#1325=ORIENTED_EDGE('685',*,*,#1324,.T.);
#1327=ORIENTED_EDGE('686',*,*,#1326,.F.);
#1329=ORIENTED_EDGE('687',*,*,#1328,.T.);
#1331=ORIENTED_EDGE('688',*,*,#1330,.T.);
#1332=EDGE_LOOP('853',(#1277,#1279,#1281,#1283,#1285,#1287,#1289,#1291,#1293,
#1295,#1297,#1299,#1301,#1303,#1305,#1307,#1309,#1311,#1313,#1315,#1317,#1319,
#1321,#1323,#1325,#1327,#1329,#1331));
#1333=FACE_OUTER_BOUND('853',#1332,.F.);
#1335=ORIENTED_EDGE('689',*,*,#1334,.F.);
#1337=ORIENTED_EDGE('690',*,*,#1336,.F.);
#1339=ORIENTED_EDGE('691',*,*,#1338,.F.);
#1341=ORIENTED_EDGE('692',*,*,#1340,.F.);
#1342=EDGE_LOOP('853',(#1335,#1337,#1339,#1341));
#1343=FACE_BOUND('853',#1342,.F.);
#1345=ORIENTED_EDGE('693',*,*,#1344,.F.);
#1347=ORIENTED_EDGE('694',*,*,#1346,.F.);
#1349=ORIENTED_EDGE('695',*,*,#1348,.F.);
#1351=ORIENTED_EDGE('696',*,*,#1350,.F.);
#1352=EDGE_LOOP('853',(#1345,#1347,#1349,#1351));
#1353=FACE_BOUND('853',#1352,.F.);
#1355=ORIENTED_EDGE('697',*,*,#1354,.T.);
#1357=ORIENTED_EDGE('698',*,*,#1356,.T.);
#1358=EDGE_LOOP('853',(#1355,#1357));
#1359=FACE_BOUND('853',#1358,.F.);
#1361=ORIENTED_EDGE('699',*,*,#1360,.T.);
#1363=ORIENTED_EDGE('700',*,*,#1362,.T.);
#1364=EDGE_LOOP('853',(#1361,#1363));
#1365=FACE_BOUND('853',#1364,.F.);
#1367=ORIENTED_EDGE('701',*,*,#1366,.T.);
#1369=ORIENTED_EDGE('702',*,*,#1368,.T.);
#1370=EDGE_LOOP('853',(#1367,#1369));
#1371=FACE_BOUND('853',#1370,.F.);
#1373=ORIENTED_EDGE('703',*,*,#1372,.T.);
#1375=ORIENTED_EDGE('704',*,*,#1374,.T.);
#1376=EDGE_LOOP('853',(#1373,#1375));
#1377=FACE_BOUND('853',#1376,.F.);
#1379=ORIENTED_EDGE('705',*,*,#1378,.T.);
#1381=ORIENTED_EDGE('706',*,*,#1380,.T.);
#1382=EDGE_LOOP('853',(#1379,#1381));
#1383=FACE_BOUND('853',#1382,.F.);
#1385=ORIENTED_EDGE('707',*,*,#1384,.T.);
#1387=ORIENTED_EDGE('708',*,*,#1386,.T.);
#1388=EDGE_LOOP('853',(#1385,#1387));
#1389=FACE_BOUND('853',#1388,.F.);
#1391=ORIENTED_EDGE('709',*,*,#1390,.F.);
#1393=ORIENTED_EDGE('710',*,*,#1392,.F.);
#1395=ORIENTED_EDGE('711',*,*,#1394,.F.);
#1397=ORIENTED_EDGE('712',*,*,#1396,.F.);
#1398=EDGE_LOOP('853',(#1391,#1393,#1395,#1397));
#1399=FACE_BOUND('853',#1398,.F.);
#1401=CARTESIAN_POINT('',(8.18E0,-6.35E0,-1.205E0));
#1402=DIRECTION('',(0.E0,1.E0,0.E0));
#1403=DIRECTION('',(0.E0,0.E0,1.E0));
#1404=AXIS2_PLACEMENT_3D('',#1401,#1402,#1403);
#1405=PLANE('885',#1404);
#1406=ORIENTED_EDGE('661',*,*,#1276,.F.);
#1408=ORIENTED_EDGE('801',*,*,#1407,.F.);
#1410=ORIENTED_EDGE('721',*,*,#1409,.T.);
#1412=ORIENTED_EDGE('802',*,*,#1411,.F.);
#1413=EDGE_LOOP('885',(#1406,#1408,#1410,#1412));
#1414=FACE_OUTER_BOUND('885',#1413,.F.);
#1416=CARTESIAN_POINT('',(0.E0,-6.35E0,1.025E0));
#1417=DIRECTION('',(1.E0,0.E0,0.E0));
#1418=DIRECTION('',(0.E0,1.E0,0.E0));
#1419=AXIS2_PLACEMENT_3D('',#1416,#1417,#1418);
#1420=CYLINDRICAL_SURFACE('886',#1419,2.5E-1);
#1421=ORIENTED_EDGE('801',*,*,#1407,.T.);
#1422=ORIENTED_EDGE('688',*,*,#1330,.F.);
#1424=ORIENTED_EDGE('803',*,*,#1423,.T.);
#1426=ORIENTED_EDGE('722',*,*,#1425,.F.);
#1427=EDGE_LOOP('886',(#1421,#1422,#1424,#1426));
#1428=FACE_OUTER_BOUND('886',#1427,.F.);
#1430=CARTESIAN_POINT('',(0.E0,-5.996199767018E0,1.205E0));
#1431=DIRECTION('',(0.E0,-9.135454576426E-1,4.067366430758E-1));
#1432=DIRECTION('',(0.E0,-4.067366430758E-1,-9.135454576426E-1));
#1433=AXIS2_PLACEMENT_3D('',#1430,#1431,#1432);
#1434=PLANE('887',#1433);
#1435=ORIENTED_EDGE('687',*,*,#1328,.F.);
#1437=ORIENTED_EDGE('804',*,*,#1436,.F.);
#1439=ORIENTED_EDGE('723',*,*,#1438,.F.);
#1440=ORIENTED_EDGE('803',*,*,#1423,.F.);
#1441=EDGE_LOOP('887',(#1435,#1437,#1439,#1440));
#1442=FACE_OUTER_BOUND('887',#1441,.F.);
#1444=CARTESIAN_POINT('',(0.E0,-4.163800232982E0,1.205E0));
#1445=DIRECTION('',(0.E0,0.E0,1.E0));
#1446=DIRECTION('',(0.E0,-1.E0,0.E0));
#1447=AXIS2_PLACEMENT_3D('',#1444,#1445,#1446);
#1448=PLANE('888',#1447);
#1449=ORIENTED_EDGE('686',*,*,#1326,.T.);
#1451=ORIENTED_EDGE('805',*,*,#1450,.F.);
#1453=ORIENTED_EDGE('724',*,*,#1452,.F.);
#1454=ORIENTED_EDGE('804',*,*,#1436,.T.);
#1455=EDGE_LOOP('888',(#1449,#1451,#1453,#1454));
#1456=FACE_OUTER_BOUND('888',#1455,.F.);
#1458=CARTESIAN_POINT('',(0.E0,-4.038386364411E0,9.233158392311E-1));
#1459=DIRECTION('',(0.E0,9.135454576426E-1,4.067366430758E-1));
#1460=DIRECTION('',(0.E0,-4.067366430758E-1,9.135454576426E-1));
#1461=AXIS2_PLACEMENT_3D('',#1458,#1459,#1460);
#1462=PLANE('889',#1461);
#1463=ORIENTED_EDGE('685',*,*,#1324,.F.);
#1465=ORIENTED_EDGE('806',*,*,#1464,.F.);
#1467=ORIENTED_EDGE('725',*,*,#1466,.F.);
#1468=ORIENTED_EDGE('805',*,*,#1450,.T.);
#1469=EDGE_LOOP('889',(#1463,#1465,#1467,#1468));
#1470=FACE_OUTER_BOUND('889',#1469,.F.);
#1472=CARTESIAN_POINT('',(0.E0,-3.81E0,1.025E0));
#1473=DIRECTION('',(1.E0,0.E0,0.E0));
#1474=DIRECTION('',(0.E0,1.E0,0.E0));
#1475=AXIS2_PLACEMENT_3D('',#1472,#1473,#1474);
#1476=CYLINDRICAL_SURFACE('890',#1475,2.5E-1);
#1478=ORIENTED_EDGE('726',*,*,#1477,.F.);
#1479=ORIENTED_EDGE('806',*,*,#1464,.T.);
#1480=ORIENTED_EDGE('684',*,*,#1322,.F.);
#1482=ORIENTED_EDGE('807',*,*,#1481,.T.);
#1483=EDGE_LOOP('890',(#1478,#1479,#1480,#1482));
#1484=FACE_OUTER_BOUND('890',#1483,.F.);
#1486=CARTESIAN_POINT('',(2.14E0,0.E0,0.E0));
#1487=DIRECTION('',(1.E0,0.E0,0.E0));
#1488=DIRECTION('',(0.E0,1.E0,0.E0));
#1489=AXIS2_PLACEMENT_3D('',#1486,#1487,#1488);
#1490=PLANE('858',#1489);
#1491=ORIENTED_EDGE('721',*,*,#1409,.F.);
#1492=ORIENTED_EDGE('722',*,*,#1425,.T.);
#1493=ORIENTED_EDGE('723',*,*,#1438,.T.);
#1494=ORIENTED_EDGE('724',*,*,#1452,.T.);
#1495=ORIENTED_EDGE('725',*,*,#1466,.T.);
#1496=ORIENTED_EDGE('726',*,*,#1477,.T.);
#1498=ORIENTED_EDGE('727',*,*,#1497,.T.);
#1500=ORIENTED_EDGE('728',*,*,#1499,.T.);
#1502=ORIENTED_EDGE('729',*,*,#1501,.T.);
#1504=ORIENTED_EDGE('730',*,*,#1503,.T.);
#1506=ORIENTED_EDGE('731',*,*,#1505,.T.);
#1508=ORIENTED_EDGE('732',*,*,#1507,.T.);
#1510=ORIENTED_EDGE('733',*,*,#1509,.T.);
#1512=ORIENTED_EDGE('734',*,*,#1511,.T.);
#1514=ORIENTED_EDGE('735',*,*,#1513,.T.);
#1516=ORIENTED_EDGE('736',*,*,#1515,.T.);
#1518=ORIENTED_EDGE('737',*,*,#1517,.T.);
#1520=ORIENTED_EDGE('738',*,*,#1519,.T.);
#1522=ORIENTED_EDGE('739',*,*,#1521,.T.);
#1524=ORIENTED_EDGE('740',*,*,#1523,.T.);
#1526=ORIENTED_EDGE('741',*,*,#1525,.T.);
#1528=ORIENTED_EDGE('742',*,*,#1527,.T.);
#1530=ORIENTED_EDGE('743',*,*,#1529,.T.);
#1532=ORIENTED_EDGE('744',*,*,#1531,.T.);
#1534=ORIENTED_EDGE('745',*,*,#1533,.T.);
#1536=ORIENTED_EDGE('746',*,*,#1535,.T.);
#1538=ORIENTED_EDGE('747',*,*,#1537,.T.);
#1540=ORIENTED_EDGE('748',*,*,#1539,.T.);
#1541=EDGE_LOOP('858',(#1491,#1492,#1493,#1494,#1495,#1496,#1498,#1500,#1502,
#1504,#1506,#1508,#1510,#1512,#1514,#1516,#1518,#1520,#1522,#1524,#1526,#1528,
#1530,#1532,#1534,#1536,#1538,#1540));
#1542=FACE_OUTER_BOUND('858',#1541,.F.);
#1544=ORIENTED_EDGE('749',*,*,#1543,.T.);
#1546=ORIENTED_EDGE('750',*,*,#1545,.T.);
#1548=ORIENTED_EDGE('751',*,*,#1547,.T.);
#1550=ORIENTED_EDGE('752',*,*,#1549,.T.);
#1551=EDGE_LOOP('858',(#1544,#1546,#1548,#1550));
#1552=FACE_BOUND('858',#1551,.F.);
#1554=ORIENTED_EDGE('753',*,*,#1553,.T.);
#1556=ORIENTED_EDGE('754',*,*,#1555,.T.);
#1558=ORIENTED_EDGE('755',*,*,#1557,.T.);
#1560=ORIENTED_EDGE('756',*,*,#1559,.T.);
#1561=EDGE_LOOP('858',(#1554,#1556,#1558,#1560));
#1562=FACE_BOUND('858',#1561,.F.);
#1564=ORIENTED_EDGE('757',*,*,#1563,.T.);
#1566=ORIENTED_EDGE('758',*,*,#1565,.T.);
#1567=EDGE_LOOP('858',(#1564,#1566));
#1568=FACE_BOUND('858',#1567,.F.);
#1570=ORIENTED_EDGE('759',*,*,#1569,.T.);
#1572=ORIENTED_EDGE('760',*,*,#1571,.T.);
#1573=EDGE_LOOP('858',(#1570,#1572));
#1574=FACE_BOUND('858',#1573,.F.);
#1576=ORIENTED_EDGE('761',*,*,#1575,.T.);
#1578=ORIENTED_EDGE('762',*,*,#1577,.T.);
#1579=EDGE_LOOP('858',(#1576,#1578));
#1580=FACE_BOUND('858',#1579,.F.);
#1582=ORIENTED_EDGE('763',*,*,#1581,.T.);
#1584=ORIENTED_EDGE('764',*,*,#1583,.T.);
#1585=EDGE_LOOP('858',(#1582,#1584));
#1586=FACE_BOUND('858',#1585,.F.);
#1588=ORIENTED_EDGE('765',*,*,#1587,.T.);
#1590=ORIENTED_EDGE('766',*,*,#1589,.T.);
#1591=EDGE_LOOP('858',(#1588,#1590));
#1592=FACE_BOUND('858',#1591,.F.);
#1594=ORIENTED_EDGE('767',*,*,#1593,.T.);
#1596=ORIENTED_EDGE('768',*,*,#1595,.T.);
#1597=EDGE_LOOP('858',(#1594,#1596));
#1598=FACE_BOUND('858',#1597,.F.);
#1600=ORIENTED_EDGE('714',*,*,#1599,.T.);
#1602=ORIENTED_EDGE('717',*,*,#1601,.T.);
#1604=ORIENTED_EDGE('719',*,*,#1603,.T.);
#1606=ORIENTED_EDGE('720',*,*,#1605,.T.);
#1607=EDGE_LOOP('858',(#1600,#1602,#1604,#1606));
#1608=FACE_BOUND('858',#1607,.F.);
#1610=CARTESIAN_POINT('',(0.E0,-3.456199767018E0,1.205E0));
#1611=DIRECTION('',(0.E0,-9.135454576426E-1,4.067366430758E-1));
#1612=DIRECTION('',(0.E0,-4.067366430758E-1,-9.135454576426E-1));
#1613=AXIS2_PLACEMENT_3D('',#1610,#1611,#1612);
#1614=PLANE('891',#1613);
#1615=ORIENTED_EDGE('683',*,*,#1320,.F.);
#1617=ORIENTED_EDGE('808',*,*,#1616,.F.);
#1618=ORIENTED_EDGE('727',*,*,#1497,.F.);
#1619=ORIENTED_EDGE('807',*,*,#1481,.F.);
#1620=EDGE_LOOP('891',(#1615,#1617,#1618,#1619));
#1621=FACE_OUTER_BOUND('891',#1620,.F.);
#1623=CARTESIAN_POINT('',(0.E0,-1.623800232982E0,1.205E0));
#1624=DIRECTION('',(0.E0,0.E0,1.E0));
#1625=DIRECTION('',(0.E0,-1.E0,0.E0));
#1626=AXIS2_PLACEMENT_3D('',#1623,#1624,#1625);
#1627=PLANE('892',#1626);
#1628=ORIENTED_EDGE('682',*,*,#1318,.T.);
#1630=ORIENTED_EDGE('809',*,*,#1629,.F.);
#1631=ORIENTED_EDGE('728',*,*,#1499,.F.);
#1632=ORIENTED_EDGE('808',*,*,#1616,.T.);
#1633=EDGE_LOOP('892',(#1628,#1630,#1631,#1632));
#1634=FACE_OUTER_BOUND('892',#1633,.F.);
#1636=CARTESIAN_POINT('',(0.E0,-1.498386364411E0,9.233158392311E-1));
#1637=DIRECTION('',(0.E0,9.135454576426E-1,4.067366430758E-1));
#1638=DIRECTION('',(0.E0,-4.067366430758E-1,9.135454576426E-1));
#1639=AXIS2_PLACEMENT_3D('',#1636,#1637,#1638);
#1640=PLANE('893',#1639);
#1641=ORIENTED_EDGE('681',*,*,#1316,.F.);
#1643=ORIENTED_EDGE('810',*,*,#1642,.F.);
#1644=ORIENTED_EDGE('729',*,*,#1501,.F.);
#1645=ORIENTED_EDGE('809',*,*,#1629,.T.);
#1646=EDGE_LOOP('893',(#1641,#1643,#1644,#1645));
#1647=FACE_OUTER_BOUND('893',#1646,.F.);
#1649=CARTESIAN_POINT('',(0.E0,-1.27E0,1.025E0));
#1650=DIRECTION('',(1.E0,0.E0,0.E0));
#1651=DIRECTION('',(0.E0,1.E0,0.E0));
#1652=AXIS2_PLACEMENT_3D('',#1649,#1650,#1651);
#1653=CYLINDRICAL_SURFACE('894',#1652,2.5E-1);
#1654=ORIENTED_EDGE('730',*,*,#1503,.F.);
#1655=ORIENTED_EDGE('810',*,*,#1642,.T.);
#1656=ORIENTED_EDGE('680',*,*,#1314,.F.);
#1658=ORIENTED_EDGE('811',*,*,#1657,.T.);
#1659=EDGE_LOOP('894',(#1654,#1655,#1656,#1658));
#1660=FACE_OUTER_BOUND('894',#1659,.F.);
#1662=CARTESIAN_POINT('',(0.E0,-9.161997670180E-1,1.205E0));
#1663=DIRECTION('',(0.E0,-9.135454576426E-1,4.067366430758E-1));
#1664=DIRECTION('',(0.E0,-4.067366430758E-1,-9.135454576426E-1));
#1665=AXIS2_PLACEMENT_3D('',#1662,#1663,#1664);
#1666=PLANE('895',#1665);
#1667=ORIENTED_EDGE('679',*,*,#1312,.F.);
#1669=ORIENTED_EDGE('812',*,*,#1668,.F.);
#1670=ORIENTED_EDGE('731',*,*,#1505,.F.);
#1671=ORIENTED_EDGE('811',*,*,#1657,.F.);
#1672=EDGE_LOOP('895',(#1667,#1669,#1670,#1671));
#1673=FACE_OUTER_BOUND('895',#1672,.F.);
#1675=CARTESIAN_POINT('',(0.E0,9.161997670180E-1,1.205E0));
#1676=DIRECTION('',(0.E0,0.E0,1.E0));
#1677=DIRECTION('',(0.E0,-1.E0,0.E0));
#1678=AXIS2_PLACEMENT_3D('',#1675,#1676,#1677);
#1679=PLANE('896',#1678);
#1680=ORIENTED_EDGE('678',*,*,#1310,.T.);
#1682=ORIENTED_EDGE('813',*,*,#1681,.F.);
#1683=ORIENTED_EDGE('732',*,*,#1507,.F.);
#1684=ORIENTED_EDGE('812',*,*,#1668,.T.);
#1685=EDGE_LOOP('896',(#1680,#1682,#1683,#1684));
#1686=FACE_OUTER_BOUND('896',#1685,.F.);
#1688=CARTESIAN_POINT('',(0.E0,1.041613635589E0,9.233158392311E-1));
#1689=DIRECTION('',(0.E0,9.135454576426E-1,4.067366430758E-1));
#1690=DIRECTION('',(0.E0,-4.067366430758E-1,9.135454576426E-1));
#1691=AXIS2_PLACEMENT_3D('',#1688,#1689,#1690);
#1692=PLANE('897',#1691);
#1693=ORIENTED_EDGE('677',*,*,#1308,.F.);
#1695=ORIENTED_EDGE('814',*,*,#1694,.F.);
#1696=ORIENTED_EDGE('733',*,*,#1509,.F.);
#1697=ORIENTED_EDGE('813',*,*,#1681,.T.);
#1698=EDGE_LOOP('897',(#1693,#1695,#1696,#1697));
#1699=FACE_OUTER_BOUND('897',#1698,.F.);
#1701=CARTESIAN_POINT('',(0.E0,1.27E0,1.025E0));
#1702=DIRECTION('',(1.E0,0.E0,0.E0));
#1703=DIRECTION('',(0.E0,1.E0,0.E0));
#1704=AXIS2_PLACEMENT_3D('',#1701,#1702,#1703);
#1705=CYLINDRICAL_SURFACE('898',#1704,2.5E-1);
#1706=ORIENTED_EDGE('676',*,*,#1306,.F.);
#1708=ORIENTED_EDGE('815',*,*,#1707,.T.);
#1709=ORIENTED_EDGE('734',*,*,#1511,.F.);
#1710=ORIENTED_EDGE('814',*,*,#1694,.T.);
#1711=EDGE_LOOP('898',(#1706,#1708,#1709,#1710));
#1712=FACE_OUTER_BOUND('898',#1711,.F.);
#1714=CARTESIAN_POINT('',(0.E0,1.27E0,-7.75E-1));
#1715=DIRECTION('',(0.E0,1.E0,0.E0));
#1716=DIRECTION('',(0.E0,0.E0,1.E0));
#1717=AXIS2_PLACEMENT_3D('',#1714,#1715,#1716);
#1718=PLANE('899',#1717);
#1719=ORIENTED_EDGE('675',*,*,#1304,.T.);
#1721=ORIENTED_EDGE('816',*,*,#1720,.F.);
#1722=ORIENTED_EDGE('735',*,*,#1513,.F.);
#1723=ORIENTED_EDGE('815',*,*,#1707,.F.);
#1724=EDGE_LOOP('899',(#1719,#1721,#1722,#1723));
#1725=FACE_OUTER_BOUND('899',#1724,.F.);
#1727=CARTESIAN_POINT('',(0.E0,1.27E0,-1.025E0));
#1728=DIRECTION('',(1.E0,0.E0,0.E0));
#1729=DIRECTION('',(0.E0,1.E0,0.E0));
#1730=AXIS2_PLACEMENT_3D('',#1727,#1728,#1729);
#1731=CYLINDRICAL_SURFACE('900',#1730,2.5E-1);
#1732=ORIENTED_EDGE('674',*,*,#1302,.F.);
#1734=ORIENTED_EDGE('817',*,*,#1733,.T.);
#1735=ORIENTED_EDGE('736',*,*,#1515,.F.);
#1736=ORIENTED_EDGE('816',*,*,#1720,.T.);
#1737=EDGE_LOOP('900',(#1732,#1734,#1735,#1736));
#1738=FACE_OUTER_BOUND('900',#1737,.F.);
#1740=CARTESIAN_POINT('',(0.E0,9.161997670180E-1,-1.205E0));
#1741=DIRECTION('',(0.E0,9.135454576426E-1,-4.067366430758E-1));
#1742=DIRECTION('',(0.E0,4.067366430758E-1,9.135454576426E-1));
#1743=AXIS2_PLACEMENT_3D('',#1740,#1741,#1742);
#1744=PLANE('901',#1743);
#1745=ORIENTED_EDGE('673',*,*,#1300,.F.);
#1747=ORIENTED_EDGE('818',*,*,#1746,.F.);
#1748=ORIENTED_EDGE('737',*,*,#1517,.F.);
#1749=ORIENTED_EDGE('817',*,*,#1733,.F.);
#1750=EDGE_LOOP('901',(#1745,#1747,#1748,#1749));
#1751=FACE_OUTER_BOUND('901',#1750,.F.);
#1753=CARTESIAN_POINT('',(0.E0,-9.161997670180E-1,-1.205E0));
#1754=DIRECTION('',(0.E0,0.E0,-1.E0));
#1755=DIRECTION('',(0.E0,1.E0,0.E0));
#1756=AXIS2_PLACEMENT_3D('',#1753,#1754,#1755);
#1757=PLANE('902',#1756);
#1758=ORIENTED_EDGE('672',*,*,#1298,.T.);
#1760=ORIENTED_EDGE('819',*,*,#1759,.F.);
#1761=ORIENTED_EDGE('738',*,*,#1519,.F.);
#1762=ORIENTED_EDGE('818',*,*,#1746,.T.);
#1763=EDGE_LOOP('902',(#1758,#1760,#1761,#1762));
#1764=FACE_OUTER_BOUND('902',#1763,.F.);
#1766=CARTESIAN_POINT('',(0.E0,-1.041613635589E0,-9.233158392311E-1));
#1767=DIRECTION('',(0.E0,-9.135454576426E-1,-4.067366430758E-1));
#1768=DIRECTION('',(0.E0,4.067366430758E-1,-9.135454576426E-1));
#1769=AXIS2_PLACEMENT_3D('',#1766,#1767,#1768);
#1770=PLANE('903',#1769);
#1771=ORIENTED_EDGE('671',*,*,#1296,.F.);
#1773=ORIENTED_EDGE('820',*,*,#1772,.F.);
#1774=ORIENTED_EDGE('739',*,*,#1521,.F.);
#1775=ORIENTED_EDGE('819',*,*,#1759,.T.);
#1776=EDGE_LOOP('903',(#1771,#1773,#1774,#1775));
#1777=FACE_OUTER_BOUND('903',#1776,.F.);
#1779=CARTESIAN_POINT('',(0.E0,-1.27E0,-1.025E0));
#1780=DIRECTION('',(1.E0,0.E0,0.E0));
#1781=DIRECTION('',(0.E0,1.E0,0.E0));
#1782=AXIS2_PLACEMENT_3D('',#1779,#1780,#1781);
#1783=CYLINDRICAL_SURFACE('904',#1782,2.5E-1);
#1784=ORIENTED_EDGE('670',*,*,#1294,.F.);
#1786=ORIENTED_EDGE('821',*,*,#1785,.T.);
#1787=ORIENTED_EDGE('740',*,*,#1523,.F.);
#1788=ORIENTED_EDGE('820',*,*,#1772,.T.);
#1789=EDGE_LOOP('904',(#1784,#1786,#1787,#1788));
#1790=FACE_OUTER_BOUND('904',#1789,.F.);
#1792=CARTESIAN_POINT('',(0.E0,-1.623800232982E0,-1.205E0));
#1793=DIRECTION('',(0.E0,9.135454576426E-1,-4.067366430758E-1));
#1794=DIRECTION('',(0.E0,4.067366430758E-1,9.135454576426E-1));
#1795=AXIS2_PLACEMENT_3D('',#1792,#1793,#1794);
#1796=PLANE('905',#1795);
#1797=ORIENTED_EDGE('669',*,*,#1292,.F.);
#1799=ORIENTED_EDGE('822',*,*,#1798,.F.);
#1800=ORIENTED_EDGE('741',*,*,#1525,.F.);
#1801=ORIENTED_EDGE('821',*,*,#1785,.F.);
#1802=EDGE_LOOP('905',(#1797,#1799,#1800,#1801));
#1803=FACE_OUTER_BOUND('905',#1802,.F.);
#1805=CARTESIAN_POINT('',(0.E0,-3.456199767018E0,-1.205E0));
#1806=DIRECTION('',(0.E0,0.E0,-1.E0));
#1807=DIRECTION('',(0.E0,1.E0,0.E0));
#1808=AXIS2_PLACEMENT_3D('',#1805,#1806,#1807);
#1809=PLANE('906',#1808);
#1810=ORIENTED_EDGE('668',*,*,#1290,.T.);
#1812=ORIENTED_EDGE('823',*,*,#1811,.F.);
#1813=ORIENTED_EDGE('742',*,*,#1527,.F.);
#1814=ORIENTED_EDGE('822',*,*,#1798,.T.);
#1815=EDGE_LOOP('906',(#1810,#1812,#1813,#1814));
#1816=FACE_OUTER_BOUND('906',#1815,.F.);
#1818=CARTESIAN_POINT('',(0.E0,-3.581613635589E0,-9.233158392311E-1));
#1819=DIRECTION('',(0.E0,-9.135454576426E-1,-4.067366430758E-1));
#1820=DIRECTION('',(0.E0,4.067366430758E-1,-9.135454576426E-1));
#1821=AXIS2_PLACEMENT_3D('',#1818,#1819,#1820);
#1822=PLANE('907',#1821);
#1823=ORIENTED_EDGE('667',*,*,#1288,.F.);
#1825=ORIENTED_EDGE('824',*,*,#1824,.F.);
#1826=ORIENTED_EDGE('743',*,*,#1529,.F.);
#1827=ORIENTED_EDGE('823',*,*,#1811,.T.);
#1828=EDGE_LOOP('907',(#1823,#1825,#1826,#1827));
#1829=FACE_OUTER_BOUND('907',#1828,.F.);
#1831=CARTESIAN_POINT('',(0.E0,-3.81E0,-1.025E0));
#1832=DIRECTION('',(1.E0,0.E0,0.E0));
#1833=DIRECTION('',(0.E0,1.E0,0.E0));
#1834=AXIS2_PLACEMENT_3D('',#1831,#1832,#1833);
#1835=CYLINDRICAL_SURFACE('908',#1834,2.5E-1);
#1836=ORIENTED_EDGE('666',*,*,#1286,.F.);
#1838=ORIENTED_EDGE('825',*,*,#1837,.T.);
#1839=ORIENTED_EDGE('744',*,*,#1531,.F.);
#1840=ORIENTED_EDGE('824',*,*,#1824,.T.);
#1841=EDGE_LOOP('908',(#1836,#1838,#1839,#1840));
#1842=FACE_OUTER_BOUND('908',#1841,.F.);
#1844=CARTESIAN_POINT('',(0.E0,-4.163800232982E0,-1.205E0));
#1845=DIRECTION('',(0.E0,9.135454576426E-1,-4.067366430758E-1));
#1846=DIRECTION('',(0.E0,4.067366430758E-1,9.135454576426E-1));
#1847=AXIS2_PLACEMENT_3D('',#1844,#1845,#1846);
#1848=PLANE('909',#1847);
#1849=ORIENTED_EDGE('665',*,*,#1284,.F.);
#1851=ORIENTED_EDGE('826',*,*,#1850,.F.);
#1852=ORIENTED_EDGE('745',*,*,#1533,.F.);
#1853=ORIENTED_EDGE('825',*,*,#1837,.F.);
#1854=EDGE_LOOP('909',(#1849,#1851,#1852,#1853));
#1855=FACE_OUTER_BOUND('909',#1854,.F.);
#1857=CARTESIAN_POINT('',(0.E0,-5.996199767018E0,-1.205E0));
#1858=DIRECTION('',(0.E0,0.E0,-1.E0));
#1859=DIRECTION('',(0.E0,1.E0,0.E0));
#1860=AXIS2_PLACEMENT_3D('',#1857,#1858,#1859);
#1861=PLANE('910',#1860);
#1862=ORIENTED_EDGE('664',*,*,#1282,.T.);
#1864=ORIENTED_EDGE('827',*,*,#1863,.F.);
#1865=ORIENTED_EDGE('746',*,*,#1535,.F.);
#1866=ORIENTED_EDGE('826',*,*,#1850,.T.);
#1867=EDGE_LOOP('910',(#1862,#1864,#1865,#1866));
#1868=FACE_OUTER_BOUND('910',#1867,.F.);
#1870=CARTESIAN_POINT('',(0.E0,-6.121613635589E0,-9.233158392311E-1));
#1871=DIRECTION('',(0.E0,-9.135454576426E-1,-4.067366430758E-1));
#1872=DIRECTION('',(0.E0,4.067366430758E-1,-9.135454576426E-1));
#1873=AXIS2_PLACEMENT_3D('',#1870,#1871,#1872);
#1874=PLANE('911',#1873);
#1875=ORIENTED_EDGE('663',*,*,#1280,.F.);
#1877=ORIENTED_EDGE('828',*,*,#1876,.F.);
#1878=ORIENTED_EDGE('747',*,*,#1537,.F.);
#1879=ORIENTED_EDGE('827',*,*,#1863,.T.);
#1880=EDGE_LOOP('911',(#1875,#1877,#1878,#1879));
#1881=FACE_OUTER_BOUND('911',#1880,.F.);
#1883=CARTESIAN_POINT('',(0.E0,-6.35E0,-1.025E0));
#1884=DIRECTION('',(1.E0,0.E0,0.E0));
#1885=DIRECTION('',(0.E0,1.E0,0.E0));
#1886=AXIS2_PLACEMENT_3D('',#1883,#1884,#1885);
#1887=CYLINDRICAL_SURFACE('912',#1886,2.5E-1);
#1888=ORIENTED_EDGE('802',*,*,#1411,.T.);
#1889=ORIENTED_EDGE('748',*,*,#1539,.F.);
#1890=ORIENTED_EDGE('828',*,*,#1876,.T.);
#1891=ORIENTED_EDGE('662',*,*,#1278,.F.);
#1892=EDGE_LOOP('912',(#1888,#1889,#1890,#1891));
#1893=FACE_OUTER_BOUND('912',#1892,.F.);
#1895=CARTESIAN_POINT('',(0.E0,-2.235E0,3.05E-1));
#1896=DIRECTION('',(0.E0,-1.E0,0.E0));
#1897=DIRECTION('',(0.E0,0.E0,-1.E0));
#1898=AXIS2_PLACEMENT_3D('',#1895,#1896,#1897);
#1899=PLANE('859',#1898);
#1900=ORIENTED_EDGE('689',*,*,#1334,.T.);
#1902=ORIENTED_EDGE('769',*,*,#1901,.F.);
#1903=ORIENTED_EDGE('749',*,*,#1543,.F.);
#1905=ORIENTED_EDGE('770',*,*,#1904,.T.);
#1906=EDGE_LOOP('859',(#1900,#1902,#1903,#1905));
#1907=FACE_OUTER_BOUND('859',#1906,.F.);
#1909=CARTESIAN_POINT('',(0.E0,-2.845E0,3.05E-1));
#1910=DIRECTION('',(0.E0,0.E0,-1.E0));
#1911=DIRECTION('',(0.E0,1.E0,0.E0));
#1912=AXIS2_PLACEMENT_3D('',#1909,#1910,#1911);
#1913=PLANE('860',#1912);
#1914=ORIENTED_EDGE('692',*,*,#1340,.T.);
#1916=ORIENTED_EDGE('771',*,*,#1915,.F.);
#1917=ORIENTED_EDGE('750',*,*,#1545,.F.);
#1918=ORIENTED_EDGE('769',*,*,#1901,.T.);
#1919=EDGE_LOOP('860',(#1914,#1916,#1917,#1918));
#1920=FACE_OUTER_BOUND('860',#1919,.F.);
#1922=CARTESIAN_POINT('',(0.E0,-2.845E0,-3.05E-1));
#1923=DIRECTION('',(0.E0,1.E0,0.E0));
#1924=DIRECTION('',(0.E0,0.E0,1.E0));
#1925=AXIS2_PLACEMENT_3D('',#1922,#1923,#1924);
#1926=PLANE('861',#1925);
#1927=ORIENTED_EDGE('691',*,*,#1338,.T.);
#1929=ORIENTED_EDGE('772',*,*,#1928,.F.);
#1930=ORIENTED_EDGE('751',*,*,#1547,.F.);
#1931=ORIENTED_EDGE('771',*,*,#1915,.T.);
#1932=EDGE_LOOP('861',(#1927,#1929,#1930,#1931));
#1933=FACE_OUTER_BOUND('861',#1932,.F.);
#1935=CARTESIAN_POINT('',(0.E0,-2.235E0,-3.05E-1));
#1936=DIRECTION('',(0.E0,0.E0,1.E0));
#1937=DIRECTION('',(0.E0,-1.E0,0.E0));
#1938=AXIS2_PLACEMENT_3D('',#1935,#1936,#1937);
#1939=PLANE('862',#1938);
#1940=ORIENTED_EDGE('690',*,*,#1336,.T.);
#1941=ORIENTED_EDGE('770',*,*,#1904,.F.);
#1942=ORIENTED_EDGE('752',*,*,#1549,.F.);
#1943=ORIENTED_EDGE('772',*,*,#1928,.T.);
#1944=EDGE_LOOP('862',(#1940,#1941,#1942,#1943));
#1945=FACE_OUTER_BOUND('862',#1944,.F.);
#1947=CARTESIAN_POINT('',(0.E0,3.05E-1,3.05E-1));
#1948=DIRECTION('',(0.E0,-1.E0,0.E0));
#1949=DIRECTION('',(0.E0,0.E0,-1.E0));
#1950=AXIS2_PLACEMENT_3D('',#1947,#1948,#1949);
#1951=PLANE('863',#1950);
#1952=ORIENTED_EDGE('693',*,*,#1344,.T.);
#1954=ORIENTED_EDGE('773',*,*,#1953,.F.);
#1955=ORIENTED_EDGE('753',*,*,#1553,.F.);
#1957=ORIENTED_EDGE('774',*,*,#1956,.T.);
#1958=EDGE_LOOP('863',(#1952,#1954,#1955,#1957));
#1959=FACE_OUTER_BOUND('863',#1958,.F.);
#1961=CARTESIAN_POINT('',(0.E0,-3.05E-1,3.05E-1));
#1962=DIRECTION('',(0.E0,0.E0,-1.E0));
#1963=DIRECTION('',(0.E0,1.E0,0.E0));
#1964=AXIS2_PLACEMENT_3D('',#1961,#1962,#1963);
#1965=PLANE('864',#1964);
#1966=ORIENTED_EDGE('696',*,*,#1350,.T.);
#1968=ORIENTED_EDGE('775',*,*,#1967,.F.);
#1969=ORIENTED_EDGE('754',*,*,#1555,.F.);
#1970=ORIENTED_EDGE('773',*,*,#1953,.T.);
#1971=EDGE_LOOP('864',(#1966,#1968,#1969,#1970));
#1972=FACE_OUTER_BOUND('864',#1971,.F.);
#1974=CARTESIAN_POINT('',(0.E0,-3.05E-1,-3.05E-1));
#1975=DIRECTION('',(0.E0,1.E0,0.E0));
#1976=DIRECTION('',(0.E0,0.E0,1.E0));
#1977=AXIS2_PLACEMENT_3D('',#1974,#1975,#1976);
#1978=PLANE('865',#1977);
#1979=ORIENTED_EDGE('695',*,*,#1348,.T.);
#1981=ORIENTED_EDGE('776',*,*,#1980,.F.);
#1982=ORIENTED_EDGE('755',*,*,#1557,.F.);
#1983=ORIENTED_EDGE('775',*,*,#1967,.T.);
#1984=EDGE_LOOP('865',(#1979,#1981,#1982,#1983));
#1985=FACE_OUTER_BOUND('865',#1984,.F.);
#1987=CARTESIAN_POINT('',(0.E0,3.05E-1,-3.05E-1));
#1988=DIRECTION('',(0.E0,0.E0,1.E0));
#1989=DIRECTION('',(0.E0,-1.E0,0.E0));
#1990=AXIS2_PLACEMENT_3D('',#1987,#1988,#1989);
#1991=PLANE('866',#1990);
#1992=ORIENTED_EDGE('694',*,*,#1346,.T.);
#1993=ORIENTED_EDGE('774',*,*,#1956,.F.);
#1994=ORIENTED_EDGE('756',*,*,#1559,.F.);
#1995=ORIENTED_EDGE('776',*,*,#1980,.T.);
#1996=EDGE_LOOP('866',(#1992,#1993,#1994,#1995));
#1997=FACE_OUTER_BOUND('866',#1996,.F.);
#1999=CARTESIAN_POINT('',(2.14E0,-4.8E-1,6.6E-1));
#2000=DIRECTION('',(1.E0,0.E0,0.E0));
#2001=DIRECTION('',(0.E0,1.E0,0.E0));
#2002=AXIS2_PLACEMENT_3D('',#1999,#2000,#2001);
#2003=CYLINDRICAL_SURFACE('867',#2002,2.05E-1);
#2004=ORIENTED_EDGE('757',*,*,#1563,.F.);
#2006=ORIENTED_EDGE('777',*,*,#2005,.F.);
#2008=ORIENTED_EDGE('778',*,*,#2007,.F.);
#2010=ORIENTED_EDGE('779',*,*,#2009,.T.);
#2011=EDGE_LOOP('867',(#2004,#2006,#2008,#2010));
#2012=FACE_OUTER_BOUND('867',#2011,.F.);
#2014=CARTESIAN_POINT('',(2.14E0,-4.8E-1,6.6E-1));
#2015=DIRECTION('',(1.E0,0.E0,0.E0));
#2016=DIRECTION('',(0.E0,1.E0,0.E0));
#2017=AXIS2_PLACEMENT_3D('',#2014,#2015,#2016);
#2018=CYLINDRICAL_SURFACE('868',#2017,2.05E-1);
#2019=ORIENTED_EDGE('758',*,*,#1565,.F.);
#2020=ORIENTED_EDGE('779',*,*,#2009,.F.);
#2022=ORIENTED_EDGE('780',*,*,#2021,.F.);
#2023=ORIENTED_EDGE('777',*,*,#2005,.T.);
#2024=EDGE_LOOP('868',(#2019,#2020,#2022,#2023));
#2025=FACE_OUTER_BOUND('868',#2024,.F.);
#2027=CARTESIAN_POINT('',(2.34E0,0.E0,0.E0));
#2028=DIRECTION('',(1.E0,0.E0,0.E0));
#2029=DIRECTION('',(0.E0,1.E0,0.E0));
#2030=AXIS2_PLACEMENT_3D('',#2027,#2028,#2029);
#2031=PLANE('869',#2030);
#2032=ORIENTED_EDGE('778',*,*,#2007,.T.);
#2033=ORIENTED_EDGE('780',*,*,#2021,.T.);
#2034=EDGE_LOOP('869',(#2032,#2033));
#2035=FACE_OUTER_BOUND('869',#2034,.F.);
#2037=CARTESIAN_POINT('',(2.14E0,4.8E-1,-6.6E-1));
#2038=DIRECTION('',(1.E0,0.E0,0.E0));
#2039=DIRECTION('',(0.E0,1.E0,0.E0));
#2040=AXIS2_PLACEMENT_3D('',#2037,#2038,#2039);
#2041=CYLINDRICAL_SURFACE('871',#2040,2.05E-1);
#2042=ORIENTED_EDGE('759',*,*,#1569,.F.);
#2044=ORIENTED_EDGE('783',*,*,#2043,.F.);
#2046=ORIENTED_EDGE('781',*,*,#2045,.F.);
#2048=ORIENTED_EDGE('784',*,*,#2047,.T.);
#2049=EDGE_LOOP('871',(#2042,#2044,#2046,#2048));
#2050=FACE_OUTER_BOUND('871',#2049,.F.);
#2052=CARTESIAN_POINT('',(2.14E0,4.8E-1,-6.6E-1));
#2053=DIRECTION('',(1.E0,0.E0,0.E0));
#2054=DIRECTION('',(0.E0,1.E0,0.E0));
#2055=AXIS2_PLACEMENT_3D('',#2052,#2053,#2054);
#2056=CYLINDRICAL_SURFACE('872',#2055,2.05E-1);
#2057=ORIENTED_EDGE('760',*,*,#1571,.F.);
#2058=ORIENTED_EDGE('784',*,*,#2047,.F.);
#2060=ORIENTED_EDGE('782',*,*,#2059,.F.);
#2061=ORIENTED_EDGE('783',*,*,#2043,.T.);
#2062=EDGE_LOOP('872',(#2057,#2058,#2060,#2061));
#2063=FACE_OUTER_BOUND('872',#2062,.F.);
#2065=CARTESIAN_POINT('',(2.34E0,0.E0,0.E0));
#2066=DIRECTION('',(1.E0,0.E0,0.E0));
#2067=DIRECTION('',(0.E0,1.E0,0.E0));
#2068=AXIS2_PLACEMENT_3D('',#2065,#2066,#2067);
#2069=PLANE('870',#2068);
#2070=ORIENTED_EDGE('781',*,*,#2045,.T.);
#2071=ORIENTED_EDGE('782',*,*,#2059,.T.);
#2072=EDGE_LOOP('870',(#2070,#2071));
#2073=FACE_OUTER_BOUND('870',#2072,.F.);
#2075=CARTESIAN_POINT('',(2.14E0,-3.02E0,6.6E-1));
#2076=DIRECTION('',(1.E0,0.E0,0.E0));
#2077=DIRECTION('',(0.E0,1.E0,0.E0));
#2078=AXIS2_PLACEMENT_3D('',#2075,#2076,#2077);
#2079=CYLINDRICAL_SURFACE('873',#2078,2.05E-1);
#2080=ORIENTED_EDGE('761',*,*,#1575,.F.);
#2082=ORIENTED_EDGE('785',*,*,#2081,.F.);
#2084=ORIENTED_EDGE('786',*,*,#2083,.F.);
#2086=ORIENTED_EDGE('787',*,*,#2085,.T.);
#2087=EDGE_LOOP('873',(#2080,#2082,#2084,#2086));
#2088=FACE_OUTER_BOUND('873',#2087,.F.);
#2090=CARTESIAN_POINT('',(2.14E0,-3.02E0,6.6E-1));
#2091=DIRECTION('',(1.E0,0.E0,0.E0));
#2092=DIRECTION('',(0.E0,1.E0,0.E0));
#2093=AXIS2_PLACEMENT_3D('',#2090,#2091,#2092);
#2094=CYLINDRICAL_SURFACE('874',#2093,2.05E-1);
#2095=ORIENTED_EDGE('762',*,*,#1577,.F.);
#2096=ORIENTED_EDGE('787',*,*,#2085,.F.);
#2098=ORIENTED_EDGE('788',*,*,#2097,.F.);
#2099=ORIENTED_EDGE('785',*,*,#2081,.T.);
#2100=EDGE_LOOP('874',(#2095,#2096,#2098,#2099));
#2101=FACE_OUTER_BOUND('874',#2100,.F.);
#2103=CARTESIAN_POINT('',(2.34E0,-2.54E0,0.E0));
#2104=DIRECTION('',(1.E0,0.E0,0.E0));
#2105=DIRECTION('',(0.E0,1.E0,0.E0));
#2106=AXIS2_PLACEMENT_3D('',#2103,#2104,#2105);
#2107=PLANE('875',#2106);
#2108=ORIENTED_EDGE('786',*,*,#2083,.T.);
#2109=ORIENTED_EDGE('788',*,*,#2097,.T.);
#2110=EDGE_LOOP('875',(#2108,#2109));
#2111=FACE_OUTER_BOUND('875',#2110,.F.);
#2113=CARTESIAN_POINT('',(2.14E0,-2.06E0,-6.6E-1));
#2114=DIRECTION('',(1.E0,0.E0,0.E0));
#2115=DIRECTION('',(0.E0,1.E0,0.E0));
#2116=AXIS2_PLACEMENT_3D('',#2113,#2114,#2115);
#2117=CYLINDRICAL_SURFACE('877',#2116,2.05E-1);
#2118=ORIENTED_EDGE('763',*,*,#1581,.F.);
#2120=ORIENTED_EDGE('791',*,*,#2119,.F.);
#2122=ORIENTED_EDGE('789',*,*,#2121,.F.);
#2124=ORIENTED_EDGE('792',*,*,#2123,.T.);
#2125=EDGE_LOOP('877',(#2118,#2120,#2122,#2124));
#2126=FACE_OUTER_BOUND('877',#2125,.F.);
#2128=CARTESIAN_POINT('',(2.14E0,-2.06E0,-6.6E-1));
#2129=DIRECTION('',(1.E0,0.E0,0.E0));
#2130=DIRECTION('',(0.E0,1.E0,0.E0));
#2131=AXIS2_PLACEMENT_3D('',#2128,#2129,#2130);
#2132=CYLINDRICAL_SURFACE('878',#2131,2.05E-1);
#2133=ORIENTED_EDGE('764',*,*,#1583,.F.);
#2134=ORIENTED_EDGE('792',*,*,#2123,.F.);
#2136=ORIENTED_EDGE('790',*,*,#2135,.F.);
#2137=ORIENTED_EDGE('791',*,*,#2119,.T.);
#2138=EDGE_LOOP('878',(#2133,#2134,#2136,#2137));
#2139=FACE_OUTER_BOUND('878',#2138,.F.);
#2141=CARTESIAN_POINT('',(2.34E0,-2.54E0,0.E0));
#2142=DIRECTION('',(1.E0,0.E0,0.E0));
#2143=DIRECTION('',(0.E0,1.E0,0.E0));
#2144=AXIS2_PLACEMENT_3D('',#2141,#2142,#2143);
#2145=PLANE('876',#2144);
#2146=ORIENTED_EDGE('789',*,*,#2121,.T.);
#2147=ORIENTED_EDGE('790',*,*,#2135,.T.);
#2148=EDGE_LOOP('876',(#2146,#2147));
#2149=FACE_OUTER_BOUND('876',#2148,.F.);
#2151=CARTESIAN_POINT('',(2.14E0,-5.56E0,6.6E-1));
#2152=DIRECTION('',(1.E0,0.E0,0.E0));
#2153=DIRECTION('',(0.E0,1.E0,0.E0));
#2154=AXIS2_PLACEMENT_3D('',#2151,#2152,#2153);
#2155=CYLINDRICAL_SURFACE('879',#2154,2.05E-1);
#2156=ORIENTED_EDGE('765',*,*,#1587,.F.);
#2158=ORIENTED_EDGE('793',*,*,#2157,.F.);
#2160=ORIENTED_EDGE('794',*,*,#2159,.F.);
#2162=ORIENTED_EDGE('795',*,*,#2161,.T.);
#2163=EDGE_LOOP('879',(#2156,#2158,#2160,#2162));
#2164=FACE_OUTER_BOUND('879',#2163,.F.);
#2166=CARTESIAN_POINT('',(2.14E0,-5.56E0,6.6E-1));
#2167=DIRECTION('',(1.E0,0.E0,0.E0));
#2168=DIRECTION('',(0.E0,1.E0,0.E0));
#2169=AXIS2_PLACEMENT_3D('',#2166,#2167,#2168);
#2170=CYLINDRICAL_SURFACE('880',#2169,2.05E-1);
#2171=ORIENTED_EDGE('766',*,*,#1589,.F.);
#2172=ORIENTED_EDGE('795',*,*,#2161,.F.);
#2174=ORIENTED_EDGE('796',*,*,#2173,.F.);
#2175=ORIENTED_EDGE('793',*,*,#2157,.T.);
#2176=EDGE_LOOP('880',(#2171,#2172,#2174,#2175));
#2177=FACE_OUTER_BOUND('880',#2176,.F.);
#2179=CARTESIAN_POINT('',(2.34E0,-5.08E0,0.E0));
#2180=DIRECTION('',(1.E0,0.E0,0.E0));
#2181=DIRECTION('',(0.E0,1.E0,0.E0));
#2182=AXIS2_PLACEMENT_3D('',#2179,#2180,#2181);
#2183=PLANE('881',#2182);
#2184=ORIENTED_EDGE('794',*,*,#2159,.T.);
#2185=ORIENTED_EDGE('796',*,*,#2173,.T.);
#2186=EDGE_LOOP('881',(#2184,#2185));
#2187=FACE_OUTER_BOUND('881',#2186,.F.);
#2189=CARTESIAN_POINT('',(2.14E0,-4.6E0,-6.6E-1));
#2190=DIRECTION('',(1.E0,0.E0,0.E0));
#2191=DIRECTION('',(0.E0,1.E0,0.E0));
#2192=AXIS2_PLACEMENT_3D('',#2189,#2190,#2191);
#2193=CYLINDRICAL_SURFACE('883',#2192,2.05E-1);
#2194=ORIENTED_EDGE('767',*,*,#1593,.F.);
#2196=ORIENTED_EDGE('799',*,*,#2195,.F.);
#2198=ORIENTED_EDGE('797',*,*,#2197,.F.);
#2200=ORIENTED_EDGE('800',*,*,#2199,.T.);
#2201=EDGE_LOOP('883',(#2194,#2196,#2198,#2200));
#2202=FACE_OUTER_BOUND('883',#2201,.F.);
#2204=CARTESIAN_POINT('',(2.14E0,-4.6E0,-6.6E-1));
#2205=DIRECTION('',(1.E0,0.E0,0.E0));
#2206=DIRECTION('',(0.E0,1.E0,0.E0));
#2207=AXIS2_PLACEMENT_3D('',#2204,#2205,#2206);
#2208=CYLINDRICAL_SURFACE('884',#2207,2.05E-1);
#2209=ORIENTED_EDGE('768',*,*,#1595,.F.);
#2210=ORIENTED_EDGE('800',*,*,#2199,.F.);
#2212=ORIENTED_EDGE('798',*,*,#2211,.F.);
#2213=ORIENTED_EDGE('799',*,*,#2195,.T.);
#2214=EDGE_LOOP('884',(#2209,#2210,#2212,#2213));
#2215=FACE_OUTER_BOUND('884',#2214,.F.);
#2217=CARTESIAN_POINT('',(2.34E0,-5.08E0,0.E0));
#2218=DIRECTION('',(1.E0,0.E0,0.E0));
#2219=DIRECTION('',(0.E0,1.E0,0.E0));
#2220=AXIS2_PLACEMENT_3D('',#2217,#2218,#2219);
#2221=PLANE('882',#2220);
#2222=ORIENTED_EDGE('797',*,*,#2197,.T.);
#2223=ORIENTED_EDGE('798',*,*,#2211,.T.);
#2224=EDGE_LOOP('882',(#2222,#2223));
#2225=FACE_OUTER_BOUND('882',#2224,.F.);
#2227=CARTESIAN_POINT('',(0.E0,-4.775E0,3.05E-1));
#2228=DIRECTION('',(0.E0,-1.E0,0.E0));
#2229=DIRECTION('',(0.E0,0.E0,-1.E0));
#2230=AXIS2_PLACEMENT_3D('',#2227,#2228,#2229);
#2231=PLANE('854',#2230);
#2232=ORIENTED_EDGE('709',*,*,#1390,.T.);
#2234=ORIENTED_EDGE('713',*,*,#2233,.F.);
#2235=ORIENTED_EDGE('714',*,*,#1599,.F.);
#2237=ORIENTED_EDGE('715',*,*,#2236,.T.);
#2238=EDGE_LOOP('854',(#2232,#2234,#2235,#2237));
#2239=FACE_OUTER_BOUND('854',#2238,.F.);
#2241=CARTESIAN_POINT('',(0.E0,-5.385E0,3.05E-1));
#2242=DIRECTION('',(0.E0,0.E0,-1.E0));
#2243=DIRECTION('',(0.E0,1.E0,0.E0));
#2244=AXIS2_PLACEMENT_3D('',#2241,#2242,#2243);
#2245=PLANE('855',#2244);
#2246=ORIENTED_EDGE('712',*,*,#1396,.T.);
#2248=ORIENTED_EDGE('716',*,*,#2247,.F.);
#2249=ORIENTED_EDGE('717',*,*,#1601,.F.);
#2250=ORIENTED_EDGE('713',*,*,#2233,.T.);
#2251=EDGE_LOOP('855',(#2246,#2248,#2249,#2250));
#2252=FACE_OUTER_BOUND('855',#2251,.F.);
#2254=CARTESIAN_POINT('',(0.E0,-5.385E0,-3.05E-1));
#2255=DIRECTION('',(0.E0,1.E0,0.E0));
#2256=DIRECTION('',(0.E0,0.E0,1.E0));
#2257=AXIS2_PLACEMENT_3D('',#2254,#2255,#2256);
#2258=PLANE('856',#2257);
#2259=ORIENTED_EDGE('711',*,*,#1394,.T.);
#2261=ORIENTED_EDGE('718',*,*,#2260,.F.);
#2262=ORIENTED_EDGE('719',*,*,#1603,.F.);
#2263=ORIENTED_EDGE('716',*,*,#2247,.T.);
#2264=EDGE_LOOP('856',(#2259,#2261,#2262,#2263));
#2265=FACE_OUTER_BOUND('856',#2264,.F.);
#2267=CARTESIAN_POINT('',(0.E0,-4.775E0,-3.05E-1));
#2268=DIRECTION('',(0.E0,0.E0,1.E0));
#2269=DIRECTION('',(0.E0,-1.E0,0.E0));
#2270=AXIS2_PLACEMENT_3D('',#2267,#2268,#2269);
#2271=PLANE('857',#2270);
#2272=ORIENTED_EDGE('710',*,*,#1392,.T.);
#2273=ORIENTED_EDGE('715',*,*,#2236,.F.);
#2274=ORIENTED_EDGE('720',*,*,#1605,.F.);
#2275=ORIENTED_EDGE('718',*,*,#2260,.T.);
#2276=EDGE_LOOP('857',(#2272,#2273,#2274,#2275));
#2277=FACE_OUTER_BOUND('857',#2276,.F.);
#2279=CARTESIAN_POINT('',(0.E0,6.6E-1,4.8E-1));
#2280=DIRECTION('',(-1.E0,0.E0,0.E0));
#2281=DIRECTION('',(0.E0,-1.E0,0.E0));
#2282=AXIS2_PLACEMENT_3D('',#2279,#2280,#2281);
#2283=CYLINDRICAL_SURFACE('913',#2282,2.05E-1);
#2284=ORIENTED_EDGE('697',*,*,#1354,.F.);
#2286=ORIENTED_EDGE('829',*,*,#2285,.F.);
#2288=ORIENTED_EDGE('830',*,*,#2287,.F.);
#2290=ORIENTED_EDGE('831',*,*,#2289,.T.);
#2291=EDGE_LOOP('913',(#2284,#2286,#2288,#2290));
#2292=FACE_OUTER_BOUND('913',#2291,.F.);
#2294=CARTESIAN_POINT('',(0.E0,6.6E-1,4.8E-1));
#2295=DIRECTION('',(-1.E0,0.E0,0.E0));
#2296=DIRECTION('',(0.E0,-1.E0,0.E0));
#2297=AXIS2_PLACEMENT_3D('',#2294,#2295,#2296);
#2298=CYLINDRICAL_SURFACE('914',#2297,2.05E-1);
#2299=ORIENTED_EDGE('698',*,*,#1356,.F.);
#2300=ORIENTED_EDGE('831',*,*,#2289,.F.);
#2302=ORIENTED_EDGE('832',*,*,#2301,.F.);
#2303=ORIENTED_EDGE('829',*,*,#2285,.T.);
#2304=EDGE_LOOP('914',(#2299,#2300,#2302,#2303));
#2305=FACE_OUTER_BOUND('914',#2304,.F.);
#2307=CARTESIAN_POINT('',(-2.E-1,0.E0,0.E0));
#2308=DIRECTION('',(-1.E0,0.E0,0.E0));
#2309=DIRECTION('',(0.E0,-1.E0,0.E0));
#2310=AXIS2_PLACEMENT_3D('',#2307,#2308,#2309);
#2311=PLANE('915',#2310);
#2312=ORIENTED_EDGE('830',*,*,#2287,.T.);
#2313=ORIENTED_EDGE('832',*,*,#2301,.T.);
#2314=EDGE_LOOP('915',(#2312,#2313));
#2315=FACE_OUTER_BOUND('915',#2314,.F.);
#2317=CARTESIAN_POINT('',(0.E0,-6.6E-1,-4.8E-1));
#2318=DIRECTION('',(-1.E0,0.E0,0.E0));
#2319=DIRECTION('',(0.E0,-1.E0,0.E0));
#2320=AXIS2_PLACEMENT_3D('',#2317,#2318,#2319);
#2321=CYLINDRICAL_SURFACE('917',#2320,2.05E-1);
#2322=ORIENTED_EDGE('699',*,*,#1360,.F.);
#2324=ORIENTED_EDGE('835',*,*,#2323,.F.);
#2326=ORIENTED_EDGE('833',*,*,#2325,.F.);
#2328=ORIENTED_EDGE('836',*,*,#2327,.T.);
#2329=EDGE_LOOP('917',(#2322,#2324,#2326,#2328));
#2330=FACE_OUTER_BOUND('917',#2329,.F.);
#2332=CARTESIAN_POINT('',(0.E0,-6.6E-1,-4.8E-1));
#2333=DIRECTION('',(-1.E0,0.E0,0.E0));
#2334=DIRECTION('',(0.E0,-1.E0,0.E0));
#2335=AXIS2_PLACEMENT_3D('',#2332,#2333,#2334);
#2336=CYLINDRICAL_SURFACE('918',#2335,2.05E-1);
#2337=ORIENTED_EDGE('700',*,*,#1362,.F.);
#2338=ORIENTED_EDGE('836',*,*,#2327,.F.);
#2340=ORIENTED_EDGE('834',*,*,#2339,.F.);
#2341=ORIENTED_EDGE('835',*,*,#2323,.T.);
#2342=EDGE_LOOP('918',(#2337,#2338,#2340,#2341));
#2343=FACE_OUTER_BOUND('918',#2342,.F.);
#2345=CARTESIAN_POINT('',(-2.E-1,0.E0,0.E0));
#2346=DIRECTION('',(-1.E0,0.E0,0.E0));
#2347=DIRECTION('',(0.E0,-1.E0,0.E0));
#2348=AXIS2_PLACEMENT_3D('',#2345,#2346,#2347);
#2349=PLANE('916',#2348);
#2350=ORIENTED_EDGE('833',*,*,#2325,.T.);
#2351=ORIENTED_EDGE('834',*,*,#2339,.T.);
#2352=EDGE_LOOP('916',(#2350,#2351));
#2353=FACE_OUTER_BOUND('916',#2352,.F.);
#2355=CARTESIAN_POINT('',(0.E0,-1.88E0,4.8E-1));
#2356=DIRECTION('',(-1.E0,0.E0,0.E0));
#2357=DIRECTION('',(0.E0,-1.E0,0.E0));
#2358=AXIS2_PLACEMENT_3D('',#2355,#2356,#2357);
#2359=CYLINDRICAL_SURFACE('919',#2358,2.05E-1);
#2360=ORIENTED_EDGE('701',*,*,#1366,.F.);
#2362=ORIENTED_EDGE('837',*,*,#2361,.F.);
#2364=ORIENTED_EDGE('838',*,*,#2363,.F.);
#2366=ORIENTED_EDGE('839',*,*,#2365,.T.);
#2367=EDGE_LOOP('919',(#2360,#2362,#2364,#2366));
#2368=FACE_OUTER_BOUND('919',#2367,.F.);
#2370=CARTESIAN_POINT('',(0.E0,-1.88E0,4.8E-1));
#2371=DIRECTION('',(-1.E0,0.E0,0.E0));
#2372=DIRECTION('',(0.E0,-1.E0,0.E0));
#2373=AXIS2_PLACEMENT_3D('',#2370,#2371,#2372);
#2374=CYLINDRICAL_SURFACE('920',#2373,2.05E-1);
#2375=ORIENTED_EDGE('702',*,*,#1368,.F.);
#2376=ORIENTED_EDGE('839',*,*,#2365,.F.);
#2378=ORIENTED_EDGE('840',*,*,#2377,.F.);
#2379=ORIENTED_EDGE('837',*,*,#2361,.T.);
#2380=EDGE_LOOP('920',(#2375,#2376,#2378,#2379));
#2381=FACE_OUTER_BOUND('920',#2380,.F.);
#2383=CARTESIAN_POINT('',(-2.E-1,-2.54E0,0.E0));
#2384=DIRECTION('',(-1.E0,0.E0,0.E0));
#2385=DIRECTION('',(0.E0,-1.E0,0.E0));
#2386=AXIS2_PLACEMENT_3D('',#2383,#2384,#2385);
#2387=PLANE('921',#2386);
#2388=ORIENTED_EDGE('838',*,*,#2363,.T.);
#2389=ORIENTED_EDGE('840',*,*,#2377,.T.);
#2390=EDGE_LOOP('921',(#2388,#2389));
#2391=FACE_OUTER_BOUND('921',#2390,.F.);
#2393=CARTESIAN_POINT('',(0.E0,-3.2E0,-4.8E-1));
#2394=DIRECTION('',(-1.E0,0.E0,0.E0));
#2395=DIRECTION('',(0.E0,-1.E0,0.E0));
#2396=AXIS2_PLACEMENT_3D('',#2393,#2394,#2395);
#2397=CYLINDRICAL_SURFACE('923',#2396,2.05E-1);
#2398=ORIENTED_EDGE('703',*,*,#1372,.F.);
#2400=ORIENTED_EDGE('843',*,*,#2399,.F.);
#2402=ORIENTED_EDGE('841',*,*,#2401,.F.);
#2404=ORIENTED_EDGE('844',*,*,#2403,.T.);
#2405=EDGE_LOOP('923',(#2398,#2400,#2402,#2404));
#2406=FACE_OUTER_BOUND('923',#2405,.F.);
#2408=CARTESIAN_POINT('',(0.E0,-3.2E0,-4.8E-1));
#2409=DIRECTION('',(-1.E0,0.E0,0.E0));
#2410=DIRECTION('',(0.E0,-1.E0,0.E0));
#2411=AXIS2_PLACEMENT_3D('',#2408,#2409,#2410);
#2412=CYLINDRICAL_SURFACE('924',#2411,2.05E-1);
#2413=ORIENTED_EDGE('704',*,*,#1374,.F.);
#2414=ORIENTED_EDGE('844',*,*,#2403,.F.);
#2416=ORIENTED_EDGE('842',*,*,#2415,.F.);
#2417=ORIENTED_EDGE('843',*,*,#2399,.T.);
#2418=EDGE_LOOP('924',(#2413,#2414,#2416,#2417));
#2419=FACE_OUTER_BOUND('924',#2418,.F.);
#2421=CARTESIAN_POINT('',(-2.E-1,-2.54E0,0.E0));
#2422=DIRECTION('',(-1.E0,0.E0,0.E0));
#2423=DIRECTION('',(0.E0,-1.E0,0.E0));
#2424=AXIS2_PLACEMENT_3D('',#2421,#2422,#2423);
#2425=PLANE('922',#2424);
#2426=ORIENTED_EDGE('841',*,*,#2401,.T.);
#2427=ORIENTED_EDGE('842',*,*,#2415,.T.);
#2428=EDGE_LOOP('922',(#2426,#2427));
#2429=FACE_OUTER_BOUND('922',#2428,.F.);
#2431=CARTESIAN_POINT('',(0.E0,-4.42E0,4.8E-1));
#2432=DIRECTION('',(-1.E0,0.E0,0.E0));
#2433=DIRECTION('',(0.E0,-1.E0,0.E0));
#2434=AXIS2_PLACEMENT_3D('',#2431,#2432,#2433);
#2435=CYLINDRICAL_SURFACE('925',#2434,2.05E-1);
#2436=ORIENTED_EDGE('705',*,*,#1378,.F.);
#2438=ORIENTED_EDGE('845',*,*,#2437,.F.);
#2440=ORIENTED_EDGE('846',*,*,#2439,.F.);
#2442=ORIENTED_EDGE('847',*,*,#2441,.T.);
#2443=EDGE_LOOP('925',(#2436,#2438,#2440,#2442));
#2444=FACE_OUTER_BOUND('925',#2443,.F.);
#2446=CARTESIAN_POINT('',(0.E0,-4.42E0,4.8E-1));
#2447=DIRECTION('',(-1.E0,0.E0,0.E0));
#2448=DIRECTION('',(0.E0,-1.E0,0.E0));
#2449=AXIS2_PLACEMENT_3D('',#2446,#2447,#2448);
#2450=CYLINDRICAL_SURFACE('926',#2449,2.05E-1);
#2451=ORIENTED_EDGE('706',*,*,#1380,.F.);
#2452=ORIENTED_EDGE('847',*,*,#2441,.F.);
#2454=ORIENTED_EDGE('848',*,*,#2453,.F.);
#2455=ORIENTED_EDGE('845',*,*,#2437,.T.);
#2456=EDGE_LOOP('926',(#2451,#2452,#2454,#2455));
#2457=FACE_OUTER_BOUND('926',#2456,.F.);
#2459=CARTESIAN_POINT('',(-2.E-1,-5.08E0,0.E0));
#2460=DIRECTION('',(-1.E0,0.E0,0.E0));
#2461=DIRECTION('',(0.E0,-1.E0,0.E0));
#2462=AXIS2_PLACEMENT_3D('',#2459,#2460,#2461);
#2463=PLANE('927',#2462);
#2464=ORIENTED_EDGE('846',*,*,#2439,.T.);
#2465=ORIENTED_EDGE('848',*,*,#2453,.T.);
#2466=EDGE_LOOP('927',(#2464,#2465));
#2467=FACE_OUTER_BOUND('927',#2466,.F.);
#2469=CARTESIAN_POINT('',(0.E0,-5.74E0,-4.8E-1));
#2470=DIRECTION('',(-1.E0,0.E0,0.E0));
#2471=DIRECTION('',(0.E0,-1.E0,0.E0));
#2472=AXIS2_PLACEMENT_3D('',#2469,#2470,#2471);
#2473=CYLINDRICAL_SURFACE('929',#2472,2.05E-1);
#2474=ORIENTED_EDGE('707',*,*,#1384,.F.);
#2476=ORIENTED_EDGE('851',*,*,#2475,.F.);
#2478=ORIENTED_EDGE('849',*,*,#2477,.F.);
#2480=ORIENTED_EDGE('852',*,*,#2479,.T.);
#2481=EDGE_LOOP('929',(#2474,#2476,#2478,#2480));
#2482=FACE_OUTER_BOUND('929',#2481,.F.);
#2484=CARTESIAN_POINT('',(0.E0,-5.74E0,-4.8E-1));
#2485=DIRECTION('',(-1.E0,0.E0,0.E0));
#2486=DIRECTION('',(0.E0,-1.E0,0.E0));
#2487=AXIS2_PLACEMENT_3D('',#2484,#2485,#2486);
#2488=CYLINDRICAL_SURFACE('930',#2487,2.05E-1);
#2489=ORIENTED_EDGE('708',*,*,#1386,.F.);
#2490=ORIENTED_EDGE('852',*,*,#2479,.F.);
#2492=ORIENTED_EDGE('850',*,*,#2491,.F.);
#2493=ORIENTED_EDGE('851',*,*,#2475,.T.);
#2494=EDGE_LOOP('930',(#2489,#2490,#2492,#2493));
#2495=FACE_OUTER_BOUND('930',#2494,.F.);
#2497=CARTESIAN_POINT('',(-2.E-1,-5.08E0,0.E0));
#2498=DIRECTION('',(-1.E0,0.E0,0.E0));
#2499=DIRECTION('',(0.E0,-1.E0,0.E0));
#2500=AXIS2_PLACEMENT_3D('',#2497,#2498,#2499);
#2501=PLANE('928',#2500);
#2502=ORIENTED_EDGE('849',*,*,#2477,.T.);
#2503=ORIENTED_EDGE('850',*,*,#2491,.T.);
#2504=EDGE_LOOP('928',(#2502,#2503));
#2505=FACE_OUTER_BOUND('928',#2504,.F.);
#2507=CLOSED_SHELL('',(#1400,#1415,#1429,#1443,#1457,#1471,#1485,#1609,#1622,
#1635,#1648,#1661,#1674,#1687,#1700,#1713,#1726,#1739,#1752,#1765,#1778,#1791,
#1804,#1817,#1830,#1843,#1856,#1869,#1882,#1894,#1908,#1921,#1934,#1946,#1960,
#1973,#1986,#1998,#2013,#2026,#2036,#2051,#2064,#2074,#2089,#2102,#2112,#2127,
#2140,#2150,#2165,#2178,#2188,#2203,#2216,#2226,#2240,#2253,#2266,#2278,#2293,
#2306,#2316,#2331,#2344,#2354,#2369,#2382,#2392,#2407,#2420,#2430,#2445,#2458,
#2468,#2483,#2496,#2506));
#2508=MANIFOLD_SOLID_BREP('',#2507);
#2509=PRESENTATION_LAYER_ASSIGNMENT('ASSY_MEMBER_1','',(#1400,#1415,#1429,#1443,
#1457,#1471,#1485,#1609,#1622,#1635,#1648,#1661,#1674,#1687,#1700,#1713,#1726,
#1739,#1752,#1765,#1778,#1791,#1804,#1817,#1830,#1843,#1856,#1869,#1882,#1894,
#1908,#1921,#1934,#1946,#1960,#1973,#1986,#1998,#2013,#2026,#2036,#2051,#2064,
#2074,#2089,#2102,#2112,#2127,#2140,#2150,#2165,#2178,#2188,#2203,#2216,#2226,
#2240,#2253,#2266,#2278,#2293,#2306,#2316,#2331,#2344,#2354,#2369,#2382,#2392,
#2407,#2420,#2430,#2445,#2458,#2468,#2483,#2496,#2506,#2508));
#2512=PLANE_ANGLE_MEASURE_WITH_UNIT(PLANE_ANGLE_MEASURE(1.745329251994E-2),
#2511);
#2513=(CONVERSION_BASED_UNIT('DEGREE',#2512)NAMED_UNIT(*)PLANE_ANGLE_UNIT());
#2515=UNCERTAINTY_MEASURE_WITH_UNIT(LENGTH_MEASURE(8.385611139596E-4),#2510,
'distance_accuracy_value',
'Maximum model space distance between geometric entities at asserted connectivities');
#2517=CARTESIAN_POINT('',(0.E0,0.E0,0.E0));
#2518=DIRECTION('',(0.E0,0.E0,1.E0));
#2519=DIRECTION('',(1.E0,0.E0,0.E0));
#2522=APPLICATION_CONTEXT('automotive_design');
#2523=APPLICATION_PROTOCOL_DEFINITION('international standard',
'automotive_design',2001,#2522);
#2524=PRODUCT_DEFINITION_CONTEXT('part definition',#2522,'design');
#2525=PRODUCT_CONTEXT('',#2522,'mechanical');
#2526=PRODUCT('93189-001_AF0_2_1','93189-001_AF0_2_1','NOT SPECIFIED',(#2525));
#2527=PRODUCT_DEFINITION_FORMATION('1','LAST_VERSION',#2526);
#2535=DERIVED_UNIT_ELEMENT(#2534,2.E0);
#2536=DERIVED_UNIT((#2535));
#2537=MEASURE_REPRESENTATION_ITEM('surface area measure',AREA_MEASURE(
9.617428960024E1),#2536);
#2542=DERIVED_UNIT_ELEMENT(#2541,3.E0);
#2543=DERIVED_UNIT((#2542));
#2544=MEASURE_REPRESENTATION_ITEM('volume measure',VOLUME_MEASURE(
3.449547289955E1),#2543);
#2548=CARTESIAN_POINT('centre point',(1.069999992590E0,-2.54E0,
1.350384281655E-12));
#2553=DERIVED_UNIT_ELEMENT(#2552,2.E0);
#2554=DERIVED_UNIT((#2553));
#2555=MEASURE_REPRESENTATION_ITEM('surface area measure',AREA_MEASURE(
9.617428960024E1),#2554);
#2560=DERIVED_UNIT_ELEMENT(#2559,3.E0);
#2561=DERIVED_UNIT((#2560));
#2562=MEASURE_REPRESENTATION_ITEM('volume measure',VOLUME_MEASURE(
3.449547289955E1),#2561);
#2566=CARTESIAN_POINT('centre point',(1.069999992590E0,-2.54E0,
1.350384281655E-12));
#2576=CARTESIAN_POINT('centre point',(1.069999992590E0,-2.54E0,
1.350384281655E-12));
#2580=CARTESIAN_POINT('',(0.E0,0.E0,0.E0));
#2581=DIRECTION('',(0.E0,0.E0,1.E0));
#2582=DIRECTION('',(1.E0,0.E0,0.E0));
#2583=AXIS2_PLACEMENT_3D('',#2580,#2581,#2582);
#2584=ITEM_DEFINED_TRANSFORMATION('','',#2520,#2583);
#2585=CARTESIAN_POINT('',(0.E0,0.E0,0.E0));
#2586=DIRECTION('',(0.E0,0.E0,1.E0));
#2587=DIRECTION('',(1.E0,0.E0,0.E0));
#2589=(REPRESENTATION_RELATIONSHIP('','',#2521,#2573)REPRESENTATION_RELATIONSHIP_WITH_TRANSFORMATION(#2584)SHAPE_REPRESENTATION_RELATIONSHIP());
#2590=CONTEXT_DEPENDENT_SHAPE_REPRESENTATION(#2589,#2575);
#2591=DIRECTION('',(0.E0,0.E0,-1.E0));
#2592=VECTOR('',#2591,2.4E-1);
#2593=CARTESIAN_POINT('',(1.2E-1,0.E0,1.2E-1));
#2594=LINE('105',#2593,#2592);
#2595=DIRECTION('',(-1.E0,0.E0,0.E0));
#2596=VECTOR('',#2595,2.4E-1);
#2597=CARTESIAN_POINT('',(1.2E-1,0.E0,-1.2E-1));
#2598=LINE('106',#2597,#2596);
#2599=DIRECTION('',(0.E0,0.E0,1.E0));
#2600=VECTOR('',#2599,2.4E-1);
#2601=CARTESIAN_POINT('',(-1.2E-1,0.E0,-1.2E-1));
#2602=LINE('107',#2601,#2600);
#2603=DIRECTION('',(1.E0,0.E0,0.E0));
#2604=VECTOR('',#2603,2.4E-1);
#2605=CARTESIAN_POINT('',(-1.2E-1,0.E0,1.2E-1));
#2606=LINE('108',#2605,#2604);
#2607=DIRECTION('',(3.892816206350E-1,8.348171294790E-1,3.892816206350E-1));
#2608=VECTOR('',#2607,5.137668705595E-1);
#2609=CARTESIAN_POINT('',(1.2E-1,0.E0,1.2E-1));
#2610=LINE('109',#2609,#2608);
#2611=DIRECTION('',(0.E0,0.E0,-1.E0));
#2612=VECTOR('',#2611,6.4E-1);
#2613=CARTESIAN_POINT('',(3.2E-1,4.289013841019E-1,3.2E-1));
#2614=LINE('110',#2613,#2612);
#2615=DIRECTION('',(-3.892816206350E-1,8.348171294790E-1,3.892816206350E-1));
#2616=VECTOR('',#2615,5.137668705595E-1);
#2617=CARTESIAN_POINT('',(-1.2E-1,0.E0,1.2E-1));
#2618=LINE('112',#2617,#2616);
#2619=DIRECTION('',(1.E0,0.E0,0.E0));
#2620=VECTOR('',#2619,6.4E-1);
#2621=CARTESIAN_POINT('',(-3.2E-1,4.289013841019E-1,3.2E-1));
#2622=LINE('113',#2621,#2620);
#2623=DIRECTION('',(0.E0,0.E0,1.E0));
#2624=VECTOR('',#2623,6.4E-1);
#2625=CARTESIAN_POINT('',(-3.2E-1,4.289013841019E-1,-3.2E-1));
#2626=LINE('114',#2625,#2624);
#2627=DIRECTION('',(-3.892816206350E-1,8.348171294790E-1,-3.892816206350E-1));
#2628=VECTOR('',#2627,5.137668705595E-1);
#2629=CARTESIAN_POINT('',(-1.2E-1,0.E0,-1.2E-1));
#2630=LINE('115',#2629,#2628);
#2631=DIRECTION('',(0.E0,-1.E0,0.E0));
#2632=VECTOR('',#2631,1.057219723180E1);
#2633=CARTESIAN_POINT('',(-3.199999999999E-1,1.100109861590E1,
3.199999999999E-1));
#2634=LINE('117',#2633,#2632);
#2635=DIRECTION('',(0.E0,0.E0,-1.E0));
#2636=VECTOR('',#2635,6.399999999998E-1);
#2637=CARTESIAN_POINT('',(-3.199999999999E-1,1.100109861590E1,
3.199999999999E-1));
#2638=LINE('116',#2637,#2636);
#2639=DIRECTION('',(-3.892816206355E-1,-8.348171294786E-1,3.892816206355E-1));
#2640=VECTOR('',#2639,5.137668705577E-1);
#2641=CARTESIAN_POINT('',(-1.200000000004E-1,1.143E1,1.200000000004E-1));
#2642=LINE('121',#2641,#2640);
#2643=DIRECTION('',(-3.892816206355E-1,-8.348171294786E-1,-3.892816206355E-1));
#2644=VECTOR('',#2643,5.137668705577E-1);
#2645=CARTESIAN_POINT('',(-1.200000000004E-1,1.143E1,-1.200000000004E-1));
#2646=LINE('119',#2645,#2644);
#2647=DIRECTION('',(1.E0,0.E0,0.E0));
#2648=VECTOR('',#2647,6.399999999998E-1);
#2649=CARTESIAN_POINT('',(-3.199999999999E-1,1.100109861590E1,
-3.199999999999E-1));
#2650=LINE('123',#2649,#2648);
#2651=DIRECTION('',(0.E0,0.E0,1.E0));
#2652=VECTOR('',#2651,2.400000000007E-1);
#2653=CARTESIAN_POINT('',(1.200000000004E-1,1.143E1,-1.200000000004E-1));
#2654=LINE('125',#2653,#2652);
#2655=DIRECTION('',(-1.E0,0.E0,0.E0));
#2656=VECTOR('',#2655,2.400000000007E-1);
#2657=CARTESIAN_POINT('',(1.200000000004E-1,1.143E1,1.200000000004E-1));
#2658=LINE('126',#2657,#2656);
#2659=DIRECTION('',(0.E0,0.E0,-1.E0));
#2660=VECTOR('',#2659,2.400000000007E-1);
#2661=CARTESIAN_POINT('',(-1.200000000004E-1,1.143E1,1.200000000004E-1));
#2662=LINE('120',#2661,#2660);
#2663=DIRECTION('',(1.E0,0.E0,0.E0));
#2664=VECTOR('',#2663,2.400000000007E-1);
#2665=CARTESIAN_POINT('',(-1.200000000004E-1,1.143E1,-1.200000000004E-1));
#2666=LINE('122',#2665,#2664);
#2667=DIRECTION('',(0.E0,0.E0,1.E0));
#2668=VECTOR('',#2667,6.399999999998E-1);
#2669=CARTESIAN_POINT('',(3.199999999999E-1,1.100109861590E1,
-3.199999999999E-1));
#2670=LINE('127',#2669,#2668);
#2671=DIRECTION('',(3.892816206355E-1,-8.348171294786E-1,-3.892816206355E-1));
#2672=VECTOR('',#2671,5.137668705577E-1);
#2673=CARTESIAN_POINT('',(1.200000000004E-1,1.143E1,-1.200000000004E-1));
#2674=LINE('124',#2673,#2672);
#2675=DIRECTION('',(0.E0,-1.E0,0.E0));
#2676=VECTOR('',#2675,1.057219723180E1);
#2677=CARTESIAN_POINT('',(3.199999999999E-1,1.100109861590E1,
-3.199999999999E-1));
#2678=LINE('129',#2677,#2676);
#2679=DIRECTION('',(0.E0,-1.E0,0.E0));
#2680=VECTOR('',#2679,1.057219723180E1);
#2681=CARTESIAN_POINT('',(-3.199999999999E-1,1.100109861590E1,
-3.199999999999E-1));
#2682=LINE('118',#2681,#2680);
#2683=DIRECTION('',(-1.E0,0.E0,0.E0));
#2684=VECTOR('',#2683,6.4E-1);
#2685=CARTESIAN_POINT('',(3.2E-1,4.289013841019E-1,-3.2E-1));
#2686=LINE('131',#2685,#2684);
#2687=DIRECTION('',(3.892816206350E-1,8.348171294790E-1,-3.892816206350E-1));
#2688=VECTOR('',#2687,5.137668705595E-1);
#2689=CARTESIAN_POINT('',(1.2E-1,0.E0,-1.2E-1));
#2690=LINE('111',#2689,#2688);
#2691=DIRECTION('',(0.E0,-1.E0,0.E0));
#2692=VECTOR('',#2691,1.057219723180E1);
#2693=CARTESIAN_POINT('',(3.199999999999E-1,1.100109861590E1,
3.199999999999E-1));
#2694=LINE('130',#2693,#2692);
#2695=DIRECTION('',(-1.E0,0.E0,0.E0));
#2696=VECTOR('',#2695,6.399999999998E-1);
#2697=CARTESIAN_POINT('',(3.199999999999E-1,1.100109861590E1,
3.199999999999E-1));
#2698=LINE('132',#2697,#2696);
#2699=DIRECTION('',(3.892816206355E-1,-8.348171294786E-1,3.892816206355E-1));
#2700=VECTOR('',#2699,5.137668705577E-1);
#2701=CARTESIAN_POINT('',(1.200000000004E-1,1.143E1,1.200000000004E-1));
#2702=LINE('128',#2701,#2700);
#2703=CARTESIAN_POINT('',(1.2E-1,0.E0,1.2E-1));
#2704=CARTESIAN_POINT('',(1.2E-1,0.E0,-1.2E-1));
#2705=VERTEX_POINT('',#2703);
#2706=VERTEX_POINT('',#2704);
#2707=CARTESIAN_POINT('',(-1.2E-1,0.E0,-1.2E-1));
#2708=VERTEX_POINT('',#2707);
#2709=CARTESIAN_POINT('',(-1.2E-1,0.E0,1.2E-1));
#2710=VERTEX_POINT('',#2709);
#2711=CARTESIAN_POINT('',(3.2E-1,4.289013841019E-1,3.2E-1));
#2712=VERTEX_POINT('',#2711);
#2713=CARTESIAN_POINT('',(3.2E-1,4.289013841019E-1,-3.2E-1));
#2714=VERTEX_POINT('',#2713);
#2715=CARTESIAN_POINT('',(-3.2E-1,4.289013841019E-1,3.2E-1));
#2716=VERTEX_POINT('',#2715);
#2717=CARTESIAN_POINT('',(-3.2E-1,4.289013841019E-1,-3.2E-1));
#2718=VERTEX_POINT('',#2717);
#2719=CARTESIAN_POINT('',(-3.199999999999E-1,1.100109861590E1,
3.199999999999E-1));
#2720=CARTESIAN_POINT('',(-3.199999999999E-1,1.100109861590E1,
-3.199999999999E-1));
#2721=VERTEX_POINT('',#2719);
#2722=VERTEX_POINT('',#2720);
#2723=CARTESIAN_POINT('',(-1.200000000004E-1,1.143E1,-1.200000000004E-1));
#2724=VERTEX_POINT('',#2723);
#2725=CARTESIAN_POINT('',(-1.200000000004E-1,1.143E1,1.200000000004E-1));
#2726=VERTEX_POINT('',#2725);
#2727=CARTESIAN_POINT('',(1.200000000004E-1,1.143E1,-1.200000000004E-1));
#2728=VERTEX_POINT('',#2727);
#2729=CARTESIAN_POINT('',(3.199999999999E-1,1.100109861590E1,
-3.199999999999E-1));
#2730=VERTEX_POINT('',#2729);
#2731=CARTESIAN_POINT('',(1.200000000004E-1,1.143E1,1.200000000004E-1));
#2732=VERTEX_POINT('',#2731);
#2733=CARTESIAN_POINT('',(3.199999999999E-1,1.100109861590E1,
3.199999999999E-1));
#2734=VERTEX_POINT('',#2733);
#2735=CARTESIAN_POINT('',(0.E0,0.E0,0.E0));
#2736=DIRECTION('',(0.E0,1.E0,0.E0));
#2737=DIRECTION('',(1.E0,0.E0,0.E0));
#2738=AXIS2_PLACEMENT_3D('',#2735,#2736,#2737);
#2739=PLANE('133',#2738);
#2741=ORIENTED_EDGE('105',*,*,#2740,.T.);
#2743=ORIENTED_EDGE('106',*,*,#2742,.T.);
#2745=ORIENTED_EDGE('107',*,*,#2744,.T.);
#2747=ORIENTED_EDGE('108',*,*,#2746,.T.);
#2748=EDGE_LOOP('133',(#2741,#2743,#2745,#2747));
#2749=FACE_OUTER_BOUND('133',#2748,.F.);
#2751=CARTESIAN_POINT('',(2.2E-1,2.144506920510E-1,0.E0));
#2752=DIRECTION('',(9.063077870367E-1,-4.226182617407E-1,0.E0));
#2753=DIRECTION('',(4.226182617407E-1,9.063077870367E-1,0.E0));
#2754=AXIS2_PLACEMENT_3D('',#2751,#2752,#2753);
#2755=PLANE('134',#2754);
#2756=ORIENTED_EDGE('105',*,*,#2740,.F.);
#2758=ORIENTED_EDGE('109',*,*,#2757,.T.);
#2760=ORIENTED_EDGE('110',*,*,#2759,.T.);
#2762=ORIENTED_EDGE('111',*,*,#2761,.F.);
#2763=EDGE_LOOP('134',(#2756,#2758,#2760,#2762));
#2764=FACE_OUTER_BOUND('134',#2763,.F.);
#2766=CARTESIAN_POINT('',(0.E0,2.144506920510E-1,2.2E-1));
#2767=DIRECTION('',(0.E0,-4.226182617407E-1,9.063077870367E-1));
#2768=DIRECTION('',(0.E0,9.063077870367E-1,4.226182617407E-1));
#2769=AXIS2_PLACEMENT_3D('',#2766,#2767,#2768);
#2770=PLANE('135',#2769);
#2771=ORIENTED_EDGE('108',*,*,#2746,.F.);
#2773=ORIENTED_EDGE('112',*,*,#2772,.T.);
#2775=ORIENTED_EDGE('113',*,*,#2774,.T.);
#2776=ORIENTED_EDGE('109',*,*,#2757,.F.);
#2777=EDGE_LOOP('135',(#2771,#2773,#2775,#2776));
#2778=FACE_OUTER_BOUND('135',#2777,.F.);
#2780=CARTESIAN_POINT('',(-2.2E-1,2.144506920510E-1,0.E0));
#2781=DIRECTION('',(-9.063077870367E-1,-4.226182617407E-1,0.E0));
#2782=DIRECTION('',(-4.226182617407E-1,9.063077870367E-1,0.E0));
#2783=AXIS2_PLACEMENT_3D('',#2780,#2781,#2782);
#2784=PLANE('136',#2783);
#2786=ORIENTED_EDGE('114',*,*,#2785,.T.);
#2787=ORIENTED_EDGE('112',*,*,#2772,.F.);
#2788=ORIENTED_EDGE('107',*,*,#2744,.F.);
#2790=ORIENTED_EDGE('115',*,*,#2789,.T.);
#2791=EDGE_LOOP('136',(#2786,#2787,#2788,#2790));
#2792=FACE_OUTER_BOUND('136',#2791,.F.);
#2794=CARTESIAN_POINT('',(-3.2E-1,0.E0,-3.2E-1));
#2795=DIRECTION('',(-1.E0,0.E0,0.E0));
#2796=DIRECTION('',(0.E0,0.E0,1.E0));
#2797=AXIS2_PLACEMENT_3D('',#2794,#2795,#2796);
#2798=PLANE('137',#2797);
#2800=ORIENTED_EDGE('116',*,*,#2799,.F.);
#2802=ORIENTED_EDGE('117',*,*,#2801,.T.);
#2803=ORIENTED_EDGE('114',*,*,#2785,.F.);
#2805=ORIENTED_EDGE('118',*,*,#2804,.F.);
#2806=EDGE_LOOP('137',(#2800,#2802,#2803,#2805));
#2807=FACE_OUTER_BOUND('137',#2806,.F.);
#2809=CARTESIAN_POINT('',(-2.2E-1,1.121554930795E1,0.E0));
#2810=DIRECTION('',(-9.063077870366E-1,4.226182617407E-1,0.E0));
#2811=DIRECTION('',(-4.226182617407E-1,-9.063077870366E-1,0.E0));
#2812=AXIS2_PLACEMENT_3D('',#2809,#2810,#2811);
#2813=PLANE('138',#2812);
#2814=ORIENTED_EDGE('116',*,*,#2799,.T.);
#2816=ORIENTED_EDGE('119',*,*,#2815,.F.);
#2818=ORIENTED_EDGE('120',*,*,#2817,.F.);
#2820=ORIENTED_EDGE('121',*,*,#2819,.T.);
#2821=EDGE_LOOP('138',(#2814,#2816,#2818,#2820));
#2822=FACE_OUTER_BOUND('138',#2821,.F.);
#2824=CARTESIAN_POINT('',(0.E0,1.121554930795E1,-2.2E-1));
#2825=DIRECTION('',(0.E0,4.226182617407E-1,-9.063077870366E-1));
#2826=DIRECTION('',(0.E0,-9.063077870366E-1,-4.226182617407E-1));
#2827=AXIS2_PLACEMENT_3D('',#2824,#2825,#2826);
#2828=PLANE('139',#2827);
#2830=ORIENTED_EDGE('122',*,*,#2829,.F.);
#2831=ORIENTED_EDGE('119',*,*,#2815,.T.);
#2833=ORIENTED_EDGE('123',*,*,#2832,.T.);
#2835=ORIENTED_EDGE('124',*,*,#2834,.F.);
#2836=EDGE_LOOP('139',(#2830,#2831,#2833,#2835));
#2837=FACE_OUTER_BOUND('139',#2836,.F.);
#2839=CARTESIAN_POINT('',(0.E0,1.143E1,0.E0));
#2840=DIRECTION('',(0.E0,1.E0,0.E0));
#2841=DIRECTION('',(1.E0,0.E0,0.E0));
#2842=AXIS2_PLACEMENT_3D('',#2839,#2840,#2841);
#2843=PLANE('140',#2842);
#2845=ORIENTED_EDGE('125',*,*,#2844,.T.);
#2847=ORIENTED_EDGE('126',*,*,#2846,.T.);
#2848=ORIENTED_EDGE('120',*,*,#2817,.T.);
#2849=ORIENTED_EDGE('122',*,*,#2829,.T.);
#2850=EDGE_LOOP('140',(#2845,#2847,#2848,#2849));
#2851=FACE_OUTER_BOUND('140',#2850,.F.);
#2853=CARTESIAN_POINT('',(2.2E-1,1.121554930795E1,0.E0));
#2854=DIRECTION('',(9.063077870366E-1,4.226182617407E-1,0.E0));
#2855=DIRECTION('',(4.226182617407E-1,-9.063077870366E-1,0.E0));
#2856=AXIS2_PLACEMENT_3D('',#2853,#2854,#2855);
#2857=PLANE('141',#2856);
#2859=ORIENTED_EDGE('127',*,*,#2858,.T.);
#2861=ORIENTED_EDGE('128',*,*,#2860,.F.);
#2862=ORIENTED_EDGE('125',*,*,#2844,.F.);
#2863=ORIENTED_EDGE('124',*,*,#2834,.T.);
#2864=EDGE_LOOP('141',(#2859,#2861,#2862,#2863));
#2865=FACE_OUTER_BOUND('141',#2864,.F.);
#2867=CARTESIAN_POINT('',(3.2E-1,0.E0,3.2E-1));
#2868=DIRECTION('',(1.E0,0.E0,0.E0));
#2869=DIRECTION('',(0.E0,0.E0,-1.E0));
#2870=AXIS2_PLACEMENT_3D('',#2867,#2868,#2869);
#2871=PLANE('142',#2870);
#2872=ORIENTED_EDGE('127',*,*,#2858,.F.);
#2874=ORIENTED_EDGE('129',*,*,#2873,.T.);
#2875=ORIENTED_EDGE('110',*,*,#2759,.F.);
#2877=ORIENTED_EDGE('130',*,*,#2876,.F.);
#2878=EDGE_LOOP('142',(#2872,#2874,#2875,#2877));
#2879=FACE_OUTER_BOUND('142',#2878,.F.);
#2881=CARTESIAN_POINT('',(3.2E-1,0.E0,-3.2E-1));
#2882=DIRECTION('',(0.E0,0.E0,-1.E0));
#2883=DIRECTION('',(-1.E0,0.E0,0.E0));
#2884=AXIS2_PLACEMENT_3D('',#2881,#2882,#2883);
#2885=PLANE('143',#2884);
#2886=ORIENTED_EDGE('123',*,*,#2832,.F.);
#2887=ORIENTED_EDGE('118',*,*,#2804,.T.);
#2889=ORIENTED_EDGE('131',*,*,#2888,.F.);
#2890=ORIENTED_EDGE('129',*,*,#2873,.F.);
#2891=EDGE_LOOP('143',(#2886,#2887,#2889,#2890));
#2892=FACE_OUTER_BOUND('143',#2891,.F.);
#2894=CARTESIAN_POINT('',(0.E0,2.144506920510E-1,-2.2E-1));
#2895=DIRECTION('',(0.E0,-4.226182617407E-1,-9.063077870367E-1));
#2896=DIRECTION('',(0.E0,9.063077870367E-1,-4.226182617407E-1));
#2897=AXIS2_PLACEMENT_3D('',#2894,#2895,#2896);
#2898=PLANE('144',#2897);
#2899=ORIENTED_EDGE('131',*,*,#2888,.T.);
#2900=ORIENTED_EDGE('115',*,*,#2789,.F.);
#2901=ORIENTED_EDGE('106',*,*,#2742,.F.);
#2902=ORIENTED_EDGE('111',*,*,#2761,.T.);
#2903=EDGE_LOOP('144',(#2899,#2900,#2901,#2902));
#2904=FACE_OUTER_BOUND('144',#2903,.F.);
#2906=CARTESIAN_POINT('',(-3.2E-1,0.E0,3.2E-1));
#2907=DIRECTION('',(0.E0,0.E0,1.E0));
#2908=DIRECTION('',(1.E0,0.E0,0.E0));
#2909=AXIS2_PLACEMENT_3D('',#2906,#2907,#2908);
#2910=PLANE('145',#2909);
#2912=ORIENTED_EDGE('132',*,*,#2911,.F.);
#2913=ORIENTED_EDGE('130',*,*,#2876,.T.);
#2914=ORIENTED_EDGE('113',*,*,#2774,.F.);
#2915=ORIENTED_EDGE('117',*,*,#2801,.F.);
#2916=EDGE_LOOP('145',(#2912,#2913,#2914,#2915));
#2917=FACE_OUTER_BOUND('145',#2916,.F.);
#2919=CARTESIAN_POINT('',(0.E0,1.121554930795E1,2.2E-1));
#2920=DIRECTION('',(0.E0,4.226182617407E-1,9.063077870366E-1));
#2921=DIRECTION('',(0.E0,-9.063077870366E-1,4.226182617407E-1));
#2922=AXIS2_PLACEMENT_3D('',#2919,#2920,#2921);
#2923=PLANE('146',#2922);
#2924=ORIENTED_EDGE('132',*,*,#2911,.T.);
#2925=ORIENTED_EDGE('121',*,*,#2819,.F.);
#2926=ORIENTED_EDGE('126',*,*,#2846,.F.);
#2927=ORIENTED_EDGE('128',*,*,#2860,.T.);
#2928=EDGE_LOOP('146',(#2924,#2925,#2926,#2927));
#2929=FACE_OUTER_BOUND('146',#2928,.F.);
#2931=CLOSED_SHELL('',(#2750,#2765,#2779,#2793,#2808,#2823,#2838,#2852,#2866,
#2880,#2893,#2905,#2918,#2930));
#2932=MANIFOLD_SOLID_BREP('',#2931);
#2933=PRESENTATION_LAYER_ASSIGNMENT('ASSY_MEMBER','',(#2750,#2765,#2779,#2793,
#2808,#2823,#2838,#2852,#2866,#2880,#2893,#2905,#2918,#2930,#2932));
#2936=PLANE_ANGLE_MEASURE_WITH_UNIT(PLANE_ANGLE_MEASURE(1.745329251994E-2),
#2935);
#2937=(CONVERSION_BASED_UNIT('DEGREE',#2936)NAMED_UNIT(*)PLANE_ANGLE_UNIT());
#2939=UNCERTAINTY_MEASURE_WITH_UNIT(LENGTH_MEASURE(1.146532088877E-3),#2934,
'distance_accuracy_value',
'Maximum model space distance between geometric entities at asserted connectivities');
#2941=CARTESIAN_POINT('',(0.E0,0.E0,0.E0));
#2942=DIRECTION('',(0.E0,0.E0,1.E0));
#2943=DIRECTION('',(1.E0,0.E0,0.E0));
#2946=PRODUCT_CONTEXT('',#2522,'mechanical');
#2947=PRODUCT('77310-X16LF_2_1','77310-X16LF_2_1','NOT SPECIFIED',(#2946));
#2948=PRODUCT_DEFINITION_FORMATION('1','LAST_VERSION',#2947);
#2956=DERIVED_UNIT_ELEMENT(#2955,2.E0);
#2957=DERIVED_UNIT((#2956));
#2958=MEASURE_REPRESENTATION_ITEM('surface area measure',AREA_MEASURE(
2.884583082794E1),#2957);
#2963=DERIVED_UNIT_ELEMENT(#2962,3.E0);
#2964=DERIVED_UNIT((#2963));
#2965=MEASURE_REPRESENTATION_ITEM('volume measure',VOLUME_MEASURE(
4.507879972310E0),#2964);
#2969=CARTESIAN_POINT('centre point',(0.E0,5.714999999999E0,0.E0));
#2974=DERIVED_UNIT_ELEMENT(#2973,2.E0);
#2975=DERIVED_UNIT((#2974));
#2976=MEASURE_REPRESENTATION_ITEM('surface area measure',AREA_MEASURE(
2.884583082794E1),#2975);
#2981=DERIVED_UNIT_ELEMENT(#2980,3.E0);
#2982=DERIVED_UNIT((#2981));
#2983=MEASURE_REPRESENTATION_ITEM('volume measure',VOLUME_MEASURE(
4.507879972310E0),#2982);
#2987=CARTESIAN_POINT('centre point',(0.E0,5.714999999999E0,0.E0));
#2993=GENERAL_PROPERTY('','CATALOGUE_NO','user defined attribute');
#2994=GENERAL_PROPERTY_ASSOCIATION('user defined attribute','',#2993,#2992);
#2995=DESCRIPTIVE_REPRESENTATION_ITEM('CATALOGUE_NO','-');
#2999=GENERAL_PROPERTY('','COMMERCIAL_ITEM','user defined attribute');
#3000=GENERAL_PROPERTY_ASSOCIATION('user defined attribute','',#2999,#2998);
#3001=DESCRIPTIVE_REPRESENTATION_ITEM('COMMERCIAL_ITEM','NO');
#3004=DESCRIPTIVE_REPRESENTATION_ITEM('attribute description','Yes No');
#3009=GENERAL_PROPERTY('','DWG_TITLE1','user defined attribute');
#3010=GENERAL_PROPERTY_ASSOCIATION('user defined attribute','',#3009,#3008);
#3011=DESCRIPTIVE_REPRESENTATION_ITEM('DWG_TITLE1','-');
#3015=GENERAL_PROPERTY('','DWG_TITLE2','user defined attribute');
#3016=GENERAL_PROPERTY_ASSOCIATION('user defined attribute','',#3015,#3014);
#3017=DESCRIPTIVE_REPRESENTATION_ITEM('DWG_TITLE2','-');
#3021=GENERAL_PROPERTY('','HEAT_TREATMENT','user defined attribute');
#3022=GENERAL_PROPERTY_ASSOCIATION('user defined attribute','',#3021,#3020);
#3023=DESCRIPTIVE_REPRESENTATION_ITEM('HEAT_TREATMENT','-');
#3027=GENERAL_PROPERTY('','MASS','user defined attribute');
#3028=GENERAL_PROPERTY_ASSOCIATION('user defined attribute','',#3027,#3026);
#3029=VALUE_REPRESENTATION_ITEM('MASS',COUNT_MEASURE(0));
#3032=DESCRIPTIVE_REPRESENTATION_ITEM('attribute description','Integer');
#3037=GENERAL_PROPERTY('','MATERIAL','user defined attribute');
#3038=GENERAL_PROPERTY_ASSOCIATION('user defined attribute','',#3037,#3036);
#3039=DESCRIPTIVE_REPRESENTATION_ITEM('MATERIAL','-');
#3043=GENERAL_PROPERTY('','MATERIAL_CODE','user defined attribute');
#3044=GENERAL_PROPERTY_ASSOCIATION('user defined attribute','',#3043,#3042);
#3045=DESCRIPTIVE_REPRESENTATION_ITEM('MATERIAL_CODE','-');
#3049=GENERAL_PROPERTY('','PLATING','user defined attribute');
#3050=GENERAL_PROPERTY_ASSOCIATION('user defined attribute','',#3049,#3048);
#3051=DESCRIPTIVE_REPRESENTATION_ITEM('PLATING','-');
#3055=GENERAL_PROPERTY('','PRODUCT_FAMILY','user defined attribute');
#3056=GENERAL_PROPERTY_ASSOCIATION('user defined attribute','',#3055,#3054);
#3057=DESCRIPTIVE_REPRESENTATION_ITEM('PRODUCT_FAMILY','-');
#3061=GENERAL_PROPERTY('','SURFACE_FINISH','user defined attribute');
#3062=GENERAL_PROPERTY_ASSOCIATION('user defined attribute','',#3061,#3060);
#3063=DESCRIPTIVE_REPRESENTATION_ITEM('SURFACE_FINISH','-');
#3067=GENERAL_PROPERTY('','VOLUME','user defined attribute');
#3068=GENERAL_PROPERTY_ASSOCIATION('user defined attribute','',#3067,#3066);
#3069=VALUE_REPRESENTATION_ITEM('VOLUME',COUNT_MEASURE(0));
#3072=DESCRIPTIVE_REPRESENTATION_ITEM('attribute description','Integer');
#3077=GENERAL_PROPERTY('','WEIGHT','user defined attribute');
#3078=GENERAL_PROPERTY_ASSOCIATION('user defined attribute','',#3077,#3076);
#3079=VALUE_REPRESENTATION_ITEM('WEIGHT',COUNT_MEASURE(0));
#3082=DESCRIPTIVE_REPRESENTATION_ITEM('attribute description','Integer');
#3087=GENERAL_PROPERTY('','NOM_MODELE','user defined attribute');
#3088=GENERAL_PROPERTY_ASSOCIATION('user defined attribute','',#3087,#3086);
#3089=DESCRIPTIVE_REPRESENTATION_ITEM('NOM_MODELE','77310-X16LF');
#3093=GENERAL_PROPERTY('','BAL_NAME','user defined attribute');
#3094=GENERAL_PROPERTY_ASSOCIATION('user defined attribute','',#3093,#3092);
#3095=DESCRIPTIVE_REPRESENTATION_ITEM('BAL_NAME','LF');
#3099=GENERAL_PROPERTY('','DOCUMENT_TYPE','user defined attribute');
#3100=GENERAL_PROPERTY_ASSOCIATION('user defined attribute','',#3099,#3098);
#3101=DESCRIPTIVE_REPRESENTATION_ITEM('DOCUMENT_TYPE','-');
#3105=GENERAL_PROPERTY('','PTC_COMMON_NAME','user defined attribute');
#3106=GENERAL_PROPERTY_ASSOCIATION('user defined attribute','',#3105,#3104);
#3107=DESCRIPTIVE_REPRESENTATION_ITEM('PTC_COMMON_NAME','77310-x16lf.prt');
#3112=CARTESIAN_POINT('centre point',(2.464999999999E0,0.E0,0.E0));
#3116=CARTESIAN_POINT('',(-3.25E0,0.E0,0.E0));
#3117=DIRECTION('',(0.E0,0.E0,1.E0));
#3118=DIRECTION('',(0.E0,-1.E0,0.E0));
#3119=AXIS2_PLACEMENT_3D('',#3116,#3117,#3118);
#3120=ITEM_DEFINED_TRANSFORMATION('','',#2944,#3119);
#3121=CARTESIAN_POINT('',(0.E0,0.E0,0.E0));
#3122=DIRECTION('',(0.E0,0.E0,1.E0));
#3123=DIRECTION('',(1.E0,0.E0,0.E0));
#3125=(REPRESENTATION_RELATIONSHIP('','',#2945,#2573)REPRESENTATION_RELATIONSHIP_WITH_TRANSFORMATION(#3120)SHAPE_REPRESENTATION_RELATIONSHIP());
#3126=CONTEXT_DEPENDENT_SHAPE_REPRESENTATION(#3125,#3111);
#3129=CARTESIAN_POINT('centre point',(2.464999999999E0,-2.54E0,0.E0));
#3133=CARTESIAN_POINT('',(-3.25E0,-2.54E0,0.E0));
#3134=DIRECTION('',(0.E0,0.E0,1.E0));
#3135=DIRECTION('',(0.E0,-1.E0,0.E0));
#3136=AXIS2_PLACEMENT_3D('',#3133,#3134,#3135);
#3137=ITEM_DEFINED_TRANSFORMATION('','',#2944,#3136);
#3138=CARTESIAN_POINT('',(0.E0,0.E0,0.E0));
#3139=DIRECTION('',(0.E0,0.E0,1.E0));
#3140=DIRECTION('',(1.E0,0.E0,0.E0));
#3142=(REPRESENTATION_RELATIONSHIP('','',#2945,#2573)REPRESENTATION_RELATIONSHIP_WITH_TRANSFORMATION(#3137)SHAPE_REPRESENTATION_RELATIONSHIP());
#3143=CONTEXT_DEPENDENT_SHAPE_REPRESENTATION(#3142,#3128);
#3146=CARTESIAN_POINT('centre point',(2.464999999999E0,-5.08E0,0.E0));
#3150=CARTESIAN_POINT('',(-3.25E0,-5.08E0,0.E0));
#3151=DIRECTION('',(0.E0,0.E0,1.E0));
#3152=DIRECTION('',(0.E0,-1.E0,0.E0));
#3153=AXIS2_PLACEMENT_3D('',#3150,#3151,#3152);
#3154=ITEM_DEFINED_TRANSFORMATION('','',#2944,#3153);
#3155=CARTESIAN_POINT('',(0.E0,0.E0,0.E0));
#3156=DIRECTION('',(0.E0,0.E0,1.E0));
#3157=DIRECTION('',(1.E0,0.E0,0.E0));
#3159=(REPRESENTATION_RELATIONSHIP('','',#2945,#2573)REPRESENTATION_RELATIONSHIP_WITH_TRANSFORMATION(#3154)SHAPE_REPRESENTATION_RELATIONSHIP());
#3160=CONTEXT_DEPENDENT_SHAPE_REPRESENTATION(#3159,#3145);
#3163=PLANE_ANGLE_MEASURE_WITH_UNIT(PLANE_ANGLE_MEASURE(1.745329251994E-2),
#3162);
#3164=(CONVERSION_BASED_UNIT('DEGREE',#3163)NAMED_UNIT(*)PLANE_ANGLE_UNIT());
#3166=UNCERTAINTY_MEASURE_WITH_UNIT(LENGTH_MEASURE(6.038964712379E-4),#3161,
'distance_accuracy_value',
'Maximum model space distance between geometric entities at asserted connectivities');
#3168=CARTESIAN_POINT('',(0.E0,0.E0,0.E0));
#3169=DIRECTION('',(0.E0,0.E0,1.E0));
#3170=DIRECTION('',(1.E0,0.E0,0.E0));
#3173=PRODUCT_DEFINITION_CONTEXT('part definition',#2522,'design');
#3174=PRODUCT_CONTEXT('',#2522,'mechanical');
#3175=PRODUCT('77310-X16LF_AF0_2_1','77310-X16LF_AF0_2_1','NOT SPECIFIED',
(#3174));
#3176=PRODUCT_DEFINITION_FORMATION('1','LAST_VERSION',#3175);
#3181=GENERAL_PROPERTY('','CATALOGUE_NO','user defined attribute');
#3182=GENERAL_PROPERTY_ASSOCIATION('user defined attribute','',#3181,#3180);
#3183=DESCRIPTIVE_REPRESENTATION_ITEM('CATALOGUE_NO','-');
#3187=GENERAL_PROPERTY('','COMMERCIAL_ITEM','user defined attribute');
#3188=GENERAL_PROPERTY_ASSOCIATION('user defined attribute','',#3187,#3186);
#3189=DESCRIPTIVE_REPRESENTATION_ITEM('COMMERCIAL_ITEM','NO');
#3192=DESCRIPTIVE_REPRESENTATION_ITEM('attribute description','Yes No');
#3197=GENERAL_PROPERTY('','DWG_TITLE1','user defined attribute');
#3198=GENERAL_PROPERTY_ASSOCIATION('user defined attribute','',#3197,#3196);
#3199=DESCRIPTIVE_REPRESENTATION_ITEM('DWG_TITLE1','-');
#3203=GENERAL_PROPERTY('','DWG_TITLE2','user defined attribute');
#3204=GENERAL_PROPERTY_ASSOCIATION('user defined attribute','',#3203,#3202);
#3205=DESCRIPTIVE_REPRESENTATION_ITEM('DWG_TITLE2','-');
#3209=GENERAL_PROPERTY('','HEAT_TREATMENT','user defined attribute');
#3210=GENERAL_PROPERTY_ASSOCIATION('user defined attribute','',#3209,#3208);
#3211=DESCRIPTIVE_REPRESENTATION_ITEM('HEAT_TREATMENT','-');
#3215=GENERAL_PROPERTY('','MASS','user defined attribute');
#3216=GENERAL_PROPERTY_ASSOCIATION('user defined attribute','',#3215,#3214);
#3217=VALUE_REPRESENTATION_ITEM('MASS',COUNT_MEASURE(0));
#3220=DESCRIPTIVE_REPRESENTATION_ITEM('attribute description','Integer');
#3225=GENERAL_PROPERTY('','MATERIAL','user defined attribute');
#3226=GENERAL_PROPERTY_ASSOCIATION('user defined attribute','',#3225,#3224);
#3227=DESCRIPTIVE_REPRESENTATION_ITEM('MATERIAL','-');
#3231=GENERAL_PROPERTY('','MATERIAL_CODE','user defined attribute');
#3232=GENERAL_PROPERTY_ASSOCIATION('user defined attribute','',#3231,#3230);
#3233=DESCRIPTIVE_REPRESENTATION_ITEM('MATERIAL_CODE','-');
#3237=GENERAL_PROPERTY('','PLATING','user defined attribute');
#3238=GENERAL_PROPERTY_ASSOCIATION('user defined attribute','',#3237,#3236);
#3239=DESCRIPTIVE_REPRESENTATION_ITEM('PLATING','-');
#3243=GENERAL_PROPERTY('','PRODUCT_FAMILY','user defined attribute');
#3244=GENERAL_PROPERTY_ASSOCIATION('user defined attribute','',#3243,#3242);
#3245=DESCRIPTIVE_REPRESENTATION_ITEM('PRODUCT_FAMILY','-');
#3249=GENERAL_PROPERTY('','SURFACE_FINISH','user defined attribute');
#3250=GENERAL_PROPERTY_ASSOCIATION('user defined attribute','',#3249,#3248);
#3251=DESCRIPTIVE_REPRESENTATION_ITEM('SURFACE_FINISH','-');
#3255=GENERAL_PROPERTY('','VOLUME','user defined attribute');
#3256=GENERAL_PROPERTY_ASSOCIATION('user defined attribute','',#3255,#3254);
#3257=VALUE_REPRESENTATION_ITEM('VOLUME',COUNT_MEASURE(0));
#3260=DESCRIPTIVE_REPRESENTATION_ITEM('attribute description','Integer');
#3265=GENERAL_PROPERTY('','WEIGHT','user defined attribute');
#3266=GENERAL_PROPERTY_ASSOCIATION('user defined attribute','',#3265,#3264);
#3267=VALUE_REPRESENTATION_ITEM('WEIGHT',COUNT_MEASURE(0));
#3270=DESCRIPTIVE_REPRESENTATION_ITEM('attribute description','Integer');
#3275=GENERAL_PROPERTY('','NOM_MODELE','user defined attribute');
#3276=GENERAL_PROPERTY_ASSOCIATION('user defined attribute','',#3275,#3274);
#3277=DESCRIPTIVE_REPRESENTATION_ITEM('NOM_MODELE','77310-X16LF');
#3281=GENERAL_PROPERTY('','BAL_NAME','user defined attribute');
#3282=GENERAL_PROPERTY_ASSOCIATION('user defined attribute','',#3281,#3280);
#3283=DESCRIPTIVE_REPRESENTATION_ITEM('BAL_NAME','LF');
#3287=GENERAL_PROPERTY('','DOCUMENT_TYPE','user defined attribute');
#3288=GENERAL_PROPERTY_ASSOCIATION('user defined attribute','',#3287,#3286);
#3289=DESCRIPTIVE_REPRESENTATION_ITEM('DOCUMENT_TYPE','-');
#3293=GENERAL_PROPERTY('','PTC_COMMON_NAME','user defined attribute');
#3294=GENERAL_PROPERTY_ASSOCIATION('user defined attribute','',#3293,#3292);
#3295=DESCRIPTIVE_REPRESENTATION_ITEM('PTC_COMMON_NAME','77310-x16lf.prt');
#3300=CARTESIAN_POINT('',(-3.25E0,-7.62E0,0.E0));
#3301=DIRECTION('',(0.E0,0.E0,1.E0));
#3302=DIRECTION('',(0.E0,-1.E0,0.E0));
#3303=AXIS2_PLACEMENT_3D('',#3300,#3301,#3302);
#3304=ITEM_DEFINED_TRANSFORMATION('','',#3171,#3303);
#3305=CARTESIAN_POINT('',(0.E0,0.E0,0.E0));
#3306=DIRECTION('',(0.E0,0.E0,1.E0));
#3307=DIRECTION('',(1.E0,0.E0,0.E0));
#3309=(REPRESENTATION_RELATIONSHIP('','',#3172,#2573)REPRESENTATION_RELATIONSHIP_WITH_TRANSFORMATION(#3304)SHAPE_REPRESENTATION_RELATIONSHIP());
#3310=CONTEXT_DEPENDENT_SHAPE_REPRESENTATION(#3309,#3299);
#3313=PLANE_ANGLE_MEASURE_WITH_UNIT(PLANE_ANGLE_MEASURE(1.745329251994E-2),
#3312);
#3314=(CONVERSION_BASED_UNIT('DEGREE',#3313)NAMED_UNIT(*)PLANE_ANGLE_UNIT());
#3316=UNCERTAINTY_MEASURE_WITH_UNIT(LENGTH_MEASURE(6.038964712379E-4),#3311,
'distance_accuracy_value',
'Maximum model space distance between geometric entities at asserted connectivities');
#3318=CARTESIAN_POINT('',(0.E0,0.E0,0.E0));
#3319=DIRECTION('',(0.E0,0.E0,1.E0));
#3320=DIRECTION('',(1.E0,0.E0,0.E0));
#3323=PRODUCT_CONTEXT('',#2522,'mechanical');
#3324=PRODUCT('77310-X16LF_AF1_2','77310-X16LF_AF1_2','NOT SPECIFIED',(#3323));
#3325=PRODUCT_DEFINITION_FORMATION('1','LAST_VERSION',#3324);
#3330=GENERAL_PROPERTY('','CATALOGUE_NO','user defined attribute');
#3331=GENERAL_PROPERTY_ASSOCIATION('user defined attribute','',#3330,#3329);
#3332=DESCRIPTIVE_REPRESENTATION_ITEM('CATALOGUE_NO','-');
#3336=GENERAL_PROPERTY('','COMMERCIAL_ITEM','user defined attribute');
#3337=GENERAL_PROPERTY_ASSOCIATION('user defined attribute','',#3336,#3335);
#3338=DESCRIPTIVE_REPRESENTATION_ITEM('COMMERCIAL_ITEM','NO');
#3341=DESCRIPTIVE_REPRESENTATION_ITEM('attribute description','Yes No');
#3346=GENERAL_PROPERTY('','DWG_TITLE1','user defined attribute');
#3347=GENERAL_PROPERTY_ASSOCIATION('user defined attribute','',#3346,#3345);
#3348=DESCRIPTIVE_REPRESENTATION_ITEM('DWG_TITLE1','-');
#3352=GENERAL_PROPERTY('','DWG_TITLE2','user defined attribute');
#3353=GENERAL_PROPERTY_ASSOCIATION('user defined attribute','',#3352,#3351);
#3354=DESCRIPTIVE_REPRESENTATION_ITEM('DWG_TITLE2','-');
#3358=GENERAL_PROPERTY('','HEAT_TREATMENT','user defined attribute');
#3359=GENERAL_PROPERTY_ASSOCIATION('user defined attribute','',#3358,#3357);
#3360=DESCRIPTIVE_REPRESENTATION_ITEM('HEAT_TREATMENT','-');
#3364=GENERAL_PROPERTY('','MASS','user defined attribute');
#3365=GENERAL_PROPERTY_ASSOCIATION('user defined attribute','',#3364,#3363);
#3366=VALUE_REPRESENTATION_ITEM('MASS',COUNT_MEASURE(0));
#3369=DESCRIPTIVE_REPRESENTATION_ITEM('attribute description','Integer');
#3374=GENERAL_PROPERTY('','MATERIAL','user defined attribute');
#3375=GENERAL_PROPERTY_ASSOCIATION('user defined attribute','',#3374,#3373);
#3376=DESCRIPTIVE_REPRESENTATION_ITEM('MATERIAL','-');
#3380=GENERAL_PROPERTY('','MATERIAL_CODE','user defined attribute');
#3381=GENERAL_PROPERTY_ASSOCIATION('user defined attribute','',#3380,#3379);
#3382=DESCRIPTIVE_REPRESENTATION_ITEM('MATERIAL_CODE','-');
#3386=GENERAL_PROPERTY('','PLATING','user defined attribute');
#3387=GENERAL_PROPERTY_ASSOCIATION('user defined attribute','',#3386,#3385);
#3388=DESCRIPTIVE_REPRESENTATION_ITEM('PLATING','-');
#3392=GENERAL_PROPERTY('','PRODUCT_FAMILY','user defined attribute');
#3393=GENERAL_PROPERTY_ASSOCIATION('user defined attribute','',#3392,#3391);
#3394=DESCRIPTIVE_REPRESENTATION_ITEM('PRODUCT_FAMILY','-');
#3398=GENERAL_PROPERTY('','SURFACE_FINISH','user defined attribute');
#3399=GENERAL_PROPERTY_ASSOCIATION('user defined attribute','',#3398,#3397);
#3400=DESCRIPTIVE_REPRESENTATION_ITEM('SURFACE_FINISH','-');
#3404=GENERAL_PROPERTY('','VOLUME','user defined attribute');
#3405=GENERAL_PROPERTY_ASSOCIATION('user defined attribute','',#3404,#3403);
#3406=VALUE_REPRESENTATION_ITEM('VOLUME',COUNT_MEASURE(0));
#3409=DESCRIPTIVE_REPRESENTATION_ITEM('attribute description','Integer');
#3414=GENERAL_PROPERTY('','WEIGHT','user defined attribute');
#3415=GENERAL_PROPERTY_ASSOCIATION('user defined attribute','',#3414,#3413);
#3416=VALUE_REPRESENTATION_ITEM('WEIGHT',COUNT_MEASURE(0));
#3419=DESCRIPTIVE_REPRESENTATION_ITEM('attribute description','Integer');
#3424=GENERAL_PROPERTY('','NOM_MODELE','user defined attribute');
#3425=GENERAL_PROPERTY_ASSOCIATION('user defined attribute','',#3424,#3423);
#3426=DESCRIPTIVE_REPRESENTATION_ITEM('NOM_MODELE','77310-X16LF');
#3430=GENERAL_PROPERTY('','BAL_NAME','user defined attribute');
#3431=GENERAL_PROPERTY_ASSOCIATION('user defined attribute','',#3430,#3429);
#3432=DESCRIPTIVE_REPRESENTATION_ITEM('BAL_NAME','LF');
#3436=GENERAL_PROPERTY('','DOCUMENT_TYPE','user defined attribute');
#3437=GENERAL_PROPERTY_ASSOCIATION('user defined attribute','',#3436,#3435);
#3438=DESCRIPTIVE_REPRESENTATION_ITEM('DOCUMENT_TYPE','-');
#3442=GENERAL_PROPERTY('','PTC_COMMON_NAME','user defined attribute');
#3443=GENERAL_PROPERTY_ASSOCIATION('user defined attribute','',#3442,#3441);
#3444=DESCRIPTIVE_REPRESENTATION_ITEM('PTC_COMMON_NAME','77310-x16lf.prt');
#3449=CARTESIAN_POINT('',(-3.25E0,-1.016E1,0.E0));
#3450=DIRECTION('',(0.E0,0.E0,1.E0));
#3451=DIRECTION('',(0.E0,-1.E0,0.E0));
#3452=AXIS2_PLACEMENT_3D('',#3449,#3450,#3451);
#3453=ITEM_DEFINED_TRANSFORMATION('','',#3321,#3452);
#3454=CARTESIAN_POINT('',(0.E0,0.E0,0.E0));
#3455=DIRECTION('',(0.E0,0.E0,1.E0));
#3456=DIRECTION('',(1.E0,0.E0,0.E0));
#3458=(REPRESENTATION_RELATIONSHIP('','',#3322,#2573)REPRESENTATION_RELATIONSHIP_WITH_TRANSFORMATION(#3453)SHAPE_REPRESENTATION_RELATIONSHIP());
#3459=CONTEXT_DEPENDENT_SHAPE_REPRESENTATION(#3458,#3448);
#3462=PLANE_ANGLE_MEASURE_WITH_UNIT(PLANE_ANGLE_MEASURE(1.745329251994E-2),
#3461);
#3463=(CONVERSION_BASED_UNIT('DEGREE',#3462)NAMED_UNIT(*)PLANE_ANGLE_UNIT());
#3465=UNCERTAINTY_MEASURE_WITH_UNIT(LENGTH_MEASURE(6.038964712379E-4),#3460,
'distance_accuracy_value',
'Maximum model space distance between geometric entities at asserted connectivities');
#3467=CARTESIAN_POINT('',(0.E0,0.E0,0.E0));
#3468=DIRECTION('',(0.E0,0.E0,1.E0));
#3469=DIRECTION('',(1.E0,0.E0,0.E0));
#3472=PRODUCT_DEFINITION_CONTEXT('part definition',#2522,'design');
#3473=PRODUCT_CONTEXT('',#2522,'mechanical');
#3474=PRODUCT('77310-X16LF_AF2_2','77310-X16LF_AF2_2','NOT SPECIFIED',(#3473));
#3475=PRODUCT_DEFINITION_FORMATION('1','LAST_VERSION',#3474);
#3480=GENERAL_PROPERTY('','CATALOGUE_NO','user defined attribute');
#3481=GENERAL_PROPERTY_ASSOCIATION('user defined attribute','',#3480,#3479);
#3482=DESCRIPTIVE_REPRESENTATION_ITEM('CATALOGUE_NO','-');
#3486=GENERAL_PROPERTY('','COMMERCIAL_ITEM','user defined attribute');
#3487=GENERAL_PROPERTY_ASSOCIATION('user defined attribute','',#3486,#3485);
#3488=DESCRIPTIVE_REPRESENTATION_ITEM('COMMERCIAL_ITEM','NO');
#3491=DESCRIPTIVE_REPRESENTATION_ITEM('attribute description','Yes No');
#3496=GENERAL_PROPERTY('','DWG_TITLE1','user defined attribute');
#3497=GENERAL_PROPERTY_ASSOCIATION('user defined attribute','',#3496,#3495);
#3498=DESCRIPTIVE_REPRESENTATION_ITEM('DWG_TITLE1','-');
#3502=GENERAL_PROPERTY('','DWG_TITLE2','user defined attribute');
#3503=GENERAL_PROPERTY_ASSOCIATION('user defined attribute','',#3502,#3501);
#3504=DESCRIPTIVE_REPRESENTATION_ITEM('DWG_TITLE2','-');
#3508=GENERAL_PROPERTY('','HEAT_TREATMENT','user defined attribute');
#3509=GENERAL_PROPERTY_ASSOCIATION('user defined attribute','',#3508,#3507);
#3510=DESCRIPTIVE_REPRESENTATION_ITEM('HEAT_TREATMENT','-');
#3514=GENERAL_PROPERTY('','MASS','user defined attribute');
#3515=GENERAL_PROPERTY_ASSOCIATION('user defined attribute','',#3514,#3513);
#3516=VALUE_REPRESENTATION_ITEM('MASS',COUNT_MEASURE(0));
#3519=DESCRIPTIVE_REPRESENTATION_ITEM('attribute description','Integer');
#3524=GENERAL_PROPERTY('','MATERIAL','user defined attribute');
#3525=GENERAL_PROPERTY_ASSOCIATION('user defined attribute','',#3524,#3523);
#3526=DESCRIPTIVE_REPRESENTATION_ITEM('MATERIAL','-');
#3530=GENERAL_PROPERTY('','MATERIAL_CODE','user defined attribute');
#3531=GENERAL_PROPERTY_ASSOCIATION('user defined attribute','',#3530,#3529);
#3532=DESCRIPTIVE_REPRESENTATION_ITEM('MATERIAL_CODE','-');
#3536=GENERAL_PROPERTY('','PLATING','user defined attribute');
#3537=GENERAL_PROPERTY_ASSOCIATION('user defined attribute','',#3536,#3535);
#3538=DESCRIPTIVE_REPRESENTATION_ITEM('PLATING','-');
#3542=GENERAL_PROPERTY('','PRODUCT_FAMILY','user defined attribute');
#3543=GENERAL_PROPERTY_ASSOCIATION('user defined attribute','',#3542,#3541);
#3544=DESCRIPTIVE_REPRESENTATION_ITEM('PRODUCT_FAMILY','-');
#3548=GENERAL_PROPERTY('','SURFACE_FINISH','user defined attribute');
#3549=GENERAL_PROPERTY_ASSOCIATION('user defined attribute','',#3548,#3547);
#3550=DESCRIPTIVE_REPRESENTATION_ITEM('SURFACE_FINISH','-');
#3554=GENERAL_PROPERTY('','VOLUME','user defined attribute');
#3555=GENERAL_PROPERTY_ASSOCIATION('user defined attribute','',#3554,#3553);
#3556=VALUE_REPRESENTATION_ITEM('VOLUME',COUNT_MEASURE(0));
#3559=DESCRIPTIVE_REPRESENTATION_ITEM('attribute description','Integer');
#3564=GENERAL_PROPERTY('','WEIGHT','user defined attribute');
#3565=GENERAL_PROPERTY_ASSOCIATION('user defined attribute','',#3564,#3563);
#3566=VALUE_REPRESENTATION_ITEM('WEIGHT',COUNT_MEASURE(0));
#3569=DESCRIPTIVE_REPRESENTATION_ITEM('attribute description','Integer');
#3574=GENERAL_PROPERTY('','NOM_MODELE','user defined attribute');
#3575=GENERAL_PROPERTY_ASSOCIATION('user defined attribute','',#3574,#3573);
#3576=DESCRIPTIVE_REPRESENTATION_ITEM('NOM_MODELE','77310-X16LF');
#3580=GENERAL_PROPERTY('','BAL_NAME','user defined attribute');
#3581=GENERAL_PROPERTY_ASSOCIATION('user defined attribute','',#3580,#3579);
#3582=DESCRIPTIVE_REPRESENTATION_ITEM('BAL_NAME','LF');
#3586=GENERAL_PROPERTY('','DOCUMENT_TYPE','user defined attribute');
#3587=GENERAL_PROPERTY_ASSOCIATION('user defined attribute','',#3586,#3585);
#3588=DESCRIPTIVE_REPRESENTATION_ITEM('DOCUMENT_TYPE','-');
#3592=GENERAL_PROPERTY('','PTC_COMMON_NAME','user defined attribute');
#3593=GENERAL_PROPERTY_ASSOCIATION('user defined attribute','',#3592,#3591);
#3594=DESCRIPTIVE_REPRESENTATION_ITEM('PTC_COMMON_NAME','77310-x16lf.prt');
#3599=CARTESIAN_POINT('',(-3.25E0,-1.27E1,0.E0));
#3600=DIRECTION('',(0.E0,0.E0,1.E0));
#3601=DIRECTION('',(0.E0,-1.E0,0.E0));
#3602=AXIS2_PLACEMENT_3D('',#3599,#3600,#3601);
#3603=ITEM_DEFINED_TRANSFORMATION('','',#3470,#3602);
#3604=CARTESIAN_POINT('',(0.E0,0.E0,0.E0));
#3605=DIRECTION('',(0.E0,0.E0,1.E0));
#3606=DIRECTION('',(1.E0,0.E0,0.E0));
#3608=(REPRESENTATION_RELATIONSHIP('','',#3471,#2573)REPRESENTATION_RELATIONSHIP_WITH_TRANSFORMATION(#3603)SHAPE_REPRESENTATION_RELATIONSHIP());
#3609=CONTEXT_DEPENDENT_SHAPE_REPRESENTATION(#3608,#3598);
#3612=PLANE_ANGLE_MEASURE_WITH_UNIT(PLANE_ANGLE_MEASURE(1.745329251994E-2),
#3611);
#3613=(CONVERSION_BASED_UNIT('DEGREE',#3612)NAMED_UNIT(*)PLANE_ANGLE_UNIT());
#3615=UNCERTAINTY_MEASURE_WITH_UNIT(LENGTH_MEASURE(6.038964712379E-4),#3610,
'distance_accuracy_value',
'Maximum model space distance between geometric entities at asserted connectivities');
#3617=CARTESIAN_POINT('',(0.E0,0.E0,0.E0));
#3618=DIRECTION('',(0.E0,0.E0,1.E0));
#3619=DIRECTION('',(1.E0,0.E0,0.E0));
#3622=PRODUCT_CONTEXT('',#2522,'mechanical');
#3623=PRODUCT('77310-X16LF_AF3_2','77310-X16LF_AF3_2','NOT SPECIFIED',(#3622));
#3624=PRODUCT_DEFINITION_FORMATION('1','LAST_VERSION',#3623);
#3629=GENERAL_PROPERTY('','CATALOGUE_NO','user defined attribute');
#3630=GENERAL_PROPERTY_ASSOCIATION('user defined attribute','',#3629,#3628);
#3631=DESCRIPTIVE_REPRESENTATION_ITEM('CATALOGUE_NO','-');
#3635=GENERAL_PROPERTY('','COMMERCIAL_ITEM','user defined attribute');
#3636=GENERAL_PROPERTY_ASSOCIATION('user defined attribute','',#3635,#3634);
#3637=DESCRIPTIVE_REPRESENTATION_ITEM('COMMERCIAL_ITEM','NO');
#3640=DESCRIPTIVE_REPRESENTATION_ITEM('attribute description','Yes No');
#3645=GENERAL_PROPERTY('','DWG_TITLE1','user defined attribute');
#3646=GENERAL_PROPERTY_ASSOCIATION('user defined attribute','',#3645,#3644);
#3647=DESCRIPTIVE_REPRESENTATION_ITEM('DWG_TITLE1','-');
#3651=GENERAL_PROPERTY('','DWG_TITLE2','user defined attribute');
#3652=GENERAL_PROPERTY_ASSOCIATION('user defined attribute','',#3651,#3650);
#3653=DESCRIPTIVE_REPRESENTATION_ITEM('DWG_TITLE2','-');
#3657=GENERAL_PROPERTY('','HEAT_TREATMENT','user defined attribute');
#3658=GENERAL_PROPERTY_ASSOCIATION('user defined attribute','',#3657,#3656);
#3659=DESCRIPTIVE_REPRESENTATION_ITEM('HEAT_TREATMENT','-');
#3663=GENERAL_PROPERTY('','MASS','user defined attribute');
#3664=GENERAL_PROPERTY_ASSOCIATION('user defined attribute','',#3663,#3662);
#3665=VALUE_REPRESENTATION_ITEM('MASS',COUNT_MEASURE(0));
#3668=DESCRIPTIVE_REPRESENTATION_ITEM('attribute description','Integer');
#3673=GENERAL_PROPERTY('','MATERIAL','user defined attribute');
#3674=GENERAL_PROPERTY_ASSOCIATION('user defined attribute','',#3673,#3672);
#3675=DESCRIPTIVE_REPRESENTATION_ITEM('MATERIAL','-');
#3679=GENERAL_PROPERTY('','MATERIAL_CODE','user defined attribute');
#3680=GENERAL_PROPERTY_ASSOCIATION('user defined attribute','',#3679,#3678);
#3681=DESCRIPTIVE_REPRESENTATION_ITEM('MATERIAL_CODE','-');
#3685=GENERAL_PROPERTY('','PLATING','user defined attribute');
#3686=GENERAL_PROPERTY_ASSOCIATION('user defined attribute','',#3685,#3684);
#3687=DESCRIPTIVE_REPRESENTATION_ITEM('PLATING','-');
#3691=GENERAL_PROPERTY('','PRODUCT_FAMILY','user defined attribute');
#3692=GENERAL_PROPERTY_ASSOCIATION('user defined attribute','',#3691,#3690);
#3693=DESCRIPTIVE_REPRESENTATION_ITEM('PRODUCT_FAMILY','-');
#3697=GENERAL_PROPERTY('','SURFACE_FINISH','user defined attribute');
#3698=GENERAL_PROPERTY_ASSOCIATION('user defined attribute','',#3697,#3696);
#3699=DESCRIPTIVE_REPRESENTATION_ITEM('SURFACE_FINISH','-');
#3703=GENERAL_PROPERTY('','VOLUME','user defined attribute');
#3704=GENERAL_PROPERTY_ASSOCIATION('user defined attribute','',#3703,#3702);
#3705=VALUE_REPRESENTATION_ITEM('VOLUME',COUNT_MEASURE(0));
#3708=DESCRIPTIVE_REPRESENTATION_ITEM('attribute description','Integer');
#3713=GENERAL_PROPERTY('','WEIGHT','user defined attribute');
#3714=GENERAL_PROPERTY_ASSOCIATION('user defined attribute','',#3713,#3712);
#3715=VALUE_REPRESENTATION_ITEM('WEIGHT',COUNT_MEASURE(0));
#3718=DESCRIPTIVE_REPRESENTATION_ITEM('attribute description','Integer');
#3723=GENERAL_PROPERTY('','NOM_MODELE','user defined attribute');
#3724=GENERAL_PROPERTY_ASSOCIATION('user defined attribute','',#3723,#3722);
#3725=DESCRIPTIVE_REPRESENTATION_ITEM('NOM_MODELE','77310-X16LF');
#3729=GENERAL_PROPERTY('','BAL_NAME','user defined attribute');
#3730=GENERAL_PROPERTY_ASSOCIATION('user defined attribute','',#3729,#3728);
#3731=DESCRIPTIVE_REPRESENTATION_ITEM('BAL_NAME','LF');
#3735=GENERAL_PROPERTY('','DOCUMENT_TYPE','user defined attribute');
#3736=GENERAL_PROPERTY_ASSOCIATION('user defined attribute','',#3735,#3734);
#3737=DESCRIPTIVE_REPRESENTATION_ITEM('DOCUMENT_TYPE','-');
#3741=GENERAL_PROPERTY('','PTC_COMMON_NAME','user defined attribute');
#3742=GENERAL_PROPERTY_ASSOCIATION('user defined attribute','',#3741,#3740);
#3743=DESCRIPTIVE_REPRESENTATION_ITEM('PTC_COMMON_NAME','77310-x16lf.prt');
#3748=CARTESIAN_POINT('',(-3.25E0,-1.524E1,0.E0));
#3749=DIRECTION('',(0.E0,0.E0,1.E0));
#3750=DIRECTION('',(0.E0,-1.E0,0.E0));
#3751=AXIS2_PLACEMENT_3D('',#3748,#3749,#3750);
#3752=ITEM_DEFINED_TRANSFORMATION('','',#3620,#3751);
#3753=CARTESIAN_POINT('',(0.E0,0.E0,0.E0));
#3754=DIRECTION('',(0.E0,0.E0,1.E0));
#3755=DIRECTION('',(1.E0,0.E0,0.E0));
#3757=(REPRESENTATION_RELATIONSHIP('','',#3621,#2573)REPRESENTATION_RELATIONSHIP_WITH_TRANSFORMATION(#3752)SHAPE_REPRESENTATION_RELATIONSHIP());
#3758=CONTEXT_DEPENDENT_SHAPE_REPRESENTATION(#3757,#3747);
#3761=PLANE_ANGLE_MEASURE_WITH_UNIT(PLANE_ANGLE_MEASURE(1.745329251994E-2),
#3760);
#3762=(CONVERSION_BASED_UNIT('DEGREE',#3761)NAMED_UNIT(*)PLANE_ANGLE_UNIT());
#3764=UNCERTAINTY_MEASURE_WITH_UNIT(LENGTH_MEASURE(6.038964712379E-4),#3759,
'distance_accuracy_value',
'Maximum model space distance between geometric entities at asserted connectivities');
#3766=CARTESIAN_POINT('',(0.E0,0.E0,0.E0));
#3767=DIRECTION('',(0.E0,0.E0,1.E0));
#3768=DIRECTION('',(1.E0,0.E0,0.E0));
#3771=PRODUCT_DEFINITION_CONTEXT('part definition',#2522,'design');
#3772=PRODUCT_CONTEXT('',#2522,'mechanical');
#3773=PRODUCT('77310-X16LF_AF4_2','77310-X16LF_AF4_2','NOT SPECIFIED',(#3772));
#3774=PRODUCT_DEFINITION_FORMATION('1','LAST_VERSION',#3773);
#3779=GENERAL_PROPERTY('','CATALOGUE_NO','user defined attribute');
#3780=GENERAL_PROPERTY_ASSOCIATION('user defined attribute','',#3779,#3778);
#3781=DESCRIPTIVE_REPRESENTATION_ITEM('CATALOGUE_NO','-');
#3785=GENERAL_PROPERTY('','COMMERCIAL_ITEM','user defined attribute');
#3786=GENERAL_PROPERTY_ASSOCIATION('user defined attribute','',#3785,#3784);
#3787=DESCRIPTIVE_REPRESENTATION_ITEM('COMMERCIAL_ITEM','NO');
#3790=DESCRIPTIVE_REPRESENTATION_ITEM('attribute description','Yes No');
#3795=GENERAL_PROPERTY('','DWG_TITLE1','user defined attribute');
#3796=GENERAL_PROPERTY_ASSOCIATION('user defined attribute','',#3795,#3794);
#3797=DESCRIPTIVE_REPRESENTATION_ITEM('DWG_TITLE1','-');
#3801=GENERAL_PROPERTY('','DWG_TITLE2','user defined attribute');
#3802=GENERAL_PROPERTY_ASSOCIATION('user defined attribute','',#3801,#3800);
#3803=DESCRIPTIVE_REPRESENTATION_ITEM('DWG_TITLE2','-');
#3807=GENERAL_PROPERTY('','HEAT_TREATMENT','user defined attribute');
#3808=GENERAL_PROPERTY_ASSOCIATION('user defined attribute','',#3807,#3806);
#3809=DESCRIPTIVE_REPRESENTATION_ITEM('HEAT_TREATMENT','-');
#3813=GENERAL_PROPERTY('','MASS','user defined attribute');
#3814=GENERAL_PROPERTY_ASSOCIATION('user defined attribute','',#3813,#3812);
#3815=VALUE_REPRESENTATION_ITEM('MASS',COUNT_MEASURE(0));
#3818=DESCRIPTIVE_REPRESENTATION_ITEM('attribute description','Integer');
#3823=GENERAL_PROPERTY('','MATERIAL','user defined attribute');
#3824=GENERAL_PROPERTY_ASSOCIATION('user defined attribute','',#3823,#3822);
#3825=DESCRIPTIVE_REPRESENTATION_ITEM('MATERIAL','-');
#3829=GENERAL_PROPERTY('','MATERIAL_CODE','user defined attribute');
#3830=GENERAL_PROPERTY_ASSOCIATION('user defined attribute','',#3829,#3828);
#3831=DESCRIPTIVE_REPRESENTATION_ITEM('MATERIAL_CODE','-');
#3835=GENERAL_PROPERTY('','PLATING','user defined attribute');
#3836=GENERAL_PROPERTY_ASSOCIATION('user defined attribute','',#3835,#3834);
#3837=DESCRIPTIVE_REPRESENTATION_ITEM('PLATING','-');
#3841=GENERAL_PROPERTY('','PRODUCT_FAMILY','user defined attribute');
#3842=GENERAL_PROPERTY_ASSOCIATION('user defined attribute','',#3841,#3840);
#3843=DESCRIPTIVE_REPRESENTATION_ITEM('PRODUCT_FAMILY','-');
#3847=GENERAL_PROPERTY('','SURFACE_FINISH','user defined attribute');
#3848=GENERAL_PROPERTY_ASSOCIATION('user defined attribute','',#3847,#3846);
#3849=DESCRIPTIVE_REPRESENTATION_ITEM('SURFACE_FINISH','-');
#3853=GENERAL_PROPERTY('','VOLUME','user defined attribute');
#3854=GENERAL_PROPERTY_ASSOCIATION('user defined attribute','',#3853,#3852);
#3855=VALUE_REPRESENTATION_ITEM('VOLUME',COUNT_MEASURE(0));
#3858=DESCRIPTIVE_REPRESENTATION_ITEM('attribute description','Integer');
#3863=GENERAL_PROPERTY('','WEIGHT','user defined attribute');
#3864=GENERAL_PROPERTY_ASSOCIATION('user defined attribute','',#3863,#3862);
#3865=VALUE_REPRESENTATION_ITEM('WEIGHT',COUNT_MEASURE(0));
#3868=DESCRIPTIVE_REPRESENTATION_ITEM('attribute description','Integer');
#3873=GENERAL_PROPERTY('','NOM_MODELE','user defined attribute');
#3874=GENERAL_PROPERTY_ASSOCIATION('user defined attribute','',#3873,#3872);
#3875=DESCRIPTIVE_REPRESENTATION_ITEM('NOM_MODELE','77310-X16LF');
#3879=GENERAL_PROPERTY('','BAL_NAME','user defined attribute');
#3880=GENERAL_PROPERTY_ASSOCIATION('user defined attribute','',#3879,#3878);
#3881=DESCRIPTIVE_REPRESENTATION_ITEM('BAL_NAME','LF');
#3885=GENERAL_PROPERTY('','DOCUMENT_TYPE','user defined attribute');
#3886=GENERAL_PROPERTY_ASSOCIATION('user defined attribute','',#3885,#3884);
#3887=DESCRIPTIVE_REPRESENTATION_ITEM('DOCUMENT_TYPE','-');
#3891=GENERAL_PROPERTY('','PTC_COMMON_NAME','user defined attribute');
#3892=GENERAL_PROPERTY_ASSOCIATION('user defined attribute','',#3891,#3890);
#3893=DESCRIPTIVE_REPRESENTATION_ITEM('PTC_COMMON_NAME','77310-x16lf.prt');
#3898=CARTESIAN_POINT('',(-3.25E0,-1.778E1,0.E0));
#3899=DIRECTION('',(0.E0,0.E0,1.E0));
#3900=DIRECTION('',(0.E0,-1.E0,0.E0));
#3901=AXIS2_PLACEMENT_3D('',#3898,#3899,#3900);
#3902=ITEM_DEFINED_TRANSFORMATION('','',#3769,#3901);
#3903=CARTESIAN_POINT('',(0.E0,0.E0,0.E0));
#3904=DIRECTION('',(0.E0,0.E0,1.E0));
#3905=DIRECTION('',(1.E0,0.E0,0.E0));
#3907=(REPRESENTATION_RELATIONSHIP('','',#3770,#2573)REPRESENTATION_RELATIONSHIP_WITH_TRANSFORMATION(#3902)SHAPE_REPRESENTATION_RELATIONSHIP());
#3908=CONTEXT_DEPENDENT_SHAPE_REPRESENTATION(#3907,#3897);
#3911=PLANE_ANGLE_MEASURE_WITH_UNIT(PLANE_ANGLE_MEASURE(1.745329251994E-2),
#3910);
#3912=(CONVERSION_BASED_UNIT('DEGREE',#3911)NAMED_UNIT(*)PLANE_ANGLE_UNIT());
#3914=UNCERTAINTY_MEASURE_WITH_UNIT(LENGTH_MEASURE(6.038964712379E-4),#3909,
'distance_accuracy_value',
'Maximum model space distance between geometric entities at asserted connectivities');
#3916=CARTESIAN_POINT('',(0.E0,0.E0,0.E0));
#3917=DIRECTION('',(0.E0,0.E0,1.E0));
#3918=DIRECTION('',(1.E0,0.E0,0.E0));
#3921=PRODUCT_CONTEXT('',#2522,'mechanical');
#3922=PRODUCT('77310-X16LF_AF5_2','77310-X16LF_AF5_2','NOT SPECIFIED',(#3921));
#3923=PRODUCT_DEFINITION_FORMATION('1','LAST_VERSION',#3922);
#3928=GENERAL_PROPERTY('','CATALOGUE_NO','user defined attribute');
#3929=GENERAL_PROPERTY_ASSOCIATION('user defined attribute','',#3928,#3927);
#3930=DESCRIPTIVE_REPRESENTATION_ITEM('CATALOGUE_NO','-');
#3934=GENERAL_PROPERTY('','COMMERCIAL_ITEM','user defined attribute');
#3935=GENERAL_PROPERTY_ASSOCIATION('user defined attribute','',#3934,#3933);
#3936=DESCRIPTIVE_REPRESENTATION_ITEM('COMMERCIAL_ITEM','NO');
#3939=DESCRIPTIVE_REPRESENTATION_ITEM('attribute description','Yes No');
#3944=GENERAL_PROPERTY('','DWG_TITLE1','user defined attribute');
#3945=GENERAL_PROPERTY_ASSOCIATION('user defined attribute','',#3944,#3943);
#3946=DESCRIPTIVE_REPRESENTATION_ITEM('DWG_TITLE1','-');
#3950=GENERAL_PROPERTY('','DWG_TITLE2','user defined attribute');
#3951=GENERAL_PROPERTY_ASSOCIATION('user defined attribute','',#3950,#3949);
#3952=DESCRIPTIVE_REPRESENTATION_ITEM('DWG_TITLE2','-');
#3956=GENERAL_PROPERTY('','HEAT_TREATMENT','user defined attribute');
#3957=GENERAL_PROPERTY_ASSOCIATION('user defined attribute','',#3956,#3955);
#3958=DESCRIPTIVE_REPRESENTATION_ITEM('HEAT_TREATMENT','-');
#3962=GENERAL_PROPERTY('','MASS','user defined attribute');
#3963=GENERAL_PROPERTY_ASSOCIATION('user defined attribute','',#3962,#3961);
#3964=VALUE_REPRESENTATION_ITEM('MASS',COUNT_MEASURE(0));
#3967=DESCRIPTIVE_REPRESENTATION_ITEM('attribute description','Integer');
#3972=GENERAL_PROPERTY('','MATERIAL','user defined attribute');
#3973=GENERAL_PROPERTY_ASSOCIATION('user defined attribute','',#3972,#3971);
#3974=DESCRIPTIVE_REPRESENTATION_ITEM('MATERIAL','-');
#3978=GENERAL_PROPERTY('','MATERIAL_CODE','user defined attribute');
#3979=GENERAL_PROPERTY_ASSOCIATION('user defined attribute','',#3978,#3977);
#3980=DESCRIPTIVE_REPRESENTATION_ITEM('MATERIAL_CODE','-');
#3984=GENERAL_PROPERTY('','PLATING','user defined attribute');
#3985=GENERAL_PROPERTY_ASSOCIATION('user defined attribute','',#3984,#3983);
#3986=DESCRIPTIVE_REPRESENTATION_ITEM('PLATING','-');
#3990=GENERAL_PROPERTY('','PRODUCT_FAMILY','user defined attribute');
#3991=GENERAL_PROPERTY_ASSOCIATION('user defined attribute','',#3990,#3989);
#3992=DESCRIPTIVE_REPRESENTATION_ITEM('PRODUCT_FAMILY','-');
#3996=GENERAL_PROPERTY('','SURFACE_FINISH','user defined attribute');
#3997=GENERAL_PROPERTY_ASSOCIATION('user defined attribute','',#3996,#3995);
#3998=DESCRIPTIVE_REPRESENTATION_ITEM('SURFACE_FINISH','-');
#4002=GENERAL_PROPERTY('','VOLUME','user defined attribute');
#4003=GENERAL_PROPERTY_ASSOCIATION('user defined attribute','',#4002,#4001);
#4004=VALUE_REPRESENTATION_ITEM('VOLUME',COUNT_MEASURE(0));
#4007=DESCRIPTIVE_REPRESENTATION_ITEM('attribute description','Integer');
#4012=GENERAL_PROPERTY('','WEIGHT','user defined attribute');
#4013=GENERAL_PROPERTY_ASSOCIATION('user defined attribute','',#4012,#4011);
#4014=VALUE_REPRESENTATION_ITEM('WEIGHT',COUNT_MEASURE(0));
#4017=DESCRIPTIVE_REPRESENTATION_ITEM('attribute description','Integer');
#4022=GENERAL_PROPERTY('','NOM_MODELE','user defined attribute');
#4023=GENERAL_PROPERTY_ASSOCIATION('user defined attribute','',#4022,#4021);
#4024=DESCRIPTIVE_REPRESENTATION_ITEM('NOM_MODELE','77310-X16LF');
#4028=GENERAL_PROPERTY('','BAL_NAME','user defined attribute');
#4029=GENERAL_PROPERTY_ASSOCIATION('user defined attribute','',#4028,#4027);
#4030=DESCRIPTIVE_REPRESENTATION_ITEM('BAL_NAME','LF');
#4034=GENERAL_PROPERTY('','DOCUMENT_TYPE','user defined attribute');
#4035=GENERAL_PROPERTY_ASSOCIATION('user defined attribute','',#4034,#4033);
#4036=DESCRIPTIVE_REPRESENTATION_ITEM('DOCUMENT_TYPE','-');
#4040=GENERAL_PROPERTY('','PTC_COMMON_NAME','user defined attribute');
#4041=GENERAL_PROPERTY_ASSOCIATION('user defined attribute','',#4040,#4039);
#4042=DESCRIPTIVE_REPRESENTATION_ITEM('PTC_COMMON_NAME','77310-x16lf.prt');
#4047=CARTESIAN_POINT('',(-3.25E0,-2.032E1,0.E0));
#4048=DIRECTION('',(0.E0,0.E0,1.E0));
#4049=DIRECTION('',(0.E0,-1.E0,0.E0));
#4050=AXIS2_PLACEMENT_3D('',#4047,#4048,#4049);
#4051=ITEM_DEFINED_TRANSFORMATION('','',#3919,#4050);
#4052=CARTESIAN_POINT('',(0.E0,0.E0,0.E0));
#4053=DIRECTION('',(0.E0,0.E0,1.E0));
#4054=DIRECTION('',(1.E0,0.E0,0.E0));
#4056=(REPRESENTATION_RELATIONSHIP('','',#3920,#2573)REPRESENTATION_RELATIONSHIP_WITH_TRANSFORMATION(#4051)SHAPE_REPRESENTATION_RELATIONSHIP());
#4057=CONTEXT_DEPENDENT_SHAPE_REPRESENTATION(#4056,#4046);
#4058=PRESENTATION_LAYER_ASSIGNMENT('ASSY_MEMBER_2','',(#1400,#1415,#1429,#1443,
#1457,#1471,#1485,#1609,#1622,#1635,#1648,#1661,#1674,#1687,#1700,#1713,#1726,
#1739,#1752,#1765,#1778,#1791,#1804,#1817,#1830,#1843,#1856,#1869,#1882,#1894,
#1908,#1921,#1934,#1946,#1960,#1973,#1986,#1998,#2013,#2026,#2036,#2051,#2064,
#2074,#2089,#2102,#2112,#2127,#2140,#2150,#2165,#2178,#2188,#2203,#2216,#2226,
#2240,#2253,#2266,#2278,#2293,#2306,#2316,#2331,#2344,#2354,#2369,#2382,#2392,
#2407,#2420,#2430,#2445,#2458,#2468,#2483,#2496,#2506,#2508,#2750,#2765,#2779,
#2793,#2808,#2823,#2838,#2852,#2866,#2880,#2893,#2905,#2918,#2930,#2932));
#4059=PRESENTATION_LAYER_ASSIGNMENT('77310-X16LF_2','',(#2750,#2765,#2779,#2793,
#2808,#2823,#2838,#2852,#2866,#2880,#2893,#2905,#2918,#2930,#2932));
#4062=PLANE_ANGLE_MEASURE_WITH_UNIT(PLANE_ANGLE_MEASURE(1.745329251994E-2),
#4061);
#4063=(CONVERSION_BASED_UNIT('DEGREE',#4062)NAMED_UNIT(*)PLANE_ANGLE_UNIT());
#4065=UNCERTAINTY_MEASURE_WITH_UNIT(LENGTH_MEASURE(1.394639160928E-3),#4060,
'distance_accuracy_value',
'Maximum model space distance between geometric entities at asserted connectivities');
#4067=CARTESIAN_POINT('',(0.E0,0.E0,0.E0));
#4068=DIRECTION('',(0.E0,0.E0,1.E0));
#4069=DIRECTION('',(1.E0,0.E0,0.E0));
#4071=PRODUCT_DEFINITION_CONTEXT('part definition',#2522,'design');
#4072=PRODUCT_CONTEXT('',#2522,'mechanical');
#4073=PRODUCT('68001-X09_ASM_1_1_ASM','68001-X09_ASM_1_1_ASM','NOT SPECIFIED',(
#4072));
#4074=PRODUCT_DEFINITION_FORMATION('1','LAST_VERSION',#4073);
#4077=DERIVED_UNIT_ELEMENT(#4076,2.E0);
#4078=DERIVED_UNIT((#4077));
#4079=MEASURE_REPRESENTATION_ITEM('surface area measure',AREA_MEASURE(
1.827117820841E2),#4078);
#4084=DERIVED_UNIT_ELEMENT(#4083,3.E0);
#4085=DERIVED_UNIT((#4084));
#4086=MEASURE_REPRESENTATION_ITEM('volume measure',VOLUME_MEASURE(
4.801911281648E1),#4085);
#4090=CARTESIAN_POINT('centre point',(1.462874343609E0,-2.54E0,
9.700755069446E-13));
#4095=GENERAL_PROPERTY('','CATALOGUE_NO','user defined attribute');
#4096=GENERAL_PROPERTY_ASSOCIATION('user defined attribute','',#4095,#4094);
#4097=DESCRIPTIVE_REPRESENTATION_ITEM('CATALOGUE_NO','-');
#4101=GENERAL_PROPERTY('','COMMERCIAL_ITEM','user defined attribute');
#4102=GENERAL_PROPERTY_ASSOCIATION('user defined attribute','',#4101,#4100);
#4103=DESCRIPTIVE_REPRESENTATION_ITEM('COMMERCIAL_ITEM','NO');
#4106=DESCRIPTIVE_REPRESENTATION_ITEM('attribute description','Yes No');
#4111=GENERAL_PROPERTY('','DWG_TITLE1','user defined attribute');
#4112=GENERAL_PROPERTY_ASSOCIATION('user defined attribute','',#4111,#4110);
#4113=DESCRIPTIVE_REPRESENTATION_ITEM('DWG_TITLE1','-');
#4117=GENERAL_PROPERTY('','DWG_TITLE2','user defined attribute');
#4118=GENERAL_PROPERTY_ASSOCIATION('user defined attribute','',#4117,#4116);
#4119=DESCRIPTIVE_REPRESENTATION_ITEM('DWG_TITLE2','-');
#4123=GENERAL_PROPERTY('','HEAT_TREATMENT','user defined attribute');
#4124=GENERAL_PROPERTY_ASSOCIATION('user defined attribute','',#4123,#4122);
#4125=DESCRIPTIVE_REPRESENTATION_ITEM('HEAT_TREATMENT','-');
#4129=GENERAL_PROPERTY('','MASS','user defined attribute');
#4130=GENERAL_PROPERTY_ASSOCIATION('user defined attribute','',#4129,#4128);
#4131=VALUE_REPRESENTATION_ITEM('MASS',COUNT_MEASURE(0));
#4134=DESCRIPTIVE_REPRESENTATION_ITEM('attribute description','Integer');
#4139=GENERAL_PROPERTY('','MATERIAL','user defined attribute');
#4140=GENERAL_PROPERTY_ASSOCIATION('user defined attribute','',#4139,#4138);
#4141=DESCRIPTIVE_REPRESENTATION_ITEM('MATERIAL','-');
#4145=GENERAL_PROPERTY('','MATERIAL_CODE','user defined attribute');
#4146=GENERAL_PROPERTY_ASSOCIATION('user defined attribute','',#4145,#4144);
#4147=DESCRIPTIVE_REPRESENTATION_ITEM('MATERIAL_CODE','-');
#4151=GENERAL_PROPERTY('','PLATING','user defined attribute');
#4152=GENERAL_PROPERTY_ASSOCIATION('user defined attribute','',#4151,#4150);
#4153=DESCRIPTIVE_REPRESENTATION_ITEM('PLATING','-');
#4157=GENERAL_PROPERTY('','PRODUCT_FAMILY','user defined attribute');
#4158=GENERAL_PROPERTY_ASSOCIATION('user defined attribute','',#4157,#4156);
#4159=DESCRIPTIVE_REPRESENTATION_ITEM('PRODUCT_FAMILY','-');
#4163=GENERAL_PROPERTY('','SURFACE_FINISH','user defined attribute');
#4164=GENERAL_PROPERTY_ASSOCIATION('user defined attribute','',#4163,#4162);
#4165=DESCRIPTIVE_REPRESENTATION_ITEM('SURFACE_FINISH','-');
#4169=GENERAL_PROPERTY('','VOLUME','user defined attribute');
#4170=GENERAL_PROPERTY_ASSOCIATION('user defined attribute','',#4169,#4168);
#4171=VALUE_REPRESENTATION_ITEM('VOLUME',COUNT_MEASURE(0));
#4174=DESCRIPTIVE_REPRESENTATION_ITEM('attribute description','Integer');
#4179=GENERAL_PROPERTY('','WEIGHT','user defined attribute');
#4180=GENERAL_PROPERTY_ASSOCIATION('user defined attribute','',#4179,#4178);
#4181=VALUE_REPRESENTATION_ITEM('WEIGHT',COUNT_MEASURE(0));
#4184=DESCRIPTIVE_REPRESENTATION_ITEM('attribute description','Integer');
#4189=GENERAL_PROPERTY('','NOM_MODELE','user defined attribute');
#4190=GENERAL_PROPERTY_ASSOCIATION('user defined attribute','',#4189,#4188);
#4191=DESCRIPTIVE_REPRESENTATION_ITEM('NOM_MODELE','68001-X09');
#4195=GENERAL_PROPERTY('','BAL_NAME','user defined attribute');
#4196=GENERAL_PROPERTY_ASSOCIATION('user defined attribute','',#4195,#4194);
#4197=DESCRIPTIVE_REPRESENTATION_ITEM('BAL_NAME','');
#4201=GENERAL_PROPERTY('','DOCUMENT_TYPE','user defined attribute');
#4202=GENERAL_PROPERTY_ASSOCIATION('user defined attribute','',#4201,#4200);
#4203=DESCRIPTIVE_REPRESENTATION_ITEM('DOCUMENT_TYPE','-');
#4207=GENERAL_PROPERTY('','PTC_COMMON_NAME','user defined attribute');
#4208=GENERAL_PROPERTY_ASSOCIATION('user defined attribute','',#4207,#4206);
#4209=DESCRIPTIVE_REPRESENTATION_ITEM('PTC_COMMON_NAME','68001-x09.asm');
#4217=CARTESIAN_POINT('centre point',(1.462874343609E0,-2.54E0,
9.700755069446E-13));
#4221=CARTESIAN_POINT('',(0.E0,0.E0,0.E0));
#4222=DIRECTION('',(0.E0,0.E0,1.E0));
#4223=DIRECTION('',(1.E0,0.E0,0.E0));
#4224=AXIS2_PLACEMENT_3D('',#4221,#4222,#4223);
#4225=ITEM_DEFINED_TRANSFORMATION('','',#2588,#4224);
#4226=(REPRESENTATION_RELATIONSHIP('','',#2573,#4214)REPRESENTATION_RELATIONSHIP_WITH_TRANSFORMATION(#4225)SHAPE_REPRESENTATION_RELATIONSHIP());
#4227=CONTEXT_DEPENDENT_SHAPE_REPRESENTATION(#4226,#4216);
#4230=PLANE_ANGLE_MEASURE_WITH_UNIT(PLANE_ANGLE_MEASURE(1.745329251994E-2),
#4229);
#4231=(CONVERSION_BASED_UNIT('DEGREE',#4230)NAMED_UNIT(*)PLANE_ANGLE_UNIT());
#4233=UNCERTAINTY_MEASURE_WITH_UNIT(LENGTH_MEASURE(1.394639160928E-3),#4228,
'distance_accuracy_value',
'Maximum model space distance between geometric entities at asserted connectivities');
#4235=CARTESIAN_POINT('',(0.E0,0.E0,0.E0));
#4236=DIRECTION('',(0.E0,0.E0,1.E0));
#4237=DIRECTION('',(1.E0,0.E0,0.E0));
#4239=PRODUCT_CONTEXT('',#2522,'mechanical');
#4240=PRODUCT('68001-X03_ASM_ASM','68001-X03_ASM_ASM','NOT SPECIFIED',(#4239));
#4241=PRODUCT_DEFINITION_FORMATION('1','LAST_VERSION',#4240);
#4244=DERIVED_UNIT_ELEMENT(#4243,2.E0);
#4245=DERIVED_UNIT((#4244));
#4246=MEASURE_REPRESENTATION_ITEM('surface area measure',AREA_MEASURE(
1.827117820841E2),#4245);
#4251=DERIVED_UNIT_ELEMENT(#4250,3.E0);
#4252=DERIVED_UNIT((#4251));
#4253=MEASURE_REPRESENTATION_ITEM('volume measure',VOLUME_MEASURE(
4.801911281648E1),#4252);
#4257=CARTESIAN_POINT('centre point',(1.462874343609E0,-2.54E0,
9.700755069446E-13));
#4261=PRODUCT_RELATED_PRODUCT_CATEGORY('part','',(#4073,#4240,#2526,#2947,#3175,
#3324,#3474,#3623,#3773,#3922));
#1=DRAUGHTING_PRE_DEFINED_COLOUR('black');
#2=COLOUR_RGB('',0.E0,0.E0,2.E-1);
#3=COLOUR_RGB('',0.E0,0.E0,4.E-1);
#4=COLOUR_RGB('',0.E0,0.E0,6.E-1);
#5=COLOUR_RGB('',0.E0,0.E0,8.E-1);
#6=COLOUR_RGB('',0.E0,2.E-1,0.E0);
#7=COLOUR_RGB('',0.E0,2.E-1,2.E-1);
#8=COLOUR_RGB('',0.E0,2.E-1,4.E-1);
#9=COLOUR_RGB('',0.E0,2.E-1,6.E-1);
#10=COLOUR_RGB('',0.E0,2.E-1,8.E-1);
#11=COLOUR_RGB('',0.E0,4.E-1,0.E0);
#12=COLOUR_RGB('',0.E0,4.E-1,2.E-1);
#13=COLOUR_RGB('',0.E0,4.E-1,4.E-1);
#14=COLOUR_RGB('',0.E0,4.E-1,6.E-1);
#15=COLOUR_RGB('',0.E0,4.E-1,8.E-1);
#16=COLOUR_RGB('',0.E0,6.E-1,0.E0);
#17=COLOUR_RGB('',0.E0,6.E-1,2.E-1);
#18=COLOUR_RGB('',0.E0,6.E-1,4.E-1);
#19=COLOUR_RGB('',0.E0,6.E-1,6.E-1);
#20=COLOUR_RGB('',0.E0,6.E-1,8.E-1);
#21=COLOUR_RGB('',0.E0,8.E-1,0.E0);
#22=COLOUR_RGB('',0.E0,8.E-1,2.E-1);
#23=COLOUR_RGB('',0.E0,8.E-1,4.E-1);
#24=COLOUR_RGB('',0.E0,8.E-1,6.E-1);
#25=COLOUR_RGB('',0.E0,8.E-1,8.E-1);
#26=DRAUGHTING_PRE_DEFINED_COLOUR('green');
#27=COLOUR_RGB('',0.E0,1.E0,2.E-1);
#28=COLOUR_RGB('',0.E0,1.E0,4.E-1);
#29=COLOUR_RGB('',0.E0,1.E0,6.E-1);
#30=COLOUR_RGB('',0.E0,1.E0,8.E-1);
#31=COLOUR_RGB('',2.E-1,0.E0,0.E0);
#32=COLOUR_RGB('',2.E-1,0.E0,2.E-1);
#33=COLOUR_RGB('',2.E-1,0.E0,4.E-1);
#34=COLOUR_RGB('',2.E-1,0.E0,6.E-1);
#35=COLOUR_RGB('',2.E-1,0.E0,8.E-1);
#36=COLOUR_RGB('',2.E-1,2.E-1,0.E0);
#37=COLOUR_RGB('',2.E-1,2.E-1,2.E-1);
#38=COLOUR_RGB('',2.E-1,2.E-1,4.E-1);
#39=COLOUR_RGB('',2.E-1,2.E-1,6.E-1);
#40=COLOUR_RGB('',2.E-1,2.E-1,8.E-1);
#41=COLOUR_RGB('',2.E-1,4.E-1,0.E0);
#42=COLOUR_RGB('',2.E-1,4.E-1,2.E-1);
#43=COLOUR_RGB('',2.E-1,4.E-1,4.E-1);
#44=COLOUR_RGB('',2.E-1,4.E-1,6.E-1);
#45=COLOUR_RGB('',2.E-1,4.E-1,8.E-1);
#46=COLOUR_RGB('',2.E-1,6.E-1,0.E0);
#47=COLOUR_RGB('',2.E-1,6.E-1,2.E-1);
#48=COLOUR_RGB('',2.E-1,6.E-1,4.E-1);
#49=COLOUR_RGB('',2.E-1,6.E-1,6.E-1);
#50=COLOUR_RGB('',2.E-1,6.E-1,8.E-1);
#51=COLOUR_RGB('',2.E-1,8.E-1,0.E0);
#52=COLOUR_RGB('',2.E-1,8.E-1,2.E-1);
#53=COLOUR_RGB('',2.E-1,8.E-1,4.E-1);
#54=COLOUR_RGB('',2.E-1,8.E-1,6.E-1);
#55=COLOUR_RGB('',2.E-1,8.E-1,8.E-1);
#56=COLOUR_RGB('',2.E-1,1.E0,0.E0);
#57=COLOUR_RGB('',2.E-1,1.E0,2.E-1);
#58=COLOUR_RGB('',2.E-1,1.E0,4.E-1);
#59=COLOUR_RGB('',2.E-1,1.E0,6.E-1);
#60=COLOUR_RGB('',2.E-1,1.E0,8.E-1);
#61=COLOUR_RGB('',4.E-1,0.E0,0.E0);
#62=COLOUR_RGB('',4.E-1,0.E0,2.E-1);
#63=COLOUR_RGB('',4.E-1,0.E0,4.E-1);
#64=COLOUR_RGB('',4.E-1,0.E0,6.E-1);
#65=COLOUR_RGB('',4.E-1,0.E0,8.E-1);
#66=COLOUR_RGB('',4.E-1,2.E-1,0.E0);
#67=COLOUR_RGB('',4.E-1,2.E-1,2.E-1);
#68=COLOUR_RGB('',4.E-1,2.E-1,4.E-1);
#69=COLOUR_RGB('',4.E-1,2.E-1,6.E-1);
#70=COLOUR_RGB('',4.E-1,2.E-1,8.E-1);
#71=COLOUR_RGB('',4.E-1,4.E-1,0.E0);
#72=COLOUR_RGB('',4.E-1,4.E-1,2.E-1);
#73=COLOUR_RGB('',4.E-1,4.E-1,4.E-1);
#74=COLOUR_RGB('',4.E-1,4.E-1,6.E-1);
#75=COLOUR_RGB('',4.E-1,4.E-1,8.E-1);
#76=COLOUR_RGB('',4.E-1,6.E-1,0.E0);
#77=COLOUR_RGB('',4.E-1,6.E-1,2.E-1);
#78=COLOUR_RGB('',4.E-1,6.E-1,4.E-1);
#79=COLOUR_RGB('',4.E-1,6.E-1,6.E-1);
#80=COLOUR_RGB('',4.E-1,6.E-1,8.E-1);
#81=COLOUR_RGB('',4.E-1,8.E-1,0.E0);
#82=COLOUR_RGB('',4.E-1,8.E-1,2.E-1);
#83=COLOUR_RGB('',4.E-1,8.E-1,4.E-1);
#84=COLOUR_RGB('',4.E-1,8.E-1,6.E-1);
#85=COLOUR_RGB('',4.E-1,8.E-1,8.E-1);
#86=COLOUR_RGB('',4.E-1,1.E0,0.E0);
#87=COLOUR_RGB('',4.E-1,1.E0,2.E-1);
#88=COLOUR_RGB('',4.E-1,1.E0,4.E-1);
#89=COLOUR_RGB('',4.E-1,1.E0,6.E-1);
#90=COLOUR_RGB('',4.E-1,1.E0,8.E-1);
#91=COLOUR_RGB('',6.E-1,0.E0,0.E0);
#92=COLOUR_RGB('',6.E-1,0.E0,2.E-1);
#93=COLOUR_RGB('',6.E-1,0.E0,4.E-1);
#94=COLOUR_RGB('',6.E-1,0.E0,6.E-1);
#95=COLOUR_RGB('',6.E-1,0.E0,8.E-1);
#96=COLOUR_RGB('',6.E-1,2.E-1,0.E0);
#97=COLOUR_RGB('',6.E-1,2.E-1,2.E-1);
#98=COLOUR_RGB('',6.E-1,2.E-1,4.E-1);
#99=COLOUR_RGB('',6.E-1,2.E-1,6.E-1);
#100=COLOUR_RGB('',6.E-1,2.E-1,8.E-1);
#101=COLOUR_RGB('',6.E-1,4.E-1,0.E0);
#102=COLOUR_RGB('',6.E-1,4.E-1,2.E-1);
#103=COLOUR_RGB('',6.E-1,4.E-1,4.E-1);
#104=COLOUR_RGB('',6.E-1,4.E-1,6.E-1);
#105=COLOUR_RGB('',6.E-1,4.E-1,8.E-1);
#106=COLOUR_RGB('',6.E-1,6.E-1,0.E0);
#107=COLOUR_RGB('',6.E-1,6.E-1,2.E-1);
#108=COLOUR_RGB('',6.E-1,6.E-1,4.E-1);
#109=COLOUR_RGB('',6.E-1,6.E-1,6.E-1);
#110=COLOUR_RGB('',6.E-1,6.E-1,8.E-1);
#111=COLOUR_RGB('',6.E-1,8.E-1,0.E0);
#112=COLOUR_RGB('',6.E-1,8.E-1,2.E-1);
#113=COLOUR_RGB('',6.E-1,8.E-1,4.E-1);
#114=COLOUR_RGB('',6.E-1,8.E-1,6.E-1);
#115=COLOUR_RGB('',6.E-1,8.E-1,8.E-1);
#116=COLOUR_RGB('',6.E-1,1.E0,0.E0);
#117=COLOUR_RGB('',6.E-1,1.E0,2.E-1);
#118=COLOUR_RGB('',6.E-1,1.E0,4.E-1);
#119=COLOUR_RGB('',6.E-1,1.E0,6.E-1);
#120=COLOUR_RGB('',6.E-1,1.E0,8.E-1);
#121=COLOUR_RGB('',6.941176470588E-1,7.411764705882E-1,7.882352941176E-1);
#122=COLOUR_RGB('',8.E-1,0.E0,0.E0);
#123=COLOUR_RGB('',8.E-1,0.E0,2.E-1);
#124=COLOUR_RGB('',8.E-1,0.E0,4.E-1);
#125=COLOUR_RGB('',8.E-1,0.E0,6.E-1);
#126=COLOUR_RGB('',8.E-1,0.E0,8.E-1);
#127=COLOUR_RGB('',8.E-1,2.E-1,0.E0);
#128=COLOUR_RGB('',8.E-1,2.E-1,2.E-1);
#129=COLOUR_RGB('',8.E-1,2.E-1,4.E-1);
#130=COLOUR_RGB('',8.E-1,2.E-1,6.E-1);
#131=COLOUR_RGB('',8.E-1,2.E-1,8.E-1);
#132=COLOUR_RGB('',8.E-1,4.E-1,0.E0);
#133=COLOUR_RGB('',8.E-1,4.E-1,2.E-1);
#134=COLOUR_RGB('',8.E-1,4.E-1,4.E-1);
#135=COLOUR_RGB('',8.E-1,4.E-1,6.E-1);
#136=COLOUR_RGB('',8.E-1,4.E-1,8.E-1);
#137=COLOUR_RGB('',8.E-1,6.E-1,0.E0);
#138=COLOUR_RGB('',8.E-1,6.E-1,2.E-1);
#139=COLOUR_RGB('',8.E-1,6.E-1,4.E-1);
#140=COLOUR_RGB('',8.E-1,6.E-1,6.E-1);
#141=COLOUR_RGB('',8.E-1,6.E-1,8.E-1);
#142=COLOUR_RGB('',8.E-1,8.E-1,0.E0);
#143=COLOUR_RGB('',8.E-1,8.E-1,2.E-1);
#144=COLOUR_RGB('',8.E-1,8.E-1,4.E-1);
#145=COLOUR_RGB('',8.E-1,8.E-1,6.E-1);
#146=COLOUR_RGB('',8.E-1,8.E-1,8.E-1);
#147=COLOUR_RGB('',8.E-1,1.E0,0.E0);
#148=COLOUR_RGB('',8.E-1,1.E0,2.E-1);
#149=COLOUR_RGB('',8.E-1,1.E0,4.E-1);
#150=COLOUR_RGB('',8.E-1,1.E0,6.E-1);
#151=COLOUR_RGB('',8.E-1,1.E0,8.E-1);
#152=COLOUR_RGB('',8.784E-1,9.49E-1,1.E0);
#153=DRAUGHTING_PRE_DEFINED_COLOUR('red');
#154=COLOUR_RGB('',1.E0,0.E0,2.E-1);
#155=COLOUR_RGB('',1.E0,0.E0,4.E-1);
#156=COLOUR_RGB('',1.E0,0.E0,6.E-1);
#157=COLOUR_RGB('',1.E0,0.E0,8.E-1);
#158=COLOUR_RGB('',1.E0,2.E-1,0.E0);
#159=COLOUR_RGB('',1.E0,2.E-1,2.E-1);
#160=COLOUR_RGB('',1.E0,2.E-1,4.E-1);
#161=COLOUR_RGB('',1.E0,2.E-1,6.E-1);
#162=COLOUR_RGB('',1.E0,2.E-1,8.E-1);
#163=COLOUR_RGB('',1.E0,4.E-1,0.E0);
#164=COLOUR_RGB('',1.E0,4.E-1,2.E-1);
#165=COLOUR_RGB('',1.E0,4.E-1,4.E-1);
#166=COLOUR_RGB('',1.E0,4.E-1,6.E-1);
#167=COLOUR_RGB('',1.E0,4.E-1,8.E-1);
#168=COLOUR_RGB('',1.E0,6.E-1,0.E0);
#169=COLOUR_RGB('',1.E0,6.E-1,2.E-1);
#170=COLOUR_RGB('',1.E0,6.E-1,4.E-1);
#171=COLOUR_RGB('',1.E0,6.E-1,6.E-1);
#172=COLOUR_RGB('',1.E0,6.E-1,8.E-1);
#173=COLOUR_RGB('',1.E0,8.E-1,0.E0);
#174=COLOUR_RGB('',1.E0,8.E-1,2.E-1);
#175=COLOUR_RGB('',1.E0,8.E-1,4.E-1);
#176=COLOUR_RGB('',1.E0,8.E-1,6.E-1);
#177=COLOUR_RGB('',1.E0,8.E-1,8.E-1);
#178=DRAUGHTING_PRE_DEFINED_COLOUR('yellow');
#179=COLOUR_RGB('',1.E0,1.E0,2.E-1);
#180=COLOUR_RGB('',1.E0,1.E0,4.E-1);
#181=COLOUR_RGB('',1.E0,1.E0,6.E-1);
#182=COLOUR_RGB('',1.E0,1.E0,8.E-1);
#191=CIRCLE('662',#190,2.5E-1);
#204=CIRCLE('666',#203,2.5E-1);
#217=CIRCLE('670',#216,2.5E-1);
#230=CIRCLE('674',#229,2.5E-1);
#235=CIRCLE('676',#234,2.5E-1);
#248=CIRCLE('680',#247,2.5E-1);
#261=CIRCLE('684',#260,2.5E-1);
#274=CIRCLE('688',#273,2.5E-1);
#279=CIRCLE('697',#278,2.05E-1);
#284=CIRCLE('698',#283,2.05E-1);
#289=CIRCLE('699',#288,2.05E-1);
#294=CIRCLE('700',#293,2.05E-1);
#299=CIRCLE('701',#298,2.05E-1);
#304=CIRCLE('702',#303,2.05E-1);
#309=CIRCLE('703',#308,2.05E-1);
#314=CIRCLE('704',#313,2.05E-1);
#319=CIRCLE('705',#318,2.05E-1);
#324=CIRCLE('706',#323,2.05E-1);
#329=CIRCLE('707',#328,2.05E-1);
#334=CIRCLE('708',#333,2.05E-1);
#371=CIRCLE('722',#370,2.5E-1);
#388=CIRCLE('726',#387,2.5E-1);
#405=CIRCLE('730',#404,2.5E-1);
#422=CIRCLE('734',#421,2.5E-1);
#431=CIRCLE('736',#430,2.5E-1);
#448=CIRCLE('740',#447,2.5E-1);
#465=CIRCLE('744',#464,2.5E-1);
#482=CIRCLE('748',#481,2.5E-1);
#519=CIRCLE('757',#518,2.05E-1);
#524=CIRCLE('758',#523,2.05E-1);
#529=CIRCLE('759',#528,2.05E-1);
#534=CIRCLE('760',#533,2.05E-1);
#539=CIRCLE('761',#538,2.05E-1);
#544=CIRCLE('762',#543,2.05E-1);
#549=CIRCLE('763',#548,2.05E-1);
#554=CIRCLE('764',#553,2.05E-1);
#559=CIRCLE('765',#558,2.05E-1);
#564=CIRCLE('766',#563,2.05E-1);
#569=CIRCLE('767',#568,2.05E-1);
#574=CIRCLE('768',#573,2.05E-1);
#779=CIRCLE('778',#778,2.05E-1);
#784=CIRCLE('780',#783,2.05E-1);
#797=CIRCLE('781',#796,2.05E-1);
#802=CIRCLE('782',#801,2.05E-1);
#815=CIRCLE('786',#814,2.05E-1);
#820=CIRCLE('788',#819,2.05E-1);
#833=CIRCLE('789',#832,2.05E-1);
#838=CIRCLE('790',#837,2.05E-1);
#851=CIRCLE('794',#850,2.05E-1);
#856=CIRCLE('796',#855,2.05E-1);
#869=CIRCLE('797',#868,2.05E-1);
#874=CIRCLE('798',#873,2.05E-1);
#919=CIRCLE('830',#918,2.05E-1);
#924=CIRCLE('832',#923,2.05E-1);
#937=CIRCLE('833',#936,2.05E-1);
#942=CIRCLE('834',#941,2.05E-1);
#955=CIRCLE('838',#954,2.05E-1);
#960=CIRCLE('840',#959,2.05E-1);
#973=CIRCLE('841',#972,2.05E-1);
#978=CIRCLE('842',#977,2.05E-1);
#991=CIRCLE('846',#990,2.05E-1);
#996=CIRCLE('848',#995,2.05E-1);
#1009=CIRCLE('849',#1008,2.05E-1);
#1014=CIRCLE('850',#1013,2.05E-1);
#1276=EDGE_CURVE('661',#1017,#1018,#186,.T.);
#1278=EDGE_CURVE('662',#1018,#1020,#191,.T.);
#1280=EDGE_CURVE('663',#1020,#1022,#195,.T.);
#1282=EDGE_CURVE('664',#1024,#1022,#686,.T.);
#1284=EDGE_CURVE('665',#1024,#1026,#199,.T.);
#1286=EDGE_CURVE('666',#1026,#1028,#204,.T.);
#1288=EDGE_CURVE('667',#1028,#1030,#208,.T.);
#1290=EDGE_CURVE('668',#1032,#1030,#666,.T.);
#1292=EDGE_CURVE('669',#1032,#1034,#212,.T.);
#1294=EDGE_CURVE('670',#1034,#1036,#217,.T.);
#1296=EDGE_CURVE('671',#1036,#1038,#221,.T.);
#1298=EDGE_CURVE('672',#1040,#1038,#646,.T.);
#1300=EDGE_CURVE('673',#1040,#1042,#225,.T.);
#1302=EDGE_CURVE('674',#1042,#1044,#230,.T.);
#1304=EDGE_CURVE('675',#1046,#1044,#634,.T.);
#1306=EDGE_CURVE('676',#1046,#1048,#235,.T.);
#1308=EDGE_CURVE('677',#1048,#1050,#239,.T.);
#1310=EDGE_CURVE('678',#1052,#1050,#614,.T.);
#1312=EDGE_CURVE('679',#1052,#1054,#243,.T.);
#1314=EDGE_CURVE('680',#1054,#1056,#248,.T.);
#1316=EDGE_CURVE('681',#1056,#1058,#252,.T.);
#1318=EDGE_CURVE('682',#1060,#1058,#594,.T.);
#1320=EDGE_CURVE('683',#1060,#1062,#256,.T.);
#1322=EDGE_CURVE('684',#1062,#1064,#261,.T.);
#1324=EDGE_CURVE('685',#1064,#1066,#265,.T.);
#1326=EDGE_CURVE('686',#1068,#1066,#350,.T.);
#1328=EDGE_CURVE('687',#1068,#1070,#269,.T.);
#1330=EDGE_CURVE('688',#1070,#1017,#274,.T.);
#1334=EDGE_CURVE('689',#1073,#1074,#706,.T.);
#1336=EDGE_CURVE('690',#1076,#1073,#730,.T.);
#1338=EDGE_CURVE('691',#1078,#1076,#722,.T.);
#1340=EDGE_CURVE('692',#1074,#1078,#714,.T.);
#1344=EDGE_CURVE('693',#1081,#1082,#738,.T.);
#1346=EDGE_CURVE('694',#1084,#1081,#762,.T.);
#1348=EDGE_CURVE('695',#1086,#1084,#754,.T.);
#1350=EDGE_CURVE('696',#1082,#1086,#746,.T.);
#1354=EDGE_CURVE('697',#1089,#1090,#279,.T.);
#1356=EDGE_CURVE('698',#1090,#1089,#284,.T.);
#1360=EDGE_CURVE('699',#1093,#1094,#289,.T.);
#1362=EDGE_CURVE('700',#1094,#1093,#294,.T.);
#1366=EDGE_CURVE('701',#1097,#1098,#299,.T.);
#1368=EDGE_CURVE('702',#1098,#1097,#304,.T.);
#1372=EDGE_CURVE('703',#1101,#1102,#309,.T.);
#1374=EDGE_CURVE('704',#1102,#1101,#314,.T.);
#1378=EDGE_CURVE('705',#1105,#1106,#319,.T.);
#1380=EDGE_CURVE('706',#1106,#1105,#324,.T.);
#1384=EDGE_CURVE('707',#1109,#1110,#329,.T.);
#1386=EDGE_CURVE('708',#1110,#1109,#334,.T.);
#1390=EDGE_CURVE('709',#1113,#1114,#878,.T.);
#1392=EDGE_CURVE('710',#1116,#1113,#902,.T.);
#1394=EDGE_CURVE('711',#1118,#1116,#894,.T.);
#1396=EDGE_CURVE('712',#1114,#1118,#886,.T.);
#1400=ADVANCED_FACE('853',(#1333,#1343,#1353,#1359,#1365,#1371,#1377,#1383,
#1389,#1399),#1275,.F.);
#1407=EDGE_CURVE('801',#1129,#1017,#342,.T.);
#1409=EDGE_CURVE('721',#1129,#1130,#338,.T.);
#1411=EDGE_CURVE('802',#1018,#1130,#698,.T.);
#1415=ADVANCED_FACE('885',(#1414),#1405,.F.);
#1423=EDGE_CURVE('803',#1070,#1132,#346,.T.);
#1425=EDGE_CURVE('722',#1129,#1132,#371,.T.);
#1429=ADVANCED_FACE('886',(#1428),#1420,.F.);
#1436=EDGE_CURVE('804',#1134,#1068,#354,.T.);
#1438=EDGE_CURVE('723',#1132,#1134,#375,.T.);
#1443=ADVANCED_FACE('887',(#1442),#1434,.T.);
#1450=EDGE_CURVE('805',#1136,#1066,#358,.T.);
#1452=EDGE_CURVE('724',#1134,#1136,#379,.T.);
#1457=ADVANCED_FACE('888',(#1456),#1448,.T.);
#1464=EDGE_CURVE('806',#1138,#1064,#362,.T.);
#1466=EDGE_CURVE('725',#1136,#1138,#383,.T.);
#1471=ADVANCED_FACE('889',(#1470),#1462,.T.);
#1477=EDGE_CURVE('726',#1138,#1140,#388,.T.);
#1481=EDGE_CURVE('807',#1062,#1140,#366,.T.);
#1485=ADVANCED_FACE('890',(#1484),#1476,.F.);
#1497=EDGE_CURVE('727',#1140,#1142,#392,.T.);
#1499=EDGE_CURVE('728',#1142,#1144,#396,.T.);
#1501=EDGE_CURVE('729',#1144,#1146,#400,.T.);
#1503=EDGE_CURVE('730',#1146,#1148,#405,.T.);
#1505=EDGE_CURVE('731',#1148,#1150,#409,.T.);
#1507=EDGE_CURVE('732',#1150,#1152,#413,.T.);
#1509=EDGE_CURVE('733',#1152,#1154,#417,.T.);
#1511=EDGE_CURVE('734',#1154,#1156,#422,.T.);
#1513=EDGE_CURVE('735',#1156,#1158,#426,.T.);
#1515=EDGE_CURVE('736',#1158,#1160,#431,.T.);
#1517=EDGE_CURVE('737',#1160,#1162,#435,.T.);
#1519=EDGE_CURVE('738',#1162,#1164,#439,.T.);
#1521=EDGE_CURVE('739',#1164,#1166,#443,.T.);
#1523=EDGE_CURVE('740',#1166,#1168,#448,.T.);
#1525=EDGE_CURVE('741',#1168,#1170,#452,.T.);
#1527=EDGE_CURVE('742',#1170,#1172,#456,.T.);
#1529=EDGE_CURVE('743',#1172,#1174,#460,.T.);
#1531=EDGE_CURVE('744',#1174,#1176,#465,.T.);
#1533=EDGE_CURVE('745',#1176,#1178,#469,.T.);
#1535=EDGE_CURVE('746',#1178,#1180,#473,.T.);
#1537=EDGE_CURVE('747',#1180,#1182,#477,.T.);
#1539=EDGE_CURVE('748',#1182,#1130,#482,.T.);
#1543=EDGE_CURVE('749',#1185,#1186,#486,.T.);
#1545=EDGE_CURVE('750',#1186,#1188,#490,.T.);
#1547=EDGE_CURVE('751',#1188,#1190,#494,.T.);
#1549=EDGE_CURVE('752',#1190,#1185,#498,.T.);
#1553=EDGE_CURVE('753',#1193,#1194,#502,.T.);
#1555=EDGE_CURVE('754',#1194,#1196,#506,.T.);
#1557=EDGE_CURVE('755',#1196,#1198,#510,.T.);
#1559=EDGE_CURVE('756',#1198,#1193,#514,.T.);
#1563=EDGE_CURVE('757',#1201,#1202,#519,.T.);
#1565=EDGE_CURVE('758',#1202,#1201,#524,.T.);
#1569=EDGE_CURVE('759',#1205,#1206,#529,.T.);
#1571=EDGE_CURVE('760',#1206,#1205,#534,.T.);
#1575=EDGE_CURVE('761',#1209,#1210,#539,.T.);
#1577=EDGE_CURVE('762',#1210,#1209,#544,.T.);
#1581=EDGE_CURVE('763',#1213,#1214,#549,.T.);
#1583=EDGE_CURVE('764',#1214,#1213,#554,.T.);
#1587=EDGE_CURVE('765',#1217,#1218,#559,.T.);
#1589=EDGE_CURVE('766',#1218,#1217,#564,.T.);
#1593=EDGE_CURVE('767',#1221,#1222,#569,.T.);
#1595=EDGE_CURVE('768',#1222,#1221,#574,.T.);
#1599=EDGE_CURVE('714',#1122,#1120,#578,.T.);
#1601=EDGE_CURVE('717',#1120,#1124,#582,.T.);
#1603=EDGE_CURVE('719',#1124,#1126,#586,.T.);
#1605=EDGE_CURVE('720',#1126,#1122,#590,.T.);
#1609=ADVANCED_FACE('858',(#1542,#1552,#1562,#1568,#1574,#1580,#1586,#1592,
#1598,#1608),#1490,.T.);
#1616=EDGE_CURVE('808',#1142,#1060,#598,.T.);
#1622=ADVANCED_FACE('891',(#1621),#1614,.T.);
#1629=EDGE_CURVE('809',#1144,#1058,#602,.T.);
#1635=ADVANCED_FACE('892',(#1634),#1627,.T.);
#1642=EDGE_CURVE('810',#1146,#1056,#606,.T.);
#1648=ADVANCED_FACE('893',(#1647),#1640,.T.);
#1657=EDGE_CURVE('811',#1054,#1148,#610,.T.);
#1661=ADVANCED_FACE('894',(#1660),#1653,.F.);
#1668=EDGE_CURVE('812',#1150,#1052,#618,.T.);
#1674=ADVANCED_FACE('895',(#1673),#1666,.T.);
#1681=EDGE_CURVE('813',#1152,#1050,#622,.T.);
#1687=ADVANCED_FACE('896',(#1686),#1679,.T.);
#1694=EDGE_CURVE('814',#1154,#1048,#630,.T.);
#1700=ADVANCED_FACE('897',(#1699),#1692,.T.);
#1707=EDGE_CURVE('815',#1046,#1156,#626,.T.);
#1713=ADVANCED_FACE('898',(#1712),#1705,.F.);
#1720=EDGE_CURVE('816',#1158,#1044,#642,.T.);
#1726=ADVANCED_FACE('899',(#1725),#1718,.T.);
#1733=EDGE_CURVE('817',#1042,#1160,#638,.T.);
#1739=ADVANCED_FACE('900',(#1738),#1731,.F.);
#1746=EDGE_CURVE('818',#1162,#1040,#650,.T.);
#1752=ADVANCED_FACE('901',(#1751),#1744,.T.);
#1759=EDGE_CURVE('819',#1164,#1038,#654,.T.);
#1765=ADVANCED_FACE('902',(#1764),#1757,.T.);
#1772=EDGE_CURVE('820',#1166,#1036,#662,.T.);
#1778=ADVANCED_FACE('903',(#1777),#1770,.T.);
#1785=EDGE_CURVE('821',#1034,#1168,#658,.T.);
#1791=ADVANCED_FACE('904',(#1790),#1783,.F.);
#1798=EDGE_CURVE('822',#1170,#1032,#670,.T.);
#1804=ADVANCED_FACE('905',(#1803),#1796,.T.);
#1811=EDGE_CURVE('823',#1172,#1030,#674,.T.);
#1817=ADVANCED_FACE('906',(#1816),#1809,.T.);
#1824=EDGE_CURVE('824',#1174,#1028,#682,.T.);
#1830=ADVANCED_FACE('907',(#1829),#1822,.T.);
#1837=EDGE_CURVE('825',#1026,#1176,#678,.T.);
#1843=ADVANCED_FACE('908',(#1842),#1835,.F.);
#1850=EDGE_CURVE('826',#1178,#1024,#690,.T.);
#1856=ADVANCED_FACE('909',(#1855),#1848,.T.);
#1863=EDGE_CURVE('827',#1180,#1022,#694,.T.);
#1869=ADVANCED_FACE('910',(#1868),#1861,.T.);
#1876=EDGE_CURVE('828',#1182,#1020,#702,.T.);
#1882=ADVANCED_FACE('911',(#1881),#1874,.T.);
#1894=ADVANCED_FACE('912',(#1893),#1887,.F.);
#1901=EDGE_CURVE('769',#1186,#1074,#718,.T.);
#1904=EDGE_CURVE('770',#1185,#1073,#710,.T.);
#1908=ADVANCED_FACE('859',(#1907),#1899,.T.);
#1915=EDGE_CURVE('771',#1188,#1078,#726,.T.);
#1921=ADVANCED_FACE('860',(#1920),#1913,.T.);
#1928=EDGE_CURVE('772',#1190,#1076,#734,.T.);
#1934=ADVANCED_FACE('861',(#1933),#1926,.T.);
#1946=ADVANCED_FACE('862',(#1945),#1939,.T.);
#1953=EDGE_CURVE('773',#1194,#1082,#750,.T.);
#1956=EDGE_CURVE('774',#1193,#1081,#742,.T.);
#1960=ADVANCED_FACE('863',(#1959),#1951,.T.);
#1967=EDGE_CURVE('775',#1196,#1086,#758,.T.);
#1973=ADVANCED_FACE('864',(#1972),#1965,.T.);
#1980=EDGE_CURVE('776',#1198,#1084,#766,.T.);
#1986=ADVANCED_FACE('865',(#1985),#1978,.T.);
#1998=ADVANCED_FACE('866',(#1997),#1991,.T.);
#2005=EDGE_CURVE('777',#1224,#1201,#774,.T.);
#2007=EDGE_CURVE('778',#1226,#1224,#779,.T.);
#2009=EDGE_CURVE('779',#1226,#1202,#770,.T.);
#2013=ADVANCED_FACE('867',(#2012),#2003,.T.);
#2021=EDGE_CURVE('780',#1224,#1226,#784,.T.);
#2026=ADVANCED_FACE('868',(#2025),#2018,.T.);
#2036=ADVANCED_FACE('869',(#2035),#2031,.T.);
#2043=EDGE_CURVE('783',#1230,#1205,#792,.T.);
#2045=EDGE_CURVE('781',#1229,#1230,#797,.T.);
#2047=EDGE_CURVE('784',#1229,#1206,#788,.T.);
#2051=ADVANCED_FACE('871',(#2050),#2041,.T.);
#2059=EDGE_CURVE('782',#1230,#1229,#802,.T.);
#2064=ADVANCED_FACE('872',(#2063),#2056,.T.);
#2074=ADVANCED_FACE('870',(#2073),#2069,.T.);
#2081=EDGE_CURVE('785',#1232,#1209,#810,.T.);
#2083=EDGE_CURVE('786',#1234,#1232,#815,.T.);
#2085=EDGE_CURVE('787',#1234,#1210,#806,.T.);
#2089=ADVANCED_FACE('873',(#2088),#2079,.T.);
#2097=EDGE_CURVE('788',#1232,#1234,#820,.T.);
#2102=ADVANCED_FACE('874',(#2101),#2094,.T.);
#2112=ADVANCED_FACE('875',(#2111),#2107,.T.);
#2119=EDGE_CURVE('791',#1238,#1213,#828,.T.);
#2121=EDGE_CURVE('789',#1237,#1238,#833,.T.);
#2123=EDGE_CURVE('792',#1237,#1214,#824,.T.);
#2127=ADVANCED_FACE('877',(#2126),#2117,.T.);
#2135=EDGE_CURVE('790',#1238,#1237,#838,.T.);
#2140=ADVANCED_FACE('878',(#2139),#2132,.T.);
#2150=ADVANCED_FACE('876',(#2149),#2145,.T.);
#2157=EDGE_CURVE('793',#1240,#1217,#846,.T.);
#2159=EDGE_CURVE('794',#1242,#1240,#851,.T.);
#2161=EDGE_CURVE('795',#1242,#1218,#842,.T.);
#2165=ADVANCED_FACE('879',(#2164),#2155,.T.);
#2173=EDGE_CURVE('796',#1240,#1242,#856,.T.);
#2178=ADVANCED_FACE('880',(#2177),#2170,.T.);
#2188=ADVANCED_FACE('881',(#2187),#2183,.T.);
#2195=EDGE_CURVE('799',#1246,#1221,#864,.T.);
#2197=EDGE_CURVE('797',#1245,#1246,#869,.T.);
#2199=EDGE_CURVE('800',#1245,#1222,#860,.T.);
#2203=ADVANCED_FACE('883',(#2202),#2193,.T.);
#2211=EDGE_CURVE('798',#1246,#1245,#874,.T.);
#2216=ADVANCED_FACE('884',(#2215),#2208,.T.);
#2226=ADVANCED_FACE('882',(#2225),#2221,.T.);
#2233=EDGE_CURVE('713',#1120,#1114,#890,.T.);
#2236=EDGE_CURVE('715',#1122,#1113,#882,.T.);
#2240=ADVANCED_FACE('854',(#2239),#2231,.T.);
#2247=EDGE_CURVE('716',#1124,#1118,#898,.T.);
#2253=ADVANCED_FACE('855',(#2252),#2245,.T.);
#2260=EDGE_CURVE('718',#1126,#1116,#906,.T.);
#2266=ADVANCED_FACE('856',(#2265),#2258,.T.);
#2278=ADVANCED_FACE('857',(#2277),#2271,.T.);
#2285=EDGE_CURVE('829',#1248,#1089,#914,.T.);
#2287=EDGE_CURVE('830',#1250,#1248,#919,.T.);
#2289=EDGE_CURVE('831',#1250,#1090,#910,.T.);
#2293=ADVANCED_FACE('913',(#2292),#2283,.T.);
#2301=EDGE_CURVE('832',#1248,#1250,#924,.T.);
#2306=ADVANCED_FACE('914',(#2305),#2298,.T.);
#2316=ADVANCED_FACE('915',(#2315),#2311,.T.);
#2323=EDGE_CURVE('835',#1254,#1093,#932,.T.);
#2325=EDGE_CURVE('833',#1253,#1254,#937,.T.);
#2327=EDGE_CURVE('836',#1253,#1094,#928,.T.);
#2331=ADVANCED_FACE('917',(#2330),#2321,.T.);
#2339=EDGE_CURVE('834',#1254,#1253,#942,.T.);
#2344=ADVANCED_FACE('918',(#2343),#2336,.T.);
#2354=ADVANCED_FACE('916',(#2353),#2349,.T.);
#2361=EDGE_CURVE('837',#1256,#1097,#950,.T.);
#2363=EDGE_CURVE('838',#1258,#1256,#955,.T.);
#2365=EDGE_CURVE('839',#1258,#1098,#946,.T.);
#2369=ADVANCED_FACE('919',(#2368),#2359,.T.);
#2377=EDGE_CURVE('840',#1256,#1258,#960,.T.);
#2382=ADVANCED_FACE('920',(#2381),#2374,.T.);
#2392=ADVANCED_FACE('921',(#2391),#2387,.T.);
#2399=EDGE_CURVE('843',#1262,#1101,#968,.T.);
#2401=EDGE_CURVE('841',#1261,#1262,#973,.T.);
#2403=EDGE_CURVE('844',#1261,#1102,#964,.T.);
#2407=ADVANCED_FACE('923',(#2406),#2397,.T.);
#2415=EDGE_CURVE('842',#1262,#1261,#978,.T.);
#2420=ADVANCED_FACE('924',(#2419),#2412,.T.);
#2430=ADVANCED_FACE('922',(#2429),#2425,.T.);
#2437=EDGE_CURVE('845',#1264,#1105,#986,.T.);
#2439=EDGE_CURVE('846',#1266,#1264,#991,.T.);
#2441=EDGE_CURVE('847',#1266,#1106,#982,.T.);
#2445=ADVANCED_FACE('925',(#2444),#2435,.T.);
#2453=EDGE_CURVE('848',#1264,#1266,#996,.T.);
#2458=ADVANCED_FACE('926',(#2457),#2450,.T.);
#2468=ADVANCED_FACE('927',(#2467),#2463,.T.);
#2475=EDGE_CURVE('851',#1270,#1109,#1004,.T.);
#2477=EDGE_CURVE('849',#1269,#1270,#1009,.T.);
#2479=EDGE_CURVE('852',#1269,#1110,#1000,.T.);
#2483=ADVANCED_FACE('929',(#2482),#2473,.T.);
#2491=EDGE_CURVE('850',#1270,#1269,#1014,.T.);
#2496=ADVANCED_FACE('930',(#2495),#2488,.T.);
#2506=ADVANCED_FACE('928',(#2505),#2501,.T.);
#2510=(LENGTH_UNIT()NAMED_UNIT(*)SI_UNIT(.MILLI.,.METRE.));
#2511=(NAMED_UNIT(*)PLANE_ANGLE_UNIT()SI_UNIT($,.RADIAN.));
#2514=(NAMED_UNIT(*)SI_UNIT($,.STERADIAN.)SOLID_ANGLE_UNIT());
#2516=(GEOMETRIC_REPRESENTATION_CONTEXT(3)GLOBAL_UNCERTAINTY_ASSIGNED_CONTEXT((
#2515))GLOBAL_UNIT_ASSIGNED_CONTEXT((#2510,#2513,#2514))REPRESENTATION_CONTEXT(
'ID1','3'));
#2520=AXIS2_PLACEMENT_3D('',#2517,#2518,#2519);
#2521=ADVANCED_BREP_SHAPE_REPRESENTATION('',(#2520,#2508),#2516);
#2528=PRODUCT_DEFINITION('part definition','',#2527,#2524);
#2529=PRODUCT_DEFINITION_SHAPE('','SHAPE FOR 93189-001_AF0_2_1.',#2528);
#2530=SHAPE_ASPECT('','solid data associated with 93189-001_AF0_2_1',#2529,.F.);
#2531=PROPERTY_DEFINITION('',
'shape for solid data with which properties are associated',#2530);
#2532=SHAPE_REPRESENTATION('',(#2508),#2516);
#2533=SHAPE_DEFINITION_REPRESENTATION(#2531,#2532);
#2534=(LENGTH_UNIT()NAMED_UNIT(*)SI_UNIT(.MILLI.,.METRE.));
#2538=PROPERTY_DEFINITION('geometric validation property',
'area of 93189-001_AF0_2_1',#2530);
#2539=REPRESENTATION('surface area',(#2537),#2516);
#2540=PROPERTY_DEFINITION_REPRESENTATION(#2538,#2539);
#2541=(LENGTH_UNIT()NAMED_UNIT(*)SI_UNIT(.MILLI.,.METRE.));
#2545=PROPERTY_DEFINITION('geometric validation property',
'volume of 93189-001_AF0_2_1',#2530);
#2546=REPRESENTATION('volume',(#2544),#2516);
#2547=PROPERTY_DEFINITION_REPRESENTATION(#2545,#2546);
#2549=PROPERTY_DEFINITION('geometric validation property',
'centroid of 93189-001_AF0_2_1',#2530);
#2550=REPRESENTATION('centroid',(#2548),#2516);
#2551=PROPERTY_DEFINITION_REPRESENTATION(#2549,#2550);
#2552=(LENGTH_UNIT()NAMED_UNIT(*)SI_UNIT(.MILLI.,.METRE.));
#2556=PROPERTY_DEFINITION('geometric validation property',
'area of 93189-001_AF0_2_1',#2529);
#2557=REPRESENTATION('surface area',(#2555),#2516);
#2558=PROPERTY_DEFINITION_REPRESENTATION(#2556,#2557);
#2559=(LENGTH_UNIT()NAMED_UNIT(*)SI_UNIT(.MILLI.,.METRE.));
#2563=PROPERTY_DEFINITION('geometric validation property',
'volume of 93189-001_AF0_2_1',#2529);
#2564=REPRESENTATION('volume',(#2562),#2516);
#2565=PROPERTY_DEFINITION_REPRESENTATION(#2563,#2564);
#2567=PROPERTY_DEFINITION('geometric validation property',
'centroid of 93189-001_AF0_2_1',#2529);
#2568=REPRESENTATION('centroid',(#2566),#2516);
#2569=PROPERTY_DEFINITION_REPRESENTATION(#2567,#2568);
#2570=SHAPE_DEFINITION_REPRESENTATION(#2529,#2521);
#2571=SHAPE_DEFINITION_REPRESENTATION(#2572,#2573);
#2572=PRODUCT_DEFINITION_SHAPE('','SHAPE FOR 68001-X09_ASM_1_1_ASM.',#4075);
#2573=SHAPE_REPRESENTATION('',(#2588,#2583,#3124,#3119,#3141,#3136,#3158,#3153,
#3308,#3303,#3457,#3452,#3607,#3602,#3756,#3751,#3906,#3901,#4055,#4050,#4070),
#4066);
#2574=NEXT_ASSEMBLY_USAGE_OCCURRENCE('51','Next assembly relationship',
'93189-001',#4075,#2528,$);
#2575=PRODUCT_DEFINITION_SHAPE('Placement #51',
'Placement of 93189-001_AF0_2_1 with respect to 68001-X09_ASM_1_1_ASM',#2574);
#2577=PROPERTY_DEFINITION('geometric validation property',
'centroid of 93189-001',#2575);
#2578=REPRESENTATION('centroid',(#2576),#2516);
#2579=PROPERTY_DEFINITION_REPRESENTATION(#2577,#2578);
#2588=AXIS2_PLACEMENT_3D('',#2585,#2586,#2587);
#2740=EDGE_CURVE('105',#2705,#2706,#2594,.T.);
#2742=EDGE_CURVE('106',#2706,#2708,#2598,.T.);
#2744=EDGE_CURVE('107',#2708,#2710,#2602,.T.);
#2746=EDGE_CURVE('108',#2710,#2705,#2606,.T.);
#2750=ADVANCED_FACE('133',(#2749),#2739,.F.);
#2757=EDGE_CURVE('109',#2705,#2712,#2610,.T.);
#2759=EDGE_CURVE('110',#2712,#2714,#2614,.T.);
#2761=EDGE_CURVE('111',#2706,#2714,#2690,.T.);
#2765=ADVANCED_FACE('134',(#2764),#2755,.T.);
#2772=EDGE_CURVE('112',#2710,#2716,#2618,.T.);
#2774=EDGE_CURVE('113',#2716,#2712,#2622,.T.);
#2779=ADVANCED_FACE('135',(#2778),#2770,.T.);
#2785=EDGE_CURVE('114',#2718,#2716,#2626,.T.);
#2789=EDGE_CURVE('115',#2708,#2718,#2630,.T.);
#2793=ADVANCED_FACE('136',(#2792),#2784,.T.);
#2799=EDGE_CURVE('116',#2721,#2722,#2638,.T.);
#2801=EDGE_CURVE('117',#2721,#2716,#2634,.T.);
#2804=EDGE_CURVE('118',#2722,#2718,#2682,.T.);
#2808=ADVANCED_FACE('137',(#2807),#2798,.T.);
#2815=EDGE_CURVE('119',#2724,#2722,#2646,.T.);
#2817=EDGE_CURVE('120',#2726,#2724,#2662,.T.);
#2819=EDGE_CURVE('121',#2726,#2721,#2642,.T.);
#2823=ADVANCED_FACE('138',(#2822),#2813,.T.);
#2829=EDGE_CURVE('122',#2724,#2728,#2666,.T.);
#2832=EDGE_CURVE('123',#2722,#2730,#2650,.T.);
#2834=EDGE_CURVE('124',#2728,#2730,#2674,.T.);
#2838=ADVANCED_FACE('139',(#2837),#2828,.T.);
#2844=EDGE_CURVE('125',#2728,#2732,#2654,.T.);
#2846=EDGE_CURVE('126',#2732,#2726,#2658,.T.);
#2852=ADVANCED_FACE('140',(#2851),#2843,.T.);
#2858=EDGE_CURVE('127',#2730,#2734,#2670,.T.);
#2860=EDGE_CURVE('128',#2732,#2734,#2702,.T.);
#2866=ADVANCED_FACE('141',(#2865),#2857,.T.);
#2873=EDGE_CURVE('129',#2730,#2714,#2678,.T.);
#2876=EDGE_CURVE('130',#2734,#2712,#2694,.T.);
#2880=ADVANCED_FACE('142',(#2879),#2871,.T.);
#2888=EDGE_CURVE('131',#2714,#2718,#2686,.T.);
#2893=ADVANCED_FACE('143',(#2892),#2885,.T.);
#2905=ADVANCED_FACE('144',(#2904),#2898,.T.);
#2911=EDGE_CURVE('132',#2734,#2721,#2698,.T.);
#2918=ADVANCED_FACE('145',(#2917),#2910,.T.);
#2930=ADVANCED_FACE('146',(#2929),#2923,.T.);
#2934=(LENGTH_UNIT()NAMED_UNIT(*)SI_UNIT(.MILLI.,.METRE.));
#2935=(NAMED_UNIT(*)PLANE_ANGLE_UNIT()SI_UNIT($,.RADIAN.));
#2938=(NAMED_UNIT(*)SI_UNIT($,.STERADIAN.)SOLID_ANGLE_UNIT());
#2940=(GEOMETRIC_REPRESENTATION_CONTEXT(3)GLOBAL_UNCERTAINTY_ASSIGNED_CONTEXT((
#2939))GLOBAL_UNIT_ASSIGNED_CONTEXT((#2934,#2937,#2938))REPRESENTATION_CONTEXT(
'ID2','3'));
#2944=AXIS2_PLACEMENT_3D('',#2941,#2942,#2943);
#2945=ADVANCED_BREP_SHAPE_REPRESENTATION('',(#2944,#2932),#2940);
#2949=PRODUCT_DEFINITION('part definition','',#2948,#2524);
#2950=PRODUCT_DEFINITION_SHAPE('','SHAPE FOR 77310-X16LF_2_1.',#2949);
#2951=SHAPE_ASPECT('','solid data associated with 77310-X16LF_2_1',#2950,.F.);
#2952=PROPERTY_DEFINITION('',
'shape for solid data with which properties are associated',#2951);
#2953=SHAPE_REPRESENTATION('',(#2932),#2940);
#2954=SHAPE_DEFINITION_REPRESENTATION(#2952,#2953);
#2955=(LENGTH_UNIT()NAMED_UNIT(*)SI_UNIT(.MILLI.,.METRE.));
#2959=PROPERTY_DEFINITION('geometric validation property',
'area of 77310-X16LF_2_1',#2951);
#2960=REPRESENTATION('surface area',(#2958),#2940);
#2961=PROPERTY_DEFINITION_REPRESENTATION(#2959,#2960);
#2962=(LENGTH_UNIT()NAMED_UNIT(*)SI_UNIT(.MILLI.,.METRE.));
#2966=PROPERTY_DEFINITION('geometric validation property',
'volume of 77310-X16LF_2_1',#2951);
#2967=REPRESENTATION('volume',(#2965),#2940);
#2968=PROPERTY_DEFINITION_REPRESENTATION(#2966,#2967);
#2970=PROPERTY_DEFINITION('geometric validation property',
'centroid of 77310-X16LF_2_1',#2951);
#2971=REPRESENTATION('centroid',(#2969),#2940);
#2972=PROPERTY_DEFINITION_REPRESENTATION(#2970,#2971);
#2973=(LENGTH_UNIT()NAMED_UNIT(*)SI_UNIT(.MILLI.,.METRE.));
#2977=PROPERTY_DEFINITION('geometric validation property',
'area of 77310-X16LF_2_1',#2950);
#2978=REPRESENTATION('surface area',(#2976),#2940);
#2979=PROPERTY_DEFINITION_REPRESENTATION(#2977,#2978);
#2980=(LENGTH_UNIT()NAMED_UNIT(*)SI_UNIT(.MILLI.,.METRE.));
#2984=PROPERTY_DEFINITION('geometric validation property',
'volume of 77310-X16LF_2_1',#2950);
#2985=REPRESENTATION('volume',(#2983),#2940);
#2986=PROPERTY_DEFINITION_REPRESENTATION(#2984,#2985);
#2988=PROPERTY_DEFINITION('geometric validation property',
'centroid of 77310-X16LF_2_1',#2950);
#2989=REPRESENTATION('centroid',(#2987),#2940);
#2990=PROPERTY_DEFINITION_REPRESENTATION(#2988,#2989);
#2991=SHAPE_DEFINITION_REPRESENTATION(#2950,#2945);
#2992=PROPERTY_DEFINITION('CATALOGUE_NO','user defined attribute',#2949);
#2996=REPRESENTATION('',(#2995),#2940);
#2997=PROPERTY_DEFINITION_REPRESENTATION(#2992,#2996);
#2998=PROPERTY_DEFINITION('COMMERCIAL_ITEM','user defined attribute',#2949);
#3002=REPRESENTATION('',(#3001),#2940);
#3003=PROPERTY_DEFINITION_REPRESENTATION(#2998,#3002);
#3005=REPRESENTATION('',(#3004),#2940);
#3006=PROPERTY_DEFINITION('attribute type designation','Yes No',#2999);
#3007=PROPERTY_DEFINITION_REPRESENTATION(#3006,#3005);
#3008=PROPERTY_DEFINITION('DWG_TITLE1','user defined attribute',#2949);
#3012=REPRESENTATION('',(#3011),#2940);
#3013=PROPERTY_DEFINITION_REPRESENTATION(#3008,#3012);
#3014=PROPERTY_DEFINITION('DWG_TITLE2','user defined attribute',#2949);
#3018=REPRESENTATION('',(#3017),#2940);
#3019=PROPERTY_DEFINITION_REPRESENTATION(#3014,#3018);
#3020=PROPERTY_DEFINITION('HEAT_TREATMENT','user defined attribute',#2949);
#3024=REPRESENTATION('',(#3023),#2940);
#3025=PROPERTY_DEFINITION_REPRESENTATION(#3020,#3024);
#3026=PROPERTY_DEFINITION('MASS','user defined attribute',#2949);
#3030=REPRESENTATION('',(#3029),#2940);
#3031=PROPERTY_DEFINITION_REPRESENTATION(#3026,#3030);
#3033=REPRESENTATION('',(#3032),#2940);
#3034=PROPERTY_DEFINITION('attribute type designation','Integer',#3027);
#3035=PROPERTY_DEFINITION_REPRESENTATION(#3034,#3033);
#3036=PROPERTY_DEFINITION('MATERIAL','user defined attribute',#2949);
#3040=REPRESENTATION('',(#3039),#2940);
#3041=PROPERTY_DEFINITION_REPRESENTATION(#3036,#3040);
#3042=PROPERTY_DEFINITION('MATERIAL_CODE','user defined attribute',#2949);
#3046=REPRESENTATION('',(#3045),#2940);
#3047=PROPERTY_DEFINITION_REPRESENTATION(#3042,#3046);
#3048=PROPERTY_DEFINITION('PLATING','user defined attribute',#2949);
#3052=REPRESENTATION('',(#3051),#2940);
#3053=PROPERTY_DEFINITION_REPRESENTATION(#3048,#3052);
#3054=PROPERTY_DEFINITION('PRODUCT_FAMILY','user defined attribute',#2949);
#3058=REPRESENTATION('',(#3057),#2940);
#3059=PROPERTY_DEFINITION_REPRESENTATION(#3054,#3058);
#3060=PROPERTY_DEFINITION('SURFACE_FINISH','user defined attribute',#2949);
#3064=REPRESENTATION('',(#3063),#2940);
#3065=PROPERTY_DEFINITION_REPRESENTATION(#3060,#3064);
#3066=PROPERTY_DEFINITION('VOLUME','user defined attribute',#2949);
#3070=REPRESENTATION('',(#3069),#2940);
#3071=PROPERTY_DEFINITION_REPRESENTATION(#3066,#3070);
#3073=REPRESENTATION('',(#3072),#2940);
#3074=PROPERTY_DEFINITION('attribute type designation','Integer',#3067);
#3075=PROPERTY_DEFINITION_REPRESENTATION(#3074,#3073);
#3076=PROPERTY_DEFINITION('WEIGHT','user defined attribute',#2949);
#3080=REPRESENTATION('',(#3079),#2940);
#3081=PROPERTY_DEFINITION_REPRESENTATION(#3076,#3080);
#3083=REPRESENTATION('',(#3082),#2940);
#3084=PROPERTY_DEFINITION('attribute type designation','Integer',#3077);
#3085=PROPERTY_DEFINITION_REPRESENTATION(#3084,#3083);
#3086=PROPERTY_DEFINITION('NOM_MODELE','user defined attribute',#2949);
#3090=REPRESENTATION('',(#3089),#2940);
#3091=PROPERTY_DEFINITION_REPRESENTATION(#3086,#3090);
#3092=PROPERTY_DEFINITION('BAL_NAME','user defined attribute',#2949);
#3096=REPRESENTATION('',(#3095),#2940);
#3097=PROPERTY_DEFINITION_REPRESENTATION(#3092,#3096);
#3098=PROPERTY_DEFINITION('DOCUMENT_TYPE','user defined attribute',#2949);
#3102=REPRESENTATION('',(#3101),#2940);
#3103=PROPERTY_DEFINITION_REPRESENTATION(#3098,#3102);
#3104=PROPERTY_DEFINITION('PTC_COMMON_NAME','user defined attribute',#2949);
#3108=REPRESENTATION('',(#3107),#2940);
#3109=PROPERTY_DEFINITION_REPRESENTATION(#3104,#3108);
#3110=NEXT_ASSEMBLY_USAGE_OCCURRENCE('52','Next assembly relationship',
'77310-X16LF',#4075,#2949,$);
#3111=PRODUCT_DEFINITION_SHAPE('Placement #52',
'Placement of 77310-X16LF_2_1 with respect to 68001-X09_ASM_1_1_ASM',#3110);
#3113=PROPERTY_DEFINITION('geometric validation property',
'centroid of 77310-X16LF',#3111);
#3114=REPRESENTATION('centroid',(#3112),#2940);
#3115=PROPERTY_DEFINITION_REPRESENTATION(#3113,#3114);
#3124=AXIS2_PLACEMENT_3D('',#3121,#3122,#3123);
#3127=NEXT_ASSEMBLY_USAGE_OCCURRENCE('53','Next assembly relationship',
'77310-X16LF_2_1',#4075,#2949,$);
#3128=PRODUCT_DEFINITION_SHAPE('Placement #53',
'Placement of 77310-X16LF_2_1 with respect to 68001-X09_ASM_1_1_ASM',#3127);
#3130=PROPERTY_DEFINITION('geometric validation property',
'centroid of 77310-X16LF_2_1',#3128);
#3131=REPRESENTATION('centroid',(#3129),#2940);
#3132=PROPERTY_DEFINITION_REPRESENTATION(#3130,#3131);
#3141=AXIS2_PLACEMENT_3D('',#3138,#3139,#3140);
#3144=NEXT_ASSEMBLY_USAGE_OCCURRENCE('54','Next assembly relationship',
'77310-X16LF_2_1',#4075,#2949,$);
#3145=PRODUCT_DEFINITION_SHAPE('Placement #54',
'Placement of 77310-X16LF_2_1 with respect to 68001-X09_ASM_1_1_ASM',#3144);
#3147=PROPERTY_DEFINITION('geometric validation property',
'centroid of 77310-X16LF_2_1',#3145);
#3148=REPRESENTATION('centroid',(#3146),#2940);
#3149=PROPERTY_DEFINITION_REPRESENTATION(#3147,#3148);
#3158=AXIS2_PLACEMENT_3D('',#3155,#3156,#3157);
#3161=(LENGTH_UNIT()NAMED_UNIT(*)SI_UNIT(.MILLI.,.METRE.));
#3162=(NAMED_UNIT(*)PLANE_ANGLE_UNIT()SI_UNIT($,.RADIAN.));
#3165=(NAMED_UNIT(*)SI_UNIT($,.STERADIAN.)SOLID_ANGLE_UNIT());
#3167=(GEOMETRIC_REPRESENTATION_CONTEXT(3)GLOBAL_UNCERTAINTY_ASSIGNED_CONTEXT((
#3166))GLOBAL_UNIT_ASSIGNED_CONTEXT((#3161,#3164,#3165))REPRESENTATION_CONTEXT(
'ID3','3'));
#3171=AXIS2_PLACEMENT_3D('',#3168,#3169,#3170);
#3172=SHAPE_REPRESENTATION('',(#3171),#3167);
#3177=PRODUCT_DEFINITION('part definition','',#3176,#3173);
#3178=PRODUCT_DEFINITION_SHAPE('','SHAPE FOR 77310-X16LF_AF0_2_1.',#3177);
#3179=SHAPE_DEFINITION_REPRESENTATION(#3178,#3172);
#3180=PROPERTY_DEFINITION('CATALOGUE_NO','user defined attribute',#3177);
#3184=REPRESENTATION('',(#3183),#3167);
#3185=PROPERTY_DEFINITION_REPRESENTATION(#3180,#3184);
#3186=PROPERTY_DEFINITION('COMMERCIAL_ITEM','user defined attribute',#3177);
#3190=REPRESENTATION('',(#3189),#3167);
#3191=PROPERTY_DEFINITION_REPRESENTATION(#3186,#3190);
#3193=REPRESENTATION('',(#3192),#3167);
#3194=PROPERTY_DEFINITION('attribute type designation','Yes No',#3187);
#3195=PROPERTY_DEFINITION_REPRESENTATION(#3194,#3193);
#3196=PROPERTY_DEFINITION('DWG_TITLE1','user defined attribute',#3177);
#3200=REPRESENTATION('',(#3199),#3167);
#3201=PROPERTY_DEFINITION_REPRESENTATION(#3196,#3200);
#3202=PROPERTY_DEFINITION('DWG_TITLE2','user defined attribute',#3177);
#3206=REPRESENTATION('',(#3205),#3167);
#3207=PROPERTY_DEFINITION_REPRESENTATION(#3202,#3206);
#3208=PROPERTY_DEFINITION('HEAT_TREATMENT','user defined attribute',#3177);
#3212=REPRESENTATION('',(#3211),#3167);
#3213=PROPERTY_DEFINITION_REPRESENTATION(#3208,#3212);
#3214=PROPERTY_DEFINITION('MASS','user defined attribute',#3177);
#3218=REPRESENTATION('',(#3217),#3167);
#3219=PROPERTY_DEFINITION_REPRESENTATION(#3214,#3218);
#3221=REPRESENTATION('',(#3220),#3167);
#3222=PROPERTY_DEFINITION('attribute type designation','Integer',#3215);
#3223=PROPERTY_DEFINITION_REPRESENTATION(#3222,#3221);
#3224=PROPERTY_DEFINITION('MATERIAL','user defined attribute',#3177);
#3228=REPRESENTATION('',(#3227),#3167);
#3229=PROPERTY_DEFINITION_REPRESENTATION(#3224,#3228);
#3230=PROPERTY_DEFINITION('MATERIAL_CODE','user defined attribute',#3177);
#3234=REPRESENTATION('',(#3233),#3167);
#3235=PROPERTY_DEFINITION_REPRESENTATION(#3230,#3234);
#3236=PROPERTY_DEFINITION('PLATING','user defined attribute',#3177);
#3240=REPRESENTATION('',(#3239),#3167);
#3241=PROPERTY_DEFINITION_REPRESENTATION(#3236,#3240);
#3242=PROPERTY_DEFINITION('PRODUCT_FAMILY','user defined attribute',#3177);
#3246=REPRESENTATION('',(#3245),#3167);
#3247=PROPERTY_DEFINITION_REPRESENTATION(#3242,#3246);
#3248=PROPERTY_DEFINITION('SURFACE_FINISH','user defined attribute',#3177);
#3252=REPRESENTATION('',(#3251),#3167);
#3253=PROPERTY_DEFINITION_REPRESENTATION(#3248,#3252);
#3254=PROPERTY_DEFINITION('VOLUME','user defined attribute',#3177);
#3258=REPRESENTATION('',(#3257),#3167);
#3259=PROPERTY_DEFINITION_REPRESENTATION(#3254,#3258);
#3261=REPRESENTATION('',(#3260),#3167);
#3262=PROPERTY_DEFINITION('attribute type designation','Integer',#3255);
#3263=PROPERTY_DEFINITION_REPRESENTATION(#3262,#3261);
#3264=PROPERTY_DEFINITION('WEIGHT','user defined attribute',#3177);
#3268=REPRESENTATION('',(#3267),#3167);
#3269=PROPERTY_DEFINITION_REPRESENTATION(#3264,#3268);
#3271=REPRESENTATION('',(#3270),#3167);
#3272=PROPERTY_DEFINITION('attribute type designation','Integer',#3265);
#3273=PROPERTY_DEFINITION_REPRESENTATION(#3272,#3271);
#3274=PROPERTY_DEFINITION('NOM_MODELE','user defined attribute',#3177);
#3278=REPRESENTATION('',(#3277),#3167);
#3279=PROPERTY_DEFINITION_REPRESENTATION(#3274,#3278);
#3280=PROPERTY_DEFINITION('BAL_NAME','user defined attribute',#3177);
#3284=REPRESENTATION('',(#3283),#3167);
#3285=PROPERTY_DEFINITION_REPRESENTATION(#3280,#3284);
#3286=PROPERTY_DEFINITION('DOCUMENT_TYPE','user defined attribute',#3177);
#3290=REPRESENTATION('',(#3289),#3167);
#3291=PROPERTY_DEFINITION_REPRESENTATION(#3286,#3290);
#3292=PROPERTY_DEFINITION('PTC_COMMON_NAME','user defined attribute',#3177);
#3296=REPRESENTATION('',(#3295),#3167);
#3297=PROPERTY_DEFINITION_REPRESENTATION(#3292,#3296);
#3298=NEXT_ASSEMBLY_USAGE_OCCURRENCE('55','Next assembly relationship',
'77310-X16LF_AF0_2_1',#4075,#3177,$);
#3299=PRODUCT_DEFINITION_SHAPE('Placement #55',
'Placement of 77310-X16LF_AF0_2_1 with respect to 68001-X09_ASM_1_1_ASM',#3298);
#3308=AXIS2_PLACEMENT_3D('',#3305,#3306,#3307);
#3311=(LENGTH_UNIT()NAMED_UNIT(*)SI_UNIT(.MILLI.,.METRE.));
#3312=(NAMED_UNIT(*)PLANE_ANGLE_UNIT()SI_UNIT($,.RADIAN.));
#3315=(NAMED_UNIT(*)SI_UNIT($,.STERADIAN.)SOLID_ANGLE_UNIT());
#3317=(GEOMETRIC_REPRESENTATION_CONTEXT(3)GLOBAL_UNCERTAINTY_ASSIGNED_CONTEXT((
#3316))GLOBAL_UNIT_ASSIGNED_CONTEXT((#3311,#3314,#3315))REPRESENTATION_CONTEXT(
'ID4','3'));
#3321=AXIS2_PLACEMENT_3D('',#3318,#3319,#3320);
#3322=SHAPE_REPRESENTATION('',(#3321),#3317);
#3326=PRODUCT_DEFINITION('part definition','',#3325,#3173);
#3327=PRODUCT_DEFINITION_SHAPE('','SHAPE FOR 77310-X16LF_AF1_2.',#3326);
#3328=SHAPE_DEFINITION_REPRESENTATION(#3327,#3322);
#3329=PROPERTY_DEFINITION('CATALOGUE_NO','user defined attribute',#3326);
#3333=REPRESENTATION('',(#3332),#3317);
#3334=PROPERTY_DEFINITION_REPRESENTATION(#3329,#3333);
#3335=PROPERTY_DEFINITION('COMMERCIAL_ITEM','user defined attribute',#3326);
#3339=REPRESENTATION('',(#3338),#3317);
#3340=PROPERTY_DEFINITION_REPRESENTATION(#3335,#3339);
#3342=REPRESENTATION('',(#3341),#3317);
#3343=PROPERTY_DEFINITION('attribute type designation','Yes No',#3336);
#3344=PROPERTY_DEFINITION_REPRESENTATION(#3343,#3342);
#3345=PROPERTY_DEFINITION('DWG_TITLE1','user defined attribute',#3326);
#3349=REPRESENTATION('',(#3348),#3317);
#3350=PROPERTY_DEFINITION_REPRESENTATION(#3345,#3349);
#3351=PROPERTY_DEFINITION('DWG_TITLE2','user defined attribute',#3326);
#3355=REPRESENTATION('',(#3354),#3317);
#3356=PROPERTY_DEFINITION_REPRESENTATION(#3351,#3355);
#3357=PROPERTY_DEFINITION('HEAT_TREATMENT','user defined attribute',#3326);
#3361=REPRESENTATION('',(#3360),#3317);
#3362=PROPERTY_DEFINITION_REPRESENTATION(#3357,#3361);
#3363=PROPERTY_DEFINITION('MASS','user defined attribute',#3326);
#3367=REPRESENTATION('',(#3366),#3317);
#3368=PROPERTY_DEFINITION_REPRESENTATION(#3363,#3367);
#3370=REPRESENTATION('',(#3369),#3317);
#3371=PROPERTY_DEFINITION('attribute type designation','Integer',#3364);
#3372=PROPERTY_DEFINITION_REPRESENTATION(#3371,#3370);
#3373=PROPERTY_DEFINITION('MATERIAL','user defined attribute',#3326);
#3377=REPRESENTATION('',(#3376),#3317);
#3378=PROPERTY_DEFINITION_REPRESENTATION(#3373,#3377);
#3379=PROPERTY_DEFINITION('MATERIAL_CODE','user defined attribute',#3326);
#3383=REPRESENTATION('',(#3382),#3317);
#3384=PROPERTY_DEFINITION_REPRESENTATION(#3379,#3383);
#3385=PROPERTY_DEFINITION('PLATING','user defined attribute',#3326);
#3389=REPRESENTATION('',(#3388),#3317);
#3390=PROPERTY_DEFINITION_REPRESENTATION(#3385,#3389);
#3391=PROPERTY_DEFINITION('PRODUCT_FAMILY','user defined attribute',#3326);
#3395=REPRESENTATION('',(#3394),#3317);
#3396=PROPERTY_DEFINITION_REPRESENTATION(#3391,#3395);
#3397=PROPERTY_DEFINITION('SURFACE_FINISH','user defined attribute',#3326);
#3401=REPRESENTATION('',(#3400),#3317);
#3402=PROPERTY_DEFINITION_REPRESENTATION(#3397,#3401);
#3403=PROPERTY_DEFINITION('VOLUME','user defined attribute',#3326);
#3407=REPRESENTATION('',(#3406),#3317);
#3408=PROPERTY_DEFINITION_REPRESENTATION(#3403,#3407);
#3410=REPRESENTATION('',(#3409),#3317);
#3411=PROPERTY_DEFINITION('attribute type designation','Integer',#3404);
#3412=PROPERTY_DEFINITION_REPRESENTATION(#3411,#3410);
#3413=PROPERTY_DEFINITION('WEIGHT','user defined attribute',#3326);
#3417=REPRESENTATION('',(#3416),#3317);
#3418=PROPERTY_DEFINITION_REPRESENTATION(#3413,#3417);
#3420=REPRESENTATION('',(#3419),#3317);
#3421=PROPERTY_DEFINITION('attribute type designation','Integer',#3414);
#3422=PROPERTY_DEFINITION_REPRESENTATION(#3421,#3420);
#3423=PROPERTY_DEFINITION('NOM_MODELE','user defined attribute',#3326);
#3427=REPRESENTATION('',(#3426),#3317);
#3428=PROPERTY_DEFINITION_REPRESENTATION(#3423,#3427);
#3429=PROPERTY_DEFINITION('BAL_NAME','user defined attribute',#3326);
#3433=REPRESENTATION('',(#3432),#3317);
#3434=PROPERTY_DEFINITION_REPRESENTATION(#3429,#3433);
#3435=PROPERTY_DEFINITION('DOCUMENT_TYPE','user defined attribute',#3326);
#3439=REPRESENTATION('',(#3438),#3317);
#3440=PROPERTY_DEFINITION_REPRESENTATION(#3435,#3439);
#3441=PROPERTY_DEFINITION('PTC_COMMON_NAME','user defined attribute',#3326);
#3445=REPRESENTATION('',(#3444),#3317);
#3446=PROPERTY_DEFINITION_REPRESENTATION(#3441,#3445);
#3447=NEXT_ASSEMBLY_USAGE_OCCURRENCE('56','Next assembly relationship',
'77310-X16LF_AF1_2',#4075,#3326,$);
#3448=PRODUCT_DEFINITION_SHAPE('Placement #56',
'Placement of 77310-X16LF_AF1_2 with respect to 68001-X09_ASM_1_1_ASM',#3447);
#3457=AXIS2_PLACEMENT_3D('',#3454,#3455,#3456);
#3460=(LENGTH_UNIT()NAMED_UNIT(*)SI_UNIT(.MILLI.,.METRE.));
#3461=(NAMED_UNIT(*)PLANE_ANGLE_UNIT()SI_UNIT($,.RADIAN.));
#3464=(NAMED_UNIT(*)SI_UNIT($,.STERADIAN.)SOLID_ANGLE_UNIT());
#3466=(GEOMETRIC_REPRESENTATION_CONTEXT(3)GLOBAL_UNCERTAINTY_ASSIGNED_CONTEXT((
#3465))GLOBAL_UNIT_ASSIGNED_CONTEXT((#3460,#3463,#3464))REPRESENTATION_CONTEXT(
'ID5','3'));
#3470=AXIS2_PLACEMENT_3D('',#3467,#3468,#3469);
#3471=SHAPE_REPRESENTATION('',(#3470),#3466);
#3476=PRODUCT_DEFINITION('part definition','',#3475,#3472);
#3477=PRODUCT_DEFINITION_SHAPE('','SHAPE FOR 77310-X16LF_AF2_2.',#3476);
#3478=SHAPE_DEFINITION_REPRESENTATION(#3477,#3471);
#3479=PROPERTY_DEFINITION('CATALOGUE_NO','user defined attribute',#3476);
#3483=REPRESENTATION('',(#3482),#3466);
#3484=PROPERTY_DEFINITION_REPRESENTATION(#3479,#3483);
#3485=PROPERTY_DEFINITION('COMMERCIAL_ITEM','user defined attribute',#3476);
#3489=REPRESENTATION('',(#3488),#3466);
#3490=PROPERTY_DEFINITION_REPRESENTATION(#3485,#3489);
#3492=REPRESENTATION('',(#3491),#3466);
#3493=PROPERTY_DEFINITION('attribute type designation','Yes No',#3486);
#3494=PROPERTY_DEFINITION_REPRESENTATION(#3493,#3492);
#3495=PROPERTY_DEFINITION('DWG_TITLE1','user defined attribute',#3476);
#3499=REPRESENTATION('',(#3498),#3466);
#3500=PROPERTY_DEFINITION_REPRESENTATION(#3495,#3499);
#3501=PROPERTY_DEFINITION('DWG_TITLE2','user defined attribute',#3476);
#3505=REPRESENTATION('',(#3504),#3466);
#3506=PROPERTY_DEFINITION_REPRESENTATION(#3501,#3505);
#3507=PROPERTY_DEFINITION('HEAT_TREATMENT','user defined attribute',#3476);
#3511=REPRESENTATION('',(#3510),#3466);
#3512=PROPERTY_DEFINITION_REPRESENTATION(#3507,#3511);
#3513=PROPERTY_DEFINITION('MASS','user defined attribute',#3476);
#3517=REPRESENTATION('',(#3516),#3466);
#3518=PROPERTY_DEFINITION_REPRESENTATION(#3513,#3517);
#3520=REPRESENTATION('',(#3519),#3466);
#3521=PROPERTY_DEFINITION('attribute type designation','Integer',#3514);
#3522=PROPERTY_DEFINITION_REPRESENTATION(#3521,#3520);
#3523=PROPERTY_DEFINITION('MATERIAL','user defined attribute',#3476);
#3527=REPRESENTATION('',(#3526),#3466);
#3528=PROPERTY_DEFINITION_REPRESENTATION(#3523,#3527);
#3529=PROPERTY_DEFINITION('MATERIAL_CODE','user defined attribute',#3476);
#3533=REPRESENTATION('',(#3532),#3466);
#3534=PROPERTY_DEFINITION_REPRESENTATION(#3529,#3533);
#3535=PROPERTY_DEFINITION('PLATING','user defined attribute',#3476);
#3539=REPRESENTATION('',(#3538),#3466);
#3540=PROPERTY_DEFINITION_REPRESENTATION(#3535,#3539);
#3541=PROPERTY_DEFINITION('PRODUCT_FAMILY','user defined attribute',#3476);
#3545=REPRESENTATION('',(#3544),#3466);
#3546=PROPERTY_DEFINITION_REPRESENTATION(#3541,#3545);
#3547=PROPERTY_DEFINITION('SURFACE_FINISH','user defined attribute',#3476);
#3551=REPRESENTATION('',(#3550),#3466);
#3552=PROPERTY_DEFINITION_REPRESENTATION(#3547,#3551);
#3553=PROPERTY_DEFINITION('VOLUME','user defined attribute',#3476);
#3557=REPRESENTATION('',(#3556),#3466);
#3558=PROPERTY_DEFINITION_REPRESENTATION(#3553,#3557);
#3560=REPRESENTATION('',(#3559),#3466);
#3561=PROPERTY_DEFINITION('attribute type designation','Integer',#3554);
#3562=PROPERTY_DEFINITION_REPRESENTATION(#3561,#3560);
#3563=PROPERTY_DEFINITION('WEIGHT','user defined attribute',#3476);
#3567=REPRESENTATION('',(#3566),#3466);
#3568=PROPERTY_DEFINITION_REPRESENTATION(#3563,#3567);
#3570=REPRESENTATION('',(#3569),#3466);
#3571=PROPERTY_DEFINITION('attribute type designation','Integer',#3564);
#3572=PROPERTY_DEFINITION_REPRESENTATION(#3571,#3570);
#3573=PROPERTY_DEFINITION('NOM_MODELE','user defined attribute',#3476);
#3577=REPRESENTATION('',(#3576),#3466);
#3578=PROPERTY_DEFINITION_REPRESENTATION(#3573,#3577);
#3579=PROPERTY_DEFINITION('BAL_NAME','user defined attribute',#3476);
#3583=REPRESENTATION('',(#3582),#3466);
#3584=PROPERTY_DEFINITION_REPRESENTATION(#3579,#3583);
#3585=PROPERTY_DEFINITION('DOCUMENT_TYPE','user defined attribute',#3476);
#3589=REPRESENTATION('',(#3588),#3466);
#3590=PROPERTY_DEFINITION_REPRESENTATION(#3585,#3589);
#3591=PROPERTY_DEFINITION('PTC_COMMON_NAME','user defined attribute',#3476);
#3595=REPRESENTATION('',(#3594),#3466);
#3596=PROPERTY_DEFINITION_REPRESENTATION(#3591,#3595);
#3597=NEXT_ASSEMBLY_USAGE_OCCURRENCE('57','Next assembly relationship',
'77310-X16LF_AF2_2',#4075,#3476,$);
#3598=PRODUCT_DEFINITION_SHAPE('Placement #57',
'Placement of 77310-X16LF_AF2_2 with respect to 68001-X09_ASM_1_1_ASM',#3597);
#3607=AXIS2_PLACEMENT_3D('',#3604,#3605,#3606);
#3610=(LENGTH_UNIT()NAMED_UNIT(*)SI_UNIT(.MILLI.,.METRE.));
#3611=(NAMED_UNIT(*)PLANE_ANGLE_UNIT()SI_UNIT($,.RADIAN.));
#3614=(NAMED_UNIT(*)SI_UNIT($,.STERADIAN.)SOLID_ANGLE_UNIT());
#3616=(GEOMETRIC_REPRESENTATION_CONTEXT(3)GLOBAL_UNCERTAINTY_ASSIGNED_CONTEXT((
#3615))GLOBAL_UNIT_ASSIGNED_CONTEXT((#3610,#3613,#3614))REPRESENTATION_CONTEXT(
'ID6','3'));
#3620=AXIS2_PLACEMENT_3D('',#3617,#3618,#3619);
#3621=SHAPE_REPRESENTATION('',(#3620),#3616);
#3625=PRODUCT_DEFINITION('part definition','',#3624,#3472);
#3626=PRODUCT_DEFINITION_SHAPE('','SHAPE FOR 77310-X16LF_AF3_2.',#3625);
#3627=SHAPE_DEFINITION_REPRESENTATION(#3626,#3621);
#3628=PROPERTY_DEFINITION('CATALOGUE_NO','user defined attribute',#3625);
#3632=REPRESENTATION('',(#3631),#3616);
#3633=PROPERTY_DEFINITION_REPRESENTATION(#3628,#3632);
#3634=PROPERTY_DEFINITION('COMMERCIAL_ITEM','user defined attribute',#3625);
#3638=REPRESENTATION('',(#3637),#3616);
#3639=PROPERTY_DEFINITION_REPRESENTATION(#3634,#3638);
#3641=REPRESENTATION('',(#3640),#3616);
#3642=PROPERTY_DEFINITION('attribute type designation','Yes No',#3635);
#3643=PROPERTY_DEFINITION_REPRESENTATION(#3642,#3641);
#3644=PROPERTY_DEFINITION('DWG_TITLE1','user defined attribute',#3625);
#3648=REPRESENTATION('',(#3647),#3616);
#3649=PROPERTY_DEFINITION_REPRESENTATION(#3644,#3648);
#3650=PROPERTY_DEFINITION('DWG_TITLE2','user defined attribute',#3625);
#3654=REPRESENTATION('',(#3653),#3616);
#3655=PROPERTY_DEFINITION_REPRESENTATION(#3650,#3654);
#3656=PROPERTY_DEFINITION('HEAT_TREATMENT','user defined attribute',#3625);
#3660=REPRESENTATION('',(#3659),#3616);
#3661=PROPERTY_DEFINITION_REPRESENTATION(#3656,#3660);
#3662=PROPERTY_DEFINITION('MASS','user defined attribute',#3625);
#3666=REPRESENTATION('',(#3665),#3616);
#3667=PROPERTY_DEFINITION_REPRESENTATION(#3662,#3666);
#3669=REPRESENTATION('',(#3668),#3616);
#3670=PROPERTY_DEFINITION('attribute type designation','Integer',#3663);
#3671=PROPERTY_DEFINITION_REPRESENTATION(#3670,#3669);
#3672=PROPERTY_DEFINITION('MATERIAL','user defined attribute',#3625);
#3676=REPRESENTATION('',(#3675),#3616);
#3677=PROPERTY_DEFINITION_REPRESENTATION(#3672,#3676);
#3678=PROPERTY_DEFINITION('MATERIAL_CODE','user defined attribute',#3625);
#3682=REPRESENTATION('',(#3681),#3616);
#3683=PROPERTY_DEFINITION_REPRESENTATION(#3678,#3682);
#3684=PROPERTY_DEFINITION('PLATING','user defined attribute',#3625);
#3688=REPRESENTATION('',(#3687),#3616);
#3689=PROPERTY_DEFINITION_REPRESENTATION(#3684,#3688);
#3690=PROPERTY_DEFINITION('PRODUCT_FAMILY','user defined attribute',#3625);
#3694=REPRESENTATION('',(#3693),#3616);
#3695=PROPERTY_DEFINITION_REPRESENTATION(#3690,#3694);
#3696=PROPERTY_DEFINITION('SURFACE_FINISH','user defined attribute',#3625);
#3700=REPRESENTATION('',(#3699),#3616);
#3701=PROPERTY_DEFINITION_REPRESENTATION(#3696,#3700);
#3702=PROPERTY_DEFINITION('VOLUME','user defined attribute',#3625);
#3706=REPRESENTATION('',(#3705),#3616);
#3707=PROPERTY_DEFINITION_REPRESENTATION(#3702,#3706);
#3709=REPRESENTATION('',(#3708),#3616);
#3710=PROPERTY_DEFINITION('attribute type designation','Integer',#3703);
#3711=PROPERTY_DEFINITION_REPRESENTATION(#3710,#3709);
#3712=PROPERTY_DEFINITION('WEIGHT','user defined attribute',#3625);
#3716=REPRESENTATION('',(#3715),#3616);
#3717=PROPERTY_DEFINITION_REPRESENTATION(#3712,#3716);
#3719=REPRESENTATION('',(#3718),#3616);
#3720=PROPERTY_DEFINITION('attribute type designation','Integer',#3713);
#3721=PROPERTY_DEFINITION_REPRESENTATION(#3720,#3719);
#3722=PROPERTY_DEFINITION('NOM_MODELE','user defined attribute',#3625);
#3726=REPRESENTATION('',(#3725),#3616);
#3727=PROPERTY_DEFINITION_REPRESENTATION(#3722,#3726);
#3728=PROPERTY_DEFINITION('BAL_NAME','user defined attribute',#3625);
#3732=REPRESENTATION('',(#3731),#3616);
#3733=PROPERTY_DEFINITION_REPRESENTATION(#3728,#3732);
#3734=PROPERTY_DEFINITION('DOCUMENT_TYPE','user defined attribute',#3625);
#3738=REPRESENTATION('',(#3737),#3616);
#3739=PROPERTY_DEFINITION_REPRESENTATION(#3734,#3738);
#3740=PROPERTY_DEFINITION('PTC_COMMON_NAME','user defined attribute',#3625);
#3744=REPRESENTATION('',(#3743),#3616);
#3745=PROPERTY_DEFINITION_REPRESENTATION(#3740,#3744);
#3746=NEXT_ASSEMBLY_USAGE_OCCURRENCE('58','Next assembly relationship',
'77310-X16LF_AF3_2',#4075,#3625,$);
#3747=PRODUCT_DEFINITION_SHAPE('Placement #58',
'Placement of 77310-X16LF_AF3_2 with respect to 68001-X09_ASM_1_1_ASM',#3746);
#3756=AXIS2_PLACEMENT_3D('',#3753,#3754,#3755);
#3759=(LENGTH_UNIT()NAMED_UNIT(*)SI_UNIT(.MILLI.,.METRE.));
#3760=(NAMED_UNIT(*)PLANE_ANGLE_UNIT()SI_UNIT($,.RADIAN.));
#3763=(NAMED_UNIT(*)SI_UNIT($,.STERADIAN.)SOLID_ANGLE_UNIT());
#3765=(GEOMETRIC_REPRESENTATION_CONTEXT(3)GLOBAL_UNCERTAINTY_ASSIGNED_CONTEXT((
#3764))GLOBAL_UNIT_ASSIGNED_CONTEXT((#3759,#3762,#3763))REPRESENTATION_CONTEXT(
'ID7','3'));
#3769=AXIS2_PLACEMENT_3D('',#3766,#3767,#3768);
#3770=SHAPE_REPRESENTATION('',(#3769),#3765);
#3775=PRODUCT_DEFINITION('part definition','',#3774,#3771);
#3776=PRODUCT_DEFINITION_SHAPE('','SHAPE FOR 77310-X16LF_AF4_2.',#3775);
#3777=SHAPE_DEFINITION_REPRESENTATION(#3776,#3770);
#3778=PROPERTY_DEFINITION('CATALOGUE_NO','user defined attribute',#3775);
#3782=REPRESENTATION('',(#3781),#3765);
#3783=PROPERTY_DEFINITION_REPRESENTATION(#3778,#3782);
#3784=PROPERTY_DEFINITION('COMMERCIAL_ITEM','user defined attribute',#3775);
#3788=REPRESENTATION('',(#3787),#3765);
#3789=PROPERTY_DEFINITION_REPRESENTATION(#3784,#3788);
#3791=REPRESENTATION('',(#3790),#3765);
#3792=PROPERTY_DEFINITION('attribute type designation','Yes No',#3785);
#3793=PROPERTY_DEFINITION_REPRESENTATION(#3792,#3791);
#3794=PROPERTY_DEFINITION('DWG_TITLE1','user defined attribute',#3775);
#3798=REPRESENTATION('',(#3797),#3765);
#3799=PROPERTY_DEFINITION_REPRESENTATION(#3794,#3798);
#3800=PROPERTY_DEFINITION('DWG_TITLE2','user defined attribute',#3775);
#3804=REPRESENTATION('',(#3803),#3765);
#3805=PROPERTY_DEFINITION_REPRESENTATION(#3800,#3804);
#3806=PROPERTY_DEFINITION('HEAT_TREATMENT','user defined attribute',#3775);
#3810=REPRESENTATION('',(#3809),#3765);
#3811=PROPERTY_DEFINITION_REPRESENTATION(#3806,#3810);
#3812=PROPERTY_DEFINITION('MASS','user defined attribute',#3775);
#3816=REPRESENTATION('',(#3815),#3765);
#3817=PROPERTY_DEFINITION_REPRESENTATION(#3812,#3816);
#3819=REPRESENTATION('',(#3818),#3765);
#3820=PROPERTY_DEFINITION('attribute type designation','Integer',#3813);
#3821=PROPERTY_DEFINITION_REPRESENTATION(#3820,#3819);
#3822=PROPERTY_DEFINITION('MATERIAL','user defined attribute',#3775);
#3826=REPRESENTATION('',(#3825),#3765);
#3827=PROPERTY_DEFINITION_REPRESENTATION(#3822,#3826);
#3828=PROPERTY_DEFINITION('MATERIAL_CODE','user defined attribute',#3775);
#3832=REPRESENTATION('',(#3831),#3765);
#3833=PROPERTY_DEFINITION_REPRESENTATION(#3828,#3832);
#3834=PROPERTY_DEFINITION('PLATING','user defined attribute',#3775);
#3838=REPRESENTATION('',(#3837),#3765);
#3839=PROPERTY_DEFINITION_REPRESENTATION(#3834,#3838);
#3840=PROPERTY_DEFINITION('PRODUCT_FAMILY','user defined attribute',#3775);
#3844=REPRESENTATION('',(#3843),#3765);
#3845=PROPERTY_DEFINITION_REPRESENTATION(#3840,#3844);
#3846=PROPERTY_DEFINITION('SURFACE_FINISH','user defined attribute',#3775);
#3850=REPRESENTATION('',(#3849),#3765);
#3851=PROPERTY_DEFINITION_REPRESENTATION(#3846,#3850);
#3852=PROPERTY_DEFINITION('VOLUME','user defined attribute',#3775);
#3856=REPRESENTATION('',(#3855),#3765);
#3857=PROPERTY_DEFINITION_REPRESENTATION(#3852,#3856);
#3859=REPRESENTATION('',(#3858),#3765);
#3860=PROPERTY_DEFINITION('attribute type designation','Integer',#3853);
#3861=PROPERTY_DEFINITION_REPRESENTATION(#3860,#3859);
#3862=PROPERTY_DEFINITION('WEIGHT','user defined attribute',#3775);
#3866=REPRESENTATION('',(#3865),#3765);
#3867=PROPERTY_DEFINITION_REPRESENTATION(#3862,#3866);
#3869=REPRESENTATION('',(#3868),#3765);
#3870=PROPERTY_DEFINITION('attribute type designation','Integer',#3863);
#3871=PROPERTY_DEFINITION_REPRESENTATION(#3870,#3869);
#3872=PROPERTY_DEFINITION('NOM_MODELE','user defined attribute',#3775);
#3876=REPRESENTATION('',(#3875),#3765);
#3877=PROPERTY_DEFINITION_REPRESENTATION(#3872,#3876);
#3878=PROPERTY_DEFINITION('BAL_NAME','user defined attribute',#3775);
#3882=REPRESENTATION('',(#3881),#3765);
#3883=PROPERTY_DEFINITION_REPRESENTATION(#3878,#3882);
#3884=PROPERTY_DEFINITION('DOCUMENT_TYPE','user defined attribute',#3775);
#3888=REPRESENTATION('',(#3887),#3765);
#3889=PROPERTY_DEFINITION_REPRESENTATION(#3884,#3888);
#3890=PROPERTY_DEFINITION('PTC_COMMON_NAME','user defined attribute',#3775);
#3894=REPRESENTATION('',(#3893),#3765);
#3895=PROPERTY_DEFINITION_REPRESENTATION(#3890,#3894);
#3896=NEXT_ASSEMBLY_USAGE_OCCURRENCE('59','Next assembly relationship',
'77310-X16LF_AF4_2',#4075,#3775,$);
#3897=PRODUCT_DEFINITION_SHAPE('Placement #59',
'Placement of 77310-X16LF_AF4_2 with respect to 68001-X09_ASM_1_1_ASM',#3896);
#3906=AXIS2_PLACEMENT_3D('',#3903,#3904,#3905);
#3909=(LENGTH_UNIT()NAMED_UNIT(*)SI_UNIT(.MILLI.,.METRE.));
#3910=(NAMED_UNIT(*)PLANE_ANGLE_UNIT()SI_UNIT($,.RADIAN.));
#3913=(NAMED_UNIT(*)SI_UNIT($,.STERADIAN.)SOLID_ANGLE_UNIT());
#3915=(GEOMETRIC_REPRESENTATION_CONTEXT(3)GLOBAL_UNCERTAINTY_ASSIGNED_CONTEXT((
#3914))GLOBAL_UNIT_ASSIGNED_CONTEXT((#3909,#3912,#3913))REPRESENTATION_CONTEXT(
'ID8','3'));
#3919=AXIS2_PLACEMENT_3D('',#3916,#3917,#3918);
#3920=SHAPE_REPRESENTATION('',(#3919),#3915);
#3924=PRODUCT_DEFINITION('part definition','',#3923,#3771);
#3925=PRODUCT_DEFINITION_SHAPE('','SHAPE FOR 77310-X16LF_AF5_2.',#3924);
#3926=SHAPE_DEFINITION_REPRESENTATION(#3925,#3920);
#3927=PROPERTY_DEFINITION('CATALOGUE_NO','user defined attribute',#3924);
#3931=REPRESENTATION('',(#3930),#3915);
#3932=PROPERTY_DEFINITION_REPRESENTATION(#3927,#3931);
#3933=PROPERTY_DEFINITION('COMMERCIAL_ITEM','user defined attribute',#3924);
#3937=REPRESENTATION('',(#3936),#3915);
#3938=PROPERTY_DEFINITION_REPRESENTATION(#3933,#3937);
#3940=REPRESENTATION('',(#3939),#3915);
#3941=PROPERTY_DEFINITION('attribute type designation','Yes No',#3934);
#3942=PROPERTY_DEFINITION_REPRESENTATION(#3941,#3940);
#3943=PROPERTY_DEFINITION('DWG_TITLE1','user defined attribute',#3924);
#3947=REPRESENTATION('',(#3946),#3915);
#3948=PROPERTY_DEFINITION_REPRESENTATION(#3943,#3947);
#3949=PROPERTY_DEFINITION('DWG_TITLE2','user defined attribute',#3924);
#3953=REPRESENTATION('',(#3952),#3915);
#3954=PROPERTY_DEFINITION_REPRESENTATION(#3949,#3953);
#3955=PROPERTY_DEFINITION('HEAT_TREATMENT','user defined attribute',#3924);
#3959=REPRESENTATION('',(#3958),#3915);
#3960=PROPERTY_DEFINITION_REPRESENTATION(#3955,#3959);
#3961=PROPERTY_DEFINITION('MASS','user defined attribute',#3924);
#3965=REPRESENTATION('',(#3964),#3915);
#3966=PROPERTY_DEFINITION_REPRESENTATION(#3961,#3965);
#3968=REPRESENTATION('',(#3967),#3915);
#3969=PROPERTY_DEFINITION('attribute type designation','Integer',#3962);
#3970=PROPERTY_DEFINITION_REPRESENTATION(#3969,#3968);
#3971=PROPERTY_DEFINITION('MATERIAL','user defined attribute',#3924);
#3975=REPRESENTATION('',(#3974),#3915);
#3976=PROPERTY_DEFINITION_REPRESENTATION(#3971,#3975);
#3977=PROPERTY_DEFINITION('MATERIAL_CODE','user defined attribute',#3924);
#3981=REPRESENTATION('',(#3980),#3915);
#3982=PROPERTY_DEFINITION_REPRESENTATION(#3977,#3981);
#3983=PROPERTY_DEFINITION('PLATING','user defined attribute',#3924);
#3987=REPRESENTATION('',(#3986),#3915);
#3988=PROPERTY_DEFINITION_REPRESENTATION(#3983,#3987);
#3989=PROPERTY_DEFINITION('PRODUCT_FAMILY','user defined attribute',#3924);
#3993=REPRESENTATION('',(#3992),#3915);
#3994=PROPERTY_DEFINITION_REPRESENTATION(#3989,#3993);
#3995=PROPERTY_DEFINITION('SURFACE_FINISH','user defined attribute',#3924);
#3999=REPRESENTATION('',(#3998),#3915);
#4000=PROPERTY_DEFINITION_REPRESENTATION(#3995,#3999);
#4001=PROPERTY_DEFINITION('VOLUME','user defined attribute',#3924);
#4005=REPRESENTATION('',(#4004),#3915);
#4006=PROPERTY_DEFINITION_REPRESENTATION(#4001,#4005);
#4008=REPRESENTATION('',(#4007),#3915);
#4009=PROPERTY_DEFINITION('attribute type designation','Integer',#4002);
#4010=PROPERTY_DEFINITION_REPRESENTATION(#4009,#4008);
#4011=PROPERTY_DEFINITION('WEIGHT','user defined attribute',#3924);
#4015=REPRESENTATION('',(#4014),#3915);
#4016=PROPERTY_DEFINITION_REPRESENTATION(#4011,#4015);
#4018=REPRESENTATION('',(#4017),#3915);
#4019=PROPERTY_DEFINITION('attribute type designation','Integer',#4012);
#4020=PROPERTY_DEFINITION_REPRESENTATION(#4019,#4018);
#4021=PROPERTY_DEFINITION('NOM_MODELE','user defined attribute',#3924);
#4025=REPRESENTATION('',(#4024),#3915);
#4026=PROPERTY_DEFINITION_REPRESENTATION(#4021,#4025);
#4027=PROPERTY_DEFINITION('BAL_NAME','user defined attribute',#3924);
#4031=REPRESENTATION('',(#4030),#3915);
#4032=PROPERTY_DEFINITION_REPRESENTATION(#4027,#4031);
#4033=PROPERTY_DEFINITION('DOCUMENT_TYPE','user defined attribute',#3924);
#4037=REPRESENTATION('',(#4036),#3915);
#4038=PROPERTY_DEFINITION_REPRESENTATION(#4033,#4037);
#4039=PROPERTY_DEFINITION('PTC_COMMON_NAME','user defined attribute',#3924);
#4043=REPRESENTATION('',(#4042),#3915);
#4044=PROPERTY_DEFINITION_REPRESENTATION(#4039,#4043);
#4045=NEXT_ASSEMBLY_USAGE_OCCURRENCE('60','Next assembly relationship',
'77310-X16LF_AF5_2',#4075,#3924,$);
#4046=PRODUCT_DEFINITION_SHAPE('Placement #60',
'Placement of 77310-X16LF_AF5_2 with respect to 68001-X09_ASM_1_1_ASM',#4045);
#4055=AXIS2_PLACEMENT_3D('',#4052,#4053,#4054);
#4060=(LENGTH_UNIT()NAMED_UNIT(*)SI_UNIT(.MILLI.,.METRE.));
#4061=(NAMED_UNIT(*)PLANE_ANGLE_UNIT()SI_UNIT($,.RADIAN.));
#4064=(NAMED_UNIT(*)SI_UNIT($,.STERADIAN.)SOLID_ANGLE_UNIT());
#4066=(GEOMETRIC_REPRESENTATION_CONTEXT(3)GLOBAL_UNCERTAINTY_ASSIGNED_CONTEXT((
#4065))GLOBAL_UNIT_ASSIGNED_CONTEXT((#4060,#4063,#4064))REPRESENTATION_CONTEXT(
'ID9','3'));
#4070=AXIS2_PLACEMENT_3D('',#4067,#4068,#4069);
#4075=PRODUCT_DEFINITION('part definition','',#4074,#4071);
#4076=(LENGTH_UNIT()NAMED_UNIT(*)SI_UNIT(.MILLI.,.METRE.));
#4080=PROPERTY_DEFINITION('geometric validation property',
'area of 68001-X09_ASM_1_1_ASM',#2572);
#4081=REPRESENTATION('surface area',(#4079),#4066);
#4082=PROPERTY_DEFINITION_REPRESENTATION(#4080,#4081);
#4083=(LENGTH_UNIT()NAMED_UNIT(*)SI_UNIT(.MILLI.,.METRE.));
#4087=PROPERTY_DEFINITION('geometric validation property',
'volume of 68001-X09_ASM_1_1_ASM',#2572);
#4088=REPRESENTATION('volume',(#4086),#4066);
#4089=PROPERTY_DEFINITION_REPRESENTATION(#4087,#4088);
#4091=PROPERTY_DEFINITION('geometric validation property',
'centroid of 68001-X09_ASM_1_1_ASM',#2572);
#4092=REPRESENTATION('centroid',(#4090),#4066);
#4093=PROPERTY_DEFINITION_REPRESENTATION(#4091,#4092);
#4094=PROPERTY_DEFINITION('CATALOGUE_NO','user defined attribute',#4075);
#4098=REPRESENTATION('',(#4097),#4066);
#4099=PROPERTY_DEFINITION_REPRESENTATION(#4094,#4098);
#4100=PROPERTY_DEFINITION('COMMERCIAL_ITEM','user defined attribute',#4075);
#4104=REPRESENTATION('',(#4103),#4066);
#4105=PROPERTY_DEFINITION_REPRESENTATION(#4100,#4104);
#4107=REPRESENTATION('',(#4106),#4066);
#4108=PROPERTY_DEFINITION('attribute type designation','Yes No',#4101);
#4109=PROPERTY_DEFINITION_REPRESENTATION(#4108,#4107);
#4110=PROPERTY_DEFINITION('DWG_TITLE1','user defined attribute',#4075);
#4114=REPRESENTATION('',(#4113),#4066);
#4115=PROPERTY_DEFINITION_REPRESENTATION(#4110,#4114);
#4116=PROPERTY_DEFINITION('DWG_TITLE2','user defined attribute',#4075);
#4120=REPRESENTATION('',(#4119),#4066);
#4121=PROPERTY_DEFINITION_REPRESENTATION(#4116,#4120);
#4122=PROPERTY_DEFINITION('HEAT_TREATMENT','user defined attribute',#4075);
#4126=REPRESENTATION('',(#4125),#4066);
#4127=PROPERTY_DEFINITION_REPRESENTATION(#4122,#4126);
#4128=PROPERTY_DEFINITION('MASS','user defined attribute',#4075);
#4132=REPRESENTATION('',(#4131),#4066);
#4133=PROPERTY_DEFINITION_REPRESENTATION(#4128,#4132);
#4135=REPRESENTATION('',(#4134),#4066);
#4136=PROPERTY_DEFINITION('attribute type designation','Integer',#4129);
#4137=PROPERTY_DEFINITION_REPRESENTATION(#4136,#4135);
#4138=PROPERTY_DEFINITION('MATERIAL','user defined attribute',#4075);
#4142=REPRESENTATION('',(#4141),#4066);
#4143=PROPERTY_DEFINITION_REPRESENTATION(#4138,#4142);
#4144=PROPERTY_DEFINITION('MATERIAL_CODE','user defined attribute',#4075);
#4148=REPRESENTATION('',(#4147),#4066);
#4149=PROPERTY_DEFINITION_REPRESENTATION(#4144,#4148);
#4150=PROPERTY_DEFINITION('PLATING','user defined attribute',#4075);
#4154=REPRESENTATION('',(#4153),#4066);
#4155=PROPERTY_DEFINITION_REPRESENTATION(#4150,#4154);
#4156=PROPERTY_DEFINITION('PRODUCT_FAMILY','user defined attribute',#4075);
#4160=REPRESENTATION('',(#4159),#4066);
#4161=PROPERTY_DEFINITION_REPRESENTATION(#4156,#4160);
#4162=PROPERTY_DEFINITION('SURFACE_FINISH','user defined attribute',#4075);
#4166=REPRESENTATION('',(#4165),#4066);
#4167=PROPERTY_DEFINITION_REPRESENTATION(#4162,#4166);
#4168=PROPERTY_DEFINITION('VOLUME','user defined attribute',#4075);
#4172=REPRESENTATION('',(#4171),#4066);
#4173=PROPERTY_DEFINITION_REPRESENTATION(#4168,#4172);
#4175=REPRESENTATION('',(#4174),#4066);
#4176=PROPERTY_DEFINITION('attribute type designation','Integer',#4169);
#4177=PROPERTY_DEFINITION_REPRESENTATION(#4176,#4175);
#4178=PROPERTY_DEFINITION('WEIGHT','user defined attribute',#4075);
#4182=REPRESENTATION('',(#4181),#4066);
#4183=PROPERTY_DEFINITION_REPRESENTATION(#4178,#4182);
#4185=REPRESENTATION('',(#4184),#4066);
#4186=PROPERTY_DEFINITION('attribute type designation','Integer',#4179);
#4187=PROPERTY_DEFINITION_REPRESENTATION(#4186,#4185);
#4188=PROPERTY_DEFINITION('NOM_MODELE','user defined attribute',#4075);
#4192=REPRESENTATION('',(#4191),#4066);
#4193=PROPERTY_DEFINITION_REPRESENTATION(#4188,#4192);
#4194=PROPERTY_DEFINITION('BAL_NAME','user defined attribute',#4075);
#4198=REPRESENTATION('',(#4197),#4066);
#4199=PROPERTY_DEFINITION_REPRESENTATION(#4194,#4198);
#4200=PROPERTY_DEFINITION('DOCUMENT_TYPE','user defined attribute',#4075);
#4204=REPRESENTATION('',(#4203),#4066);
#4205=PROPERTY_DEFINITION_REPRESENTATION(#4200,#4204);
#4206=PROPERTY_DEFINITION('PTC_COMMON_NAME','user defined attribute',#4075);
#4210=REPRESENTATION('',(#4209),#4066);
#4211=PROPERTY_DEFINITION_REPRESENTATION(#4206,#4210);
#4212=SHAPE_DEFINITION_REPRESENTATION(#4213,#4214);
#4213=PRODUCT_DEFINITION_SHAPE('','SHAPE FOR 68001-X03_ASM_ASM.',#4242);
#4214=SHAPE_REPRESENTATION('',(#4224,#4238),#4234);
#4215=NEXT_ASSEMBLY_USAGE_OCCURRENCE('61','Next assembly relationship',
'68001-X09_ASM_1_1',#4242,#4075,$);
#4216=PRODUCT_DEFINITION_SHAPE('Placement #61',
'Placement of 68001-X09_ASM_1_1_ASM with respect to 68001-X03_ASM_ASM',#4215);
#4218=PROPERTY_DEFINITION('geometric validation property',
'centroid of 68001-X09_ASM_1_1',#4216);
#4219=REPRESENTATION('centroid',(#4217),#4066);
#4220=PROPERTY_DEFINITION_REPRESENTATION(#4218,#4219);
#4228=(LENGTH_UNIT()NAMED_UNIT(*)SI_UNIT(.MILLI.,.METRE.));
#4229=(NAMED_UNIT(*)PLANE_ANGLE_UNIT()SI_UNIT($,.RADIAN.));
#4232=(NAMED_UNIT(*)SI_UNIT($,.STERADIAN.)SOLID_ANGLE_UNIT());
#4234=(GEOMETRIC_REPRESENTATION_CONTEXT(3)GLOBAL_UNCERTAINTY_ASSIGNED_CONTEXT((
#4233))GLOBAL_UNIT_ASSIGNED_CONTEXT((#4228,#4231,#4232))REPRESENTATION_CONTEXT(
'ID10','3'));
#4238=AXIS2_PLACEMENT_3D('',#4235,#4236,#4237);
#4242=PRODUCT_DEFINITION('part definition','',#4241,#4071);
#4243=(LENGTH_UNIT()NAMED_UNIT(*)SI_UNIT(.MILLI.,.METRE.));
#4247=PROPERTY_DEFINITION('geometric validation property',
'area of 68001-X03_ASM_ASM',#4213);
#4248=REPRESENTATION('surface area',(#4246),#4234);
#4249=PROPERTY_DEFINITION_REPRESENTATION(#4247,#4248);
#4250=(LENGTH_UNIT()NAMED_UNIT(*)SI_UNIT(.MILLI.,.METRE.));
#4254=PROPERTY_DEFINITION('geometric validation property',
'volume of 68001-X03_ASM_ASM',#4213);
#4255=REPRESENTATION('volume',(#4253),#4234);
#4256=PROPERTY_DEFINITION_REPRESENTATION(#4254,#4255);
#4258=PROPERTY_DEFINITION('geometric validation property',
'centroid of 68001-X03_ASM_ASM',#4213);
#4259=REPRESENTATION('centroid',(#4257),#4234);
#4260=PROPERTY_DEFINITION_REPRESENTATION(#4258,#4259);
ENDSEC;
END-ISO-10303-21;

