ISO-10303-21;
HEADER;
FILE_DESCRIPTION (( 'STEP AP214' ),
    '1' );
FILE_NAME ('LT1054CP.STEP',
    '2026-08-12T09:08:10',
    ( '' ),
    ( '' ),
    'SwSTEP 2.0',
    'SolidWorks 2021',
    '' );
FILE_SCHEMA (( 'AUTOMOTIVE_DESIGN' ));
ENDSEC;

DATA;
#1 = VERTEX_POINT ( 'NONE', #3747 ) ;
#2 = ORIENTED_EDGE ( 'NONE', *, *, #444, .T. ) ;
#3 = EDGE_CURVE ( 'NONE', #1048, #3032, #126, .T. ) ;
#4 = ORIENTED_EDGE ( 'NONE', *, *, #3296, .T. ) ;
#5 = DIRECTION ( 'NONE',  ( -0.000000000000000000, 1.000000000000000000, 0.000000000000000000 ) ) ;
#6 = CARTESIAN_POINT ( 'NONE',  ( 3.795000000000000373, 2.620000000000000107, 4.037500000000000533 ) ) ;
#7 = EDGE_LOOP ( 'NONE', ( #2374, #2896, #2746, #2881, #286, #1424, #112, #2696, #2363 ) ) ;
#8 = CARTESIAN_POINT ( 'NONE',  ( 3.844999999999999751, -4.336808689942014778E-16, 1.042499999999999982 ) ) ;
#9 = LINE ( 'NONE', #2588, #2706 ) ;
#10 = ORIENTED_EDGE ( 'NONE', *, *, #3031, .F. ) ;
#11 = DIRECTION ( 'NONE',  ( -1.000000000000000000, -1.836970198721014650E-16, 0.000000000000000000 ) ) ;
#12 = DIRECTION ( 'NONE',  ( 1.000000000000000000, 1.836970198721014650E-16, 0.000000000000000000 ) ) ;
#13 = LINE ( 'NONE', #3932, #3258 ) ;
#14 = VERTEX_POINT ( 'NONE', #1894 ) ;
#15 = LINE ( 'NONE', #1477, #824 ) ;
#16 = DIRECTION ( 'NONE',  ( 1.000000000000000000, 1.836970198721014650E-16, 0.000000000000000000 ) ) ;
#17 = ORIENTED_EDGE ( 'NONE', *, *, #1806, .T. ) ;
#18 = ADVANCED_FACE ( 'NONE', ( #1236 ), #79, .F. ) ;
#19 = CARTESIAN_POINT ( 'NONE',  ( -2.871431797042835132, 5.080000000000000071, 4.491431797042834795 ) ) ;
#20 = SURFACE_SIDE_STYLE ('',( #3983 ) ) ;
#21 = CARTESIAN_POINT ( 'NONE',  ( -4.094999999999999751, -3.006507891906749780E-16, 2.000000000000000000 ) ) ;
#22 = PLANE ( 'NONE',  #3011 ) ;
#23 = EDGE_CURVE ( 'NONE', #869, #4217, #3381, .T. ) ;
#24 = ORIENTED_EDGE ( 'NONE', *, *, #1456, .F. ) ;
#25 = EDGE_CURVE ( 'NONE', #588, #4180, #2925, .T. ) ;
#26 = ORIENTED_EDGE ( 'NONE', *, *, #2932, .T. ) ;
#27 = FACE_OUTER_BOUND ( 'NONE', #1095, .T. ) ;
#28 = FACE_OUTER_BOUND ( 'NONE', #4486, .T. ) ;
#29 = DIRECTION ( 'NONE',  ( 1.000000000000000000, 1.836970198721014650E-16, 0.000000000000000000 ) ) ;
#30 = CARTESIAN_POINT ( 'NONE',  ( -4.094999999999999751, -3.006507891906749780E-16, -0.5400000000000000355 ) ) ;
#31 = AXIS2_PLACEMENT_3D ( 'NONE', #1235, #2673, #4132 ) ;
#32 = ORIENTED_EDGE ( 'NONE', *, *, #2334, .F. ) ;
#33 = VECTOR ( 'NONE', #2224, 1000.000000000000000 ) ;
#34 = PLANE ( 'NONE',  #1044 ) ;
#35 = DIRECTION ( 'NONE',  ( 0.000000000000000000, 0.000000000000000000, -1.000000000000000000 ) ) ;
#36 = LINE ( 'NONE', #1499, #4398 ) ;
#37 = VERTEX_POINT ( 'NONE', #3433 ) ;
#38 = VECTOR ( 'NONE', #4119, 1000.000000000000000 ) ;
#39 = AXIS2_PLACEMENT_3D ( 'NONE', #3014, #3812, #813 ) ;
#40 = CARTESIAN_POINT ( 'NONE',  ( -3.174999999999999822, 2.919999999999999929, -4.794999999999999929 ) ) ;
#41 = CARTESIAN_POINT ( 'NONE',  ( -3.844999999999999751, -3.180000000000000160, 1.192499999999999893 ) ) ;
#42 = ORIENTED_EDGE ( 'NONE', *, *, #1069, .F. ) ;
#43 = AXIS2_PLACEMENT_3D ( 'NONE', #2690, #1910, #3358 ) ;
#44 = LINE ( 'NONE', #3940, #1354 ) ;
#45 = AXIS2_PLACEMENT_3D ( 'NONE', #4586, #2758, #3857 ) ;
#46 = FACE_OUTER_BOUND ( 'NONE', #3401, .T. ) ;
#47 = ORIENTED_EDGE ( 'NONE', *, *, #248, .F. ) ;
#48 = EDGE_CURVE ( 'NONE', #4365, #3918, #1625, .T. ) ;
#49 = STYLED_ITEM ( 'NONE', ( #3232 ), #3294 ) ;
#50 = DIRECTION ( 'NONE',  ( 0.000000000000000000, 0.000000000000000000, -1.000000000000000000 ) ) ;
#51 = VERTEX_POINT ( 'NONE', #1347 ) ;
#52 = VECTOR ( 'NONE', #2736, 1000.000000000000000 ) ;
#53 = VECTOR ( 'NONE', #3361, 1000.000000000000000 ) ;
#54 = ORIENTED_EDGE ( 'NONE', *, *, #4134, .T. ) ;
#55 = DIRECTION ( 'NONE',  ( 0.000000000000000000, 1.000000000000000000, 0.000000000000000000 ) ) ;
#56 = CARTESIAN_POINT ( 'NONE',  ( -4.094999999999999751, -3.180000000000000160, 1.192499999999999893 ) ) ;
#57 = VECTOR ( 'NONE', #4474, 1000.000000000000000 ) ;
#58 = EDGE_CURVE ( 'NONE', #1045, #3871, #1631, .T. ) ;
#59 = EDGE_CURVE ( 'NONE', #1053, #342, #341, .T. ) ;
#60 = MANIFOLD_SOLID_BREP ( 'NONE', #3988 ) ;
#61 = PLANE ( 'NONE',  #3389 ) ;
#62 = FACE_OUTER_BOUND ( 'NONE', #781, .T. ) ;
#63 = ORIENTED_EDGE ( 'NONE', *, *, #336, .T. ) ;
#64 = CARTESIAN_POINT ( 'NONE',  ( -4.094999999999999751, -4.336808689942014778E-16, -3.582500000000000018 ) ) ;
#65 = DIRECTION ( 'NONE',  ( -1.495451272393800035E-16, 1.000000000000000000, 0.000000000000000000 ) ) ;
#66 = CARTESIAN_POINT ( 'NONE',  ( 3.174999999999999822, 2.919999999999999929, -4.794999999999999929 ) ) ;
#67 = ORIENTED_EDGE ( 'NONE', *, *, #1268, .T. ) ;
#68 = EDGE_CURVE ( 'NONE', #2469, #154, #2770, .T. ) ;
#69 = EDGE_CURVE ( 'NONE', #1961, #1757, #4206, .T. ) ;
#70 = CARTESIAN_POINT ( 'NONE',  ( 3.795000000000000373, 2.620000000000000107, -1.042499999999999982 ) ) ;
#71 = PLANE ( 'NONE',  #4005 ) ;
#72 = ORIENTED_EDGE ( 'NONE', *, *, #859, .T. ) ;
#73 = MANIFOLD_SOLID_BREP ( 'NONE', #1857 ) ;
#74 = DIRECTION ( 'NONE',  ( 0.000000000000000000, 0.000000000000000000, 1.000000000000000000 ) ) ;
#75 = DIRECTION ( 'NONE',  ( -1.000000000000000000, 1.495451272393800035E-16, 0.000000000000000000 ) ) ;
#76 = ORIENTED_EDGE ( 'NONE', *, *, #4507, .F. ) ;
#77 = ORIENTED_EDGE ( 'NONE', *, *, #366, .F. ) ;
#78 = SURFACE_SIDE_STYLE ('',( #4059 ) ) ;
#79 = PLANE ( 'NONE',  #1786 ) ;
#80 = VERTEX_POINT ( 'NONE', #971 ) ;
#81 = EDGE_CURVE ( 'NONE', #2539, #3076, #3104, .T. ) ;
#82 = DIRECTION ( 'NONE',  ( 0.000000000000000000, 1.000000000000000000, 0.000000000000000000 ) ) ;
#83 = LINE ( 'NONE', #1187, #1867 ) ;
#84 = DIRECTION ( 'NONE',  ( 0.000000000000000000, 0.000000000000000000, -1.000000000000000000 ) ) ;
#85 = DIRECTION ( 'NONE',  ( 1.495451272393800035E-16, -1.000000000000000000, 0.000000000000000000 ) ) ;
#86 = VERTEX_POINT ( 'NONE', #2062 ) ;
#87 = DIRECTION ( 'NONE',  ( -1.000000000000000000, 6.994852725712920381E-16, 0.000000000000000000 ) ) ;
#88 = EDGE_CURVE ( 'NONE', #3574, #875, #1108, .T. ) ;
#89 = DIRECTION ( 'NONE',  ( -3.310540984688565080E-16, 1.000000000000000000, 0.000000000000000000 ) ) ;
#90 = CARTESIAN_POINT ( 'NONE',  ( -3.795000000000000373, 2.669999999999999929, -2.000000000000000000 ) ) ;
#91 = ORIENTED_EDGE ( 'NONE', *, *, #4689, .T. ) ;
#92 = CARTESIAN_POINT ( 'NONE',  ( 3.844999999999999751, -3.180000000000000160, 1.192499999999999893 ) ) ;
#93 = LINE ( 'NONE', #3046, #3003 ) ;
#94 = ORIENTED_EDGE ( 'NONE', *, *, #4554, .F. ) ;
#95 = EDGE_CURVE ( 'NONE', #3669, #1814, #2529, .T. ) ;
#96 = CARTESIAN_POINT ( 'NONE',  ( 3.174999999999999822, 2.669999999999999929, 4.794999999999999929 ) ) ;
#97 = LINE ( 'NONE', #504, #1366 ) ;
#98 = ORIENTED_EDGE ( 'NONE', *, *, #4544, .F. ) ;
#99 =( LENGTH_UNIT ( ) NAMED_UNIT ( * ) SI_UNIT ( .MILLI., .METRE. ) );
#100 = EDGE_LOOP ( 'NONE', ( #4648, #3676, #1178, #3017 ) ) ;
#101 = EDGE_LOOP ( 'NONE', ( #694, #1521, #3337, #2424 ) ) ;
#102 = LINE ( 'NONE', #3348, #217 ) ;
#103 = DIRECTION ( 'NONE',  ( 1.405264525413350645E-16, 0.9396926207859084279, 0.3420201433256686574 ) ) ;
#104 = EDGE_CURVE ( 'NONE', #3914, #476, #3287, .T. ) ;
#105 = CARTESIAN_POINT ( 'NONE',  ( 3.795000000000000373, 2.620000000000000107, -0.5400000000000000355 ) ) ;
#106 = CYLINDRICAL_SURFACE ( 'NONE', #1794, 0.2000000000000000111 ) ;
#107 = ORIENTED_EDGE ( 'NONE', *, *, #3906, .T. ) ;
#108 = PLANE ( 'NONE',  #4159 ) ;
#109 = PLANE ( 'NONE',  #1136 ) ;
#110 = CARTESIAN_POINT ( 'NONE',  ( -4.094999999999999751, -3.180000000000000160, 1.497499999999999831 ) ) ;
#111 = VECTOR ( 'NONE', #2387, 1000.000000000000000 ) ;
#112 = ORIENTED_EDGE ( 'NONE', *, *, #702, .T. ) ;
#113 = EDGE_CURVE ( 'NONE', #3403, #1383, #705, .T. ) ;
#114 = FACE_OUTER_BOUND ( 'NONE', #2765, .T. ) ;
#115 = AXIS2_PLACEMENT_3D ( 'NONE', #3327, #2153, #4327 ) ;
#116 = DIRECTION ( 'NONE',  ( 0.000000000000000000, 0.000000000000000000, -1.000000000000000000 ) ) ;
#117 = ORIENTED_EDGE ( 'NONE', *, *, #4256, .F. ) ;
#118 = DIRECTION ( 'NONE',  ( -1.000000000000000000, 6.994852725712920381E-16, 0.000000000000000000 ) ) ;
#119 = CARTESIAN_POINT ( 'NONE',  ( -3.844999999999999751, -2.547265342226494947E-16, -0.5400000000000000355 ) ) ;
#120 = VERTEX_POINT ( 'NONE', #3598 ) ;
#121 = AXIS2_PLACEMENT_3D ( 'NONE', #894, #475, #4500 ) ;
#122 = VECTOR ( 'NONE', #1151, 1000.000000000000000 ) ;
#123 = PRESENTATION_STYLE_ASSIGNMENT (( #558 ) ) ;
#124 = AXIS2_PLACEMENT_3D ( 'NONE', #1065, #2886, #2143 ) ;
#125 = AXIS2_PLACEMENT_3D ( 'NONE', #2206, #3995, #2537 ) ;
#126 = LINE ( 'NONE', #1582, #1260 ) ;
#127 = AXIS2_PLACEMENT_3D ( 'NONE', #2927, #406, #751 ) ;
#128 = ORIENTED_EDGE ( 'NONE', *, *, #4079, .T. ) ;
#129 = VECTOR ( 'NONE', #4412, 1000.000000000000000 ) ;
#130 = ADVANCED_FACE ( 'NONE', ( #2547, #2197 ), #4269, .T. ) ;
#131 = AXIS2_PLACEMENT_3D ( 'NONE', #4594, #2033, #2766 ) ;
#132 = ORIENTED_EDGE ( 'NONE', *, *, #2451, .F. ) ;
#133 = CARTESIAN_POINT ( 'NONE',  ( 4.094999999999999751, -3.006507891906749780E-16, 2.000000000000000000 ) ) ;
#134 = LINE ( 'NONE', #4489, #1564 ) ;
#135 = VECTOR ( 'NONE', #2022, 1000.000000000000000 ) ;
#136 = DIRECTION ( 'NONE',  ( 0.000000000000000000, 1.000000000000000000, 0.000000000000000000 ) ) ;
#137 = DIRECTION ( 'NONE',  ( 0.000000000000000000, 0.000000000000000000, -1.000000000000000000 ) ) ;
#138 = ORIENTED_EDGE ( 'NONE', *, *, #2602, .F. ) ;
#139 = DIRECTION ( 'NONE',  ( 0.000000000000000000, 0.000000000000000000, 1.000000000000000000 ) ) ;
#140 = CIRCLE ( 'NONE', #2875, 0.2000000000000000111 ) ;
#141 = CARTESIAN_POINT ( 'NONE',  ( -3.795000000000000373, 2.620000000000000107, -3.582500000000000018 ) ) ;
#142 = DIRECTION ( 'NONE',  ( 0.000000000000000000, 0.000000000000000000, 1.000000000000000000 ) ) ;
#143 =( NAMED_UNIT ( * ) PLANE_ANGLE_UNIT ( ) SI_UNIT ( $, .RADIAN. ) );
#144 = ORIENTED_EDGE ( 'NONE', *, *, #560, .T. ) ;
#145 = CARTESIAN_POINT ( 'NONE',  ( 3.795000000000000373, 2.620000000000000107, -3.582500000000000018 ) ) ;
#146 = ORIENTED_EDGE ( 'NONE', *, *, #4492, .T. ) ;
#147 = DIRECTION ( 'NONE',  ( 1.836970198721014650E-16, 1.000000000000000000, 0.000000000000000000 ) ) ;
#148 = ORIENTED_EDGE ( 'NONE', *, *, #509, .F. ) ;
#149 = DIRECTION ( 'NONE',  ( 1.405264525413350645E-16, -0.9396926207859084279, 0.3420201433256686574 ) ) ;
#150 = EDGE_CURVE ( 'NONE', #3914, #4028, #1462, .T. ) ;
#151 = CARTESIAN_POINT ( 'NONE',  ( 3.844999999999999751, 2.620000000000000107, 2.000000000000000000 ) ) ;
#152 = ORIENTED_EDGE ( 'NONE', *, *, #1693, .F. ) ;
#153 = ADVANCED_FACE ( 'NONE', ( #4357 ), #1020, .F. ) ;
#154 = VERTEX_POINT ( 'NONE', #3650 ) ;
#155 = ADVANCED_FACE ( 'NONE', ( #388 ), #1768, .T. ) ;
#156 = PLANE ( 'NONE',  #1815 ) ;
#157 = DIRECTION ( 'NONE',  ( 0.000000000000000000, 0.000000000000000000, -1.000000000000000000 ) ) ;
#158 = MANIFOLD_SOLID_BREP ( 'NONE', #3224 ) ;
#159 = VERTEX_POINT ( 'NONE', #296 ) ;
#160 = DIRECTION ( 'NONE',  ( 0.000000000000000000, 0.000000000000000000, 1.000000000000000000 ) ) ;
#161 = CARTESIAN_POINT ( 'NONE',  ( -4.094999999999999751, 0.2000000000000000111, -1.800000000000000044 ) ) ;
#162 = VERTEX_POINT ( 'NONE', #3192 ) ;
#163 = CARTESIAN_POINT ( 'NONE',  ( 3.844999999999999751, -3.180000000000000160, 1.192499999999999893 ) ) ;
#164 = LINE ( 'NONE', #3421, #3481 ) ;
#165 = DIRECTION ( 'NONE',  ( 0.000000000000000000, 0.000000000000000000, 1.000000000000000000 ) ) ;
#166 = SURFACE_SIDE_STYLE ('',( #3685 ) ) ;
#167 = FACE_OUTER_BOUND ( 'NONE', #2497, .T. ) ;
#168 = ORIENTED_EDGE ( 'NONE', *, *, #88, .T. ) ;
#169 = CARTESIAN_POINT ( 'NONE',  ( 4.094999999999999751, 0.2000000000000000111, 3.287500000000000089 ) ) ;
#170 = ORIENTED_EDGE ( 'NONE', *, *, #4366, .F. ) ;
#171 = CARTESIAN_POINT ( 'NONE',  ( -3.795000000000000373, 2.669999999999999929, -0.5400000000000000355 ) ) ;
#172 = LINE ( 'NONE', #2997, #525 ) ;
#173 = VERTEX_POINT ( 'NONE', #2890 ) ;
#174 = EDGE_CURVE ( 'NONE', #1799, #3403, #4651, .T. ) ;
#175 = DIRECTION ( 'NONE',  ( 0.000000000000000000, 0.000000000000000000, -1.000000000000000000 ) ) ;
#176 = DIRECTION ( 'NONE',  ( 1.000000000000000000, 0.000000000000000000, 0.000000000000000000 ) ) ;
#177 = ORIENTED_EDGE ( 'NONE', *, *, #336, .F. ) ;
#178 = EDGE_CURVE ( 'NONE', #51, #80, #3941, .T. ) ;
#179 = ORIENTED_EDGE ( 'NONE', *, *, #1626, .F. ) ;
#180 = LINE ( 'NONE', #3077, #1737 ) ;
#181 = DIRECTION ( 'NONE',  ( 1.405264525413350645E-16, 0.9396926207859084279, 0.3420201433256686574 ) ) ;
#182 = DIRECTION ( 'NONE',  ( 1.495451272393800035E-16, -1.000000000000000000, 0.000000000000000000 ) ) ;
#183 = DIRECTION ( 'NONE',  ( -1.000000000000000000, 0.000000000000000000, 0.000000000000000000 ) ) ;
#184 = ORIENTED_EDGE ( 'NONE', *, *, #618, .T. ) ;
#185 = FACE_OUTER_BOUND ( 'NONE', #241, .T. ) ;
#186 = DIRECTION ( 'NONE',  ( 1.000000000000000000, 1.836970198721014650E-16, 0.000000000000000000 ) ) ;
#187 = LINE ( 'NONE', #2712, #807 ) ;
#188 = DIRECTION ( 'NONE',  ( 1.000000000000000000, -1.836970198721014650E-16, 0.000000000000000000 ) ) ;
#189 = ORIENTED_EDGE ( 'NONE', *, *, #4595, .T. ) ;
#190 = DIRECTION ( 'NONE',  ( -1.405264525413350645E-16, 0.9396926207859084279, -0.3420201433256686574 ) ) ;
#191 = ORIENTED_EDGE ( 'NONE', *, *, #4087, .T. ) ;
#192 = DIRECTION ( 'NONE',  ( -1.000000000000000000, -1.836970198721014650E-16, 0.000000000000000000 ) ) ;
#193 = CARTESIAN_POINT ( 'NONE',  ( 3.844999999999999751, -2.547265342226494947E-16, -0.7399999999999999911 ) ) ;
#194 = VECTOR ( 'NONE', #3445, 1000.000000000000000 ) ;
#195 =( LENGTH_UNIT ( ) NAMED_UNIT ( * ) SI_UNIT ( .MILLI., .METRE. ) );
#196 = CIRCLE ( 'NONE', #2477, 0.2000000000000000111 ) ;
#197 = VECTOR ( 'NONE', #3778, 1000.000000000000000 ) ;
#198 = CARTESIAN_POINT ( 'NONE',  ( 3.795000000000000373, 2.919999999999999929, -1.042499999999999982 ) ) ;
#199 = EDGE_CURVE ( 'NONE', #4407, #665, #319, .T. ) ;
#200 = VECTOR ( 'NONE', #220, 1000.000000000000000 ) ;
#201 = VECTOR ( 'NONE', #84, 1000.000000000000000 ) ;
#202 = ORIENTED_EDGE ( 'NONE', *, *, #930, .T. ) ;
#203 = CARTESIAN_POINT ( 'NONE',  ( 3.844999999999999751, -3.180000000000000160, -1.347499999999999920 ) ) ;
#204 = AXIS2_PLACEMENT_3D ( 'NONE', #70, #4125, #1931 ) ;
#205 = CARTESIAN_POINT ( 'NONE',  ( -3.795000000000000373, 2.620000000000000107, -2.000000000000000000 ) ) ;
#206 = VECTOR ( 'NONE', #1356, 1000.000000000000000 ) ;
#207 = EDGE_CURVE ( 'NONE', #3120, #520, #3966, .T. ) ;
#208 = ORIENTED_EDGE ( 'NONE', *, *, #3409, .F. ) ;
#209 = LINE ( 'NONE', #2353, #1355 ) ;
#210 = AXIS2_PLACEMENT_3D ( 'NONE', #2977, #1252, #2649 ) ;
#211 = VERTEX_POINT ( 'NONE', #3397 ) ;
#212 = CARTESIAN_POINT ( 'NONE',  ( 4.094999999999999751, -3.006507891906749780E-16, 1.800000000000000044 ) ) ;
#213 = CARTESIAN_POINT ( 'NONE',  ( 3.844999999999999751, -2.547265342226494947E-16, -3.287500000000000089 ) ) ;
#214 = CARTESIAN_POINT ( 'NONE',  ( -3.844999999999999751, 2.620000000000000107, -1.042499999999999982 ) ) ;
#215 = EDGE_CURVE ( 'NONE', #3634, #1890, #888, .T. ) ;
#216 = CARTESIAN_POINT ( 'NONE',  ( 0.000000000000000000, 0.000000000000000000, 0.000000000000000000 ) ) ;
#217 = VECTOR ( 'NONE', #2560, 1000.000000000000000 ) ;
#218 = DIRECTION ( 'NONE',  ( -1.000000000000000000, 0.000000000000000000, 0.000000000000000000 ) ) ;
#219 = ORIENTED_EDGE ( 'NONE', *, *, #3031, .T. ) ;
#220 = DIRECTION ( 'NONE',  ( -1.000000000000000000, 0.000000000000000000, 0.000000000000000000 ) ) ;
#221 = AXIS2_PLACEMENT_3D ( 'NONE', #3195, #4013, #2460 ) ;
#222 = ORIENTED_EDGE ( 'NONE', *, *, #3804, .T. ) ;
#223 = FILL_AREA_STYLE ('',( #1647 ) ) ;
#224 = EDGE_CURVE ( 'NONE', #2878, #3553, #549, .T. ) ;
#225 = CARTESIAN_POINT ( 'NONE',  ( -3.795000000000000373, -2.767878387081804892, 4.037500000000000533 ) ) ;
#226 = ADVANCED_FACE ( 'NONE', ( #916 ), #1296, .F. ) ;
#227 = VECTOR ( 'NONE', #334, 1000.000000000000000 ) ;
#228 = FILL_AREA_STYLE ('',( #4598 ) ) ;
#229 = ORIENTED_EDGE ( 'NONE', *, *, #1070, .F. ) ;
#230 = LINE ( 'NONE', #2316, #4707 ) ;
#231 = ORIENTED_EDGE ( 'NONE', *, *, #59, .T. ) ;
#232 = CARTESIAN_POINT ( 'NONE',  ( -3.795000000000000373, 2.620000000000000107, -2.000000000000000000 ) ) ;
#233 = EDGE_CURVE ( 'NONE', #1081, #1818, #939, .T. ) ;
#234 = EDGE_LOOP ( 'NONE', ( #1624, #42, #2822, #4350 ) ) ;
#235 = DIRECTION ( 'NONE',  ( -1.000000000000000000, 0.000000000000000000, 0.000000000000000000 ) ) ;
#236 = CARTESIAN_POINT ( 'NONE',  ( 3.844999999999999751, -2.547265342226494947E-16, 2.000000000000000000 ) ) ;
#237 = CARTESIAN_POINT ( 'NONE',  ( -4.094999999999999751, -3.180000000000000160, 3.732499999999999929 ) ) ;
#238 = APPLICATION_PROTOCOL_DEFINITION ( 'draft international standard', 'automotive_design', 1998, #575 ) ;
#239 = DIRECTION ( 'NONE',  ( 0.000000000000000000, -1.000000000000000000, 0.000000000000000000 ) ) ;
#240 = ORIENTED_EDGE ( 'NONE', *, *, #729, .F. ) ;
#241 = EDGE_LOOP ( 'NONE', ( #4434, #2090, #3900, #2139 ) ) ;
#242 = DIRECTION ( 'NONE',  ( 0.000000000000000000, -0.3420201433256686574, 0.9396926207859084279 ) ) ;
#243 = ORIENTED_EDGE ( 'NONE', *, *, #3057, .T. ) ;
#244 = LINE ( 'NONE', #3451, #4166 ) ;
#245 = DIRECTION ( 'NONE',  ( -1.000000000000000000, 0.000000000000000000, 0.000000000000000000 ) ) ;
#246 = ORIENTED_EDGE ( 'NONE', *, *, #3241, .T. ) ;
#247 = CARTESIAN_POINT ( 'NONE',  ( 4.094999999999999751, 2.620000000000000107, -1.042499999999999982 ) ) ;
#248 = EDGE_CURVE ( 'NONE', #2624, #292, #3041, .T. ) ;
#249 = DIRECTION ( 'NONE',  ( 0.000000000000000000, 0.000000000000000000, 1.000000000000000000 ) ) ;
#250 = ORIENTED_EDGE ( 'NONE', *, *, #2100, .F. ) ;
#251 = LINE ( 'NONE', #1994, #4627 ) ;
#252 = LINE ( 'NONE', #4039, #129 ) ;
#253 = VERTEX_POINT ( 'NONE', #4144 ) ;
#254 = DIRECTION ( 'NONE',  ( 1.000000000000000000, 6.994852725712920381E-16, 0.000000000000000000 ) ) ;
#255 = LINE ( 'NONE', #938, #2189 ) ;
#256 = DIRECTION ( 'NONE',  ( 0.000000000000000000, 0.000000000000000000, 1.000000000000000000 ) ) ;
#257 = EDGE_CURVE ( 'NONE', #3214, #546, #4173, .T. ) ;
#258 = PLANE ( 'NONE',  #4461 ) ;
#259 = ORIENTED_EDGE ( 'NONE', *, *, #1031, .F. ) ;
#260 = LINE ( 'NONE', #4645, #4457 ) ;
#261 = VERTEX_POINT ( 'NONE', #3789 ) ;
#262 = DIRECTION ( 'NONE',  ( 0.000000000000000000, 0.000000000000000000, 1.000000000000000000 ) ) ;
#263 = CARTESIAN_POINT ( 'NONE',  ( -3.844999999999999751, -2.547265342226494947E-16, 3.287500000000000089 ) ) ;
#264 = ORIENTED_EDGE ( 'NONE', *, *, #4197, .F. ) ;
#265 = EDGE_CURVE ( 'NONE', #3918, #4201, #2472, .T. ) ;
#266 = CARTESIAN_POINT ( 'NONE',  ( -3.844999999999999751, -4.336808689942014778E-16, 1.042499999999999982 ) ) ;
#267 = VECTOR ( 'NONE', #3549, 1000.000000000000000 ) ;
#268 = VECTOR ( 'NONE', #1039, 1000.000000000000000 ) ;
#269 = CIRCLE ( 'NONE', #4227, 0.2705138606503881826 ) ;
#270 = ORIENTED_EDGE ( 'NONE', *, *, #4071, .T. ) ;
#271 = PLANE ( 'NONE',  #221 ) ;
#272 = ADVANCED_FACE ( 'NONE', ( #3835 ), #4103, .T. ) ;
#273 = EDGE_CURVE ( 'NONE', #4565, #2878, #269, .T. ) ;
#274 = VECTOR ( 'NONE', #2186, 1000.000000000000000 ) ;
#275 = AXIS2_PLACEMENT_3D ( 'NONE', #885, #1592, #2709 ) ;
#276 = CARTESIAN_POINT ( 'NONE',  ( -3.795000000000000373, 0.2000000000000000111, 1.800000000000000044 ) ) ;
#277 = CIRCLE ( 'NONE', #3783, 0.2000000000000000111 ) ;
#278 = VERTEX_POINT ( 'NONE', #4517 ) ;
#279 = AXIS2_PLACEMENT_3D ( 'NONE', #105, #1560, #3390 ) ;
#280 = DIRECTION ( 'NONE',  ( 0.000000000000000000, 0.000000000000000000, -1.000000000000000000 ) ) ;
#281 = LINE ( 'NONE', #1730, #2646 ) ;
#282 = FACE_OUTER_BOUND ( 'NONE', #1992, .T. ) ;
#283 = VECTOR ( 'NONE', #1577, 1000.000000000000000 ) ;
#284 = COLOUR_RGB ( '',0.7921568627450980005, 0.8196078431372548767, 0.9333333333333333481 ) ;
#285 = LINE ( 'NONE', #1734, #590 ) ;
#286 = ORIENTED_EDGE ( 'NONE', *, *, #2266, .T. ) ;
#287 = LINE ( 'NONE', #2380, #2410 ) ;
#288 = ORIENTED_EDGE ( 'NONE', *, *, #1900, .F. ) ;
#289 = VECTOR ( 'NONE', #3757, 1000.000000000000000 ) ;
#290 = DIRECTION ( 'NONE',  ( 1.000000000000000000, -1.836970198721014650E-16, 0.000000000000000000 ) ) ;
#291 = CARTESIAN_POINT ( 'NONE',  ( 3.795000000000000373, -4.336808689942014778E-16, 1.497499999999999831 ) ) ;
#292 = VERTEX_POINT ( 'NONE', #1196 ) ;
#293 = VECTOR ( 'NONE', #4062, 1000.000000000000000 ) ;
#294 = DIRECTION ( 'NONE',  ( -1.000000000000000000, -1.495451272393800035E-16, 0.000000000000000000 ) ) ;
#295 = EDGE_CURVE ( 'NONE', #3398, #3214, #187, .T. ) ;
#296 = CARTESIAN_POINT ( 'NONE',  ( 3.844999999999999751, -3.180000000000000160, 1.192499999999999893 ) ) ;
#297 = AXIS2_PLACEMENT_3D ( 'NONE', #4272, #2929, #3671 ) ;
#298 = VECTOR ( 'NONE', #4576, 1000.000000000000000 ) ;
#299 = ADVANCED_FACE ( 'NONE', ( #2280 ), #1637, .T. ) ;
#300 = ORIENTED_EDGE ( 'NONE', *, *, #3936, .F. ) ;
#301 = CARTESIAN_POINT ( 'NONE',  ( -3.795000000000000373, 2.669999999999999929, -3.087499999999999911 ) ) ;
#302 = FILL_AREA_STYLE ('',( #778 ) ) ;
#303 = EDGE_CURVE ( 'NONE', #4644, #173, #571, .T. ) ;
#304 = ORIENTED_EDGE ( 'NONE', *, *, #81, .F. ) ;
#305 = FACE_OUTER_BOUND ( 'NONE', #3363, .T. ) ;
#306 = CARTESIAN_POINT ( 'NONE',  ( -4.094999999999999751, -2.767878387081804892, 4.037500000000000533 ) ) ;
#307 = CARTESIAN_POINT ( 'NONE',  ( -2.161781006939595517, 4.980000000000000426, -3.832248148665670318 ) ) ;
#308 = LINE ( 'NONE', #1470, #427 ) ;
#309 = EDGE_LOOP ( 'NONE', ( #1986, #756, #1113, #1192 ) ) ;
#310 = LINE ( 'NONE', #4046, #4009 ) ;
#311 = ORIENTED_EDGE ( 'NONE', *, *, #3731, .T. ) ;
#312 = DIRECTION ( 'NONE',  ( 0.000000000000000000, -0.3420201433256686574, 0.9396926207859084279 ) ) ;
#313 = CARTESIAN_POINT ( 'NONE',  ( 4.094999999999999751, -4.336808689942014778E-16, -1.042499999999999982 ) ) ;
#314 = ORIENTED_EDGE ( 'NONE', *, *, #3616, .T. ) ;
#315 = VERTEX_POINT ( 'NONE', #3737 ) ;
#316 = CARTESIAN_POINT ( 'NONE',  ( -3.844999999999999751, -3.180000000000000160, 3.732499999999999929 ) ) ;
#317 = SURFACE_STYLE_USAGE ( .BOTH. , #3520 ) ;
#318 = DIRECTION ( 'NONE',  ( 0.000000000000000000, 0.000000000000000000, -1.000000000000000000 ) ) ;
#319 = LINE ( 'NONE', #2864, #4448 ) ;
#320 = EDGE_CURVE ( 'NONE', #2566, #3950, #3457, .T. ) ;
#321 = EDGE_LOOP ( 'NONE', ( #1225, #4610, #1307, #3659 ) ) ;
#322 = EDGE_CURVE ( 'NONE', #2819, #1328, #3373, .T. ) ;
#323 = ORIENTED_EDGE ( 'NONE', *, *, #1971, .F. ) ;
#324 = VERTEX_POINT ( 'NONE', #3016 ) ;
#325 = DIRECTION ( 'NONE',  ( 1.000000000000000000, 0.000000000000000000, 0.000000000000000000 ) ) ;
#326 = CARTESIAN_POINT ( 'NONE',  ( 3.795000000000000373, 2.669999999999999929, -3.582500000000000018 ) ) ;
#327 = ADVANCED_FACE ( 'NONE', ( #2665 ), #865, .F. ) ;
#328 = DIRECTION ( 'NONE',  ( -0.000000000000000000, 0.3420201433256686574, 0.9396926207859084279 ) ) ;
#329 = ORIENTED_EDGE ( 'NONE', *, *, #3540, .T. ) ;
#330 = DIRECTION ( 'NONE',  ( 0.000000000000000000, -0.3420201433256686574, 0.9396926207859084279 ) ) ;
#331 = ORIENTED_EDGE ( 'NONE', *, *, #2932, .F. ) ;
#332 = DIRECTION ( 'NONE',  ( 0.000000000000000000, 0.000000000000000000, -1.000000000000000000 ) ) ;
#333 = LINE ( 'NONE', #1781, #4463 ) ;
#334 = DIRECTION ( 'NONE',  ( -1.000000000000000000, 1.836970198721014650E-16, 0.000000000000000000 ) ) ;
#335 = ORIENTED_EDGE ( 'NONE', *, *, #4519, .T. ) ;
#336 = EDGE_CURVE ( 'NONE', #1487, #1887, #1953, .T. ) ;
#337 = DIRECTION ( 'NONE',  ( -1.000000000000000000, -1.836970198721014650E-16, 0.000000000000000000 ) ) ;
#338 = FACE_OUTER_BOUND ( 'NONE', #4081, .T. ) ;
#339 = CARTESIAN_POINT ( 'NONE',  ( 3.844999999999999751, -3.180000000000000160, -1.042499999999999982 ) ) ;
#340 = DIRECTION ( 'NONE',  ( -1.000000000000000000, 0.000000000000000000, 0.000000000000000000 ) ) ;
#341 = CIRCLE ( 'NONE', #4226, 0.2705138606503881826 ) ;
#342 = VERTEX_POINT ( 'NONE', #1685 ) ;
#343 = VECTOR ( 'NONE', #3952, 1000.000000000000000 ) ;
#344 = ORIENTED_EDGE ( 'NONE', *, *, #925, .T. ) ;
#345 = ORIENTED_EDGE ( 'NONE', *, *, #3862, .T. ) ;
#346 = EDGE_CURVE ( 'NONE', #3596, #979, #3885, .T. ) ;
#347 = DIRECTION ( 'NONE',  ( 1.000000000000000000, 0.000000000000000000, 0.000000000000000000 ) ) ;
#348 = VECTOR ( 'NONE', #3763, 1000.000000000000000 ) ;
#349 = CARTESIAN_POINT ( 'NONE',  ( -3.174999999999999822, 2.919999999999999929, -0.5400000000000000355 ) ) ;
#350 = VERTEX_POINT ( 'NONE', #3903 ) ;
#351 = CIRCLE ( 'NONE', #2708, 0.2999999999999999334 ) ;
#352 = PLANE ( 'NONE',  #125 ) ;
#353 = VECTOR ( 'NONE', #2705, 1000.000000000000000 ) ;
#354 = VECTOR ( 'NONE', #4118, 1000.000000000000000 ) ;
#355 = VERTEX_POINT ( 'NONE', #4239 ) ;
#356 = CARTESIAN_POINT ( 'NONE',  ( 4.094999999999999751, -3.006507891906749780E-16, 0.7399999999999999911 ) ) ;
#357 = ORIENTED_EDGE ( 'NONE', *, *, #3577, .T. ) ;
#358 = LINE ( 'NONE', #3230, #3851 ) ;
#359 = DIRECTION ( 'NONE',  ( -1.836970198721014650E-16, 1.000000000000000000, 0.000000000000000000 ) ) ;
#360 = CYLINDRICAL_SURFACE ( 'NONE', #2199, 0.2000000000000000111 ) ;
#361 = ORIENTED_EDGE ( 'NONE', *, *, #4344, .F. ) ;
#362 = MECHANICAL_DESIGN_GEOMETRIC_PRESENTATION_REPRESENTATION (  '', ( #1800 ), #2339 ) ;
#363 = CARTESIAN_POINT ( 'NONE',  ( -3.795000000000000373, 2.620000000000000107, 4.037500000000000533 ) ) ;
#364 = DIRECTION ( 'NONE',  ( -1.000000000000000000, 1.495451272393800035E-16, 0.000000000000000000 ) ) ;
#365 = AXIS2_PLACEMENT_3D ( 'NONE', #4001, #359, #12 ) ;
#366 = EDGE_CURVE ( 'NONE', #2788, #1464, #2428, .T. ) ;
#367 = DIRECTION ( 'NONE',  ( 0.000000000000000000, 0.000000000000000000, -1.000000000000000000 ) ) ;
#368 = DIRECTION ( 'NONE',  ( -1.000000000000000000, 0.000000000000000000, 0.000000000000000000 ) ) ;
#369 = CIRCLE ( 'NONE', #1362, 0.05000000000000012768 ) ;
#370 = VECTOR ( 'NONE', #3459, 1000.000000000000000 ) ;
#371 = ORIENTED_EDGE ( 'NONE', *, *, #2954, .T. ) ;
#372 = VECTOR ( 'NONE', #1832, 1000.000000000000000 ) ;
#373 = VERTEX_POINT ( 'NONE', #2445 ) ;
#374 = ORIENTED_EDGE ( 'NONE', *, *, #3486, .F. ) ;
#375 = DIRECTION ( 'NONE',  ( -0.000000000000000000, 1.000000000000000000, 0.000000000000000000 ) ) ;
#376 = LINE ( 'NONE', #4023, #3308 ) ;
#377 = EDGE_CURVE ( 'NONE', #2919, #1018, #4300, .T. ) ;
#378 = CARTESIAN_POINT ( 'NONE',  ( 3.795000000000000373, 2.620000000000000107, 1.497499999999999831 ) ) ;
#379 = DIRECTION ( 'NONE',  ( 0.000000000000000000, 0.000000000000000000, -1.000000000000000000 ) ) ;
#380 = ORIENTED_EDGE ( 'NONE', *, *, #1570, .T. ) ;
#381 = LINE ( 'NONE', #1522, #3081 ) ;
#382 = DIRECTION ( 'NONE',  ( -1.000000000000000000, 0.000000000000000000, 0.000000000000000000 ) ) ;
#383 = LINE ( 'NONE', #3615, #3107 ) ;
#384 = ORIENTED_EDGE ( 'NONE', *, *, #4093, .F. ) ;
#385 = CARTESIAN_POINT ( 'NONE',  ( 3.174999999999999822, 2.919999999999999929, 1.497499999999999831 ) ) ;
#386 = FACE_OUTER_BOUND ( 'NONE', #1688, .T. ) ;
#387 = CARTESIAN_POINT ( 'NONE',  ( -3.174999999999999822, 2.919999999999999929, 1.497499999999999831 ) ) ;
#388 = FACE_OUTER_BOUND ( 'NONE', #3313, .T. ) ;
#389 = PLANE ( 'NONE',  #3555 ) ;
#390 = DIRECTION ( 'NONE',  ( -3.310540984688565080E-16, -1.000000000000000000, 0.000000000000000000 ) ) ;
#391 = ORIENTED_EDGE ( 'NONE', *, *, #1375, .F. ) ;
#392 = ORIENTED_EDGE ( 'NONE', *, *, #538, .F. ) ;
#393 = LINE ( 'NONE', #1488, #2568 ) ;
#394 = LINE ( 'NONE', #2204, #33 ) ;
#395 = CARTESIAN_POINT ( 'NONE',  ( -3.844999999999999751, -3.180000000000000160, -1.347499999999999920 ) ) ;
#396 = DIRECTION ( 'NONE',  ( 1.000000000000000000, 0.000000000000000000, 0.000000000000000000 ) ) ;
#397 = VERTEX_POINT ( 'NONE', #1361 ) ;
#398 = LINE ( 'NONE', #4422, #2243 ) ;
#399 = CARTESIAN_POINT ( 'NONE',  ( 3.844999999999999751, -3.180000000000000160, 1.347499999999999920 ) ) ;
#400 = ADVANCED_FACE ( 'NONE', ( #1754 ), #637, .T. ) ;
#401 = LINE ( 'NONE', #1852, #2961 ) ;
#402 = ORIENTED_EDGE ( 'NONE', *, *, #3051, .F. ) ;
#403 = CARTESIAN_POINT ( 'NONE',  ( -3.795000000000000373, -4.336808689942014778E-16, -3.582500000000000018 ) ) ;
#404 = DIRECTION ( 'NONE',  ( 1.000000000000000000, 0.000000000000000000, 0.000000000000000000 ) ) ;
#405 = ORIENTED_EDGE ( 'NONE', *, *, #3550, .T. ) ;
#406 = DIRECTION ( 'NONE',  ( 0.000000000000000000, 0.000000000000000000, -1.000000000000000000 ) ) ;
#407 = EDGE_CURVE ( 'NONE', #2133, #3032, #1052, .T. ) ;
#408 = LINE ( 'NONE', #4057, #2955 ) ;
#409 = ORIENTED_EDGE ( 'NONE', *, *, #1305, .T. ) ;
#410 = LINE ( 'NONE', #1862, #4385 ) ;
#411 = ORIENTED_EDGE ( 'NONE', *, *, #265, .T. ) ;
#412 = EDGE_CURVE ( 'NONE', #2740, #278, #3531, .T. ) ;
#413 = ORIENTED_EDGE ( 'NONE', *, *, #486, .T. ) ;
#414 = EDGE_CURVE ( 'NONE', #3228, #355, #4214, .T. ) ;
#415 = CARTESIAN_POINT ( 'NONE',  ( -3.844999999999999751, -2.767878387081804892, 4.037500000000000533 ) ) ;
#416 = DIRECTION ( 'NONE',  ( 0.000000000000000000, 0.000000000000000000, 1.000000000000000000 ) ) ;
#417 = VECTOR ( 'NONE', #4588, 1000.000000000000000 ) ;
#418 = CARTESIAN_POINT ( 'NONE',  ( 3.844999999999999751, 2.620000000000000107, -3.582500000000000018 ) ) ;
#419 = CARTESIAN_POINT ( 'NONE',  ( -2.161781006939595517, 5.080000000000000071, -4.102762009316060166 ) ) ;
#420 = AXIS2_PLACEMENT_3D ( 'NONE', #3238, #2214, #4338 ) ;
#421 = ORIENTED_EDGE ( 'NONE', *, *, #566, .F. ) ;
#422 = VECTOR ( 'NONE', #2754, 1000.000000000000000 ) ;
#423 = CARTESIAN_POINT ( 'NONE',  ( -3.795000000000000373, 2.620000000000000107, 3.087499999999999911 ) ) ;
#424 = CARTESIAN_POINT ( 'NONE',  ( 3.795000000000000373, 2.669999999999999929, 3.087499999999999911 ) ) ;
#425 = ORIENTED_EDGE ( 'NONE', *, *, #989, .F. ) ;
#426 = VECTOR ( 'NONE', #1365, 1000.000000000000000 ) ;
#427 = VECTOR ( 'NONE', #2917, 1000.000000000000000 ) ;
#428 = CARTESIAN_POINT ( 'NONE',  ( -3.844999999999999751, 0.2000000000000000111, 2.000000000000000000 ) ) ;
#429 = CARTESIAN_POINT ( 'NONE',  ( -3.844999999999999751, 2.620000000000000107, 0.5400000000000000355 ) ) ;
#430 = VECTOR ( 'NONE', #2593, 1000.000000000000000 ) ;
#431 = CARTESIAN_POINT ( 'NONE',  ( 3.844999999999999751, 0.2000000000000000111, 3.087499999999999911 ) ) ;
#432 = PLANE ( 'NONE',  #4251 ) ;
#433 = VERTEX_POINT ( 'NONE', #4261 ) ;
#434 = AXIS2_PLACEMENT_3D ( 'NONE', #4666, #4309, #1566 ) ;
#435 = EDGE_CURVE ( 'NONE', #2923, #120, #3561, .T. ) ;
#436 = DIRECTION ( 'NONE',  ( -1.000000000000000000, 0.000000000000000000, 0.000000000000000000 ) ) ;
#437 = ORIENTED_EDGE ( 'NONE', *, *, #3731, .F. ) ;
#438 = ADVANCED_FACE ( 'NONE', ( #620 ), #2050, .F. ) ;
#439 = VECTOR ( 'NONE', #2434, 1000.000000000000000 ) ;
#440 = ORIENTED_EDGE ( 'NONE', *, *, #715, .T. ) ;
#441 = DIRECTION ( 'NONE',  ( 0.000000000000000000, 0.000000000000000000, -1.000000000000000000 ) ) ;
#442 = DIRECTION ( 'NONE',  ( 1.495451272393800035E-16, 1.000000000000000000, 0.000000000000000000 ) ) ;
#443 = CIRCLE ( 'NONE', #4184, 0.2999999999999999334 ) ;
#444 = EDGE_CURVE ( 'NONE', #433, #350, #959, .T. ) ;
#445 = FACE_OUTER_BOUND ( 'NONE', #1385, .T. ) ;
#446 = CARTESIAN_POINT ( 'NONE',  ( 3.795000000000000373, 0.2000000000000000111, -3.287500000000000089 ) ) ;
#447 = ORIENTED_EDGE ( 'NONE', *, *, #2621, .T. ) ;
#448 = DIRECTION ( 'NONE',  ( -1.000000000000000000, 0.000000000000000000, 0.000000000000000000 ) ) ;
#449 = CARTESIAN_POINT ( 'NONE',  ( 3.795000000000000373, 2.620000000000000107, -4.037500000000000533 ) ) ;
#450 = DIRECTION ( 'NONE',  ( 0.000000000000000000, -1.000000000000000000, 0.000000000000000000 ) ) ;
#451 = ORIENTED_EDGE ( 'NONE', *, *, #803, .T. ) ;
#452 = CARTESIAN_POINT ( 'NONE',  ( 3.844999999999999751, -3.180000000000000160, 3.887499999999999734 ) ) ;
#453 = ORIENTED_EDGE ( 'NONE', *, *, #925, .F. ) ;
#454 = DIRECTION ( 'NONE',  ( -0.000000000000000000, 1.000000000000000000, 0.000000000000000000 ) ) ;
#455 = EDGE_LOOP ( 'NONE', ( #488, #3969, #4387, #144 ) ) ;
#456 = DIRECTION ( 'NONE',  ( -1.000000000000000000, 0.000000000000000000, 0.000000000000000000 ) ) ;
#457 = CARTESIAN_POINT ( 'NONE',  ( 3.844999999999999751, -3.180000000000000160, 4.037500000000000533 ) ) ;
#458 = ORIENTED_EDGE ( 'NONE', *, *, #4087, .F. ) ;
#459 = SURFACE_STYLE_FILL_AREA ( #4083 ) ;
#460 = ORIENTED_EDGE ( 'NONE', *, *, #640, .F. ) ;
#461 = EDGE_CURVE ( 'NONE', #2674, #1232, #2024, .T. ) ;
#462 = ORIENTED_EDGE ( 'NONE', *, *, #2270, .T. ) ;
#463 = CARTESIAN_POINT ( 'NONE',  ( 3.844999999999999751, 2.620000000000000107, -1.042499999999999982 ) ) ;
#464 = DIRECTION ( 'NONE',  ( 0.000000000000000000, 0.000000000000000000, 1.000000000000000000 ) ) ;
#465 = ADVANCED_FACE ( 'NONE', ( #282 ), #1731, .F. ) ;
#466 = DIRECTION ( 'NONE',  ( 0.000000000000000000, 0.000000000000000000, -1.000000000000000000 ) ) ;
#467 = CARTESIAN_POINT ( 'NONE',  ( 3.844999999999999751, 2.620000000000000107, 4.037500000000000533 ) ) ;
#468 = ORIENTED_EDGE ( 'NONE', *, *, #4581, .F. ) ;
#469 = CARTESIAN_POINT ( 'NONE',  ( 3.844999999999999751, 2.620000000000000107, 3.582500000000000018 ) ) ;
#470 = CARTESIAN_POINT ( 'NONE',  ( 3.174999999999999822, 2.669999999999999929, -3.087499999999999911 ) ) ;
#471 = CARTESIAN_POINT ( 'NONE',  ( 3.844999999999999751, 0.2000000000000000111, -1.800000000000000044 ) ) ;
#472 = DIRECTION ( 'NONE',  ( 0.000000000000000000, 0.000000000000000000, -1.000000000000000000 ) ) ;
#473 = VERTEX_POINT ( 'NONE', #1315 ) ;
#474 = DIRECTION ( 'NONE',  ( 1.000000000000000000, 1.836970198721014650E-16, 0.000000000000000000 ) ) ;
#475 = DIRECTION ( 'NONE',  ( 0.000000000000000000, 0.000000000000000000, 1.000000000000000000 ) ) ;
#476 = VERTEX_POINT ( 'NONE', #598 ) ;
#477 = CARTESIAN_POINT ( 'NONE',  ( -3.795000000000000373, -2.767878387081804892, 1.497499999999999831 ) ) ;
#478 = DIRECTION ( 'NONE',  ( 1.000000000000000000, 0.000000000000000000, 0.000000000000000000 ) ) ;
#479 = EDGE_CURVE ( 'NONE', #3955, #2888, #3494, .T. ) ;
#480 = EDGE_LOOP ( 'NONE', ( #4680, #1821, #179, #3239 ) ) ;
#481 = ORIENTED_EDGE ( 'NONE', *, *, #1411, .F. ) ;
#482 = ORIENTED_EDGE ( 'NONE', *, *, #4419, .F. ) ;
#483 = LINE ( 'NONE', #1845, #1886 ) ;
#484 = CARTESIAN_POINT ( 'NONE',  ( -4.094999999999999751, -2.767878387081804892, -1.042499999999999982 ) ) ;
#485 = DIRECTION ( 'NONE',  ( 3.310540984688565080E-16, 1.000000000000000000, 0.000000000000000000 ) ) ;
#486 = EDGE_CURVE ( 'NONE', #120, #3681, #4614, .T. ) ;
#487 = CARTESIAN_POINT ( 'NONE',  ( 3.844999999999999751, 0.2000000000000000111, -0.7399999999999999911 ) ) ;
#488 = ORIENTED_EDGE ( 'NONE', *, *, #2367, .T. ) ;
#489 = DIRECTION ( 'NONE',  ( 0.000000000000000000, 0.000000000000000000, -1.000000000000000000 ) ) ;
#490 = DIRECTION ( 'NONE',  ( 0.000000000000000000, 0.000000000000000000, -1.000000000000000000 ) ) ;
#491 = CARTESIAN_POINT ( 'NONE',  ( -4.094999999999999751, 2.620000000000000107, 2.000000000000000000 ) ) ;
#492 = AXIS2_PLACEMENT_3D ( 'NONE', #1326, #2346, #176 ) ;
#493 =( LENGTH_UNIT ( ) NAMED_UNIT ( * ) SI_UNIT ( .MILLI., .METRE. ) );
#494 = ORIENTED_EDGE ( 'NONE', *, *, #4427, .F. ) ;
#495 = ORIENTED_EDGE ( 'NONE', *, *, #414, .T. ) ;
#496 = DIRECTION ( 'NONE',  ( -1.000000000000000000, 0.000000000000000000, 0.000000000000000000 ) ) ;
#497 = VECTOR ( 'NONE', #1320, 1000.000000000000000 ) ;
#498 = VECTOR ( 'NONE', #691, 1000.000000000000000 ) ;
#499 = EDGE_CURVE ( 'NONE', #1232, #2674, #3847, .T. ) ;
#500 = VERTEX_POINT ( 'NONE', #1380 ) ;
#501 = DIRECTION ( 'NONE',  ( 0.000000000000000000, 0.000000000000000000, 1.000000000000000000 ) ) ;
#502 = ORIENTED_EDGE ( 'NONE', *, *, #3169, .F. ) ;
#503 = LINE ( 'NONE', #171, #2642 ) ;
#504 = CARTESIAN_POINT ( 'NONE',  ( 4.094999999999999751, 2.919999999999999929, 4.037500000000000533 ) ) ;
#505 = ORIENTED_EDGE ( 'NONE', *, *, #3292, .T. ) ;
#506 = AXIS2_PLACEMENT_3D ( 'NONE', #627, #2769, #2385 ) ;
#507 = AXIS2_PLACEMENT_3D ( 'NONE', #2140, #1830, #3302 ) ;
#508 = FILL_AREA_STYLE ('',( #4505 ) ) ;
#509 = EDGE_CURVE ( 'NONE', #2088, #869, #2827, .T. ) ;
#510 = VECTOR ( 'NONE', #1835, 1000.000000000000000 ) ;
#511 = AXIS2_PLACEMENT_3D ( 'NONE', #2296, #521, #136 ) ;
#512 = EDGE_LOOP ( 'NONE', ( #1422, #4, #148, #2292 ) ) ;
#513 = VECTOR ( 'NONE', #770, 1000.000000000000000 ) ;
#514 = VECTOR ( 'NONE', #175, 1000.000000000000000 ) ;
#515 = AXIS2_PLACEMENT_3D ( 'NONE', #3261, #312, #382 ) ;
#516 = ORIENTED_EDGE ( 'NONE', *, *, #233, .F. ) ;
#517 = DIRECTION ( 'NONE',  ( 0.000000000000000000, 0.000000000000000000, -1.000000000000000000 ) ) ;
#518 = PLANE ( 'NONE',  #3923 ) ;
#519 = AXIS2_PLACEMENT_3D ( 'NONE', #4423, #1172, #1152 ) ;
#520 = VERTEX_POINT ( 'NONE', #3636 ) ;
#521 = DIRECTION ( 'NONE',  ( 1.000000000000000000, 0.000000000000000000, 0.000000000000000000 ) ) ;
#522 = CARTESIAN_POINT ( 'NONE',  ( 4.094999999999999751, -4.336808689942014778E-16, 1.497499999999999831 ) ) ;
#523 = ORIENTED_EDGE ( 'NONE', *, *, #1919, .F. ) ;
#524 = DIRECTION ( 'NONE',  ( 1.000000000000000000, 0.000000000000000000, 0.000000000000000000 ) ) ;
#525 = VECTOR ( 'NONE', #2978, 1000.000000000000000 ) ;
#526 = CYLINDRICAL_SURFACE ( 'NONE', #2944, 0.3000000000000003775 ) ;
#527 = DIRECTION ( 'NONE',  ( 0.000000000000000000, 0.000000000000000000, -1.000000000000000000 ) ) ;
#528 = CARTESIAN_POINT ( 'NONE',  ( -3.174999999999999822, 2.919999999999999929, -4.794999999999999929 ) ) ;
#529 = ADVANCED_FACE ( 'NONE', ( #3582 ), #3252, .F. ) ;
#530 = AXIS2_PLACEMENT_3D ( 'NONE', #2231, #450, #472 ) ;
#531 = DIRECTION ( 'NONE',  ( 1.000000000000000000, 0.000000000000000000, 0.000000000000000000 ) ) ;
#532 = VERTEX_POINT ( 'NONE', #4713 ) ;
#533 = FACE_OUTER_BOUND ( 'NONE', #4679, .T. ) ;
#534 = ORIENTED_EDGE ( 'NONE', *, *, #1546, .F. ) ;
#535 = LINE ( 'NONE', #1987, #4316 ) ;
#536 = DIRECTION ( 'NONE',  ( -6.994852725712920381E-16, 1.000000000000000000, 0.000000000000000000 ) ) ;
#537 = ORIENTED_EDGE ( 'NONE', *, *, #199, .T. ) ;
#538 = EDGE_CURVE ( 'NONE', #2884, #1999, #376, .T. ) ;
#539 =( NAMED_UNIT ( * ) SI_UNIT ( $, .STERADIAN. ) SOLID_ANGLE_UNIT ( ) );
#540 = DIRECTION ( 'NONE',  ( 1.495451272393800035E-16, 1.000000000000000000, 0.000000000000000000 ) ) ;
#541 = ORIENTED_EDGE ( 'NONE', *, *, #2515, .T. ) ;
#542 = CARTESIAN_POINT ( 'NONE',  ( -3.844999999999999751, -3.180000000000000160, -3.887499999999999734 ) ) ;
#543 = DIRECTION ( 'NONE',  ( -1.405264525413350645E-16, -0.9396926207859084279, -0.3420201433256686574 ) ) ;
#544 = CARTESIAN_POINT ( 'NONE',  ( -3.844999999999999751, 2.620000000000000107, -3.582500000000000018 ) ) ;
#545 = CARTESIAN_POINT ( 'NONE',  ( -4.094999999999999751, 2.620000000000000107, -0.5400000000000000355 ) ) ;
#546 = VERTEX_POINT ( 'NONE', #2561 ) ;
#547 = DIRECTION ( 'NONE',  ( 1.000000000000000000, 0.000000000000000000, 0.000000000000000000 ) ) ;
#548 = CARTESIAN_POINT ( 'NONE',  ( 3.844999999999999751, -2.547265342226494947E-16, 1.497499999999999831 ) ) ;
#549 = LINE ( 'NONE', #1223, #3229 ) ;
#550 = DIRECTION ( 'NONE',  ( 1.000000000000000000, 0.000000000000000000, 0.000000000000000000 ) ) ;
#551 = ORIENTED_EDGE ( 'NONE', *, *, #3456, .F. ) ;
#552 = DIRECTION ( 'NONE',  ( 0.000000000000000000, -1.000000000000000000, 0.000000000000000000 ) ) ;
#553 = VERTEX_POINT ( 'NONE', #4043 ) ;
#554 = EDGE_CURVE ( 'NONE', #1634, #2215, #1864, .T. ) ;
#555 = DIRECTION ( 'NONE',  ( 0.000000000000000000, 0.000000000000000000, 1.000000000000000000 ) ) ;
#556 = LINE ( 'NONE', #2009, #1658 ) ;
#557 = ORIENTED_EDGE ( 'NONE', *, *, #1351, .F. ) ;
#558 = SURFACE_STYLE_USAGE ( .BOTH. , #2267 ) ;
#559 = EDGE_CURVE ( 'NONE', #2571, #324, #1872, .T. ) ;
#560 = EDGE_CURVE ( 'NONE', #3990, #2734, #4417, .T. ) ;
#561 = EDGE_CURVE ( 'NONE', #4692, #2604, #3298, .T. ) ;
#562 = ORIENTED_EDGE ( 'NONE', *, *, #499, .F. ) ;
#563 = CARTESIAN_POINT ( 'NONE',  ( -4.094999999999999751, 2.620000000000000107, -3.087499999999999911 ) ) ;
#564 = PLANE ( 'NONE',  #4685 ) ;
#565 = DIRECTION ( 'NONE',  ( 0.000000000000000000, 0.000000000000000000, -1.000000000000000000 ) ) ;
#566 = EDGE_CURVE ( 'NONE', #835, #2603, #761, .T. ) ;
#567 = EDGE_CURVE ( 'NONE', #342, #1053, #2240, .T. ) ;
#568 = ORIENTED_EDGE ( 'NONE', *, *, #1396, .T. ) ;
#569 = CYLINDRICAL_SURFACE ( 'NONE', #587, 0.2000000000000000111 ) ;
#570 = LINE ( 'NONE', #2357, #52 ) ;
#571 = LINE ( 'NONE', #2023, #966 ) ;
#572 = PLANE ( 'NONE',  #4240 ) ;
#573 = ORIENTED_EDGE ( 'NONE', *, *, #967, .F. ) ;
#574 = CARTESIAN_POINT ( 'NONE',  ( 2.871431797042835132, 5.080000000000000071, 4.794999999999999929 ) ) ;
#575 = APPLICATION_CONTEXT ( 'automotive_design' ) ;
#576 = ORIENTED_EDGE ( 'NONE', *, *, #3409, .T. ) ;
#577 = DIRECTION ( 'NONE',  ( 1.000000000000000000, 0.000000000000000000, 0.000000000000000000 ) ) ;
#578 = CARTESIAN_POINT ( 'NONE',  ( -3.844999999999999751, -3.180000000000000160, -3.887499999999999734 ) ) ;
#579 = ORIENTED_EDGE ( 'NONE', *, *, #2386, .T. ) ;
#580 = ORIENTED_EDGE ( 'NONE', *, *, #4640, .F. ) ;
#581 = PLANE ( 'NONE',  #969 ) ;
#582 = VECTOR ( 'NONE', #116, 1000.000000000000000 ) ;
#583 = VECTOR ( 'NONE', #1942, 1000.000000000000000 ) ;
#584 = FILL_AREA_STYLE_COLOUR ( '', #4292 ) ;
#585 = EDGE_CURVE ( 'NONE', #2285, #3425, #394, .T. ) ;
#586 = VECTOR ( 'NONE', #2901, 1000.000000000000000 ) ;
#587 = AXIS2_PLACEMENT_3D ( 'NONE', #3115, #1359, #3509 ) ;
#588 = VERTEX_POINT ( 'NONE', #806 ) ;
#589 = DIRECTION ( 'NONE',  ( 1.000000000000000000, 0.000000000000000000, 0.000000000000000000 ) ) ;
#590 = VECTOR ( 'NONE', #3183, 1000.000000000000000 ) ;
#591 = AXIS2_PLACEMENT_3D ( 'NONE', #232, #4539, #615 ) ;
#592 = EDGE_CURVE ( 'NONE', #1074, #1328, #4063, .T. ) ;
#593 = CARTESIAN_POINT ( 'NONE',  ( 4.094999999999999751, -3.180000000000000160, 3.732499999999999929 ) ) ;
#594 = VECTOR ( 'NONE', #2057, 1000.000000000000000 ) ;
#595 = ORIENTED_EDGE ( 'NONE', *, *, #3964, .T. ) ;
#596 = CARTESIAN_POINT ( 'NONE',  ( -4.094999999999999751, 2.620000000000000107, 1.497499999999999831 ) ) ;
#597 = LINE ( 'NONE', #1334, #4705 ) ;
#598 = CARTESIAN_POINT ( 'NONE',  ( -4.094999999999999751, -2.767878387081804892, -1.497499999999999831 ) ) ;
#599 = AXIS2_PLACEMENT_3D ( 'NONE', #3274, #5, #3181 ) ;
#600 = ADVANCED_FACE ( 'NONE', ( #1077 ), #1774, .F. ) ;
#601 = LINE ( 'NONE', #3446, #3010 ) ;
#602 = ORIENTED_EDGE ( 'NONE', *, *, #1945, .F. ) ;
#603 = EDGE_LOOP ( 'NONE', ( #3138, #983, #1678, #4131 ) ) ;
#604 = FACE_OUTER_BOUND ( 'NONE', #4258, .T. ) ;
#605 = EDGE_LOOP ( 'NONE', ( #2643, #1933, #2589, #3497, #2617, #4120, #3204, #2693 ) ) ;
#606 = CARTESIAN_POINT ( 'NONE',  ( 3.795000000000000373, 0.2000000000000000111, -0.7399999999999999911 ) ) ;
#607 = LINE ( 'NONE', #2058, #3642 ) ;
#608 = VERTEX_POINT ( 'NONE', #3992 ) ;
#609 = DIRECTION ( 'NONE',  ( 1.000000000000000000, -1.836970198721014650E-16, 0.000000000000000000 ) ) ;
#610 = DIRECTION ( 'NONE',  ( 0.000000000000000000, 1.000000000000000000, 0.000000000000000000 ) ) ;
#611 = ORIENTED_EDGE ( 'NONE', *, *, #1676, .F. ) ;
#612 = EDGE_CURVE ( 'NONE', #676, #1048, #1042, .T. ) ;
#613 = DIRECTION ( 'NONE',  ( -0.000000000000000000, 0.3420201433256686574, 0.9396926207859084279 ) ) ;
#614 = ORIENTED_EDGE ( 'NONE', *, *, #3512, .T. ) ;
#615 = DIRECTION ( 'NONE',  ( 1.000000000000000000, 0.000000000000000000, 0.000000000000000000 ) ) ;
#616 = ORIENTED_EDGE ( 'NONE', *, *, #4197, .T. ) ;
#617 = CARTESIAN_POINT ( 'NONE',  ( -2.161781006939595517, 4.980000000000000426, -4.102762009316060166 ) ) ;
#618 = EDGE_CURVE ( 'NONE', #2459, #682, #735, .T. ) ;
#619 = FACE_OUTER_BOUND ( 'NONE', #2680, .T. ) ;
#620 = FACE_OUTER_BOUND ( 'NONE', #3474, .T. ) ;
#621 = DIRECTION ( 'NONE',  ( -1.000000000000000000, 0.000000000000000000, 0.000000000000000000 ) ) ;
#622 = ORIENTED_EDGE ( 'NONE', *, *, #1145, .T. ) ;
#623 = DIRECTION ( 'NONE',  ( 0.000000000000000000, 0.000000000000000000, -1.000000000000000000 ) ) ;
#624 = EDGE_LOOP ( 'NONE', ( #3194, #1627, #421, #1526 ) ) ;
#625 = FACE_OUTER_BOUND ( 'NONE', #3716, .T. ) ;
#626 = DIRECTION ( 'NONE',  ( 1.000000000000000000, 0.000000000000000000, 0.000000000000000000 ) ) ;
#627 = CARTESIAN_POINT ( 'NONE',  ( 3.844999999999999751, 2.620000000000000107, 1.497499999999999831 ) ) ;
#628 = EDGE_CURVE ( 'NONE', #1243, #3669, #3972, .T. ) ;
#629 = SURFACE_STYLE_FILL_AREA ( #3895 ) ;
#630 = EDGE_LOOP ( 'NONE', ( #2288, #243, #344, #2776, #1607, #1358, #1996, #4341, #4223 ) ) ;
#631 = DIRECTION ( 'NONE',  ( 0.000000000000000000, 0.000000000000000000, 1.000000000000000000 ) ) ;
#632 = ORIENTED_EDGE ( 'NONE', *, *, #612, .T. ) ;
#633 = CYLINDRICAL_SURFACE ( 'NONE', #3629, 0.2000000000000000111 ) ;
#634 = ORIENTED_EDGE ( 'NONE', *, *, #4511, .T. ) ;
#635 = CARTESIAN_POINT ( 'NONE',  ( -3.174999999999999822, 2.919999999999999929, 2.000000000000000000 ) ) ;
#636 = CARTESIAN_POINT ( 'NONE',  ( 3.174999999999999822, 2.669999999999999929, 4.794999999999999929 ) ) ;
#637 = PLANE ( 'NONE',  #1944 ) ;
#638 = ORIENTED_EDGE ( 'NONE', *, *, #3519, .T. ) ;
#639 = UNCERTAINTY_MEASURE_WITH_UNIT (LENGTH_MEASURE( 1.000000000000000082E-05 ), #2818, 'distance_accuracy_value', 'NONE');
#640 = EDGE_CURVE ( 'NONE', #3272, #3385, #1468, .T. ) ;
#641 = CARTESIAN_POINT ( 'NONE',  ( -3.844999999999999751, -2.767878387081804892, 1.497499999999999831 ) ) ;
#642 = ORIENTED_EDGE ( 'NONE', *, *, #303, .F. ) ;
#643 = ORIENTED_EDGE ( 'NONE', *, *, #561, .T. ) ;
#644 = PLANE ( 'NONE',  #3770 ) ;
#645 = VERTEX_POINT ( 'NONE', #4364 ) ;
#646 = CARTESIAN_POINT ( 'NONE',  ( 3.844999999999999751, -3.180000000000000160, -1.042499999999999982 ) ) ;
#647 = DIRECTION ( 'NONE',  ( 0.000000000000000000, 0.000000000000000000, -1.000000000000000000 ) ) ;
#648 = VERTEX_POINT ( 'NONE', #349 ) ;
#649 = CARTESIAN_POINT ( 'NONE',  ( -3.795000000000000373, -2.767878387081804892, -1.497499999999999831 ) ) ;
#650 = ADVANCED_FACE ( 'NONE', ( #28 ), #2942, .T. ) ;
#651 = AXIS2_PLACEMENT_3D ( 'NONE', #2926, #4008, #4379 ) ;
#652 = VECTOR ( 'NONE', #3604, 1000.000000000000000 ) ;
#653 = ORIENTED_EDGE ( 'NONE', *, *, #3699, .T. ) ;
#654 = DIRECTION ( 'NONE',  ( 0.000000000000000000, -1.000000000000000000, 0.000000000000000000 ) ) ;
#655 = CIRCLE ( 'NONE', #4376, 0.2000000000000000111 ) ;
#656 = CIRCLE ( 'NONE', #3319, 0.2999999999999999334 ) ;
#657 = VERTEX_POINT ( 'NONE', #783 ) ;
#658 = CARTESIAN_POINT ( 'NONE',  ( 4.094999999999999751, 2.620000000000000107, 0.5400000000000000355 ) ) ;
#659 = VECTOR ( 'NONE', #3268, 1000.000000000000000 ) ;
#660 = ORIENTED_EDGE ( 'NONE', *, *, #2393, .F. ) ;
#661 = AXIS2_PLACEMENT_3D ( 'NONE', #378, #3562, #1452 ) ;
#662 = FACE_OUTER_BOUND ( 'NONE', #3780, .T. ) ;
#663 = DIRECTION ( 'NONE',  ( 1.000000000000000000, 0.000000000000000000, 0.000000000000000000 ) ) ;
#664 = CARTESIAN_POINT ( 'NONE',  ( 3.174999999999999822, 2.669999999999999929, 4.037500000000000533 ) ) ;
#665 = VERTEX_POINT ( 'NONE', #3678 ) ;
#666 = STYLED_ITEM ( 'NONE', ( #2210 ), #3344 ) ;
#667 = CIRCLE ( 'NONE', #2414, 0.05000000000000012768 ) ;
#668 = CARTESIAN_POINT ( 'NONE',  ( 3.844999999999999751, -2.547265342226494947E-16, 2.000000000000000000 ) ) ;
#669 = ORIENTED_EDGE ( 'NONE', *, *, #2621, .F. ) ;
#670 = PLANE ( 'NONE',  #4532 ) ;
#671 = ORIENTED_EDGE ( 'NONE', *, *, #1518, .F. ) ;
#672 = AXIS2_PLACEMENT_3D ( 'NONE', #1397, #4326, #2845 ) ;
#673 = DIRECTION ( 'NONE',  ( 0.000000000000000000, 0.000000000000000000, -1.000000000000000000 ) ) ;
#674 = ADVANCED_FACE ( 'NONE', ( #3730 ), #1921, .T. ) ;
#675 = LINE ( 'NONE', #2122, #372 ) ;
#676 = VERTEX_POINT ( 'NONE', #1995 ) ;
#677 = ORIENTED_EDGE ( 'NONE', *, *, #1552, .F. ) ;
#678 = LINE ( 'NONE', #2992, #4381 ) ;
#679 =( LENGTH_UNIT ( ) NAMED_UNIT ( * ) SI_UNIT ( .MILLI., .METRE. ) );
#680 = DIRECTION ( 'NONE',  ( 0.000000000000000000, 0.000000000000000000, -1.000000000000000000 ) ) ;
#681 = CARTESIAN_POINT ( 'NONE',  ( -3.844999999999999751, -3.180000000000000160, -1.042499999999999982 ) ) ;
#682 = VERTEX_POINT ( 'NONE', #1609 ) ;
#683 = EDGE_CURVE ( 'NONE', #2819, #2840, #4466, .T. ) ;
#684 = VECTOR ( 'NONE', #3841, 1000.000000000000000 ) ;
#685 = ORIENTED_EDGE ( 'NONE', *, *, #95, .T. ) ;
#686 = EDGE_CURVE ( 'NONE', #4061, #532, #1216, .T. ) ;
#687 = VERTEX_POINT ( 'NONE', #1898 ) ;
#688 = ORIENTED_EDGE ( 'NONE', *, *, #1404, .T. ) ;
#689 = ORIENTED_EDGE ( 'NONE', *, *, #2502, .F. ) ;
#690 = CARTESIAN_POINT ( 'NONE',  ( 4.094999999999999751, -3.180000000000000160, 3.887499999999999734 ) ) ;
#691 = DIRECTION ( 'NONE',  ( -1.000000000000000000, 0.000000000000000000, 0.000000000000000000 ) ) ;
#692 = EDGE_LOOP ( 'NONE', ( #3208, #3196, #3811, #4534 ) ) ;
#693 = CARTESIAN_POINT ( 'NONE',  ( 2.871431797042835132, 0.5100000000000000089, -4.491431797042834795 ) ) ;
#694 = ORIENTED_EDGE ( 'NONE', *, *, #509, .T. ) ;
#695 = CARTESIAN_POINT ( 'NONE',  ( -3.174999999999999822, 2.669999999999999929, 4.794999999999999929 ) ) ;
#696 = ORIENTED_EDGE ( 'NONE', *, *, #2310, .T. ) ;
#697 = DIRECTION ( 'NONE',  ( 1.000000000000000000, 1.836970198721014650E-16, 0.000000000000000000 ) ) ;
#698 = CARTESIAN_POINT ( 'NONE',  ( -4.094999999999999751, 2.620000000000000107, -0.5400000000000000355 ) ) ;
#699 = DIRECTION ( 'NONE',  ( -1.000000000000000000, 1.836970198721014650E-16, 0.000000000000000000 ) ) ;
#700 = ORIENTED_EDGE ( 'NONE', *, *, #2731, .F. ) ;
#701 = DIRECTION ( 'NONE',  ( 0.000000000000000000, 0.000000000000000000, -1.000000000000000000 ) ) ;
#702 = EDGE_CURVE ( 'NONE', #2524, #2847, #4095, .T. ) ;
#703 = FACE_OUTER_BOUND ( 'NONE', #3505, .T. ) ;
#704 = CARTESIAN_POINT ( 'NONE',  ( 4.094999999999999751, -3.180000000000000160, -3.582500000000000018 ) ) ;
#705 = LINE ( 'NONE', #2128, #3455 ) ;
#706 = EDGE_CURVE ( 'NONE', #728, #2459, #1536, .T. ) ;
#707 = VERTEX_POINT ( 'NONE', #3056 ) ;
#708 = EDGE_CURVE ( 'NONE', #315, #4644, #881, .T. ) ;
#709 = VERTEX_POINT ( 'NONE', #906 ) ;
#710 = ORIENTED_EDGE ( 'NONE', *, *, #1345, .F. ) ;
#711 = DIRECTION ( 'NONE',  ( 0.000000000000000000, 0.000000000000000000, 1.000000000000000000 ) ) ;
#712 = CARTESIAN_POINT ( 'NONE',  ( -4.094999999999999751, -2.767878387081804892, 4.037500000000000533 ) ) ;
#713 = EDGE_LOOP ( 'NONE', ( #2994, #24, #3599, #1591, #3347, #4178, #3500, #300 ) ) ;
#714 = ADVANCED_FACE ( 'NONE', ( #3366 ), #3349, .F. ) ;
#715 = EDGE_CURVE ( 'NONE', #3066, #4380, #1258, .T. ) ;
#716 = DIRECTION ( 'NONE',  ( 0.000000000000000000, 1.000000000000000000, 0.000000000000000000 ) ) ;
#717 = VERTEX_POINT ( 'NONE', #1629 ) ;
#718 = LINE ( 'NONE', #2157, #1489 ) ;
#719 = ORIENTED_EDGE ( 'NONE', *, *, #2026, .T. ) ;
#720 = CARTESIAN_POINT ( 'NONE',  ( 3.844999999999999751, -3.180000000000000160, -1.347499999999999920 ) ) ;
#721 = FACE_OUTER_BOUND ( 'NONE', #2893, .T. ) ;
#722 = DIRECTION ( 'NONE',  ( -1.000000000000000000, 1.836970198721014650E-16, 0.000000000000000000 ) ) ;
#723 = EDGE_LOOP ( 'NONE', ( #2449, #1373, #811, #481 ) ) ;
#724 = DIRECTION ( 'NONE',  ( -1.000000000000000000, -1.836970198721014650E-16, 0.000000000000000000 ) ) ;
#725 = CARTESIAN_POINT ( 'NONE',  ( -3.174999999999999822, 2.669999999999999929, -4.794999999999999929 ) ) ;
#726 = FACE_OUTER_BOUND ( 'NONE', #3933, .T. ) ;
#727 = VECTOR ( 'NONE', #540, 1000.000000000000000 ) ;
#728 = VERTEX_POINT ( 'NONE', #4116 ) ;
#729 = EDGE_CURVE ( 'NONE', #2990, #3711, #1587, .T. ) ;
#730 = AXIS2_PLACEMENT_3D ( 'NONE', #2809, #3922, #3155 ) ;
#731 = ORIENTED_EDGE ( 'NONE', *, *, #3690, .F. ) ;
#732 = ORIENTED_EDGE ( 'NONE', *, *, #2443, .F. ) ;
#733 = CARTESIAN_POINT ( 'NONE',  ( 3.795000000000000373, 2.620000000000000107, 0.5400000000000000355 ) ) ;
#734 = CIRCLE ( 'NONE', #420, 0.2000000000000000111 ) ;
#735 = LINE ( 'NONE', #1846, #1417 ) ;
#736 = VECTOR ( 'NONE', #11, 1000.000000000000000 ) ;
#737 = EDGE_CURVE ( 'NONE', #373, #2504, #2701, .T. ) ;
#738 = FACE_OUTER_BOUND ( 'NONE', #4041, .T. ) ;
#739 = VECTOR ( 'NONE', #2163, 1000.000000000000000 ) ;
#740 = VECTOR ( 'NONE', #2779, 1000.000000000000000 ) ;
#741 = CARTESIAN_POINT ( 'NONE',  ( -3.844999999999999751, -3.180000000000000160, 1.192499999999999893 ) ) ;
#742 = EDGE_LOOP ( 'NONE', ( #4040, #494, #1763, #2559, #170, #3987, #1777, #2707, #3764, #329, #3234, #2476 ) ) ;
#743 = FACE_OUTER_BOUND ( 'NONE', #2791, .T. ) ;
#744 = PLANE ( 'NONE',  #515 ) ;
#745 = DIRECTION ( 'NONE',  ( 1.000000000000000000, -1.836970198721014650E-16, 0.000000000000000000 ) ) ;
#746 = VECTOR ( 'NONE', #367, 1000.000000000000000 ) ;
#747 = VECTOR ( 'NONE', #4584, 1000.000000000000000 ) ;
#748 = DIRECTION ( 'NONE',  ( 0.000000000000000000, 0.000000000000000000, -1.000000000000000000 ) ) ;
#749 = FACE_OUTER_BOUND ( 'NONE', #1263, .T. ) ;
#750 = AXIS2_PLACEMENT_3D ( 'NONE', #3125, #2789, #2433 ) ;
#751 = DIRECTION ( 'NONE',  ( -1.000000000000000000, 0.000000000000000000, 0.000000000000000000 ) ) ;
#752 = CARTESIAN_POINT ( 'NONE',  ( 3.844999999999999751, 0.2000000000000000111, -3.287500000000000089 ) ) ;
#753 = AXIS2_PLACEMENT_3D ( 'NONE', #3788, #3510, #1360 ) ;
#754 = DIRECTION ( 'NONE',  ( -0.1378445374916290045, -0.9808148484639889197, 0.1378445374916290045 ) ) ;
#755 = VECTOR ( 'NONE', #3828, 1000.000000000000000 ) ;
#756 = ORIENTED_EDGE ( 'NONE', *, *, #2230, .F. ) ;
#757 = STYLED_ITEM ( 'NONE', ( #3336 ), #3720 ) ;
#758 = EDGE_CURVE ( 'NONE', #4201, #2081, #3078, .T. ) ;
#759 = ORIENTED_EDGE ( 'NONE', *, *, #4389, .T. ) ;
#760 = LINE ( 'NONE', #1215, #3103 ) ;
#761 = LINE ( 'NONE', #326, #4157 ) ;
#762 = PLANE ( 'NONE',  #3466 ) ;
#763 = EDGE_CURVE ( 'NONE', #1621, #3580, #134, .T. ) ;
#764 = CARTESIAN_POINT ( 'NONE',  ( 3.174999999999999822, 2.919999999999999929, 1.497499999999999831 ) ) ;
#765 = ORIENTED_EDGE ( 'NONE', *, *, #585, .F. ) ;
#766 = CARTESIAN_POINT ( 'NONE',  ( -3.174999999999999822, 2.919999999999999929, 1.497499999999999831 ) ) ;
#767 =( LENGTH_UNIT ( ) NAMED_UNIT ( * ) SI_UNIT ( .MILLI., .METRE. ) );
#768 = CARTESIAN_POINT ( 'NONE',  ( 3.795000000000000373, 2.669999999999999929, -0.5400000000000000355 ) ) ;
#769 = VERTEX_POINT ( 'NONE', #2351 ) ;
#770 = DIRECTION ( 'NONE',  ( 3.310540984688565080E-16, -1.000000000000000000, 0.000000000000000000 ) ) ;
#771 = DIRECTION ( 'NONE',  ( -1.000000000000000000, 1.495451272393800035E-16, 0.000000000000000000 ) ) ;
#772 = EDGE_CURVE ( 'NONE', #682, #3120, #3535, .T. ) ;
#773 = ORIENTED_EDGE ( 'NONE', *, *, #4285, .F. ) ;
#774 = DIRECTION ( 'NONE',  ( 1.000000000000000000, -1.495451272393800035E-16, 0.000000000000000000 ) ) ;
#775 = LINE ( 'NONE', #21, #833 ) ;
#776 = ORIENTED_EDGE ( 'NONE', *, *, #3434, .F. ) ;
#777 = ADVANCED_FACE ( 'NONE', ( #2982 ), #518, .F. ) ;
#778 = FILL_AREA_STYLE_COLOUR ( '', #4241 ) ;
#779 = EDGE_CURVE ( 'NONE', #1185, #1364, #1792, .T. ) ;
#780 = ORIENTED_EDGE ( 'NONE', *, *, #4414, .T. ) ;
#781 = EDGE_LOOP ( 'NONE', ( #1272, #409 ) ) ;
#782 = DIRECTION ( 'NONE',  ( 0.000000000000000000, 0.000000000000000000, -1.000000000000000000 ) ) ;
#783 = CARTESIAN_POINT ( 'NONE',  ( 3.844999999999999751, 2.620000000000000107, -4.037500000000000533 ) ) ;
#784 = CARTESIAN_POINT ( 'NONE',  ( 3.844999999999999751, -2.547265342226494947E-16, 4.540000000000000036 ) ) ;
#785 = DIRECTION ( 'NONE',  ( 0.000000000000000000, 1.000000000000000000, 0.000000000000000000 ) ) ;
#786 = ORIENTED_EDGE ( 'NONE', *, *, #4289, .F. ) ;
#787 = CARTESIAN_POINT ( 'NONE',  ( -3.844999999999999751, -2.547265342226494947E-16, 3.287500000000000089 ) ) ;
#788 = LINE ( 'NONE', #2229, #3022 ) ;
#789 = CARTESIAN_POINT ( 'NONE',  ( -3.795000000000000373, 0.2000000000000000111, -0.7399999999999999911 ) ) ;
#790 = ORIENTED_EDGE ( 'NONE', *, *, #257, .F. ) ;
#791 = EDGE_CURVE ( 'NONE', #2847, #963, #83, .T. ) ;
#792 = EDGE_LOOP ( 'NONE', ( #208, #1485, #4091, #288 ) ) ;
#793 = DIRECTION ( 'NONE',  ( 0.000000000000000000, 0.000000000000000000, -1.000000000000000000 ) ) ;
#794 = CARTESIAN_POINT ( 'NONE',  ( 3.795000000000000373, 2.620000000000000107, -1.497499999999999831 ) ) ;
#795 = ORIENTED_EDGE ( 'NONE', *, *, #2393, .T. ) ;
#796 = FACE_OUTER_BOUND ( 'NONE', #2812, .T. ) ;
#797 = CARTESIAN_POINT ( 'NONE',  ( -3.174999999999999822, 2.669999999999999929, -3.087499999999999911 ) ) ;
#798 = ORIENTED_EDGE ( 'NONE', *, *, #1926, .T. ) ;
#799 = ORIENTED_EDGE ( 'NONE', *, *, #3053, .F. ) ;
#800 = EDGE_CURVE ( 'NONE', #3865, #2469, #837, .T. ) ;
#801 = PRESENTATION_STYLE_ASSIGNMENT (( #2551 ) ) ;
#802 = ORIENTED_EDGE ( 'NONE', *, *, #3215, .F. ) ;
#803 = EDGE_CURVE ( 'NONE', #1738, #86, #351, .T. ) ;
#804 = ORIENTED_EDGE ( 'NONE', *, *, #4446, .F. ) ;
#805 = LINE ( 'NONE', #1186, #3551 ) ;
#806 = CARTESIAN_POINT ( 'NONE',  ( -3.844999999999999751, 2.620000000000000107, -3.087499999999999911 ) ) ;
#807 = VECTOR ( 'NONE', #2737, 1000.000000000000000 ) ;
#808 = CARTESIAN_POINT ( 'NONE',  ( -3.795000000000000373, -4.336808689942014778E-16, 1.042499999999999982 ) ) ;
#809 = CARTESIAN_POINT ( 'NONE',  ( -3.795000000000000373, -2.767878387081804892, 3.582500000000000018 ) ) ;
#810 = VECTOR ( 'NONE', #4650, 1000.000000000000000 ) ;
#811 = ORIENTED_EDGE ( 'NONE', *, *, #917, .F. ) ;
#812 = VECTOR ( 'NONE', #4163, 1000.000000000000000 ) ;
#813 = DIRECTION ( 'NONE',  ( 1.000000000000000000, 0.000000000000000000, 0.000000000000000000 ) ) ;
#814 = CARTESIAN_POINT ( 'NONE',  ( 4.094999999999999751, 2.620000000000000107, 4.037500000000000533 ) ) ;
#815 = FACE_OUTER_BOUND ( 'NONE', #3970, .T. ) ;
#816 = ORIENTED_EDGE ( 'NONE', *, *, #2388, .T. ) ;
#817 = AXIS2_PLACEMENT_3D ( 'NONE', #2520, #3975, #3205 ) ;
#818 = CIRCLE ( 'NONE', #4085, 0.3000000000000003775 ) ;
#819 = CYLINDRICAL_SURFACE ( 'NONE', #1204, 0.05000000000000012768 ) ;
#820 = ORIENTED_EDGE ( 'NONE', *, *, #1552, .T. ) ;
#821 = DIRECTION ( 'NONE',  ( 0.000000000000000000, 1.000000000000000000, 0.000000000000000000 ) ) ;
#822 = ORIENTED_EDGE ( 'NONE', *, *, #4669, .F. ) ;
#823 = EDGE_CURVE ( 'NONE', #1092, #4676, #933, .T. ) ;
#824 = VECTOR ( 'NONE', #2924, 1000.000000000000000 ) ;
#825 = PLANE ( 'NONE',  #4388 ) ;
#826 = AXIS2_PLACEMENT_3D ( 'NONE', #2392, #3131, #4233 ) ;
#827 = LINE ( 'NONE', #1530, #1064 ) ;
#828 = VECTOR ( 'NONE', #1322, 1000.000000000000000 ) ;
#829 = CARTESIAN_POINT ( 'NONE',  ( 3.844999999999999751, 2.620000000000000107, 1.497499999999999831 ) ) ;
#830 = ADVANCED_FACE ( 'NONE', ( #1657 ), #564, .F. ) ;
#831 = ORIENTED_EDGE ( 'NONE', *, *, #1070, .T. ) ;
#832 = VECTOR ( 'NONE', #4122, 1000.000000000000000 ) ;
#833 = VECTOR ( 'NONE', #1139, 1000.000000000000000 ) ;
#834 = EDGE_CURVE ( 'NONE', #2174, #4464, #1497, .T. ) ;
#835 = VERTEX_POINT ( 'NONE', #3260 ) ;
#836 = CARTESIAN_POINT ( 'NONE',  ( -3.174999999999999822, 2.669999999999999929, -0.5400000000000000355 ) ) ;
#837 = LINE ( 'NONE', #2273, #422 ) ;
#838 = AXIS2_PLACEMENT_3D ( 'NONE', #2542, #1084, #4002 ) ;
#839 = CARTESIAN_POINT ( 'NONE',  ( -4.094999999999999751, 0.2000000000000000111, -2.000000000000000000 ) ) ;
#840 = PLANE ( 'NONE',  #1956 ) ;
#841 = EDGE_CURVE ( 'NONE', #4514, #4061, #381, .T. ) ;
#842 = ORIENTED_EDGE ( 'NONE', *, *, #1538, .T. ) ;
#843 = PLANE ( 'NONE',  #275 ) ;
#844 = LINE ( 'NONE', #864, #289 ) ;
#845 = DIRECTION ( 'NONE',  ( 0.000000000000000000, 0.000000000000000000, -1.000000000000000000 ) ) ;
#846 = FACE_OUTER_BOUND ( 'NONE', #3096, .T. ) ;
#847 = ORIENTED_EDGE ( 'NONE', *, *, #4633, .F. ) ;
#848 = DIRECTION ( 'NONE',  ( 0.000000000000000000, 1.000000000000000000, 0.000000000000000000 ) ) ;
#849 = LINE ( 'NONE', #1202, #2028 ) ;
#850 = ORIENTED_EDGE ( 'NONE', *, *, #104, .F. ) ;
#851 = CARTESIAN_POINT ( 'NONE',  ( -3.795000000000000373, 2.669999999999999929, 3.087499999999999911 ) ) ;
#852 = DIRECTION ( 'NONE',  ( -1.000000000000000000, 1.495451272393800035E-16, 0.000000000000000000 ) ) ;
#853 =( NAMED_UNIT ( * ) SI_UNIT ( $, .STERADIAN. ) SOLID_ANGLE_UNIT ( ) );
#854 = ORIENTED_EDGE ( 'NONE', *, *, #1693, .T. ) ;
#855 = ADVANCED_FACE ( 'NONE', ( #2567 ), #34, .F. ) ;
#856 = ORIENTED_EDGE ( 'NONE', *, *, #1003, .F. ) ;
#857 = LINE ( 'NONE', #4436, #3248 ) ;
#858 = CARTESIAN_POINT ( 'NONE',  ( -4.094999999999999751, -2.767878387081804892, 1.497499999999999831 ) ) ;
#859 = EDGE_CURVE ( 'NONE', #3250, #1915, #4231, .T. ) ;
#860 = CYLINDRICAL_SURFACE ( 'NONE', #511, 0.2000000000000000111 ) ;
#861 = CARTESIAN_POINT ( 'NONE',  ( 4.094999999999999751, 2.620000000000000107, -0.5400000000000000355 ) ) ;
#862 = VERTEX_POINT ( 'NONE', #4029 ) ;
#863 = CARTESIAN_POINT ( 'NONE',  ( 4.094999999999999751, 2.620000000000000107, 1.497499999999999831 ) ) ;
#864 = CARTESIAN_POINT ( 'NONE',  ( -3.174999999999999822, 2.669999999999999929, -4.037500000000000533 ) ) ;
#865 = PLANE ( 'NONE',  #1188 ) ;
#866 = ORIENTED_EDGE ( 'NONE', *, *, #435, .F. ) ;
#867 = ADVANCED_FACE ( 'NONE', ( #1850 ), #2948, .F. ) ;
#868 = DIRECTION ( 'NONE',  ( -1.000000000000000000, 0.000000000000000000, 0.000000000000000000 ) ) ;
#869 = VERTEX_POINT ( 'NONE', #4717 ) ;
#870 = DIRECTION ( 'NONE',  ( -1.000000000000000000, 0.000000000000000000, 0.000000000000000000 ) ) ;
#871 = EDGE_LOOP ( 'NONE', ( #2366, #3953, #2844, #580 ) ) ;
#872 = CARTESIAN_POINT ( 'NONE',  ( -4.094999999999999751, 2.620000000000000107, -1.042499999999999982 ) ) ;
#873 = LINE ( 'NONE', #2309, #3945 ) ;
#874 = ORIENTED_EDGE ( 'NONE', *, *, #1988, .F. ) ;
#875 = VERTEX_POINT ( 'NONE', #2228 ) ;
#876 =( NAMED_UNIT ( * ) SI_UNIT ( $, .STERADIAN. ) SOLID_ANGLE_UNIT ( ) );
#877 = ORIENTED_EDGE ( 'NONE', *, *, #1392, .F. ) ;
#878 = VERTEX_POINT ( 'NONE', #64 ) ;
#879 = EDGE_CURVE ( 'NONE', #3576, #2130, #2903, .T. ) ;
#880 = DIRECTION ( 'NONE',  ( -1.495451272393800035E-16, 1.000000000000000000, 0.000000000000000000 ) ) ;
#881 = LINE ( 'NONE', #4510, #2404 ) ;
#882 = DIRECTION ( 'NONE',  ( 1.000000000000000000, 0.000000000000000000, 0.000000000000000000 ) ) ;
#883 = DIRECTION ( 'NONE',  ( 1.000000000000000000, 0.000000000000000000, 0.000000000000000000 ) ) ;
#884 = ORIENTED_EDGE ( 'NONE', *, *, #2438, .F. ) ;
#885 = CARTESIAN_POINT ( 'NONE',  ( 3.844999999999999751, -3.180000000000000160, 3.732499999999999929 ) ) ;
#886 = ADVANCED_FACE ( 'NONE', ( #4351 ), #1879, .T. ) ;
#887 = CARTESIAN_POINT ( 'NONE',  ( 3.795000000000000373, 2.919999999999999929, -3.087499999999999911 ) ) ;
#888 = LINE ( 'NONE', #2329, #2168 ) ;
#889 = DIRECTION ( 'NONE',  ( 1.000000000000000000, 6.994852725712920381E-16, 0.000000000000000000 ) ) ;
#890 = CARTESIAN_POINT ( 'NONE',  ( -4.094999999999999751, -3.006507891906749780E-16, -3.079999999999999627 ) ) ;
#891 = VECTOR ( 'NONE', #3648, 1000.000000000000000 ) ;
#892 = AXIS2_PLACEMENT_3D ( 'NONE', #1481, #527, #2377 ) ;
#893 = ORIENTED_EDGE ( 'NONE', *, *, #377, .F. ) ;
#894 = CARTESIAN_POINT ( 'NONE',  ( -3.795000000000000373, 2.620000000000000107, -0.5400000000000000355 ) ) ;
#895 = VERTEX_POINT ( 'NONE', #3977 ) ;
#896 = EDGE_CURVE ( 'NONE', #2133, #1092, #1193, .T. ) ;
#897 = LINE ( 'NONE', #96, #1428 ) ;
#898 = PLANE ( 'NONE',  #1891 ) ;
#899 = AXIS2_PLACEMENT_3D ( 'NONE', #1947, #3393, #2323 ) ;
#900 = VECTOR ( 'NONE', #87, 1000.000000000000000 ) ;
#901 = VECTOR ( 'NONE', #2889, 1000.000000000000000 ) ;
#902 = SURFACE_SIDE_STYLE ('',( #629 ) ) ;
#903 = AXIS2_PLACEMENT_3D ( 'NONE', #3444, #1636, #2134 ) ;
#904 = ORIENTED_EDGE ( 'NONE', *, *, #2971, .F. ) ;
#905 = LINE ( 'NONE', #2042, #3800 ) ;
#906 = CARTESIAN_POINT ( 'NONE',  ( -3.795000000000000373, 2.669999999999999929, -4.037500000000000533 ) ) ;
#907 = AXIS2_PLACEMENT_3D ( 'NONE', #3147, #1724, #1374 ) ;
#908 = EDGE_CURVE ( 'NONE', #3340, #2174, #4400, .T. ) ;
#909 = ORIENTED_EDGE ( 'NONE', *, *, #612, .F. ) ;
#910 = DIRECTION ( 'NONE',  ( 0.000000000000000000, 0.000000000000000000, -1.000000000000000000 ) ) ;
#911 = DIRECTION ( 'NONE',  ( 3.310540984688565080E-16, -1.000000000000000000, 0.000000000000000000 ) ) ;
#912 = ORIENTED_EDGE ( 'NONE', *, *, #989, .T. ) ;
#913 = LINE ( 'NONE', #1541, #4688 ) ;
#914 = AXIS2_PLACEMENT_3D ( 'NONE', #1207, #3821, #1253 ) ;
#915 = CYLINDRICAL_SURFACE ( 'NONE', #903, 0.2000000000000000111 ) ;
#916 = FACE_OUTER_BOUND ( 'NONE', #2342, .T. ) ;
#917 = EDGE_CURVE ( 'NONE', #2161, #1074, #398, .T. ) ;
#918 = LINE ( 'NONE', #641, #1576 ) ;
#919 = ORIENTED_EDGE ( 'NONE', *, *, #479, .F. ) ;
#920 = FACE_OUTER_BOUND ( 'NONE', #1979, .T. ) ;
#921 = VERTEX_POINT ( 'NONE', #2590 ) ;
#922 = DIRECTION ( 'NONE',  ( -0.000000000000000000, 1.000000000000000000, 0.000000000000000000 ) ) ;
#923 = CARTESIAN_POINT ( 'NONE',  ( 4.094999999999999751, -3.006507891906749780E-16, -1.800000000000000044 ) ) ;
#924 = ORIENTED_EDGE ( 'NONE', *, *, #763, .F. ) ;
#925 = EDGE_CURVE ( 'NONE', #2441, #1746, #1780, .T. ) ;
#926 = ADVANCED_FACE ( 'NONE', ( #3613 ), #2882, .F. ) ;
#927 = PLANE ( 'NONE',  #31 ) ;
#928 = FILL_AREA_STYLE ('',( #584 ) ) ;
#929 = EDGE_CURVE ( 'NONE', #1464, #3124, #358, .T. ) ;
#930 = EDGE_CURVE ( 'NONE', #1048, #1454, #2522, .T. ) ;
#931 = ORIENTED_EDGE ( 'NONE', *, *, #3842, .T. ) ;
#932 = PLANE ( 'NONE',  #994 ) ;
#933 = LINE ( 'NONE', #2371, #2029 ) ;
#934 = ORIENTED_EDGE ( 'NONE', *, *, #3577, .F. ) ;
#935 = LINE ( 'NONE', #3831, #2253 ) ;
#936 = ORIENTED_EDGE ( 'NONE', *, *, #4419, .T. ) ;
#937 = LINE ( 'NONE', #1661, #3243 ) ;
#938 = CARTESIAN_POINT ( 'NONE',  ( 3.795000000000000373, -4.336808689942014778E-16, 3.582500000000000018 ) ) ;
#939 = LINE ( 'NONE', #2002, #3156 ) ;
#940 = CARTESIAN_POINT ( 'NONE',  ( 3.844999999999999751, -2.547265342226494947E-16, -0.5400000000000000355 ) ) ;
#941 = ORIENTED_EDGE ( 'NONE', *, *, #2810, .F. ) ;
#942 = ORIENTED_EDGE ( 'NONE', *, *, #3178, .F. ) ;
#943 = LINE ( 'NONE', #3186, #1123 ) ;
#944 = ORIENTED_EDGE ( 'NONE', *, *, #1945, .T. ) ;
#945 = CARTESIAN_POINT ( 'NONE',  ( -3.844999999999999751, -3.180000000000000160, 1.192499999999999893 ) ) ;
#946 = ADVANCED_FACE ( 'NONE', ( #743 ), #2159, .T. ) ;
#947 = CARTESIAN_POINT ( 'NONE',  ( 4.094999999999999751, 0.2000000000000000111, 0.5400000000000000355 ) ) ;
#948 = ORIENTED_EDGE ( 'NONE', *, *, #4595, .F. ) ;
#949 = LINE ( 'NONE', #1019, #2702 ) ;
#950 = ADVANCED_FACE ( 'NONE', ( #3279 ), #1473, .T. ) ;
#951 = EDGE_LOOP ( 'NONE', ( #3985, #568, #2137, #1094 ) ) ;
#952 = EDGE_CURVE ( 'NONE', #3431, #3669, #2356, .T. ) ;
#953 = FACE_OUTER_BOUND ( 'NONE', #2716, .T. ) ;
#954 = ORIENTED_EDGE ( 'NONE', *, *, #3099, .T. ) ;
#955 = PLANE ( 'NONE',  #826 ) ;
#956 = ORIENTED_EDGE ( 'NONE', *, *, #68, .T. ) ;
#957 = DIRECTION ( 'NONE',  ( 1.405264525413350645E-16, -0.9396926207859084279, -0.3420201433256686574 ) ) ;
#958 = DIRECTION ( 'NONE',  ( 1.000000000000000000, 0.000000000000000000, 0.000000000000000000 ) ) ;
#959 = LINE ( 'NONE', #2135, #498 ) ;
#960 = DIRECTION ( 'NONE',  ( 1.000000000000000000, -1.836970198721014650E-16, 0.000000000000000000 ) ) ;
#961 = EDGE_LOOP ( 'NONE', ( #3746, #1431, #909, #822 ) ) ;
#962 = LINE ( 'NONE', #2406, #1115 ) ;
#963 = VERTEX_POINT ( 'NONE', #1244 ) ;
#964 = FACE_OUTER_BOUND ( 'NONE', #3762, .T. ) ;
#965 = DIRECTION ( 'NONE',  ( 0.000000000000000000, 0.000000000000000000, -1.000000000000000000 ) ) ;
#966 = VECTOR ( 'NONE', #4496, 1000.000000000000000 ) ;
#967 = EDGE_CURVE ( 'NONE', #2935, #4408, #2638, .T. ) ;
#968 = PRESENTATION_STYLE_ASSIGNMENT (( #317 ) ) ;
#969 = AXIS2_PLACEMENT_3D ( 'NONE', #1325, #4224, #609 ) ;
#970 = VECTOR ( 'NONE', #4068, 1000.000000000000000 ) ;
#971 = CARTESIAN_POINT ( 'NONE',  ( -3.844999999999999751, -3.180000000000000160, -1.347499999999999920 ) ) ;
#972 = AXIS2_PLACEMENT_3D ( 'NONE', #487, #883, #1520 ) ;
#973 = CIRCLE ( 'NONE', #4164, 0.2705138606503881826 ) ;
#974 = ADVANCED_FACE ( 'NONE', ( #185 ), #2256, .T. ) ;
#975 = VERTEX_POINT ( 'NONE', #1615 ) ;
#976 = LINE ( 'NONE', #2700, #2265 ) ;
#977 = AXIS2_PLACEMENT_3D ( 'NONE', #1011, #2086, #550 ) ;
#978 = PRESENTATION_LAYER_ASSIGNMENT (  '', '', ( #2723 ) ) ;
#979 = VERTEX_POINT ( 'NONE', #4494 ) ;
#980 = EDGE_CURVE ( 'NONE', #3674, #2624, #1121, .T. ) ;
#981 = LINE ( 'NONE', #2065, #4089 ) ;
#982 = AXIS2_PLACEMENT_3D ( 'NONE', #4333, #673, #2921 ) ;
#983 = ORIENTED_EDGE ( 'NONE', *, *, #4640, .T. ) ;
#984 = LINE ( 'NONE', #1729, #1873 ) ;
#985 = DIRECTION ( 'NONE',  ( -1.000000000000000000, -1.495451272393800035E-16, 0.000000000000000000 ) ) ;
#986 = DIRECTION ( 'NONE',  ( 0.000000000000000000, 1.000000000000000000, 0.000000000000000000 ) ) ;
#987 = UNCERTAINTY_MEASURE_WITH_UNIT (LENGTH_MEASURE( 1.000000000000000082E-05 ), #679, 'distance_accuracy_value', 'NONE');
#988 = AXIS2_PLACEMENT_3D ( 'NONE', #3581, #4277, #325 ) ;
#989 = EDGE_CURVE ( 'NONE', #2500, #3618, #2684, .T. ) ;
#990 = DIRECTION ( 'NONE',  ( 0.000000000000000000, 0.000000000000000000, -1.000000000000000000 ) ) ;
#991 = ORIENTED_EDGE ( 'NONE', *, *, #4209, .F. ) ;
#992 = ORIENTED_EDGE ( 'NONE', *, *, #929, .T. ) ;
#993 = CYLINDRICAL_SURFACE ( 'NONE', #2630, 0.2000000000000000111 ) ;
#994 = AXIS2_PLACEMENT_3D ( 'NONE', #1608, #2753, #589 ) ;
#995 = ORIENTED_EDGE ( 'NONE', *, *, #4641, .T. ) ;
#996 = CARTESIAN_POINT ( 'NONE',  ( 3.795000000000000373, -4.336808689942014778E-16, 1.042499999999999982 ) ) ;
#997 = CARTESIAN_POINT ( 'NONE',  ( -3.795000000000000373, 2.620000000000000107, 3.087499999999999911 ) ) ;
#998 = VECTOR ( 'NONE', #4518, 1000.000000000000000 ) ;
#999 = FACE_OUTER_BOUND ( 'NONE', #723, .T. ) ;
#1000 = CARTESIAN_POINT ( 'NONE',  ( -3.844999999999999751, 2.620000000000000107, 1.042499999999999982 ) ) ;
#1001 = ORIENTED_EDGE ( 'NONE', *, *, #2131, .T. ) ;
#1002 = DIRECTION ( 'NONE',  ( 0.000000000000000000, 1.000000000000000000, 0.000000000000000000 ) ) ;
#1003 = EDGE_CURVE ( 'NONE', #1075, #1339, #4100, .T. ) ;
#1004 = FACE_OUTER_BOUND ( 'NONE', #3793, .T. ) ;
#1005 = EDGE_LOOP ( 'NONE', ( #191, #1682, #26, #219, #91, #411, #2672, #2007 ) ) ;
#1006 = LINE ( 'NONE', #635, #4533 ) ;
#1007 = LINE ( 'NONE', #2808, #3405 ) ;
#1008 = DIRECTION ( 'NONE',  ( 1.495451272393800035E-16, 1.000000000000000000, 0.000000000000000000 ) ) ;
#1009 = ORIENTED_EDGE ( 'NONE', *, *, #4661, .T. ) ;
#1010 = EDGE_CURVE ( 'NONE', #3273, #3250, #3787, .T. ) ;
#1011 = CARTESIAN_POINT ( 'NONE',  ( 3.795000000000000373, 2.620000000000000107, 3.087499999999999911 ) ) ;
#1012 = ORIENTED_EDGE ( 'NONE', *, *, #4113, .T. ) ;
#1013 = CARTESIAN_POINT ( 'NONE',  ( -3.844999999999999751, 2.620000000000000107, 4.037500000000000533 ) ) ;
#1014 = ORIENTED_EDGE ( 'NONE', *, *, #1868, .T. ) ;
#1015 = CARTESIAN_POINT ( 'NONE',  ( -2.161781006939595517, 4.980000000000000426, -3.832248148665670318 ) ) ;
#1016 = PLANE ( 'NONE',  #2268 ) ;
#1017 = ADVANCED_FACE ( 'NONE', ( #3755 ), #843, .F. ) ;
#1018 = VERTEX_POINT ( 'NONE', #3735 ) ;
#1019 = CARTESIAN_POINT ( 'NONE',  ( 3.844999999999999751, 2.620000000000000107, 1.042499999999999982 ) ) ;
#1020 = PLANE ( 'NONE',  #4154 ) ;
#1021 = ORIENTED_EDGE ( 'NONE', *, *, #1546, .T. ) ;
#1022 = DIRECTION ( 'NONE',  ( 0.000000000000000000, 0.000000000000000000, 1.000000000000000000 ) ) ;
#1023 = ORIENTED_EDGE ( 'NONE', *, *, #3169, .T. ) ;
#1024 = ADVANCED_FACE ( 'NONE', ( #1951 ), #108, .F. ) ;
#1025 = ORIENTED_EDGE ( 'NONE', *, *, #1184, .T. ) ;
#1026 = PLANE ( 'NONE',  #45 ) ;
#1027 = CARTESIAN_POINT ( 'NONE',  ( -3.174999999999999822, 2.919999999999999929, -3.087499999999999911 ) ) ;
#1028 = DIRECTION ( 'NONE',  ( 0.000000000000000000, 0.000000000000000000, -1.000000000000000000 ) ) ;
#1029 = DIRECTION ( 'NONE',  ( 0.000000000000000000, -1.000000000000000000, 0.000000000000000000 ) ) ;
#1030 = ORIENTED_EDGE ( 'NONE', *, *, #1711, .F. ) ;
#1031 = EDGE_CURVE ( 'NONE', #2603, #657, #2098, .T. ) ;
#1032 = ORIENTED_EDGE ( 'NONE', *, *, #3791, .T. ) ;
#1033 = CYLINDRICAL_SURFACE ( 'NONE', #1871, 0.3000000000000003775 ) ;
#1034 = EDGE_LOOP ( 'NONE', ( #2521, #2952, #2311, #345, #2269, #413, #222, #3045, #4652 ) ) ;
#1035 = DIRECTION ( 'NONE',  ( -1.000000000000000000, 0.000000000000000000, 0.000000000000000000 ) ) ;
#1036 = CARTESIAN_POINT ( 'NONE',  ( 3.795000000000000373, -2.767878387081804892, 3.582500000000000018 ) ) ;
#1037 = ORIENTED_EDGE ( 'NONE', *, *, #1900, .T. ) ;
#1038 = COLOUR_RGB ( '',0.7921568627450980005, 0.8196078431372548767, 0.9333333333333333481 ) ;
#1039 = DIRECTION ( 'NONE',  ( 1.000000000000000000, 6.994852725712920381E-16, 0.000000000000000000 ) ) ;
#1040 = DIRECTION ( 'NONE',  ( 1.000000000000000000, 0.000000000000000000, 0.000000000000000000 ) ) ;
#1041 = CARTESIAN_POINT ( 'NONE',  ( -3.795000000000000373, -2.767878387081804892, -1.042499999999999982 ) ) ;
#1042 = CIRCLE ( 'NONE', #3688, 0.2000000000000000111 ) ;
#1043 = VECTOR ( 'NONE', #4700, 1000.000000000000000 ) ;
#1044 = AXIS2_PLACEMENT_3D ( 'NONE', #1101, #1127, #3590 ) ;
#1045 = VERTEX_POINT ( 'NONE', #3395 ) ;
#1046 = AXIS2_PLACEMENT_3D ( 'NONE', #467, #2276, #4098 ) ;
#1047 = AXIS2_PLACEMENT_3D ( 'NONE', #92, #1596, #3741 ) ;
#1048 = VERTEX_POINT ( 'NONE', #4471 ) ;
#1049 = STYLED_ITEM ( 'NONE', ( #801 ), #1650 ) ;
#1050 = VERTEX_POINT ( 'NONE', #3039 ) ;
#1051 = FACE_OUTER_BOUND ( 'NONE', #3013, .T. ) ;
#1052 = LINE ( 'NONE', #214, #1559 ) ;
#1053 = VERTEX_POINT ( 'NONE', #4121 ) ;
#1054 = EDGE_CURVE ( 'NONE', #4591, #1377, #656, .T. ) ;
#1055 = AXIS2_PLACEMENT_3D ( 'NONE', #1015, #4221, #4266 ) ;
#1056 = LINE ( 'NONE', #2877, #1721 ) ;
#1057 = ORIENTED_EDGE ( 'NONE', *, *, #1010, .F. ) ;
#1058 = DIRECTION ( 'NONE',  ( -6.994852725712920381E-16, 1.000000000000000000, 0.000000000000000000 ) ) ;
#1059 = ORIENTED_EDGE ( 'NONE', *, *, #2536, .T. ) ;
#1060 = DIRECTION ( 'NONE',  ( -1.405264525413350645E-16, 0.9396926207859084279, -0.3420201433256686574 ) ) ;
#1061 = CARTESIAN_POINT ( 'NONE',  ( 3.844999999999999751, -2.547265342226494947E-16, 0.7399999999999999911 ) ) ;
#1062 = ORIENTED_EDGE ( 'NONE', *, *, #3827, .F. ) ;
#1063 = EDGE_CURVE ( 'NONE', #1050, #3871, #1264, .T. ) ;
#1064 = VECTOR ( 'NONE', #1277, 1000.000000000000000 ) ;
#1065 = CARTESIAN_POINT ( 'NONE',  ( 3.795000000000000373, 2.620000000000000107, -1.042499999999999982 ) ) ;
#1066 = CARTESIAN_POINT ( 'NONE',  ( 3.795000000000000373, 0.2000000000000000111, 3.087499999999999911 ) ) ;
#1067 = CARTESIAN_POINT ( 'NONE',  ( -3.795000000000000373, 2.669999999999999929, -3.087499999999999911 ) ) ;
#1068 = DIRECTION ( 'NONE',  ( 0.000000000000000000, 0.000000000000000000, -1.000000000000000000 ) ) ;
#1069 = EDGE_CURVE ( 'NONE', #397, #159, #4171, .T. ) ;
#1070 = EDGE_CURVE ( 'NONE', #3865, #648, #913, .T. ) ;
#1071 = ORIENTED_EDGE ( 'NONE', *, *, #1580, .F. ) ;
#1072 = EDGE_CURVE ( 'NONE', #1634, #520, #2987, .T. ) ;
#1073 = EDGE_CURVE ( 'NONE', #2227, #3553, #973, .T. ) ;
#1074 = VERTEX_POINT ( 'NONE', #2442 ) ;
#1075 = VERTEX_POINT ( 'NONE', #4612 ) ;
#1076 = CARTESIAN_POINT ( 'NONE',  ( -3.795000000000000373, 2.620000000000000107, -2.000000000000000000 ) ) ;
#1077 = FACE_OUTER_BOUND ( 'NONE', #1170, .T. ) ;
#1078 = CARTESIAN_POINT ( 'NONE',  ( -2.161781006939595517, 5.080000000000000071, -3.832248148665670318 ) ) ;
#1079 = ORIENTED_EDGE ( 'NONE', *, *, #2512, .F. ) ;
#1080 = LINE ( 'NONE', #2498, #586 ) ;
#1081 = VERTEX_POINT ( 'NONE', #4636 ) ;
#1082 = CARTESIAN_POINT ( 'NONE',  ( -4.094999999999999751, -2.981555974335134728E-16, -3.287500000000000089 ) ) ;
#1083 = SURFACE_STYLE_USAGE ( .BOTH. , #4694 ) ;
#1084 = DIRECTION ( 'NONE',  ( 0.000000000000000000, 0.000000000000000000, 1.000000000000000000 ) ) ;
#1085 = VERTEX_POINT ( 'NONE', #1313 ) ;
#1086 = CYLINDRICAL_SURFACE ( 'NONE', #4312, 0.3000000000000003775 ) ;
#1087 = CARTESIAN_POINT ( 'NONE',  ( 3.795000000000000373, 2.669999999999999929, 0.5400000000000000355 ) ) ;
#1088 = ADVANCED_FACE ( 'NONE', ( #2068 ), #569, .T. ) ;
#1089 = CARTESIAN_POINT ( 'NONE',  ( -3.844999999999999751, -2.547265342226494947E-16, 2.000000000000000000 ) ) ;
#1090 =( NAMED_UNIT ( * ) PLANE_ANGLE_UNIT ( ) SI_UNIT ( $, .RADIAN. ) );
#1091 = EDGE_CURVE ( 'NONE', #2624, #1377, #3180, .T. ) ;
#1092 = VERTEX_POINT ( 'NONE', #1378 ) ;
#1093 = EDGE_CURVE ( 'NONE', #253, #1865, #3935, .T. ) ;
#1094 = ORIENTED_EDGE ( 'NONE', *, *, #1411, .T. ) ;
#1095 = EDGE_LOOP ( 'NONE', ( #710, #1306, #2895, #2191 ) ) ;
#1096 = LINE ( 'NONE', #3529, #3943 ) ;
#1097 = DIRECTION ( 'NONE',  ( 0.000000000000000000, -1.000000000000000000, 0.000000000000000000 ) ) ;
#1098 = FACE_OUTER_BOUND ( 'NONE', #2290, .T. ) ;
#1099 = CARTESIAN_POINT ( 'NONE',  ( -4.094999999999999751, 2.620000000000000107, 0.5400000000000000355 ) ) ;
#1100 = VERTEX_POINT ( 'NONE', #2735 ) ;
#1101 = CARTESIAN_POINT ( 'NONE',  ( -3.795000000000000373, 2.620000000000000107, 0.5400000000000000355 ) ) ;
#1102 = DIRECTION ( 'NONE',  ( -1.000000000000000000, 1.495451272393800035E-16, 0.000000000000000000 ) ) ;
#1103 = DIRECTION ( 'NONE',  ( -1.495451272393800035E-16, 1.000000000000000000, 0.000000000000000000 ) ) ;
#1104 = ORIENTED_EDGE ( 'NONE', *, *, #2205, .F. ) ;
#1105 = LINE ( 'NONE', #4007, #513 ) ;
#1106 = DIRECTION ( 'NONE',  ( -1.836970198721014650E-16, 1.000000000000000000, 0.000000000000000000 ) ) ;
#1107 = LINE ( 'NONE', #704, #901 ) ;
#1108 = LINE ( 'NONE', #2099, #2314 ) ;
#1109 = FACE_OUTER_BOUND ( 'NONE', #713, .T. ) ;
#1110 = ADVANCED_FACE ( 'NONE', ( #662 ), #3491, .F. ) ;
#1111 = CYLINDRICAL_SURFACE ( 'NONE', #4167, 0.2000000000000000111 ) ;
#1112 = STYLED_ITEM ( 'NONE', ( #2749 ), #73 ) ;
#1113 = ORIENTED_EDGE ( 'NONE', *, *, #2850, .F. ) ;
#1114 = EDGE_CURVE ( 'NONE', #1395, #3198, #4212, .T. ) ;
#1115 = VECTOR ( 'NONE', #3866, 1000.000000000000000 ) ;
#1116 = VECTOR ( 'NONE', #1390, 1000.000000000000000 ) ;
#1117 = ORIENTED_EDGE ( 'NONE', *, *, #737, .T. ) ;
#1118 = DIRECTION ( 'NONE',  ( 0.000000000000000000, 0.000000000000000000, -1.000000000000000000 ) ) ;
#1119 = AXIS2_PLACEMENT_3D ( 'NONE', #1539, #1262, #1561 ) ;
#1120 = DIRECTION ( 'NONE',  ( 1.405264525413350645E-16, 0.9396926207859084279, 0.3420201433256686574 ) ) ;
#1121 = CIRCLE ( 'NONE', #1718, 0.2999999999999999334 ) ;
#1122 = LINE ( 'NONE', #3203, #4011 ) ;
#1123 = VECTOR ( 'NONE', #4592, 1000.000000000000000 ) ;
#1124 = AXIS2_PLACEMENT_3D ( 'NONE', #1331, #1261, #2045 ) ;
#1125 = CARTESIAN_POINT ( 'NONE',  ( 3.844999999999999751, -2.767878387081804892, 1.497499999999999831 ) ) ;
#1126 = ORIENTED_EDGE ( 'NONE', *, *, #4625, .T. ) ;
#1127 = DIRECTION ( 'NONE',  ( 0.000000000000000000, 0.000000000000000000, 1.000000000000000000 ) ) ;
#1128 = CARTESIAN_POINT ( 'NONE',  ( -4.094999999999999751, -3.006507891906749780E-16, 3.582500000000000018 ) ) ;
#1129 = LINE ( 'NONE', #4374, #1370 ) ;
#1130 = ORIENTED_EDGE ( 'NONE', *, *, #4320, .T. ) ;
#1131 = VECTOR ( 'NONE', #1785, 1000.000000000000000 ) ;
#1132 =( GEOMETRIC_REPRESENTATION_CONTEXT ( 3 ) GLOBAL_UNCERTAINTY_ASSIGNED_CONTEXT ( ( #4639 ) ) GLOBAL_UNIT_ASSIGNED_CONTEXT ( ( #195, #3410, #876 ) ) REPRESENTATION_CONTEXT ( 'NONE', 'WORKASPACE' ) );
#1133 = EDGE_CURVE ( 'NONE', #4391, #3130, #4275, .T. ) ;
#1134 = CARTESIAN_POINT ( 'NONE',  ( -3.174999999999999822, 2.669999999999999929, 2.000000000000000000 ) ) ;
#1135 = DIRECTION ( 'NONE',  ( -1.000000000000000000, -6.994852725712920381E-16, 0.000000000000000000 ) ) ;
#1136 = AXIS2_PLACEMENT_3D ( 'NONE', #4069, #1880, #65 ) ;
#1137 = ORIENTED_EDGE ( 'NONE', *, *, #2661, .T. ) ;
#1138 = DIRECTION ( 'NONE',  ( -0.000000000000000000, 1.000000000000000000, 0.000000000000000000 ) ) ;
#1139 = DIRECTION ( 'NONE',  ( 0.000000000000000000, 0.000000000000000000, -1.000000000000000000 ) ) ;
#1140 = AXIS2_PLACEMENT_3D ( 'NONE', #449, #1905, #4143 ) ;
#1141 = CARTESIAN_POINT ( 'NONE',  ( -3.844999999999999751, 2.620000000000000107, -3.582500000000000018 ) ) ;
#1142 = VECTOR ( 'NONE', #3365, 1000.000000000000000 ) ;
#1143 = VERTEX_POINT ( 'NONE', #2047 ) ;
#1144 = ORIENTED_EDGE ( 'NONE', *, *, #113, .F. ) ;
#1145 = EDGE_CURVE ( 'NONE', #553, #1050, #3927, .T. ) ;
#1146 = DIRECTION ( 'NONE',  ( -1.495451272393800035E-16, 1.000000000000000000, 0.000000000000000000 ) ) ;
#1147 = DIRECTION ( 'NONE',  ( 0.000000000000000000, 0.000000000000000000, 1.000000000000000000 ) ) ;
#1148 = LINE ( 'NONE', #3036, #2557 ) ;
#1149 = LINE ( 'NONE', #1828, #3697 ) ;
#1150 = ORIENTED_EDGE ( 'NONE', *, *, #1210, .F. ) ;
#1151 = DIRECTION ( 'NONE',  ( 0.000000000000000000, 0.000000000000000000, -1.000000000000000000 ) ) ;
#1152 = DIRECTION ( 'NONE',  ( -1.000000000000000000, 0.000000000000000000, 0.000000000000000000 ) ) ;
#1153 = CARTESIAN_POINT ( 'NONE',  ( -3.844999999999999751, -2.767878387081804892, -4.037500000000000533 ) ) ;
#1154 = ORIENTED_EDGE ( 'NONE', *, *, #2510, .T. ) ;
#1155 = CARTESIAN_POINT ( 'NONE',  ( -2.161781006939595517, 4.980000000000000426, -3.561734288015280026 ) ) ;
#1156 = CARTESIAN_POINT ( 'NONE',  ( 3.795000000000000373, 2.620000000000000107, -3.087499999999999911 ) ) ;
#1157 = ORIENTED_EDGE ( 'NONE', *, *, #3220, .F. ) ;
#1158 = ADVANCED_FACE ( 'NONE', ( #3901 ), #3833, .F. ) ;
#1159 = DIRECTION ( 'NONE',  ( -1.495451272393800035E-16, -1.000000000000000000, 0.000000000000000000 ) ) ;
#1160 = CARTESIAN_POINT ( 'NONE',  ( 4.094999999999999751, 0.2000000000000000111, -1.800000000000000044 ) ) ;
#1161 = EDGE_LOOP ( 'NONE', ( #402, #3989, #1472, #642 ) ) ;
#1162 = DIRECTION ( 'NONE',  ( 1.000000000000000000, 0.000000000000000000, 0.000000000000000000 ) ) ;
#1163 = ORIENTED_EDGE ( 'NONE', *, *, #803, .F. ) ;
#1164 = VERTEX_POINT ( 'NONE', #212 ) ;
#1165 = LINE ( 'NONE', #1586, #4101 ) ;
#1166 = DIRECTION ( 'NONE',  ( 1.000000000000000000, -6.994852725712920381E-16, 0.000000000000000000 ) ) ;
#1167 = ADVANCED_FACE ( 'NONE', ( #305 ), #1026, .F. ) ;
#1168 = FACE_OUTER_BOUND ( 'NONE', #3882, .T. ) ;
#1169 = DIRECTION ( 'NONE',  ( 1.495451272393800035E-16, 1.000000000000000000, 0.000000000000000000 ) ) ;
#1170 = EDGE_LOOP ( 'NONE', ( #4060, #3412, #3818, #2132 ) ) ;
#1171 = CARTESIAN_POINT ( 'NONE',  ( -4.094999999999999751, -3.180000000000000160, -3.887499999999999734 ) ) ;
#1172 = DIRECTION ( 'NONE',  ( 0.000000000000000000, -0.3420201433256686574, 0.9396926207859084279 ) ) ;
#1173 = SURFACE_STYLE_USAGE ( .BOTH. , #166 ) ;
#1174 = ORIENTED_EDGE ( 'NONE', *, *, #702, .F. ) ;
#1175 = EDGE_CURVE ( 'NONE', #350, #2745, #2464, .T. ) ;
#1176 = CARTESIAN_POINT ( 'NONE',  ( -2.161781006939595517, 4.980000000000000426, -3.832248148665670318 ) ) ;
#1177 = LINE ( 'NONE', #4076, #582 ) ;
#1178 = ORIENTED_EDGE ( 'NONE', *, *, #3550, .F. ) ;
#1179 = PLANE ( 'NONE',  #1581 ) ;
#1180 = LINE ( 'NONE', #2695, #2727 ) ;
#1181 = ORIENTED_EDGE ( 'NONE', *, *, #879, .F. ) ;
#1182 = CARTESIAN_POINT ( 'NONE',  ( 4.094999999999999751, -2.767878387081804892, -3.582500000000000018 ) ) ;
#1183 = EDGE_LOOP ( 'NONE', ( #1137, #931, #2963, #3627 ) ) ;
#1184 = EDGE_CURVE ( 'NONE', #159, #500, #1752, .T. ) ;
#1185 = VERTEX_POINT ( 'NONE', #4194 ) ;
#1186 = CARTESIAN_POINT ( 'NONE',  ( 4.094999999999999751, 2.620000000000000107, -3.582500000000000018 ) ) ;
#1187 = CARTESIAN_POINT ( 'NONE',  ( -3.844999999999999751, -3.180000000000000160, -3.582500000000000018 ) ) ;
#1188 = AXIS2_PLACEMENT_3D ( 'NONE', #4123, #2301, #3758 ) ;
#1189 = DIRECTION ( 'NONE',  ( -1.000000000000000000, 0.000000000000000000, 0.000000000000000000 ) ) ;
#1190 = DIRECTION ( 'NONE',  ( 0.000000000000000000, 0.000000000000000000, 1.000000000000000000 ) ) ;
#1191 = AXIS2_PLACEMENT_3D ( 'NONE', #169, #870, #821 ) ;
#1192 = ORIENTED_EDGE ( 'NONE', *, *, #3724, .F. ) ;
#1193 = CIRCLE ( 'NONE', #3695, 0.05000000000000012768 ) ;
#1194 = DIRECTION ( 'NONE',  ( -0.1391731009600656321, 0.9902680687415703620, 0.000000000000000000 ) ) ;
#1195 = PLANE ( 'NONE',  #1140 ) ;
#1196 = CARTESIAN_POINT ( 'NONE',  ( -4.094999999999999751, 0.2000000000000000111, 2.000000000000000000 ) ) ;
#1197 = LINE ( 'NONE', #4072, #4323 ) ;
#1198 = ORIENTED_EDGE ( 'NONE', *, *, #1268, .F. ) ;
#1199 = CIRCLE ( 'NONE', #1571, 0.2000000000000000111 ) ;
#1200 = VECTOR ( 'NONE', #4328, 1000.000000000000000 ) ;
#1201 = CYLINDRICAL_SURFACE ( 'NONE', #204, 0.3000000000000003775 ) ;
#1202 = CARTESIAN_POINT ( 'NONE',  ( -3.174999999999999822, 2.669999999999999929, 4.794999999999999929 ) ) ;
#1203 = ORIENTED_EDGE ( 'NONE', *, *, #1305, .F. ) ;
#1204 = AXIS2_PLACEMENT_3D ( 'NONE', #145, #793, #531 ) ;
#1205 = CARTESIAN_POINT ( 'NONE',  ( -3.174999999999999822, 2.919999999999999929, -4.037500000000000533 ) ) ;
#1206 = EDGE_CURVE ( 'NONE', #4676, #2469, #937, .T. ) ;
#1207 = CARTESIAN_POINT ( 'NONE',  ( -3.174999999999999822, 2.669999999999999929, -3.582500000000000018 ) ) ;
#1208 =( GEOMETRIC_REPRESENTATION_CONTEXT ( 3 ) GLOBAL_UNCERTAINTY_ASSIGNED_CONTEXT ( ( #2828 ) ) GLOBAL_UNIT_ASSIGNED_CONTEXT ( ( #767, #2473, #1812 ) ) REPRESENTATION_CONTEXT ( 'NONE', 'WORKASPACE' ) );
#1209 = VERTEX_POINT ( 'NONE', #2396 ) ;
#1210 = EDGE_CURVE ( 'NONE', #2888, #2176, #3133, .T. ) ;
#1211 = VECTOR ( 'NONE', #1523, 1000.000000000000000 ) ;
#1212 = AXIS2_PLACEMENT_3D ( 'NONE', #752, #1860, #2439 ) ;
#1213 = ORIENTED_EDGE ( 'NONE', *, *, #4721, .F. ) ;
#1214 = EDGE_CURVE ( 'NONE', #2215, #3066, #984, .T. ) ;
#1215 = CARTESIAN_POINT ( 'NONE',  ( 3.795000000000000373, 2.669999999999999929, 3.087499999999999911 ) ) ;
#1216 = LINE ( 'NONE', #4137, #583 ) ;
#1217 = AXIS2_PLACEMENT_3D ( 'NONE', #1881, #2330, #3759 ) ;
#1218 = FACE_OUTER_BOUND ( 'NONE', #1005, .T. ) ;
#1219 = DIRECTION ( 'NONE',  ( 0.000000000000000000, -1.000000000000000000, 0.000000000000000000 ) ) ;
#1220 = ORIENTED_EDGE ( 'NONE', *, *, #2072, .F. ) ;
#1221 = DIRECTION ( 'NONE',  ( -1.000000000000000000, 0.000000000000000000, 0.000000000000000000 ) ) ;
#1222 = CARTESIAN_POINT ( 'NONE',  ( -3.844999999999999751, 0.2000000000000000111, 3.087499999999999911 ) ) ;
#1223 = CARTESIAN_POINT ( 'NONE',  ( -2.161781006939595517, 5.080000000000000071, -3.561734288015280026 ) ) ;
#1224 = PLANE ( 'NONE',  #530 ) ;
#1225 = ORIENTED_EDGE ( 'NONE', *, *, #1797, .T. ) ;
#1226 = FACE_OUTER_BOUND ( 'NONE', #1437, .T. ) ;
#1227 = ORIENTED_EDGE ( 'NONE', *, *, #1626, .T. ) ;
#1228 = CARTESIAN_POINT ( 'NONE',  ( -4.094999999999999751, -2.767878387081804892, -3.582500000000000018 ) ) ;
#1229 = ORIENTED_EDGE ( 'NONE', *, *, #4285, .T. ) ;
#1230 = CARTESIAN_POINT ( 'NONE',  ( 4.094999999999999751, -3.180000000000000160, -1.347499999999999920 ) ) ;
#1231 = DIRECTION ( 'NONE',  ( 0.000000000000000000, 0.000000000000000000, -1.000000000000000000 ) ) ;
#1232 = VERTEX_POINT ( 'NONE', #617 ) ;
#1233 = EDGE_LOOP ( 'NONE', ( #1254, #3247, #3896, #4577 ) ) ;
#1234 = EDGE_CURVE ( 'NONE', #3076, #3674, #1006, .T. ) ;
#1235 = CARTESIAN_POINT ( 'NONE',  ( -3.174999999999999822, 2.919999999999999929, -3.582500000000000018 ) ) ;
#1236 = FACE_OUTER_BOUND ( 'NONE', #3132, .T. ) ;
#1237 = ADVANCED_FACE ( 'NONE', ( #4025 ), #2518, .F. ) ;
#1238 = ORIENTED_EDGE ( 'NONE', *, *, #2625, .F. ) ;
#1239 = LINE ( 'NONE', #203, #755 ) ;
#1240 = DIRECTION ( 'NONE',  ( 1.000000000000000000, 0.000000000000000000, 0.000000000000000000 ) ) ;
#1241 = CARTESIAN_POINT ( 'NONE',  ( 3.174999999999999822, 2.919999999999999929, 2.000000000000000000 ) ) ;
#1242 = DIRECTION ( 'NONE',  ( 0.000000000000000000, 0.000000000000000000, -1.000000000000000000 ) ) ;
#1243 = VERTEX_POINT ( 'NONE', #4642 ) ;
#1244 = CARTESIAN_POINT ( 'NONE',  ( -3.844999999999999751, -3.180000000000000160, -3.887499999999999734 ) ) ;
#1245 = LINE ( 'NONE', #814, #4174 ) ;
#1246 = CARTESIAN_POINT ( 'NONE',  ( -4.094999999999999751, 2.620000000000000107, 4.037500000000000533 ) ) ;
#1247 = ORIENTED_EDGE ( 'NONE', *, *, #4507, .T. ) ;
#1248 = CARTESIAN_POINT ( 'NONE',  ( -3.174999999999999822, 2.669999999999999929, -3.087499999999999911 ) ) ;
#1249 = ORIENTED_EDGE ( 'NONE', *, *, #4302, .T. ) ;
#1250 = DIRECTION ( 'NONE',  ( 1.000000000000000000, 0.000000000000000000, 0.000000000000000000 ) ) ;
#1251 = VERTEX_POINT ( 'NONE', #1847 ) ;
#1252 = DIRECTION ( 'NONE',  ( 1.000000000000000000, -1.495451272393800035E-16, 0.000000000000000000 ) ) ;
#1253 = DIRECTION ( 'NONE',  ( 1.000000000000000000, -6.994852725712920381E-16, 0.000000000000000000 ) ) ;
#1254 = ORIENTED_EDGE ( 'NONE', *, *, #791, .F. ) ;
#1255 = EDGE_CURVE ( 'NONE', #2575, #3108, #2136, .T. ) ;
#1256 = ORIENTED_EDGE ( 'NONE', *, *, #1611, .F. ) ;
#1257 = DIRECTION ( 'NONE',  ( -1.495451272393800035E-16, -1.000000000000000000, 0.000000000000000000 ) ) ;
#1258 = LINE ( 'NONE', #1974, #2553 ) ;
#1259 = EDGE_CURVE ( 'NONE', #963, #4585, #3586, .T. ) ;
#1260 = VECTOR ( 'NONE', #3030, 1000.000000000000000 ) ;
#1261 = DIRECTION ( 'NONE',  ( 0.000000000000000000, 0.000000000000000000, 1.000000000000000000 ) ) ;
#1262 = DIRECTION ( 'NONE',  ( 0.000000000000000000, 0.000000000000000000, 1.000000000000000000 ) ) ;
#1263 = EDGE_LOOP ( 'NONE', ( #1427, #4411, #1144, #944 ) ) ;
#1264 = LINE ( 'NONE', #863, #1280 ) ;
#1265 = DIRECTION ( 'NONE',  ( 1.000000000000000000, 0.000000000000000000, 0.000000000000000000 ) ) ;
#1266 = DIRECTION ( 'NONE',  ( 0.000000000000000000, 0.000000000000000000, -1.000000000000000000 ) ) ;
#1267 = AXIS2_PLACEMENT_3D ( 'NONE', #6, #416, #3275 ) ;
#1268 = EDGE_CURVE ( 'NONE', #4514, #2403, #2849, .T. ) ;
#1269 = DIRECTION ( 'NONE',  ( 3.310540984688565080E-16, 1.000000000000000000, 0.000000000000000000 ) ) ;
#1270 = AXIS2_PLACEMENT_3D ( 'NONE', #4107, #552, #2006 ) ;
#1271 = VERTEX_POINT ( 'NONE', #4367 ) ;
#1272 = ORIENTED_EDGE ( 'NONE', *, *, #273, .T. ) ;
#1273 = DIRECTION ( 'NONE',  ( 0.000000000000000000, 1.000000000000000000, 0.000000000000000000 ) ) ;
#1274 = ORIENTED_EDGE ( 'NONE', *, *, #4044, .F. ) ;
#1275 = PLANE ( 'NONE',  #1055 ) ;
#1276 = EDGE_CURVE ( 'NONE', #80, #3914, #2117, .T. ) ;
#1277 = DIRECTION ( 'NONE',  ( 1.495451272393800035E-16, -1.000000000000000000, 0.000000000000000000 ) ) ;
#1278 = ADVANCED_FACE ( 'NONE', ( #3973 ), #762, .F. ) ;
#1279 = VECTOR ( 'NONE', #1190, 1000.000000000000000 ) ;
#1280 = VECTOR ( 'NONE', #1980, 1000.000000000000000 ) ;
#1281 = FILL_AREA_STYLE ('',( #2312 ) ) ;
#1282 = AXIS2_PLACEMENT_3D ( 'NONE', #1176, #3761, #4498 ) ;
#1283 = VECTOR ( 'NONE', #485, 1000.000000000000000 ) ;
#1284 = VECTOR ( 'NONE', #2897, 1000.000000000000000 ) ;
#1285 = EDGE_LOOP ( 'NONE', ( #4428, #2491 ) ) ;
#1286 = DIRECTION ( 'NONE',  ( -1.405264525413350645E-16, 0.9396926207859084279, 0.3420201433256686574 ) ) ;
#1287 = CARTESIAN_POINT ( 'NONE',  ( -3.795000000000000373, 2.620000000000000107, 2.000000000000000000 ) ) ;
#1288 = CIRCLE ( 'NONE', #2348, 0.2000000000000000111 ) ;
#1289 = ORIENTED_EDGE ( 'NONE', *, *, #3033, .F. ) ;
#1290 = FACE_OUTER_BOUND ( 'NONE', #2772, .T. ) ;
#1291 = EDGE_CURVE ( 'NONE', #4329, #975, #1056, .T. ) ;
#1292 = DIRECTION ( 'NONE',  ( 0.000000000000000000, -1.000000000000000000, 0.000000000000000000 ) ) ;
#1293 = ORIENTED_EDGE ( 'NONE', *, *, #4134, .F. ) ;
#1294 = CARTESIAN_POINT ( 'NONE',  ( 3.795000000000000373, 2.620000000000000107, 1.042499999999999982 ) ) ;
#1295 = CARTESIAN_POINT ( 'NONE',  ( -4.094999999999999751, -3.180000000000000160, -1.347499999999999920 ) ) ;
#1296 = PLANE ( 'NONE',  #2697 ) ;
#1297 = CARTESIAN_POINT ( 'NONE',  ( -3.844999999999999751, -3.180000000000000160, -3.732499999999999929 ) ) ;
#1298 = EDGE_CURVE ( 'NONE', #3465, #4217, #1430, .T. ) ;
#1299 = ORIENTED_EDGE ( 'NONE', *, *, #3924, .F. ) ;
#1300 = CARTESIAN_POINT ( 'NONE',  ( -3.795000000000000373, 2.620000000000000107, -3.582500000000000018 ) ) ;
#1301 = EDGE_LOOP ( 'NONE', ( #2379, #1310, #323, #1842 ) ) ;
#1302 = CARTESIAN_POINT ( 'NONE',  ( -3.844999999999999751, 0.2000000000000000111, -3.287500000000000089 ) ) ;
#1303 = CARTESIAN_POINT ( 'NONE',  ( 3.844999999999999751, -2.767878387081804892, -1.497499999999999831 ) ) ;
#1304 = SURFACE_STYLE_USAGE ( .BOTH. , #4558 ) ;
#1305 = EDGE_CURVE ( 'NONE', #2878, #4565, #1572, .T. ) ;
#1306 = ORIENTED_EDGE ( 'NONE', *, *, #1909, .F. ) ;
#1307 = ORIENTED_EDGE ( 'NONE', *, *, #2416, .T. ) ;
#1308 = LINE ( 'NONE', #4208, #1439 ) ;
#1309 = DIRECTION ( 'NONE',  ( 1.836970198721014650E-16, 1.000000000000000000, 0.000000000000000000 ) ) ;
#1310 = ORIENTED_EDGE ( 'NONE', *, *, #2536, .F. ) ;
#1311 = LINE ( 'NONE', #4257, #206 ) ;
#1312 = ORIENTED_EDGE ( 'NONE', *, *, #1711, .T. ) ;
#1313 = CARTESIAN_POINT ( 'NONE',  ( 4.094999999999999751, -2.767878387081804892, -4.037500000000000533 ) ) ;
#1314 = DIRECTION ( 'NONE',  ( 0.000000000000000000, 0.000000000000000000, -1.000000000000000000 ) ) ;
#1315 = CARTESIAN_POINT ( 'NONE',  ( -3.844999999999999751, 0.2000000000000000111, 2.000000000000000000 ) ) ;
#1316 = UNCERTAINTY_MEASURE_WITH_UNIT (LENGTH_MEASURE( 1.000000000000000082E-05 ), #1906, 'distance_accuracy_value', 'NONE');
#1317 = ADVANCED_FACE ( 'NONE', ( #4714 ), #4662, .F. ) ;
#1318 = CARTESIAN_POINT ( 'NONE',  ( -3.795000000000000373, 2.620000000000000107, -1.042499999999999982 ) ) ;
#1319 = VERTEX_POINT ( 'NONE', #4348 ) ;
#1320 = DIRECTION ( 'NONE',  ( 0.000000000000000000, 0.000000000000000000, -1.000000000000000000 ) ) ;
#1321 = ORIENTED_EDGE ( 'NONE', *, *, #3033, .T. ) ;
#1322 = DIRECTION ( 'NONE',  ( -3.310540984688565080E-16, -1.000000000000000000, 0.000000000000000000 ) ) ;
#1323 = DIRECTION ( 'NONE',  ( 0.000000000000000000, 1.000000000000000000, 0.000000000000000000 ) ) ;
#1324 = ADVANCED_FACE ( 'NONE', ( #1098 ), #352, .T. ) ;
#1325 = CARTESIAN_POINT ( 'NONE',  ( 3.844999999999999751, -2.547265342226494947E-16, -0.5400000000000000355 ) ) ;
#1326 = CARTESIAN_POINT ( 'NONE',  ( -3.795000000000000373, 2.620000000000000107, -3.087499999999999911 ) ) ;
#1327 = ADVANCED_FACE ( 'NONE', ( #738 ), #2830, .T. ) ;
#1328 = VERTEX_POINT ( 'NONE', #3925 ) ;
#1329 = CARTESIAN_POINT ( 'NONE',  ( -4.094999999999999751, 2.620000000000000107, -3.582500000000000018 ) ) ;
#1330 = ADVANCED_FACE ( 'NONE', ( #1400 ), #2185, .F. ) ;
#1331 = CARTESIAN_POINT ( 'NONE',  ( -3.795000000000000373, 2.620000000000000107, -3.087499999999999911 ) ) ;
#1332 = ORIENTED_EDGE ( 'NONE', *, *, #3456, .T. ) ;
#1333 = CARTESIAN_POINT ( 'NONE',  ( 3.174999999999999822, 2.669999999999999929, 1.497499999999999831 ) ) ;
#1334 = CARTESIAN_POINT ( 'NONE',  ( -3.174999999999999822, 5.080000000000000071, 4.491431797042834795 ) ) ;
#1335 = DIRECTION ( 'NONE',  ( -1.405264525413350645E-16, -0.9396926207859084279, 0.3420201433256686574 ) ) ;
#1336 = FACE_OUTER_BOUND ( 'NONE', #3187, .T. ) ;
#1337 = VERTEX_POINT ( 'NONE', #8 ) ;
#1338 = CARTESIAN_POINT ( 'NONE',  ( -3.844999999999999751, 2.620000000000000107, -0.5400000000000000355 ) ) ;
#1339 = VERTEX_POINT ( 'NONE', #693 ) ;
#1340 = PRESENTATION_LAYER_ASSIGNMENT (  '', '', ( #2998 ) ) ;
#1341 = CARTESIAN_POINT ( 'NONE',  ( 3.795000000000000373, 2.919999999999999929, 3.087499999999999911 ) ) ;
#1342 = DIRECTION ( 'NONE',  ( -1.000000000000000000, 0.000000000000000000, 0.000000000000000000 ) ) ;
#1343 = PRESENTATION_LAYER_ASSIGNMENT (  '', '', ( #1049 ) ) ;
#1344 = PLANE ( 'NONE',  #1346 ) ;
#1345 = EDGE_CURVE ( 'NONE', #2221, #3250, #308, .T. ) ;
#1346 = AXIS2_PLACEMENT_3D ( 'NONE', #247, #294, #3191 ) ;
#1347 = CARTESIAN_POINT ( 'NONE',  ( -3.844999999999999751, -3.180000000000000160, -1.192499999999999893 ) ) ;
#1348 = ORIENTED_EDGE ( 'NONE', *, *, #4492, .F. ) ;
#1349 = VECTOR ( 'NONE', #3515, 1000.000000000000000 ) ;
#1350 = VECTOR ( 'NONE', #1874, 1000.000000000000000 ) ;
#1351 = EDGE_CURVE ( 'NONE', #261, #4201, #1122, .T. ) ;
#1352 = ORIENTED_EDGE ( 'NONE', *, *, #3504, .F. ) ;
#1353 = CARTESIAN_POINT ( 'NONE',  ( 2.871431797042835132, 0.5100000000000000089, -4.794999999999999929 ) ) ;
#1354 = VECTOR ( 'NONE', #1837, 1000.000000000000000 ) ;
#1355 = VECTOR ( 'NONE', #3881, 1000.000000000000000 ) ;
#1356 = DIRECTION ( 'NONE',  ( 0.000000000000000000, 0.000000000000000000, -1.000000000000000000 ) ) ;
#1357 = ADVANCED_FACE ( 'NONE', ( #1218 ), #61, .F. ) ;
#1358 = ORIENTED_EDGE ( 'NONE', *, *, #3942, .F. ) ;
#1359 = DIRECTION ( 'NONE',  ( 1.000000000000000000, 0.000000000000000000, 0.000000000000000000 ) ) ;
#1360 = DIRECTION ( 'NONE',  ( 0.000000000000000000, 0.000000000000000000, 1.000000000000000000 ) ) ;
#1361 = CARTESIAN_POINT ( 'NONE',  ( 4.094999999999999751, -3.180000000000000160, 1.192499999999999893 ) ) ;
#1362 = AXIS2_PLACEMENT_3D ( 'NONE', #733, #711, #3200 ) ;
#1363 = LINE ( 'NONE', #2811, #4088 ) ;
#1364 = VERTEX_POINT ( 'NONE', #2275 ) ;
#1365 = DIRECTION ( 'NONE',  ( 0.000000000000000000, 0.000000000000000000, -1.000000000000000000 ) ) ;
#1366 = VECTOR ( 'NONE', #75, 1000.000000000000000 ) ;
#1367 = ORIENTED_EDGE ( 'NONE', *, *, #1909, .T. ) ;
#1368 = CARTESIAN_POINT ( 'NONE',  ( 4.094999999999999751, -3.180000000000000160, -1.347499999999999920 ) ) ;
#1369 = LINE ( 'NONE', #291, #298 ) ;
#1370 = VECTOR ( 'NONE', #722, 1000.000000000000000 ) ;
#1371 = CARTESIAN_POINT ( 'NONE',  ( 3.795000000000000373, 2.620000000000000107, 0.5400000000000000355 ) ) ;
#1372 = EDGE_CURVE ( 'NONE', #2513, #2919, #2607, .T. ) ;
#1373 = ORIENTED_EDGE ( 'NONE', *, *, #3346, .T. ) ;
#1374 = DIRECTION ( 'NONE',  ( -1.000000000000000000, 0.000000000000000000, 0.000000000000000000 ) ) ;
#1375 = EDGE_CURVE ( 'NONE', #4408, #682, #1519, .T. ) ;
#1376 = CARTESIAN_POINT ( 'NONE',  ( 3.844999999999999751, 2.620000000000000107, 4.037500000000000533 ) ) ;
#1377 = VERTEX_POINT ( 'NONE', #3752 ) ;
#1378 = CARTESIAN_POINT ( 'NONE',  ( -3.795000000000000373, 2.669999999999999929, -0.5400000000000000355 ) ) ;
#1379 = FACE_OUTER_BOUND ( 'NONE', #1233, .T. ) ;
#1380 = CARTESIAN_POINT ( 'NONE',  ( 3.844999999999999751, -2.767878387081804892, 1.042499999999999982 ) ) ;
#1381 = DIRECTION ( 'NONE',  ( 1.405264525413350645E-16, 0.9396926207859084279, -0.3420201433256686574 ) ) ;
#1382 = EDGE_LOOP ( 'NONE', ( #4199, #912, #1896, #1001 ) ) ;
#1383 = VERTEX_POINT ( 'NONE', #4045 ) ;
#1384 = CARTESIAN_POINT ( 'NONE',  ( 3.844999999999999751, 0.2000000000000000111, 0.7399999999999999911 ) ) ;
#1385 = EDGE_LOOP ( 'NONE', ( #2762, #371, #1735, #72 ) ) ;
#1386 = LINE ( 'NONE', #1406, #2488 ) ;
#1387 = DIRECTION ( 'NONE',  ( 0.000000000000000000, 0.000000000000000000, -1.000000000000000000 ) ) ;
#1388 = ORIENTED_EDGE ( 'NONE', *, *, #1093, .F. ) ;
#1389 = FACE_OUTER_BOUND ( 'NONE', #2519, .T. ) ;
#1390 = DIRECTION ( 'NONE',  ( 1.000000000000000000, 6.994852725712920381E-16, 0.000000000000000000 ) ) ;
#1391 = ORIENTED_EDGE ( 'NONE', *, *, #257, .T. ) ;
#1392 = EDGE_CURVE ( 'NONE', #2320, #657, #2967, .T. ) ;
#1393 = PLANE ( 'NONE',  #3106 ) ;
#1394 = VERTEX_POINT ( 'NONE', #3679 ) ;
#1395 = VERTEX_POINT ( 'NONE', #4418 ) ;
#1396 = EDGE_CURVE ( 'NONE', #4141, #1100, #3732, .T. ) ;
#1397 = CARTESIAN_POINT ( 'NONE',  ( -3.795000000000000373, 2.620000000000000107, -1.497499999999999831 ) ) ;
#1398 = CARTESIAN_POINT ( 'NONE',  ( -3.795000000000000373, 2.919999999999999929, -3.582500000000000018 ) ) ;
#1399 = ORIENTED_EDGE ( 'NONE', *, *, #2747, .T. ) ;
#1400 = FACE_OUTER_BOUND ( 'NONE', #871, .T. ) ;
#1401 = ORIENTED_EDGE ( 'NONE', *, *, #772, .T. ) ;
#1402 = DIRECTION ( 'NONE',  ( 0.1378445374916290045, 0.9808148484639889197, -0.1378445374916290045 ) ) ;
#1403 = ORIENTED_EDGE ( 'NONE', *, *, #567, .F. ) ;
#1404 = EDGE_CURVE ( 'NONE', #3748, #2088, #2659, .T. ) ;
#1405 = ADVANCED_FACE ( 'NONE', ( #1168 ), #3351, .F. ) ;
#1406 = CARTESIAN_POINT ( 'NONE',  ( 4.094999999999999751, -3.006507891906749780E-16, -0.5400000000000000355 ) ) ;
#1407 = CARTESIAN_POINT ( 'NONE',  ( 3.844999999999999751, -2.547265342226494947E-16, -3.079999999999999627 ) ) ;
#1408 = ORIENTED_EDGE ( 'NONE', *, *, #4389, .F. ) ;
#1409 = LINE ( 'NONE', #3667, #1725 ) ;
#1410 = DIRECTION ( 'NONE',  ( -1.000000000000000000, 0.000000000000000000, 0.000000000000000000 ) ) ;
#1411 = EDGE_CURVE ( 'NONE', #1757, #2161, #4065, .T. ) ;
#1412 = ADVANCED_FACE ( 'NONE', ( #4139 ), #1493, .F. ) ;
#1413 = CARTESIAN_POINT ( 'NONE',  ( 3.795000000000000373, -2.767878387081804892, 1.497499999999999831 ) ) ;
#1414 = DIRECTION ( 'NONE',  ( 6.994852725712920381E-16, 1.000000000000000000, 0.000000000000000000 ) ) ;
#1415 = VECTOR ( 'NONE', #1567, 1000.000000000000000 ) ;
#1416 = VECTOR ( 'NONE', #2455, 1000.000000000000000 ) ;
#1417 = VECTOR ( 'NONE', #1426, 1000.000000000000000 ) ;
#1418 = ORIENTED_EDGE ( 'NONE', *, *, #346, .F. ) ;
#1419 = VECTOR ( 'NONE', #2138, 1000.000000000000000 ) ;
#1420 = VECTOR ( 'NONE', #3782, 1000.000000000000000 ) ;
#1421 = CIRCLE ( 'NONE', #43, 0.2000000000000000111 ) ;
#1422 = ORIENTED_EDGE ( 'NONE', *, *, #4485, .T. ) ;
#1423 = VECTOR ( 'NONE', #3489, 1000.000000000000000 ) ;
#1424 = ORIENTED_EDGE ( 'NONE', *, *, #2094, .F. ) ;
#1425 = LINE ( 'NONE', #3603, #4096 ) ;
#1426 = DIRECTION ( 'NONE',  ( -1.000000000000000000, 1.836970198721014650E-16, 0.000000000000000000 ) ) ;
#1427 = ORIENTED_EDGE ( 'NONE', *, *, #3801, .T. ) ;
#1428 = VECTOR ( 'NONE', #3429, 1000.000000000000227 ) ;
#1429 = ADVANCED_FACE ( 'NONE', ( #445 ), #1946, .T. ) ;
#1430 = LINE ( 'NONE', #3639, #2714 ) ;
#1431 = ORIENTED_EDGE ( 'NONE', *, *, #930, .F. ) ;
#1432 = DIRECTION ( 'NONE',  ( -1.000000000000000000, -1.495451272393800035E-16, 0.000000000000000000 ) ) ;
#1433 = ORIENTED_EDGE ( 'NONE', *, *, #834, .T. ) ;
#1434 = DIRECTION ( 'NONE',  ( -1.405264525413350645E-16, -0.9396926207859084279, 0.3420201433256686574 ) ) ;
#1435 = AXIS2_PLACEMENT_3D ( 'NONE', #1450, #375, #3902 ) ;
#1436 = PLANE ( 'NONE',  #838 ) ;
#1437 = EDGE_LOOP ( 'NONE', ( #3912, #2620, #1025, #4306 ) ) ;
#1438 = EDGE_CURVE ( 'NONE', #4188, #1383, #818, .T. ) ;
#1439 = VECTOR ( 'NONE', #3055, 1000.000000000000000 ) ;
#1440 = CARTESIAN_POINT ( 'NONE',  ( -3.795000000000000373, 2.919999999999999929, -0.5400000000000000355 ) ) ;
#1441 = CARTESIAN_POINT ( 'NONE',  ( 3.174999999999999822, 2.919999999999999929, -1.042499999999999982 ) ) ;
#1442 = ORIENTED_EDGE ( 'NONE', *, *, #2954, .F. ) ;
#1443 = CARTESIAN_POINT ( 'NONE',  ( -4.094999999999999751, 2.620000000000000107, 1.497499999999999831 ) ) ;
#1444 = DIRECTION ( 'NONE',  ( 1.000000000000000000, -6.994852725712920381E-16, 0.000000000000000000 ) ) ;
#1445 = VECTOR ( 'NONE', #2211, 1000.000000000000000 ) ;
#1446 = EDGE_CURVE ( 'NONE', #4698, #1918, #2945, .T. ) ;
#1447 = EDGE_LOOP ( 'NONE', ( #1399, #1959, #2151, #3151, #391, #573, #1104, #1030, #3223 ) ) ;
#1448 = ORIENTED_EDGE ( 'NONE', *, *, #3879, .F. ) ;
#1449 = ORIENTED_EDGE ( 'NONE', *, *, #1605, .T. ) ;
#1450 = CARTESIAN_POINT ( 'NONE',  ( 3.844999999999999751, -3.180000000000000160, 1.497499999999999831 ) ) ;
#1451 = DIRECTION ( 'NONE',  ( 1.405264525413350645E-16, -0.9396926207859084279, -0.3420201433256686574 ) ) ;
#1452 = DIRECTION ( 'NONE',  ( 1.000000000000000000, 0.000000000000000000, 0.000000000000000000 ) ) ;
#1453 = LINE ( 'NONE', #2918, #2481 ) ;
#1454 = VERTEX_POINT ( 'NONE', #839 ) ;
#1455 = CARTESIAN_POINT ( 'NONE',  ( -3.795000000000000373, 0.2000000000000000111, -2.000000000000000000 ) ) ;
#1456 = EDGE_CURVE ( 'NONE', #4365, #261, #4611, .T. ) ;
#1457 = DIRECTION ( 'NONE',  ( -0.1378445374916290045, 0.9808148484639889197, -0.1378445374916290045 ) ) ;
#1458 = ORIENTED_EDGE ( 'NONE', *, *, #640, .T. ) ;
#1459 = FACE_OUTER_BOUND ( 'NONE', #1940, .T. ) ;
#1460 = CARTESIAN_POINT ( 'NONE',  ( -3.844999999999999751, -2.547265342226494947E-16, -0.5400000000000000355 ) ) ;
#1461 = PLANE ( 'NONE',  #3391 ) ;
#1462 = LINE ( 'NONE', #1789, #1484 ) ;
#1463 = ADVANCED_FACE ( 'NONE', ( #4468 ), #860, .T. ) ;
#1464 = VERTEX_POINT ( 'NONE', #3330 ) ;
#1465 = VERTEX_POINT ( 'NONE', #1241 ) ;
#1466 = EDGE_CURVE ( 'NONE', #1232, #342, #1148, .T. ) ;
#1467 = CARTESIAN_POINT ( 'NONE',  ( -3.844999999999999751, -3.180000000000000160, 1.192499999999999893 ) ) ;
#1468 = LINE ( 'NONE', #2916, #652 ) ;
#1469 = EDGE_LOOP ( 'NONE', ( #2579, #2986, #1907, #874, #919, #1071, #934, #3957 ) ) ;
#1470 = CARTESIAN_POINT ( 'NONE',  ( -3.795000000000000373, 2.919999999999999929, 4.037500000000000533 ) ) ;
#1471 = FACE_OUTER_BOUND ( 'NONE', #3743, .T. ) ;
#1472 = ORIENTED_EDGE ( 'NONE', *, *, #3924, .T. ) ;
#1473 = PLANE ( 'NONE',  #2934 ) ;
#1474 = LINE ( 'NONE', #3188, #3097 ) ;
#1475 = DIRECTION ( 'NONE',  ( 0.000000000000000000, 1.000000000000000000, 0.000000000000000000 ) ) ;
#1476 = ORIENTED_EDGE ( 'NONE', *, *, #1133, .T. ) ;
#1477 = CARTESIAN_POINT ( 'NONE',  ( 4.094999999999999751, -2.767878387081804892, -1.042499999999999982 ) ) ;
#1478 = LINE ( 'NONE', #1066, #3921 ) ;
#1479 = ORIENTED_EDGE ( 'NONE', *, *, #2179, .F. ) ;
#1480 = FACE_OUTER_BOUND ( 'NONE', #2973, .T. ) ;
#1481 = CARTESIAN_POINT ( 'NONE',  ( 3.795000000000000373, 2.620000000000000107, -2.000000000000000000 ) ) ;
#1482 = DIRECTION ( 'NONE',  ( 0.000000000000000000, 1.000000000000000000, 0.000000000000000000 ) ) ;
#1483 = ADVANCED_FACE ( 'NONE', ( #4192 ), #4564, .F. ) ;
#1484 = VECTOR ( 'NONE', #4674, 1000.000000000000000 ) ;
#1485 = ORIENTED_EDGE ( 'NONE', *, *, #479, .T. ) ;
#1486 = VECTOR ( 'NONE', #1704, 1000.000000000000000 ) ;
#1487 = VERTEX_POINT ( 'NONE', #1610 ) ;
#1488 = CARTESIAN_POINT ( 'NONE',  ( 3.844999999999999751, -2.767878387081804892, -1.042499999999999982 ) ) ;
#1489 = VECTOR ( 'NONE', #2226, 1000.000000000000000 ) ;
#1490 = DIRECTION ( 'NONE',  ( 0.000000000000000000, 0.000000000000000000, -1.000000000000000000 ) ) ;
#1491 = AXIS2_PLACEMENT_3D ( 'NONE', #2188, #4372, #3644 ) ;
#1492 = ADVANCED_FACE ( 'NONE', ( #2440 ), #1681, .T. ) ;
#1493 = PLANE ( 'NONE',  #2863 ) ;
#1494 = CIRCLE ( 'NONE', #127, 0.3000000000000003775 ) ;
#1495 = FACE_OUTER_BOUND ( 'NONE', #2218, .T. ) ;
#1496 = ORIENTED_EDGE ( 'NONE', *, *, #178, .T. ) ;
#1497 = LINE ( 'NONE', #787, #4530 ) ;
#1498 = DIRECTION ( 'NONE',  ( 1.000000000000000000, -1.836970198721014650E-16, 0.000000000000000000 ) ) ;
#1499 = CARTESIAN_POINT ( 'NONE',  ( 3.174999999999999822, 2.669999999999999929, -1.042499999999999982 ) ) ;
#1500 = VERTEX_POINT ( 'NONE', #3898 ) ;
#1501 = AXIS2_PLACEMENT_3D ( 'NONE', #3869, #262, #3517 ) ;
#1502 = MECHANICAL_DESIGN_GEOMETRIC_PRESENTATION_REPRESENTATION (  '', ( #2106 ), #3154 ) ;
#1503 = LINE ( 'NONE', #4405, #2252 ) ;
#1504 = FACE_OUTER_BOUND ( 'NONE', #2656, .T. ) ;
#1505 = VECTOR ( 'NONE', #2584, 1000.000000000000000 ) ;
#1506 = EDGE_LOOP ( 'NONE', ( #2511, #3325, #696, #460 ) ) ;
#1507 = DIRECTION ( 'NONE',  ( 0.000000000000000000, 0.000000000000000000, -1.000000000000000000 ) ) ;
#1508 = FACE_OUTER_BOUND ( 'NONE', #2349, .T. ) ;
#1509 = VECTOR ( 'NONE', #2650, 1000.000000000000000 ) ;
#1510 = DIRECTION ( 'NONE',  ( 0.000000000000000000, -1.000000000000000000, 0.000000000000000000 ) ) ;
#1511 = VECTOR ( 'NONE', #4104, 1000.000000000000000 ) ;
#1512 = EDGE_LOOP ( 'NONE', ( #3909, #184, #1401, #1014 ) ) ;
#1513 = EDGE_CURVE ( 'NONE', #2088, #3465, #4462, .T. ) ;
#1514 = AXIS2_PLACEMENT_3D ( 'NONE', #1407, #4310, #745 ) ;
#1515 = ORIENTED_EDGE ( 'NONE', *, *, #3434, .T. ) ;
#1516 = LINE ( 'NONE', #4416, #3176 ) ;
#1517 = CARTESIAN_POINT ( 'NONE',  ( -3.795000000000000373, 2.669999999999999929, 0.5400000000000000355 ) ) ;
#1518 = EDGE_CURVE ( 'NONE', #2831, #1660, #935, .T. ) ;
#1519 = LINE ( 'NONE', #784, #201 ) ;
#1520 = DIRECTION ( 'NONE',  ( 0.000000000000000000, -1.000000000000000000, 0.000000000000000000 ) ) ;
#1521 = ORIENTED_EDGE ( 'NONE', *, *, #23, .T. ) ;
#1522 = CARTESIAN_POINT ( 'NONE',  ( 3.844999999999999751, 2.620000000000000107, -1.497499999999999831 ) ) ;
#1523 = DIRECTION ( 'NONE',  ( 0.000000000000000000, 0.000000000000000000, -1.000000000000000000 ) ) ;
#1524 = LINE ( 'NONE', #528, #1511 ) ;
#1525 = EDGE_CURVE ( 'NONE', #835, #3406, #3464, .T. ) ;
#1526 = ORIENTED_EDGE ( 'NONE', *, *, #1525, .T. ) ;
#1527 = CARTESIAN_POINT ( 'NONE',  ( 3.174999999999999822, 2.919999999999999929, 4.794999999999999929 ) ) ;
#1528 = CARTESIAN_POINT ( 'NONE',  ( 3.844999999999999751, 2.620000000000000107, 0.5400000000000000355 ) ) ;
#1529 = DIRECTION ( 'NONE',  ( 1.000000000000000000, 0.000000000000000000, 0.000000000000000000 ) ) ;
#1530 = CARTESIAN_POINT ( 'NONE',  ( 4.094999999999999751, 2.620000000000000107, -1.042499999999999982 ) ) ;
#1531 =( NAMED_UNIT ( * ) PLANE_ANGLE_UNIT ( ) SI_UNIT ( $, .RADIAN. ) );
#1532 = DIRECTION ( 'NONE',  ( -1.000000000000000000, 0.000000000000000000, 0.000000000000000000 ) ) ;
#1533 = ADVANCED_FACE ( 'NONE', ( #1290 ), #2704, .T. ) ;
#1534 = ORIENTED_EDGE ( 'NONE', *, *, #3802, .F. ) ;
#1535 = DIRECTION ( 'NONE',  ( -1.000000000000000000, 0.000000000000000000, 0.000000000000000000 ) ) ;
#1536 = LINE ( 'NONE', #2317, #812 ) ;
#1537 = CARTESIAN_POINT ( 'NONE',  ( -3.795000000000000373, 2.620000000000000107, -4.037500000000000533 ) ) ;
#1538 = EDGE_CURVE ( 'NONE', #3219, #433, #1700, .T. ) ;
#1539 = CARTESIAN_POINT ( 'NONE',  ( 3.795000000000000373, 2.620000000000000107, 3.087499999999999911 ) ) ;
#1540 = ORIENTED_EDGE ( 'NONE', *, *, #1133, .F. ) ;
#1541 = CARTESIAN_POINT ( 'NONE',  ( -3.174999999999999822, 2.669999999999999929, -0.5400000000000000355 ) ) ;
#1542 = LINE ( 'NONE', #4443, #2799 ) ;
#1543 = DIRECTION ( 'NONE',  ( 0.000000000000000000, -1.000000000000000000, 0.000000000000000000 ) ) ;
#1544 = ORIENTED_EDGE ( 'NONE', *, *, #3727, .T. ) ;
#1545 = DIRECTION ( 'NONE',  ( -1.836970198721014650E-16, 1.000000000000000000, 0.000000000000000000 ) ) ;
#1546 = EDGE_CURVE ( 'NONE', #3032, #4676, #3861, .T. ) ;
#1547 = PLANE ( 'NONE',  #4230 ) ;
#1548 = ORIENTED_EDGE ( 'NONE', *, *, #3756, .T. ) ;
#1549 = CARTESIAN_POINT ( 'NONE',  ( 3.174999999999999822, 2.919999999999999929, -2.000000000000000000 ) ) ;
#1550 = CARTESIAN_POINT ( 'NONE',  ( -3.844999999999999751, 2.620000000000000107, 1.497499999999999831 ) ) ;
#1551 = ORIENTED_EDGE ( 'NONE', *, *, #560, .F. ) ;
#1552 = EDGE_CURVE ( 'NONE', #2539, #2604, #4165, .T. ) ;
#1553 = EDGE_CURVE ( 'NONE', #588, #1, #1997, .T. ) ;
#1554 = ORIENTED_EDGE ( 'NONE', *, *, #4290, .F. ) ;
#1555 = ORIENTED_EDGE ( 'NONE', *, *, #3781, .T. ) ;
#1556 = ORIENTED_EDGE ( 'NONE', *, *, #3074, .F. ) ;
#1557 = DIRECTION ( 'NONE',  ( 0.000000000000000000, -1.000000000000000000, 0.000000000000000000 ) ) ;
#1558 = CARTESIAN_POINT ( 'NONE',  ( 4.094999999999999751, 2.620000000000000107, -2.000000000000000000 ) ) ;
#1559 = VECTOR ( 'NONE', #1665, 1000.000000000000000 ) ;
#1560 = DIRECTION ( 'NONE',  ( 0.000000000000000000, 0.000000000000000000, -1.000000000000000000 ) ) ;
#1561 = DIRECTION ( 'NONE',  ( -1.000000000000000000, 0.000000000000000000, 0.000000000000000000 ) ) ;
#1562 = AXIS2_PLACEMENT_3D ( 'NONE', #1694, #1716, #2839 ) ;
#1563 = ORIENTED_EDGE ( 'NONE', *, *, #3749, .T. ) ;
#1564 = VECTOR ( 'NONE', #157, 1000.000000000000000 ) ;
#1565 = DIRECTION ( 'NONE',  ( 1.000000000000000000, 0.000000000000000000, 0.000000000000000000 ) ) ;
#1566 = DIRECTION ( 'NONE',  ( 1.000000000000000000, 0.000000000000000000, 0.000000000000000000 ) ) ;
#1567 = DIRECTION ( 'NONE',  ( 0.000000000000000000, 0.000000000000000000, -1.000000000000000000 ) ) ;
#1568 = DIRECTION ( 'NONE',  ( -1.000000000000000000, 0.000000000000000000, 0.000000000000000000 ) ) ;
#1569 = ORIENTED_EDGE ( 'NONE', *, *, #2059, .T. ) ;
#1570 = EDGE_CURVE ( 'NONE', #1085, #3306, #3112, .T. ) ;
#1571 = AXIS2_PLACEMENT_3D ( 'NONE', #3083, #183, #3440 ) ;
#1572 = CIRCLE ( 'NONE', #2483, 0.2705138606503881826 ) ;
#1573 = CARTESIAN_POINT ( 'NONE',  ( -4.094999999999999751, -3.180000000000000160, -1.192499999999999893 ) ) ;
#1574 = CARTESIAN_POINT ( 'NONE',  ( -3.844999999999999751, 2.620000000000000107, -1.042499999999999982 ) ) ;
#1575 = ORIENTED_EDGE ( 'NONE', *, *, #273, .F. ) ;
#1576 = VECTOR ( 'NONE', #3836, 1000.000000000000000 ) ;
#1577 = DIRECTION ( 'NONE',  ( 0.000000000000000000, 0.000000000000000000, -1.000000000000000000 ) ) ;
#1578 = PLANE ( 'NONE',  #2192 ) ;
#1579 = ORIENTED_EDGE ( 'NONE', *, *, #841, .F. ) ;
#1580 = EDGE_CURVE ( 'NONE', #4360, #3955, #667, .T. ) ;
#1581 = AXIS2_PLACEMENT_3D ( 'NONE', #477, #2263, #456 ) ;
#1582 = CARTESIAN_POINT ( 'NONE',  ( -3.844999999999999751, -2.547265342226494947E-16, -2.000000000000000000 ) ) ;
#1583 = VECTOR ( 'NONE', #82, 1000.000000000000000 ) ;
#1584 = CIRCLE ( 'NONE', #1212, 0.2000000000000000111 ) ;
#1585 = ORIENTED_EDGE ( 'NONE', *, *, #2162, .T. ) ;
#1586 = CARTESIAN_POINT ( 'NONE',  ( 3.844999999999999751, 0.2000000000000000111, -0.5400000000000000355 ) ) ;
#1587 = LINE ( 'NONE', #3035, #2785 ) ;
#1588 = AXIS2_PLACEMENT_3D ( 'NONE', #2384, #1342, #4556 ) ;
#1589 = CARTESIAN_POINT ( 'NONE',  ( -3.795000000000000373, 2.620000000000000107, 4.037500000000000533 ) ) ;
#1590 = LINE ( 'NONE', #3352, #3318 ) ;
#1591 = ORIENTED_EDGE ( 'NONE', *, *, #88, .F. ) ;
#1592 = DIRECTION ( 'NONE',  ( -0.000000000000000000, 0.3420201433256686574, 0.9396926207859084279 ) ) ;
#1593 = DIRECTION ( 'NONE',  ( 0.000000000000000000, 0.000000000000000000, -1.000000000000000000 ) ) ;
#1594 = CARTESIAN_POINT ( 'NONE',  ( -3.174999999999999822, 2.669999999999999929, -4.794999999999999929 ) ) ;
#1595 = VERTEX_POINT ( 'NONE', #4210 ) ;
#1596 = DIRECTION ( 'NONE',  ( -0.000000000000000000, 0.3420201433256686574, 0.9396926207859084279 ) ) ;
#1597 = VERTEX_POINT ( 'NONE', #593 ) ;
#1598 = DIRECTION ( 'NONE',  ( 1.000000000000000000, -1.836970198721014650E-16, 0.000000000000000000 ) ) ;
#1599 = ORIENTED_EDGE ( 'NONE', *, *, #25, .F. ) ;
#1600 = EDGE_CURVE ( 'NONE', #3375, #159, #209, .T. ) ;
#1601 = DIRECTION ( 'NONE',  ( 1.000000000000000000, -6.994852725712920381E-16, 0.000000000000000000 ) ) ;
#1602 = FACE_OUTER_BOUND ( 'NONE', #624, .T. ) ;
#1603 = EDGE_CURVE ( 'NONE', #162, #4375, #3809, .T. ) ;
#1604 = ORIENTED_EDGE ( 'NONE', *, *, #2750, .T. ) ;
#1605 = EDGE_CURVE ( 'NONE', #3545, #1500, #1311, .T. ) ;
#1606 = ADVANCED_FACE ( 'NONE', ( #1004 ), #955, .F. ) ;
#1607 = ORIENTED_EDGE ( 'NONE', *, *, #538, .T. ) ;
#1608 = CARTESIAN_POINT ( 'NONE',  ( 3.795000000000000373, 2.620000000000000107, 1.497499999999999831 ) ) ;
#1609 = CARTESIAN_POINT ( 'NONE',  ( 3.844999999999999751, -2.547265342226494947E-16, 3.287500000000000089 ) ) ;
#1610 = CARTESIAN_POINT ( 'NONE',  ( 3.174999999999999822, 2.669999999999999929, -4.794999999999999929 ) ) ;
#1611 = EDGE_CURVE ( 'NONE', #728, #1143, #981, .T. ) ;
#1612 = CARTESIAN_POINT ( 'NONE',  ( -3.174999999999999822, 2.669999999999999929, -2.000000000000000000 ) ) ;
#1613 = EDGE_CURVE ( 'NONE', #173, #2840, #252, .T. ) ;
#1614 = ORIENTED_EDGE ( 'NONE', *, *, #908, .T. ) ;
#1615 = CARTESIAN_POINT ( 'NONE',  ( 3.844999999999999751, -2.547265342226494947E-16, -1.800000000000000044 ) ) ;
#1616 = LINE ( 'NONE', #1295, #1811 ) ;
#1617 = CARTESIAN_POINT ( 'NONE',  ( 3.844999999999999751, -2.547265342226494947E-16, 3.087499999999999911 ) ) ;
#1618 = DIRECTION ( 'NONE',  ( 1.000000000000000000, -6.994852725712920381E-16, 0.000000000000000000 ) ) ;
#1619 = ORIENTED_EDGE ( 'NONE', *, *, #2502, .T. ) ;
#1620 = DIRECTION ( 'NONE',  ( 1.000000000000000000, 0.000000000000000000, 0.000000000000000000 ) ) ;
#1621 = VERTEX_POINT ( 'NONE', #2823 ) ;
#1622 = CARTESIAN_POINT ( 'NONE',  ( -3.174999999999999822, 2.919999999999999929, -4.794999999999999929 ) ) ;
#1623 = PLANE ( 'NONE',  #2572 ) ;
#1624 = ORIENTED_EDGE ( 'NONE', *, *, #1600, .T. ) ;
#1625 = LINE ( 'NONE', #198, #4524 ) ;
#1626 = EDGE_CURVE ( 'NONE', #473, #769, #2635, .T. ) ;
#1627 = ORIENTED_EDGE ( 'NONE', *, *, #4145, .T. ) ;
#1628 = DIRECTION ( 'NONE',  ( -1.000000000000000000, 0.000000000000000000, 0.000000000000000000 ) ) ;
#1629 = CARTESIAN_POINT ( 'NONE',  ( -2.871431797042835132, 0.5100000000000000089, 4.491431797042834795 ) ) ;
#1630 = EDGE_CURVE ( 'NONE', #3306, #1018, #2109, .T. ) ;
#1631 = CIRCLE ( 'NONE', #2775, 0.2999999999999999334 ) ;
#1632 = DIRECTION ( 'NONE',  ( -1.405264525413350645E-16, 0.9396926207859084279, 0.3420201433256686574 ) ) ;
#1633 = CARTESIAN_POINT ( 'NONE',  ( 3.844999999999999751, 0.2000000000000000111, 0.7399999999999999911 ) ) ;
#1634 = VERTEX_POINT ( 'NONE', #1376 ) ;
#1635 = DIRECTION ( 'NONE',  ( 0.000000000000000000, 0.000000000000000000, -1.000000000000000000 ) ) ;
#1636 = DIRECTION ( 'NONE',  ( 1.000000000000000000, 0.000000000000000000, 0.000000000000000000 ) ) ;
#1637 = CYLINDRICAL_SURFACE ( 'NONE', #3999, 0.2000000000000000111 ) ;
#1638 = UNCERTAINTY_MEASURE_WITH_UNIT (LENGTH_MEASURE( 1.000000000000000082E-05 ), #1652, 'distance_accuracy_value', 'NONE');
#1639 = SHAPE_DEFINITION_REPRESENTATION ( #2508, #3720 ) ;
#1640 = ADVANCED_FACE ( 'NONE', ( #2911 ), #1111, .T. ) ;
#1641 = CARTESIAN_POINT ( 'NONE',  ( -4.094999999999999751, -3.180000000000000160, -3.732499999999999929 ) ) ;
#1642 =( GEOMETRIC_REPRESENTATION_CONTEXT ( 3 ) GLOBAL_UNCERTAINTY_ASSIGNED_CONTEXT ( ( #987 ) ) GLOBAL_UNIT_ASSIGNED_CONTEXT ( ( #679, #2435, #4626 ) ) REPRESENTATION_CONTEXT ( 'NONE', 'WORKASPACE' ) );
#1643 = AXIS2_PLACEMENT_3D ( 'NONE', #4393, #1147, #2585 ) ;
#1644 = VERTEX_POINT ( 'NONE', #1841 ) ;
#1645 = DIRECTION ( 'NONE',  ( -1.000000000000000000, 0.000000000000000000, 0.000000000000000000 ) ) ;
#1646 = ORIENTED_EDGE ( 'NONE', *, *, #4544, .T. ) ;
#1647 = FILL_AREA_STYLE_COLOUR ( '', #3939 ) ;
#1648 = CARTESIAN_POINT ( 'NONE',  ( 4.094999999999999751, -3.180000000000000160, 1.192499999999999893 ) ) ;
#1649 = VECTOR ( 'NONE', #379, 1000.000000000000000 ) ;
#1650 = MANIFOLD_SOLID_BREP ( 'NONE', #4601 ) ;
#1651 = VECTOR ( 'NONE', #754, 1000.000000000000227 ) ;
#1652 =( LENGTH_UNIT ( ) NAMED_UNIT ( * ) SI_UNIT ( .MILLI., .METRE. ) );
#1653 = VECTOR ( 'NONE', #118, 1000.000000000000000 ) ;
#1654 = ORIENTED_EDGE ( 'NONE', *, *, #3101, .F. ) ;
#1655 = ADVANCED_FACE ( 'NONE', ( #4359 ), #633, .T. ) ;
#1656 = CARTESIAN_POINT ( 'NONE',  ( -3.174999999999999822, 2.919999999999999929, -1.042499999999999982 ) ) ;
#1657 = FACE_OUTER_BOUND ( 'NONE', #2030, .T. ) ;
#1658 = VECTOR ( 'NONE', #3164, 1000.000000000000000 ) ;
#1659 = DIRECTION ( 'NONE',  ( 1.405264525413350645E-16, -0.9396926207859084279, 0.3420201433256686574 ) ) ;
#1660 = VERTEX_POINT ( 'NONE', #1182 ) ;
#1661 = CARTESIAN_POINT ( 'NONE',  ( -3.795000000000000373, 2.669999999999999929, -2.000000000000000000 ) ) ;
#1662 = EDGE_CURVE ( 'NONE', #4180, #709, #3526, .T. ) ;
#1663 = VECTOR ( 'NONE', #647, 1000.000000000000000 ) ;
#1664 = LINE ( 'NONE', #236, #2949 ) ;
#1665 = DIRECTION ( 'NONE',  ( 0.000000000000000000, 0.000000000000000000, -1.000000000000000000 ) ) ;
#1666 = PRODUCT_CONTEXT ( 'NONE', #2183, 'mechanical' ) ;
#1667 = LINE ( 'NONE', #1687, #3543 ) ;
#1668 = ORIENTED_EDGE ( 'NONE', *, *, #1600, .F. ) ;
#1669 = ORIENTED_EDGE ( 'NONE', *, *, #585, .T. ) ;
#1670 = CYLINDRICAL_SURFACE ( 'NONE', #3158, 0.05000000000000012768 ) ;
#1671 = EDGE_LOOP ( 'NONE', ( #2475, #795, #2063, #4550, #2315, #2892, #1669, #4560 ) ) ;
#1672 = EDGE_CURVE ( 'NONE', #3068, #3990, #2080, .T. ) ;
#1673 = SURFACE_STYLE_USAGE ( .BOTH. , #4555 ) ;
#1674 = DIRECTION ( 'NONE',  ( 1.000000000000000000, 0.000000000000000000, 0.000000000000000000 ) ) ;
#1675 = CARTESIAN_POINT ( 'NONE',  ( 3.795000000000000373, 2.669999999999999929, -1.042499999999999982 ) ) ;
#1676 = EDGE_CURVE ( 'NONE', #2320, #835, #3246, .T. ) ;
#1677 =( NAMED_UNIT ( * ) SI_UNIT ( $, .STERADIAN. ) SOLID_ANGLE_UNIT ( ) );
#1678 = ORIENTED_EDGE ( 'NONE', *, *, #2512, .T. ) ;
#1679 = LINE ( 'NONE', #3806, #3254 ) ;
#1680 = ORIENTED_EDGE ( 'NONE', *, *, #2894, .F. ) ;
#1681 = PLANE ( 'NONE',  #1124 ) ;
#1682 = ORIENTED_EDGE ( 'NONE', *, *, #320, .T. ) ;
#1683 = DIRECTION ( 'NONE',  ( 0.000000000000000000, 0.000000000000000000, -1.000000000000000000 ) ) ;
#1684 = DIRECTION ( 'NONE',  ( -3.310540984688565080E-16, 1.000000000000000000, 0.000000000000000000 ) ) ;
#1685 = CARTESIAN_POINT ( 'NONE',  ( -2.161781006939595517, 5.080000000000000071, -4.102762009316060166 ) ) ;
#1686 = EDGE_CURVE ( 'NONE', #3871, #4375, #2200, .T. ) ;
#1687 = CARTESIAN_POINT ( 'NONE',  ( 3.844999999999999751, -3.180000000000000160, 3.732499999999999929 ) ) ;
#1688 = EDGE_LOOP ( 'NONE', ( #3263, #2004, #3602, #1198 ) ) ;
#1689 = FACE_OUTER_BOUND ( 'NONE', #2834, .T. ) ;
#1690 = ORIENTED_EDGE ( 'NONE', *, *, #1063, .T. ) ;
#1691 = CYLINDRICAL_SURFACE ( 'NONE', #4090, 0.2000000000000000111 ) ;
#1692 = CARTESIAN_POINT ( 'NONE',  ( -3.795000000000000373, 2.669999999999999929, 4.037500000000000533 ) ) ;
#1693 = EDGE_CURVE ( 'NONE', #2372, #657, #3197, .T. ) ;
#1694 = CARTESIAN_POINT ( 'NONE',  ( -3.795000000000000373, 2.620000000000000107, 1.042499999999999982 ) ) ;
#1695 = DIRECTION ( 'NONE',  ( 1.000000000000000000, 0.000000000000000000, 0.000000000000000000 ) ) ;
#1696 = ADVANCED_FACE ( 'NONE', ( #4655 ), #22, .F. ) ;
#1697 = ORIENTED_EDGE ( 'NONE', *, *, #3842, .F. ) ;
#1698 = DIRECTION ( 'NONE',  ( 1.000000000000000000, 1.495451272393800035E-16, 0.000000000000000000 ) ) ;
#1699 = EDGE_LOOP ( 'NONE', ( #4572, #2087, #1479, #1126 ) ) ;
#1700 = LINE ( 'NONE', #3058, #3324 ) ;
#1701 = ORIENTED_EDGE ( 'NONE', *, *, #3057, .F. ) ;
#1702 = CARTESIAN_POINT ( 'NONE',  ( -3.795000000000000373, 2.669999999999999929, 4.037500000000000533 ) ) ;
#1703 = DIRECTION ( 'NONE',  ( -1.495451272393800035E-16, 1.000000000000000000, 0.000000000000000000 ) ) ;
#1704 = DIRECTION ( 'NONE',  ( -1.000000000000000000, 0.000000000000000000, 0.000000000000000000 ) ) ;
#1705 = CARTESIAN_POINT ( 'NONE',  ( -2.161781006939595517, 5.080000000000000071, -3.561734288015280026 ) ) ;
#1706 = ORIENTED_EDGE ( 'NONE', *, *, #2388, .F. ) ;
#1707 = CARTESIAN_POINT ( 'NONE',  ( 3.174999999999999822, 2.669999999999999929, 0.5400000000000000355 ) ) ;
#1708 = ORIENTED_EDGE ( 'NONE', *, *, #3801, .F. ) ;
#1709 = VECTOR ( 'NONE', #610, 1000.000000000000000 ) ;
#1710 = DIRECTION ( 'NONE',  ( 1.000000000000000000, 0.000000000000000000, 0.000000000000000000 ) ) ;
#1711 = EDGE_CURVE ( 'NONE', #2745, #4336, #410, .T. ) ;
#1712 = CARTESIAN_POINT ( 'NONE',  ( -4.094999999999999751, 2.620000000000000107, 3.087499999999999911 ) ) ;
#1713 = ORIENTED_EDGE ( 'NONE', *, *, #3486, .T. ) ;
#1714 = PRESENTATION_LAYER_ASSIGNMENT (  '', '', ( #2552 ) ) ;
#1715 = VECTOR ( 'NONE', #1335, 1000.000000000000000 ) ;
#1716 = DIRECTION ( 'NONE',  ( 0.000000000000000000, 0.000000000000000000, 1.000000000000000000 ) ) ;
#1717 = AXIS2_PLACEMENT_3D ( 'NONE', #3227, #330, #3641 ) ;
#1718 = AXIS2_PLACEMENT_3D ( 'NONE', #2663, #139, #3371 ) ;
#1719 = EDGE_CURVE ( 'NONE', #4360, #1969, #3696, .T. ) ;
#1720 = VECTOR ( 'NONE', #848, 1000.000000000000000 ) ;
#1721 = VECTOR ( 'NONE', #4686, 1000.000000000000000 ) ;
#1722 = MANIFOLD_SOLID_BREP ( 'NONE', #1939 ) ;
#1723 = VERTEX_POINT ( 'NONE', #3769 ) ;
#1724 = DIRECTION ( 'NONE',  ( 0.000000000000000000, 0.1391731009600656321, -0.9902680687415703620 ) ) ;
#1725 = VECTOR ( 'NONE', #3980, 1000.000000000000000 ) ;
#1726 = DIRECTION ( 'NONE',  ( -1.000000000000000000, 0.000000000000000000, 0.000000000000000000 ) ) ;
#1727 = VECTOR ( 'NONE', #290, 1000.000000000000000 ) ;
#1728 = EDGE_LOOP ( 'NONE', ( #2060, #1021, #2609, #1793 ) ) ;
#1729 = CARTESIAN_POINT ( 'NONE',  ( 3.174999999999999822, 2.669999999999999929, 4.037500000000000533 ) ) ;
#1730 = CARTESIAN_POINT ( 'NONE',  ( -4.094999999999999751, -3.180000000000000160, 4.037500000000000533 ) ) ;
#1731 = PLANE ( 'NONE',  #3384 ) ;
#1732 = VECTOR ( 'NONE', #4516, 1000.000000000000000 ) ;
#1733 = MANIFOLD_SOLID_BREP ( 'NONE', #3217 ) ;
#1734 = CARTESIAN_POINT ( 'NONE',  ( 3.795000000000000373, 2.669999999999999929, -2.000000000000000000 ) ) ;
#1735 = ORIENTED_EDGE ( 'NONE', *, *, #1345, .T. ) ;
#1736 = CARTESIAN_POINT ( 'NONE',  ( 3.844999999999999751, -3.180000000000000160, 3.732499999999999929 ) ) ;
#1737 = VECTOR ( 'NONE', #4161, 1000.000000000000000 ) ;
#1738 = VERTEX_POINT ( 'NONE', #1991 ) ;
#1739 = PLANE ( 'NONE',  #1588 ) ;
#1740 = ORIENTED_EDGE ( 'NONE', *, *, #2562, .T. ) ;
#1741 =( GEOMETRIC_REPRESENTATION_CONTEXT ( 3 ) GLOBAL_UNCERTAINTY_ASSIGNED_CONTEXT ( ( #1316 ) ) GLOBAL_UNIT_ASSIGNED_CONTEXT ( ( #1906, #1954, #2687 ) ) REPRESENTATION_CONTEXT ( 'NONE', 'WORKASPACE' ) );
#1742 = MANIFOLD_SOLID_BREP ( 'NONE', #2995 ) ;
#1743 = ADVANCED_FACE ( 'NONE', ( #3382 ), #927, .F. ) ;
#1744 = LINE ( 'NONE', #3210, #810 ) ;
#1745 = EDGE_CURVE ( 'NONE', #4698, #4438, #3071, .T. ) ;
#1746 = VERTEX_POINT ( 'NONE', #4205 ) ;
#1747 = CARTESIAN_POINT ( 'NONE',  ( -3.795000000000000373, 2.620000000000000107, 3.087499999999999911 ) ) ;
#1748 = ADVANCED_FACE ( 'NONE', ( #3571 ), #1344, .F. ) ;
#1749 = ADVANCED_FACE ( 'NONE', ( #1389 ), #2794, .F. ) ;
#1750 = DIRECTION ( 'NONE',  ( 0.000000000000000000, 0.000000000000000000, -1.000000000000000000 ) ) ;
#1751 = EDGE_LOOP ( 'NONE', ( #4413, #1976, #1476, #4245 ) ) ;
#1752 = LINE ( 'NONE', #3919, #3698 ) ;
#1753 = PLANE ( 'NONE',  #2417 ) ;
#1754 = FACE_OUTER_BOUND ( 'NONE', #3064, .T. ) ;
#1755 = EDGE_CURVE ( 'NONE', #4630, #3950, #3913, .T. ) ;
#1756 = CARTESIAN_POINT ( 'NONE',  ( 3.795000000000000373, -2.767878387081804892, -1.497499999999999831 ) ) ;
#1757 = VERTEX_POINT ( 'NONE', #266 ) ;
#1758 = DIRECTION ( 'NONE',  ( 1.495451272393800035E-16, 1.000000000000000000, 0.000000000000000000 ) ) ;
#1759 = VERTEX_POINT ( 'NONE', #3938 ) ;
#1760 = CARTESIAN_POINT ( 'NONE',  ( 3.844999999999999751, -3.180000000000000160, -3.887499999999999734 ) ) ;
#1761 = LINE ( 'NONE', #4032, #1445 ) ;
#1762 = ORIENTED_EDGE ( 'NONE', *, *, #4661, .F. ) ;
#1763 = ORIENTED_EDGE ( 'NONE', *, *, #2416, .F. ) ;
#1764 = DIRECTION ( 'NONE',  ( -1.000000000000000000, 0.000000000000000000, 0.000000000000000000 ) ) ;
#1765 = MANIFOLD_SOLID_BREP ( 'NONE', #4597 ) ;
#1766 = LINE ( 'NONE', #4288, #268 ) ;
#1767 = LINE ( 'NONE', #1067, #2797 ) ;
#1768 = PLANE ( 'NONE',  #3304 ) ;
#1769 = EDGE_LOOP ( 'NONE', ( #2763, #2258, #576, #437 ) ) ;
#1770 = EDGE_CURVE ( 'NONE', #532, #2403, #1744, .T. ) ;
#1771 = ORIENTED_EDGE ( 'NONE', *, *, #4581, .T. ) ;
#1772 = ORIENTED_EDGE ( 'NONE', *, *, #779, .T. ) ;
#1773 = CARTESIAN_POINT ( 'NONE',  ( -3.844999999999999751, -3.180000000000000160, 1.347499999999999920 ) ) ;
#1774 = PLANE ( 'NONE',  #3075 ) ;
#1775 = ADVANCED_FACE ( 'NONE', ( #999 ), #2412, .F. ) ;
#1776 = DIRECTION ( 'NONE',  ( 0.000000000000000000, 0.000000000000000000, 1.000000000000000000 ) ) ;
#1777 = ORIENTED_EDGE ( 'NONE', *, *, #1063, .F. ) ;
#1778 = DIRECTION ( 'NONE',  ( 0.000000000000000000, 1.000000000000000000, 0.000000000000000000 ) ) ;
#1779 = ORIENTED_EDGE ( 'NONE', *, *, #377, .T. ) ;
#1780 = LINE ( 'NONE', #1171, #4607 ) ;
#1781 = CARTESIAN_POINT ( 'NONE',  ( 4.094999999999999751, 2.919999999999999929, -4.037500000000000533 ) ) ;
#1782 = CARTESIAN_POINT ( 'NONE',  ( -2.161781006939595517, 4.980000000000000426, -3.832248148665670318 ) ) ;
#1783 = ADVANCED_FACE ( 'NONE', ( #3167 ), #2061, .F. ) ;
#1784 = EDGE_LOOP ( 'NONE', ( #3832, #1654, #1924, #2637 ) ) ;
#1785 = DIRECTION ( 'NONE',  ( 0.000000000000000000, 0.000000000000000000, -1.000000000000000000 ) ) ;
#1786 = AXIS2_PLACEMENT_3D ( 'NONE', #2313, #1532, #3772 ) ;
#1787 = LINE ( 'NONE', #1087, #4299 ) ;
#1788 = LINE ( 'NONE', #4037, #659 ) ;
#1789 = CARTESIAN_POINT ( 'NONE',  ( -3.844999999999999751, 2.620000000000000107, -1.497499999999999831 ) ) ;
#1790 = VECTOR ( 'NONE', #3573, 1000.000000000000000 ) ;
#1791 = VECTOR ( 'NONE', #364, 1000.000000000000000 ) ;
#1792 = CIRCLE ( 'NONE', #4301, 0.05000000000000012768 ) ;
#1793 = ORIENTED_EDGE ( 'NONE', *, *, #896, .F. ) ;
#1794 = AXIS2_PLACEMENT_3D ( 'NONE', #446, #3733, #1219 ) ;
#1795 = VECTOR ( 'NONE', #2681, 1000.000000000000000 ) ;
#1796 = ORIENTED_EDGE ( 'NONE', *, *, #23, .F. ) ;
#1797 = EDGE_CURVE ( 'NONE', #500, #1337, #949, .T. ) ;
#1798 = VECTOR ( 'NONE', #4175, 1000.000000000000000 ) ;
#1799 = VERTEX_POINT ( 'NONE', #2125 ) ;
#1800 = STYLED_ITEM ( 'NONE', ( #3453 ), #1733 ) ;
#1801 = ORIENTED_EDGE ( 'NONE', *, *, #2266, .F. ) ;
#1802 = LINE ( 'NONE', #3635, #1284 ) ;
#1803 = CARTESIAN_POINT ( 'NONE',  ( -3.174999999999999822, 2.919999999999999929, 4.794999999999999929 ) ) ;
#1804 = AXIS2_PLACEMENT_3D ( 'NONE', #1302, #2452, #3892 ) ;
#1805 = CARTESIAN_POINT ( 'NONE',  ( -3.844999999999999751, -3.180000000000000160, -3.887499999999999734 ) ) ;
#1806 = EDGE_CURVE ( 'NONE', #1465, #553, #1766, .T. ) ;
#1807 = VERTEX_POINT ( 'NONE', #2748 ) ;
#1808 = LINE ( 'NONE', #1099, #3854 ) ;
#1809 = ORIENTED_EDGE ( 'NONE', *, *, #2689, .T. ) ;
#1810 = CARTESIAN_POINT ( 'NONE',  ( -3.795000000000000373, 2.620000000000000107, -0.5400000000000000355 ) ) ;
#1811 = VECTOR ( 'NONE', #2397, 1000.000000000000000 ) ;
#1812 =( NAMED_UNIT ( * ) SI_UNIT ( $, .STERADIAN. ) SOLID_ANGLE_UNIT ( ) );
#1813 = CARTESIAN_POINT ( 'NONE',  ( -4.094999999999999751, 0.2000000000000000111, 3.287500000000000089 ) ) ;
#1814 = VERTEX_POINT ( 'NONE', #3482 ) ;
#1815 = AXIS2_PLACEMENT_3D ( 'NONE', #3109, #2014, #3414 ) ;
#1816 = DIRECTION ( 'NONE',  ( -1.000000000000000000, 0.000000000000000000, 0.000000000000000000 ) ) ;
#1817 = CARTESIAN_POINT ( 'NONE',  ( 3.844999999999999751, 2.620000000000000107, -1.042499999999999982 ) ) ;
#1818 = VERTEX_POINT ( 'NONE', #3843 ) ;
#1819 = LINE ( 'NONE', #1859, #2102 ) ;
#1820 = ADVANCED_FACE ( 'NONE', ( #3873 ), #581, .F. ) ;
#1821 = ORIENTED_EDGE ( 'NONE', *, *, #3288, .F. ) ;
#1822 = ORIENTED_EDGE ( 'NONE', *, *, #2750, .F. ) ;
#1823 = ORIENTED_EDGE ( 'NONE', *, *, #1745, .F. ) ;
#1824 = CARTESIAN_POINT ( 'NONE',  ( -3.844999999999999751, -4.336808689942014778E-16, 3.582500000000000018 ) ) ;
#1825 = DIRECTION ( 'NONE',  ( 0.000000000000000000, -1.000000000000000000, 0.000000000000000000 ) ) ;
#1826 = ORIENTED_EDGE ( 'NONE', *, *, #2648, .T. ) ;
#1827 = DIRECTION ( 'NONE',  ( 1.836970198721014650E-16, 1.000000000000000000, 0.000000000000000000 ) ) ;
#1828 = CARTESIAN_POINT ( 'NONE',  ( -3.844999999999999751, 2.620000000000000107, 1.497499999999999831 ) ) ;
#1829 = ORIENTED_EDGE ( 'NONE', *, *, #1755, .T. ) ;
#1830 = DIRECTION ( 'NONE',  ( -0.000000000000000000, 0.1391731009600656321, 0.9902680687415703620 ) ) ;
#1831 = LINE ( 'NONE', #1760, #3171 ) ;
#1832 = DIRECTION ( 'NONE',  ( 1.000000000000000000, -1.836970198721014650E-16, 0.000000000000000000 ) ) ;
#1833 = ORIENTED_EDGE ( 'NONE', *, *, #1676, .T. ) ;
#1834 = ADVANCED_FACE ( 'NONE', ( #749 ), #3595, .T. ) ;
#1835 = DIRECTION ( 'NONE',  ( 1.000000000000000000, 0.000000000000000000, 0.000000000000000000 ) ) ;
#1836 = LINE ( 'NONE', #2234, #2549 ) ;
#1837 = DIRECTION ( 'NONE',  ( 1.000000000000000000, 0.000000000000000000, 0.000000000000000000 ) ) ;
#1838 = DIRECTION ( 'NONE',  ( 0.000000000000000000, -0.3420201433256686574, 0.9396926207859084279 ) ) ;
#1839 = DIRECTION ( 'NONE',  ( 1.000000000000000000, 0.000000000000000000, 0.000000000000000000 ) ) ;
#1840 = ADVANCED_FACE ( 'NONE', ( #386 ), #2907, .F. ) ;
#1841 = CARTESIAN_POINT ( 'NONE',  ( 4.094999999999999751, -3.180000000000000160, 3.887499999999999734 ) ) ;
#1842 = ORIENTED_EDGE ( 'NONE', *, *, #834, .F. ) ;
#1843 = EDGE_CURVE ( 'NONE', #1383, #1081, #4315, .T. ) ;
#1844 = ORIENTED_EDGE ( 'NONE', *, *, #3323, .F. ) ;
#1845 = CARTESIAN_POINT ( 'NONE',  ( -2.161781006939595517, 4.980000000000000426, -3.561734288015280026 ) ) ;
#1846 = CARTESIAN_POINT ( 'NONE',  ( 3.844999999999999751, -2.547265342226494947E-16, 3.287500000000000089 ) ) ;
#1847 = CARTESIAN_POINT ( 'NONE',  ( 4.094999999999999751, -3.006507891906749780E-16, 1.042499999999999982 ) ) ;
#1848 = CARTESIAN_POINT ( 'NONE',  ( 4.094999999999999751, 0.2000000000000000111, 2.000000000000000000 ) ) ;
#1849 = ORIENTED_EDGE ( 'NONE', *, *, #2149, .F. ) ;
#1850 = FACE_OUTER_BOUND ( 'NONE', #3050, .T. ) ;
#1851 = CARTESIAN_POINT ( 'NONE',  ( -4.094999999999999751, -4.336808689942014778E-16, -1.042499999999999982 ) ) ;
#1852 = CARTESIAN_POINT ( 'NONE',  ( -3.174999999999999822, 2.919999999999999929, -2.000000000000000000 ) ) ;
#1853 = ORIENTED_EDGE ( 'NONE', *, *, #4628, .F. ) ;
#1854 = DIRECTION ( 'NONE',  ( 0.000000000000000000, 0.000000000000000000, 1.000000000000000000 ) ) ;
#1855 = CARTESIAN_POINT ( 'NONE',  ( 2.871431797042835132, 5.080000000000000071, -4.491431797042834795 ) ) ;
#1856 = ORIENTED_EDGE ( 'NONE', *, *, #683, .T. ) ;
#1857 = CLOSED_SHELL ( 'NONE', ( #3264, #3293, #400, #950, #3675, #272, #4151, #130, #4204, #4168, #4271, #886, #4177, #3172, #3091, #18, #2773 ) ) ;
#1858 = EDGE_CURVE ( 'NONE', #4438, #4141, #196, .T. ) ;
#1859 = CARTESIAN_POINT ( 'NONE',  ( -3.844999999999999751, -2.547265342226494947E-16, 2.000000000000000000 ) ) ;
#1860 = DIRECTION ( 'NONE',  ( 1.000000000000000000, 0.000000000000000000, 0.000000000000000000 ) ) ;
#1861 = ORIENTED_EDGE ( 'NONE', *, *, #1630, .F. ) ;
#1862 = CARTESIAN_POINT ( 'NONE',  ( 3.844999999999999751, -3.180000000000000160, 4.037500000000000533 ) ) ;
#1863 = EDGE_CURVE ( 'NONE', #1364, #4692, #3339, .T. ) ;
#1864 = CIRCLE ( 'NONE', #1267, 0.05000000000000012768 ) ;
#1865 = VERTEX_POINT ( 'NONE', #4355 ) ;
#1866 = AXIS2_PLACEMENT_3D ( 'NONE', #1156, #2594, #3981 ) ;
#1867 = VECTOR ( 'NONE', #2631, 1000.000000000000000 ) ;
#1868 = EDGE_CURVE ( 'NONE', #3120, #3425, #1478, .T. ) ;
#1869 = VERTEX_POINT ( 'NONE', #1855 ) ;
#1870 = DIRECTION ( 'NONE',  ( 0.000000000000000000, 1.000000000000000000, 0.000000000000000000 ) ) ;
#1871 = AXIS2_PLACEMENT_3D ( 'NONE', #1300, #623, #3929 ) ;
#1872 = LINE ( 'NONE', #2873, #4371 ) ;
#1873 = VECTOR ( 'NONE', #2425, 1000.000000000000000 ) ;
#1874 = DIRECTION ( 'NONE',  ( -1.000000000000000000, -1.836970198721014650E-16, 0.000000000000000000 ) ) ;
#1875 = VECTOR ( 'NONE', #4034, 1000.000000000000000 ) ;
#1876 = PRESENTATION_LAYER_ASSIGNMENT (  '', '', ( #1800 ) ) ;
#1877 = LINE ( 'NONE', #4420, #4609 ) ;
#1878 = ORIENTED_EDGE ( 'NONE', *, *, #215, .T. ) ;
#1879 = PLANE ( 'NONE',  #507 ) ;
#1880 = DIRECTION ( 'NONE',  ( 1.000000000000000000, 1.495451272393800035E-16, 0.000000000000000000 ) ) ;
#1881 = CARTESIAN_POINT ( 'NONE',  ( 3.844999999999999751, 0.2000000000000000111, 1.800000000000000044 ) ) ;
#1882 = EDGE_LOOP ( 'NONE', ( #4362, #1949, #2752, #107 ) ) ;
#1883 = VECTOR ( 'NONE', #1529, 1000.000000000000000 ) ;
#1884 = FACE_OUTER_BOUND ( 'NONE', #2244, .T. ) ;
#1885 = LINE ( 'NONE', #1817, #3619 ) ;
#1886 = VECTOR ( 'NONE', #55, 1000.000000000000000 ) ;
#1887 = VERTEX_POINT ( 'NONE', #725 ) ;
#1888 = FACE_OUTER_BOUND ( 'NONE', #309, .T. ) ;
#1889 = DIRECTION ( 'NONE',  ( -1.405264525413350645E-16, -0.9396926207859084279, -0.3420201433256686574 ) ) ;
#1890 = VERTEX_POINT ( 'NONE', #41 ) ;
#1891 = AXIS2_PLACEMENT_3D ( 'NONE', #2340, #536, #1989 ) ;
#1892 = ADVANCED_FACE ( 'NONE', ( #703 ), #2194, .F. ) ;
#1893 = VECTOR ( 'NONE', #3142, 1000.000000000000000 ) ;
#1894 = CARTESIAN_POINT ( 'NONE',  ( 4.094999999999999751, -4.336808689942014778E-16, -3.582500000000000018 ) ) ;
#1895 = ADVANCED_FACE ( 'NONE', ( #338 ), #3309, .F. ) ;
#1896 = ORIENTED_EDGE ( 'NONE', *, *, #2246, .T. ) ;
#1897 = CARTESIAN_POINT ( 'NONE',  ( 3.174999999999999822, 2.669999999999999929, -3.087499999999999911 ) ) ;
#1898 = CARTESIAN_POINT ( 'NONE',  ( -4.094999999999999751, -3.180000000000000160, -1.347499999999999920 ) ) ;
#1899 = EDGE_CURVE ( 'NONE', #1209, #1394, #1836, .T. ) ;
#1900 = EDGE_CURVE ( 'NONE', #211, #2176, #1787, .T. ) ;
#1901 = CARTESIAN_POINT ( 'NONE',  ( 3.844999999999999751, -2.767878387081804892, -3.582500000000000018 ) ) ;
#1902 = CARTESIAN_POINT ( 'NONE',  ( -4.094999999999999751, -2.767878387081804892, -4.037500000000000533 ) ) ;
#1903 = ORIENTED_EDGE ( 'NONE', *, *, #3986, .T. ) ;
#1904 = DIRECTION ( 'NONE',  ( -1.000000000000000000, 0.000000000000000000, 0.000000000000000000 ) ) ;
#1905 = DIRECTION ( 'NONE',  ( 0.000000000000000000, 0.000000000000000000, 1.000000000000000000 ) ) ;
#1906 =( LENGTH_UNIT ( ) NAMED_UNIT ( * ) SI_UNIT ( .MILLI., .METRE. ) );
#1907 = ORIENTED_EDGE ( 'NONE', *, *, #1806, .F. ) ;
#1908 = EDGE_CURVE ( 'NONE', #2817, #2566, #1885, .T. ) ;
#1909 = EDGE_CURVE ( 'NONE', #2683, #2221, #3266, .T. ) ;
#1910 = DIRECTION ( 'NONE',  ( -1.000000000000000000, 0.000000000000000000, 0.000000000000000000 ) ) ;
#1911 = LINE ( 'NONE', #3359, #348 ) ;
#1912 = ORIENTED_EDGE ( 'NONE', *, *, #81, .T. ) ;
#1913 = CARTESIAN_POINT ( 'NONE',  ( -3.844999999999999751, 0.2000000000000000111, 0.7399999999999999911 ) ) ;
#1914 = CARTESIAN_POINT ( 'NONE',  ( -3.844999999999999751, 0.2000000000000000111, -3.087499999999999911 ) ) ;
#1915 = VERTEX_POINT ( 'NONE', #2545 ) ;
#1916 = PRESENTATION_STYLE_ASSIGNMENT (( #1304 ) ) ;
#1917 = ORIENTED_EDGE ( 'NONE', *, *, #2991, .F. ) ;
#1918 = VERTEX_POINT ( 'NONE', #429 ) ;
#1919 = EDGE_CURVE ( 'NONE', #2130, #2395, #734, .T. ) ;
#1920 = CARTESIAN_POINT ( 'NONE',  ( 3.795000000000000373, 2.620000000000000107, 3.087499999999999911 ) ) ;
#1921 = CYLINDRICAL_SURFACE ( 'NONE', #4455, 0.3000000000000003775 ) ;
#1922 = DIRECTION ( 'NONE',  ( 1.000000000000000000, 0.000000000000000000, 0.000000000000000000 ) ) ;
#1923 = FACE_OUTER_BOUND ( 'NONE', #2171, .T. ) ;
#1924 = ORIENTED_EDGE ( 'NONE', *, *, #4113, .F. ) ;
#1925 = CARTESIAN_POINT ( 'NONE',  ( -3.795000000000000373, 2.620000000000000107, 1.497499999999999831 ) ) ;
#1926 = EDGE_CURVE ( 'NONE', #4028, #676, #3668, .T. ) ;
#1927 = LINE ( 'NONE', #3372, #1211 ) ;
#1928 = DIRECTION ( 'NONE',  ( -1.000000000000000000, 0.000000000000000000, 0.000000000000000000 ) ) ;
#1929 =( NAMED_UNIT ( * ) SI_UNIT ( $, .STERADIAN. ) SOLID_ANGLE_UNIT ( ) );
#1930 = EDGE_LOOP ( 'NONE', ( #3880, #689, #866, #4508 ) ) ;
#1931 = DIRECTION ( 'NONE',  ( 1.000000000000000000, 0.000000000000000000, 0.000000000000000000 ) ) ;
#1932 = DIRECTION ( 'NONE',  ( -0.1378445374916290045, 0.9808148484639889197, 0.1378445374916290045 ) ) ;
#1933 = ORIENTED_EDGE ( 'NONE', *, *, #1745, .T. ) ;
#1934 = ADVANCED_FACE ( 'NONE', ( #1504 ), #2957, .T. ) ;
#1935 = LINE ( 'NONE', #872, #283 ) ;
#1936 = LINE ( 'NONE', #119, #53 ) ;
#1937 = ORIENTED_EDGE ( 'NONE', *, *, #3756, .F. ) ;
#1938 = ORIENTED_EDGE ( 'NONE', *, *, #4563, .T. ) ;
#1939 = CLOSED_SHELL ( 'NONE', ( #2274, #3143, #1640, #1088, #3852, #2710, #3329, #855, #2751, #3090, #4225, #3640, #3002, #974, #1110, #867, #1775, #2107 ) ) ;
#1940 = EDGE_LOOP ( 'NONE', ( #3364, #451, #1990, #1220 ) ) ;
#1941 = PLANE ( 'NONE',  #3173 ) ;
#1942 = DIRECTION ( 'NONE',  ( 1.000000000000000000, -1.836970198721014650E-16, 0.000000000000000000 ) ) ;
#1943 = VECTOR ( 'NONE', #3290, 1000.000000000000000 ) ;
#1944 = AXIS2_PLACEMENT_3D ( 'NONE', #3859, #2084, #1028 ) ;
#1945 = EDGE_CURVE ( 'NONE', #3403, #921, #3314, .T. ) ;
#1946 = CYLINDRICAL_SURFACE ( 'NONE', #1957, 0.3000000000000003775 ) ;
#1947 = CARTESIAN_POINT ( 'NONE',  ( 4.094999999999999751, 2.620000000000000107, 1.497499999999999831 ) ) ;
#1948 = VECTOR ( 'NONE', #1985, 1000.000000000000000 ) ;
#1949 = ORIENTED_EDGE ( 'NONE', *, *, #3690, .T. ) ;
#1950 = AXIS2_PLACEMENT_3D ( 'NONE', #2730, #464, #3007 ) ;
#1951 = FACE_OUTER_BOUND ( 'NONE', #321, .T. ) ;
#1952 = CYLINDRICAL_SURFACE ( 'NONE', #2110, 0.05000000000000012768 ) ;
#1953 = LINE ( 'NONE', #1594, #1486 ) ;
#1954 =( NAMED_UNIT ( * ) PLANE_ANGLE_UNIT ( ) SI_UNIT ( $, .RADIAN. ) );
#1955 = ORIENTED_EDGE ( 'NONE', *, *, #58, .T. ) ;
#1956 = AXIS2_PLACEMENT_3D ( 'NONE', #2985, #4491, #2682 ) ;
#1957 = AXIS2_PLACEMENT_3D ( 'NONE', #1589, #4439, #1189 ) ;
#1958 = ADVANCED_FACE ( 'NONE', ( #3426 ), #4148, .F. ) ;
#1959 = ORIENTED_EDGE ( 'NONE', *, *, #1072, .T. ) ;
#1960 = FACE_OUTER_BOUND ( 'NONE', #1161, .T. ) ;
#1961 = VERTEX_POINT ( 'NONE', #2336 ) ;
#1962 = CARTESIAN_POINT ( 'NONE',  ( 4.094999999999999751, 0.2000000000000000111, -2.000000000000000000 ) ) ;
#1963 = AXIS2_PLACEMENT_3D ( 'NONE', #3376, #3044, #1618 ) ;
#1964 = CARTESIAN_POINT ( 'NONE',  ( 3.174999999999999822, 2.669999999999999929, 4.794999999999999929 ) ) ;
#1965 =( GEOMETRIC_REPRESENTATION_CONTEXT ( 3 ) GLOBAL_UNCERTAINTY_ASSIGNED_CONTEXT ( ( #4547 ) ) GLOBAL_UNIT_ASSIGNED_CONTEXT ( ( #2622, #1531, #4016 ) ) REPRESENTATION_CONTEXT ( 'NONE', 'WORKASPACE' ) );
#1966 = LINE ( 'NONE', #4152, #3334 ) ;
#1967 = ADVANCED_FACE ( 'NONE', ( #533 ), #71, .F. ) ;
#1968 = MECHANICAL_DESIGN_GEOMETRIC_PRESENTATION_REPRESENTATION (  '', ( #666 ), #4621 ) ;
#1969 = VERTEX_POINT ( 'NONE', #1528 ) ;
#1970 = CIRCLE ( 'NONE', #4624, 0.2999999999999999334 ) ;
#1971 = EDGE_CURVE ( 'NONE', #4464, #3394, #3461, .T. ) ;
#1972 = ORIENTED_EDGE ( 'NONE', *, *, #3968, .F. ) ;
#1973 = CARTESIAN_POINT ( 'NONE',  ( -3.795000000000000373, 2.669999999999999929, 2.000000000000000000 ) ) ;
#1974 = CARTESIAN_POINT ( 'NONE',  ( 3.174999999999999822, 2.669999999999999929, 4.037500000000000533 ) ) ;
#1975 = MECHANICAL_DESIGN_GEOMETRIC_PRESENTATION_REPRESENTATION (  '', ( #757 ), #1741 ) ;
#1976 = ORIENTED_EDGE ( 'NONE', *, *, #3074, .T. ) ;
#1977 = DIRECTION ( 'NONE',  ( -6.994852725712920381E-16, 1.000000000000000000, 0.000000000000000000 ) ) ;
#1978 = DIRECTION ( 'NONE',  ( -1.000000000000000000, 0.000000000000000000, 0.000000000000000000 ) ) ;
#1979 = EDGE_LOOP ( 'NONE', ( #3904, #3565, #4133, #2150 ) ) ;
#1980 = DIRECTION ( 'NONE',  ( 0.000000000000000000, 0.000000000000000000, -1.000000000000000000 ) ) ;
#1981 = LINE ( 'NONE', #2759, #135 ) ;
#1982 = DIRECTION ( 'NONE',  ( 0.000000000000000000, 1.000000000000000000, 0.000000000000000000 ) ) ;
#1983 = LINE ( 'NONE', #428, #430 ) ;
#1984 = ORIENTED_EDGE ( 'NONE', *, *, #4433, .F. ) ;
#1985 = DIRECTION ( 'NONE',  ( -1.000000000000000000, 6.994852725712920381E-16, 0.000000000000000000 ) ) ;
#1986 = ORIENTED_EDGE ( 'NONE', *, *, #683, .F. ) ;
#1987 = CARTESIAN_POINT ( 'NONE',  ( 4.094999999999999751, 2.620000000000000107, -3.582500000000000018 ) ) ;
#1988 = EDGE_CURVE ( 'NONE', #2888, #1465, #4478, .T. ) ;
#1989 = DIRECTION ( 'NONE',  ( 1.000000000000000000, 6.994852725712920381E-16, 0.000000000000000000 ) ) ;
#1990 = ORIENTED_EDGE ( 'NONE', *, *, #3121, .F. ) ;
#1991 = CARTESIAN_POINT ( 'NONE',  ( -3.795000000000000373, 2.919999999999999929, -2.000000000000000000 ) ) ;
#1992 = EDGE_LOOP ( 'NONE', ( #2335, #4450, #440, #4702 ) ) ;
#1993 = EDGE_CURVE ( 'NONE', #717, #2734, #849, .T. ) ;
#1994 = CARTESIAN_POINT ( 'NONE',  ( -4.094999999999999751, -3.180000000000000160, -1.042499999999999982 ) ) ;
#1995 = CARTESIAN_POINT ( 'NONE',  ( -3.844999999999999751, -2.547265342226494947E-16, -1.800000000000000044 ) ) ;
#1996 = ORIENTED_EDGE ( 'NONE', *, *, #2798, .F. ) ;
#1997 = LINE ( 'NONE', #544, #2177 ) ;
#1998 = CARTESIAN_POINT ( 'NONE',  ( 3.844999999999999751, -2.767878387081804892, -3.582500000000000018 ) ) ;
#1999 = VERTEX_POINT ( 'NONE', #1228 ) ;
#2000 = DIRECTION ( 'NONE',  ( 0.000000000000000000, 1.000000000000000000, 0.000000000000000000 ) ) ;
#2001 = CARTESIAN_POINT ( 'NONE',  ( 3.844999999999999751, -2.547265342226494947E-16, -3.087499999999999911 ) ) ;
#2002 = CARTESIAN_POINT ( 'NONE',  ( 3.174999999999999822, 2.919999999999999929, -4.037500000000000533 ) ) ;
#2003 = CARTESIAN_POINT ( 'NONE',  ( 3.844999999999999751, 0.2000000000000000111, -1.800000000000000044 ) ) ;
#2004 = ORIENTED_EDGE ( 'NONE', *, *, #686, .T. ) ;
#2005 = ORIENTED_EDGE ( 'NONE', *, *, #1899, .F. ) ;
#2006 = DIRECTION ( 'NONE',  ( 0.000000000000000000, 0.000000000000000000, -1.000000000000000000 ) ) ;
#2007 = ORIENTED_EDGE ( 'NONE', *, *, #3964, .F. ) ;
#2008 = FACE_OUTER_BOUND ( 'NONE', #1285, .T. ) ;
#2009 = CARTESIAN_POINT ( 'NONE',  ( -3.844999999999999751, -2.547265342226494947E-16, -3.087499999999999911 ) ) ;
#2010 = ADVANCED_FACE ( 'NONE', ( #4426 ), #2306, .F. ) ;
#2011 =( NAMED_UNIT ( * ) SI_UNIT ( $, .STERADIAN. ) SOLID_ANGLE_UNIT ( ) );
#2012 = ADVANCED_FACE ( 'NONE', ( #2692 ), #3021, .F. ) ;
#2013 = ORIENTED_EDGE ( 'NONE', *, *, #2230, .T. ) ;
#2014 = DIRECTION ( 'NONE',  ( 1.000000000000000000, -1.495451272393800035E-16, 0.000000000000000000 ) ) ;
#2015 = DIRECTION ( 'NONE',  ( 1.000000000000000000, -1.836970198721014650E-16, 0.000000000000000000 ) ) ;
#2016 = STYLED_ITEM ( 'NONE', ( #4291 ), #158 ) ;
#2017 = EDGE_LOOP ( 'NONE', ( #1312, #4696, #250, #1937 ) ) ;
#2018 = EDGE_CURVE ( 'NONE', #3253, #4591, #3377, .T. ) ;
#2019 = DIRECTION ( 'NONE',  ( 0.000000000000000000, 0.000000000000000000, 1.000000000000000000 ) ) ;
#2020 = ORIENTED_EDGE ( 'NONE', *, *, #2555, .F. ) ;
#2021 = DIRECTION ( 'NONE',  ( -1.000000000000000000, 0.000000000000000000, 0.000000000000000000 ) ) ;
#2022 = DIRECTION ( 'NONE',  ( 1.000000000000000000, 0.000000000000000000, 0.000000000000000000 ) ) ;
#2023 = CARTESIAN_POINT ( 'NONE',  ( -3.795000000000000373, -4.336808689942014778E-16, 1.497499999999999831 ) ) ;
#2024 = CIRCLE ( 'NONE', #2931, 0.2705138606503881826 ) ;
#2025 = UNCERTAINTY_MEASURE_WITH_UNIT (LENGTH_MEASURE( 1.000000000000000082E-05 ), #493, 'distance_accuracy_value', 'NONE');
#2026 = EDGE_CURVE ( 'NONE', #3739, #3198, #1177, .T. ) ;
#2027 = CARTESIAN_POINT ( 'NONE',  ( 3.844999999999999751, -2.767878387081804892, 3.582500000000000018 ) ) ;
#2028 = VECTOR ( 'NONE', #1932, 1000.000000000000227 ) ;
#2029 = VECTOR ( 'NONE', #3829, 1000.000000000000000 ) ;
#2030 = EDGE_LOOP ( 'NONE', ( #4399, #4064, #3160, #2655 ) ) ;
#2031 = LINE ( 'NONE', #3475, #200 ) ;
#2032 = EDGE_LOOP ( 'NONE', ( #1348, #117, #719, #4656 ) ) ;
#2033 = DIRECTION ( 'NONE',  ( 0.000000000000000000, 0.000000000000000000, 1.000000000000000000 ) ) ;
#2034 = DIRECTION ( 'NONE',  ( 0.000000000000000000, 0.000000000000000000, -1.000000000000000000 ) ) ;
#2035 = ORIENTED_EDGE ( 'NONE', *, *, #1611, .T. ) ;
#2036 = VECTOR ( 'NONE', #1904, 1000.000000000000000 ) ;
#2037 = VECTOR ( 'NONE', #2360, 1000.000000000000000 ) ;
#2038 = VECTOR ( 'NONE', #1750, 1000.000000000000000 ) ;
#2039 = VECTOR ( 'NONE', #3819, 1000.000000000000000 ) ;
#2040 = VECTOR ( 'NONE', #1498, 1000.000000000000000 ) ;
#2041 = ORIENTED_EDGE ( 'NONE', *, *, #1605, .F. ) ;
#2042 = CARTESIAN_POINT ( 'NONE',  ( 3.795000000000000373, 0.2000000000000000111, -2.000000000000000000 ) ) ;
#2043 = EDGE_CURVE ( 'NONE', #3425, #2459, #3235, .T. ) ;
#2044 = VECTOR ( 'NONE', #1257, 1000.000000000000000 ) ;
#2045 = DIRECTION ( 'NONE',  ( 1.000000000000000000, 0.000000000000000000, 0.000000000000000000 ) ) ;
#2046 = EDGE_LOOP ( 'NONE', ( #63, #669, #700, #2148 ) ) ;
#2047 = CARTESIAN_POINT ( 'NONE',  ( 4.094999999999999751, -2.767878387081804892, 3.582500000000000018 ) ) ;
#2048 = VECTOR ( 'NONE', #3100, 1000.000000000000000 ) ;
#2049 = DIRECTION ( 'NONE',  ( 1.000000000000000000, 0.000000000000000000, 0.000000000000000000 ) ) ;
#2050 = PLANE ( 'NONE',  #730 ) ;
#2051 = EDGE_CURVE ( 'NONE', #4188, #1085, #1911, .T. ) ;
#2052 = CARTESIAN_POINT ( 'NONE',  ( 3.844999999999999751, -2.767878387081804892, -3.582500000000000018 ) ) ;
#2053 = ORIENTED_EDGE ( 'NONE', *, *, #150, .F. ) ;
#2054 = ORIENTED_EDGE ( 'NONE', *, *, #4185, .T. ) ;
#2055 = LINE ( 'NONE', #2448, #497 ) ;
#2056 = ORIENTED_EDGE ( 'NONE', *, *, #4320, .F. ) ;
#2057 = DIRECTION ( 'NONE',  ( -1.000000000000000000, -6.994852725712920381E-16, 0.000000000000000000 ) ) ;
#2058 = CARTESIAN_POINT ( 'NONE',  ( -3.844999999999999751, 2.620000000000000107, -1.042499999999999982 ) ) ;
#2059 = EDGE_CURVE ( 'NONE', #2919, #2831, #93, .T. ) ;
#2060 = ORIENTED_EDGE ( 'NONE', *, *, #407, .T. ) ;
#2061 = PLANE ( 'NONE',  #2318 ) ;
#2062 = CARTESIAN_POINT ( 'NONE',  ( -4.094999999999999751, 2.620000000000000107, -2.000000000000000000 ) ) ;
#2063 = ORIENTED_EDGE ( 'NONE', *, *, #3887, .T. ) ;
#2064 = CARTESIAN_POINT ( 'NONE',  ( 2.871431797042835132, 5.080000000000000071, 4.491431797042834795 ) ) ;
#2065 = CARTESIAN_POINT ( 'NONE',  ( 4.094999999999999751, 2.620000000000000107, 3.582500000000000018 ) ) ;
#2066 = ADVANCED_FACE ( 'NONE', ( #2284 ), #1547, .F. ) ;
#2067 = ORIENTED_EDGE ( 'NONE', *, *, #4519, .F. ) ;
#2068 = FACE_OUTER_BOUND ( 'NONE', #3662, .T. ) ;
#2069 = PLANE ( 'NONE',  #753 ) ;
#2070 = CARTESIAN_POINT ( 'NONE',  ( -4.094999999999999751, -2.981555974335134728E-16, -0.7399999999999999911 ) ) ;
#2071 = CARTESIAN_POINT ( 'NONE',  ( 3.174999999999999822, 2.669999999999999929, 2.000000000000000000 ) ) ;
#2072 = EDGE_CURVE ( 'NONE', #2613, #3320, #2169, .T. ) ;
#2073 = ORIENTED_EDGE ( 'NONE', *, *, #706, .T. ) ;
#2074 = CARTESIAN_POINT ( 'NONE',  ( -4.094999999999999751, -3.006507891906749780E-16, 1.042499999999999982 ) ) ;
#2075 = EDGE_LOOP ( 'NONE', ( #1009, #3976, #884, #3605 ) ) ;
#2076 = FACE_OUTER_BOUND ( 'NONE', #2805, .T. ) ;
#2077 = LINE ( 'NONE', #4596, #1663 ) ;
#2078 = ORIENTED_EDGE ( 'NONE', *, *, #3400, .T. ) ;
#2079 = CARTESIAN_POINT ( 'NONE',  ( -4.094999999999999751, -3.006507891906749780E-16, 0.7399999999999999911 ) ) ;
#2080 = LINE ( 'NONE', #4273, #1651 ) ;
#2081 = VERTEX_POINT ( 'NONE', #1962 ) ;
#2082 = CARTESIAN_POINT ( 'NONE',  ( 4.094999999999999751, 0.2000000000000000111, -3.287500000000000089 ) ) ;
#2083 = DIRECTION ( 'NONE',  ( 0.000000000000000000, -0.1391731009600656321, 0.9902680687415703620 ) ) ;
#2084 = DIRECTION ( 'NONE',  ( 0.000000000000000000, -1.000000000000000000, 0.000000000000000000 ) ) ;
#2085 = ADVANCED_FACE ( 'NONE', ( #920 ), #3404, .F. ) ;
#2086 = DIRECTION ( 'NONE',  ( 0.000000000000000000, 0.000000000000000000, 1.000000000000000000 ) ) ;
#2087 = ORIENTED_EDGE ( 'NONE', *, *, #2345, .F. ) ;
#2088 = VERTEX_POINT ( 'NONE', #3067 ) ;
#2089 = FACE_OUTER_BOUND ( 'NONE', #1183, .T. ) ;
#2090 = ORIENTED_EDGE ( 'NONE', *, *, #1054, .T. ) ;
#2091 = LINE ( 'NONE', #3539, #594 ) ;
#2092 = LINE ( 'NONE', #4647, #4027 ) ;
#2093 = ORIENTED_EDGE ( 'NONE', *, *, #2964, .F. ) ;
#2094 = EDGE_CURVE ( 'NONE', #2524, #4620, #4522, .T. ) ;
#2095 = AXIS2_PLACEMENT_3D ( 'NONE', #2606, #4683, #2517 ) ;
#2096 = DIRECTION ( 'NONE',  ( -0.000000000000000000, 0.3420201433256686574, 0.9396926207859084279 ) ) ;
#2097 = VECTOR ( 'NONE', #3710, 1000.000000000000000 ) ;
#2098 = CIRCLE ( 'NONE', #39, 0.05000000000000012768 ) ;
#2099 = CARTESIAN_POINT ( 'NONE',  ( 3.174999999999999822, 2.669999999999999929, -0.5400000000000000355 ) ) ;
#2100 = EDGE_CURVE ( 'NONE', #1644, #1597, #2055, .T. ) ;
#2101 = EDGE_CURVE ( 'NONE', #4061, #975, #962, .T. ) ;
#2102 = VECTOR ( 'NONE', #318, 1000.000000000000000 ) ;
#2103 = AXIS2_PLACEMENT_3D ( 'NONE', #4237, #2112, #3528 ) ;
#2104 = ORIENTED_EDGE ( 'NONE', *, *, #1351, .T. ) ;
#2105 = CARTESIAN_POINT ( 'NONE',  ( 3.174999999999999822, 2.919999999999999929, 4.037500000000000533 ) ) ;
#2106 = STYLED_ITEM ( 'NONE', ( #1916 ), #1742 ) ;
#2107 = ADVANCED_FACE ( 'NONE', ( #604 ), #644, .T. ) ;
#2108 = ADVANCED_FACE ( 'NONE', ( #2089 ), #670, .T. ) ;
#2109 = LINE ( 'NONE', #2580, #2486 ) ;
#2110 = AXIS2_PLACEMENT_3D ( 'NONE', #141, #1593, #3040 ) ;
#2111 = EDGE_LOOP ( 'NONE', ( #380, #3023, #4211, #4311 ) ) ;
#2112 = DIRECTION ( 'NONE',  ( 0.000000000000000000, -1.000000000000000000, 0.000000000000000000 ) ) ;
#2113 = PLANE ( 'NONE',  #988 ) ;
#2114 = DIRECTION ( 'NONE',  ( -6.994852725712920381E-16, 1.000000000000000000, 0.000000000000000000 ) ) ;
#2115 = ORIENTED_EDGE ( 'NONE', *, *, #322, .T. ) ;
#2116 = VECTOR ( 'NONE', #3312, 1000.000000000000000 ) ;
#2117 = LINE ( 'NONE', #2155, #4305 ) ;
#2118 = ORIENTED_EDGE ( 'NONE', *, *, #2767, .F. ) ;
#2119 = PLANE ( 'NONE',  #817 ) ;
#2120 = CIRCLE ( 'NONE', #2880, 0.05000000000000012768 ) ;
#2121 = ORIENTED_EDGE ( 'NONE', *, *, #2382, .T. ) ;
#2122 = CARTESIAN_POINT ( 'NONE',  ( 4.094999999999999751, -2.981555974335134728E-16, 1.800000000000000044 ) ) ;
#2123 = ORIENTED_EDGE ( 'NONE', *, *, #215, .F. ) ;
#2124 = LINE ( 'NONE', #403, #2556 ) ;
#2125 = CARTESIAN_POINT ( 'NONE',  ( 3.174999999999999822, 2.919999999999999929, -3.087499999999999911 ) ) ;
#2126 = EDGE_CURVE ( 'NONE', #3340, #3228, #260, .T. ) ;
#2127 = DIRECTION ( 'NONE',  ( 0.000000000000000000, 1.000000000000000000, 0.000000000000000000 ) ) ;
#2128 = CARTESIAN_POINT ( 'NONE',  ( 3.795000000000000373, 2.919999999999999929, -3.582500000000000018 ) ) ;
#2129 = ADVANCED_FACE ( 'NONE', ( #1689 ), #1670, .F. ) ;
#2130 = VERTEX_POINT ( 'NONE', #4619 ) ;
#2131 = EDGE_CURVE ( 'NONE', #3375, #707, #943, .T. ) ;
#2132 = ORIENTED_EDGE ( 'NONE', *, *, #3099, .F. ) ;
#2133 = VERTEX_POINT ( 'NONE', #1338 ) ;
#2134 = DIRECTION ( 'NONE',  ( 0.000000000000000000, 1.000000000000000000, 0.000000000000000000 ) ) ;
#2135 = CARTESIAN_POINT ( 'NONE',  ( 3.844999999999999751, -2.767878387081804892, 4.037500000000000533 ) ) ;
#2136 = LINE ( 'NONE', #3225, #2173 ) ;
#2137 = ORIENTED_EDGE ( 'NONE', *, *, #2976, .F. ) ;
#2138 = DIRECTION ( 'NONE',  ( 1.000000000000000000, 0.000000000000000000, 0.000000000000000000 ) ) ;
#2139 = ORIENTED_EDGE ( 'NONE', *, *, #980, .F. ) ;
#2140 = CARTESIAN_POINT ( 'NONE',  ( -3.174999999999999822, 2.919999999999999929, 4.794999999999999929 ) ) ;
#2141 = FACE_OUTER_BOUND ( 'NONE', #4483, .T. ) ;
#2142 = ORIENTED_EDGE ( 'NONE', *, *, #2043, .F. ) ;
#2143 = DIRECTION ( 'NONE',  ( 1.000000000000000000, 0.000000000000000000, 0.000000000000000000 ) ) ;
#2144 = DIRECTION ( 'NONE',  ( 0.000000000000000000, 0.000000000000000000, -1.000000000000000000 ) ) ;
#2145 = ORIENTED_EDGE ( 'NONE', *, *, #4117, .T. ) ;
#2146 = CARTESIAN_POINT ( 'NONE',  ( -3.844999999999999751, 2.620000000000000107, 4.037500000000000533 ) ) ;
#2147 = ADVANCED_FACE ( 'NONE', ( #2787 ), #993, .T. ) ;
#2148 = ORIENTED_EDGE ( 'NONE', *, *, #4706, .T. ) ;
#2149 = EDGE_CURVE ( 'NONE', #3406, #1818, #3161, .T. ) ;
#2150 = ORIENTED_EDGE ( 'NONE', *, *, #4569, .F. ) ;
#2151 = ORIENTED_EDGE ( 'NONE', *, *, #207, .F. ) ;
#2152 = CARTESIAN_POINT ( 'NONE',  ( -3.795000000000000373, 2.919999999999999929, 2.000000000000000000 ) ) ;
#2153 = DIRECTION ( 'NONE',  ( -0.000000000000000000, 1.000000000000000000, 0.000000000000000000 ) ) ;
#2154 = ADVANCED_FACE ( 'NONE', ( #3890 ), #1033, .T. ) ;
#2155 = CARTESIAN_POINT ( 'NONE',  ( -3.844999999999999751, -3.180000000000000160, -1.347499999999999920 ) ) ;
#2156 = ORIENTED_EDGE ( 'NONE', *, *, #592, .F. ) ;
#2157 = CARTESIAN_POINT ( 'NONE',  ( -4.094999999999999751, -3.180000000000000160, 3.887499999999999734 ) ) ;
#2158 = ORIENTED_EDGE ( 'NONE', *, *, #2600, .T. ) ;
#2159 = CYLINDRICAL_SURFACE ( 'NONE', #1491, 0.2705138606503881826 ) ;
#2160 = DIRECTION ( 'NONE',  ( 0.000000000000000000, 0.000000000000000000, -1.000000000000000000 ) ) ;
#2161 = VERTEX_POINT ( 'NONE', #2074 ) ;
#2162 = EDGE_CURVE ( 'NONE', #1319, #4521, #4573, .T. ) ;
#2163 = DIRECTION ( 'NONE',  ( 0.000000000000000000, 1.000000000000000000, 0.000000000000000000 ) ) ;
#2164 = COLOUR_RGB ( '',0.7921568627450980005, 0.8196078431372548767, 0.9333333333333333481 ) ;
#2165 = CARTESIAN_POINT ( 'NONE',  ( 4.094999999999999751, 2.919999999999999929, -4.037500000000000533 ) ) ;
#2166 = LINE ( 'NONE', #4356, #2259 ) ;
#2167 = CARTESIAN_POINT ( 'NONE',  ( 0.000000000000000000, 5.080000000000000071, 0.000000000000000000 ) ) ;
#2168 = VECTOR ( 'NONE', #1266, 1000.000000000000000 ) ;
#2169 = CIRCLE ( 'NONE', #121, 0.2999999999999999334 ) ;
#2170 = VECTOR ( 'NONE', #543, 1000.000000000000000 ) ;
#2171 = EDGE_LOOP ( 'NONE', ( #2871, #2814, #2145, #4663 ) ) ;
#2172 = VECTOR ( 'NONE', #911, 1000.000000000000000 ) ;
#2173 = VECTOR ( 'NONE', #2564, 1000.000000000000000 ) ;
#2174 = VERTEX_POINT ( 'NONE', #3095 ) ;
#2175 = AXIS2_PLACEMENT_3D ( 'NONE', #4724, #1138, #1040 ) ;
#2176 = VERTEX_POINT ( 'NONE', #1707 ) ;
#2177 = VECTOR ( 'NONE', #910, 1000.000000000000000 ) ;
#2178 = ORIENTED_EDGE ( 'NONE', *, *, #4480, .F. ) ;
#2179 = EDGE_CURVE ( 'NONE', #4073, #1869, #2764, .T. ) ;
#2180 = DIRECTION ( 'NONE',  ( -1.000000000000000000, -1.836970198721014650E-16, 0.000000000000000000 ) ) ;
#2181 = DIRECTION ( 'NONE',  ( 1.405264525413350645E-16, 0.9396926207859084279, 0.3420201433256686574 ) ) ;
#2182 = EDGE_LOOP ( 'NONE', ( #3855, #1809, #3593, #1772, #4077, #1912, #3998, #3946 ) ) ;
#2183 = APPLICATION_CONTEXT ( 'automotive_design' ) ;
#2184 = AXIS2_PLACEMENT_3D ( 'NONE', #4129, #3765, #3691 ) ;
#2185 = PLANE ( 'NONE',  #3544 ) ;
#2186 = DIRECTION ( 'NONE',  ( 1.405264525413350645E-16, -0.9396926207859084279, -0.3420201433256686574 ) ) ;
#2187 = ORIENTED_EDGE ( 'NONE', *, *, #708, .F. ) ;
#2188 = CARTESIAN_POINT ( 'NONE',  ( -2.161781006939595517, 5.080000000000000071, -3.832248148665670318 ) ) ;
#2189 = VECTOR ( 'NONE', #4567, 1000.000000000000000 ) ;
#2190 = CARTESIAN_POINT ( 'NONE',  ( -2.161781006939595517, 5.080000000000000071, -4.102762009316060166 ) ) ;
#2191 = ORIENTED_EDGE ( 'NONE', *, *, #1010, .T. ) ;
#2192 = AXIS2_PLACEMENT_3D ( 'NONE', #1550, #852, #4482 ) ;
#2193 = CARTESIAN_POINT ( 'NONE',  ( 3.844999999999999751, -2.767878387081804892, -1.042499999999999982 ) ) ;
#2194 = PLANE ( 'NONE',  #4454 ) ;
#2195 = EDGE_CURVE ( 'NONE', #2215, #3476, #287, .T. ) ;
#2196 = CARTESIAN_POINT ( 'NONE',  ( 3.174999999999999822, 2.669999999999999929, 4.037500000000000533 ) ) ;
#2197 = FACE_OUTER_BOUND ( 'NONE', #3094, .T. ) ;
#2198 = FACE_OUTER_BOUND ( 'NONE', #2337, .T. ) ;
#2199 = AXIS2_PLACEMENT_3D ( 'NONE', #3262, #4719, #4352 ) ;
#2200 = LINE ( 'NONE', #658, #4616 ) ;
#2201 = ORIENTED_EDGE ( 'NONE', *, *, #2587, .T. ) ;
#2202 = ORIENTED_EDGE ( 'NONE', *, *, #4209, .T. ) ;
#2203 = CARTESIAN_POINT ( 'NONE',  ( -3.844999999999999751, -2.767878387081804892, -1.497499999999999831 ) ) ;
#2204 = CARTESIAN_POINT ( 'NONE',  ( 4.094999999999999751, 2.620000000000000107, 3.087499999999999911 ) ) ;
#2205 = EDGE_CURVE ( 'NONE', #4336, #2935, #2470, .T. ) ;
#2206 = CARTESIAN_POINT ( 'NONE',  ( -3.795000000000000373, 2.620000000000000107, -3.582500000000000018 ) ) ;
#2207 = DIRECTION ( 'NONE',  ( 0.1378445374916290045, -0.9808148484639889197, -0.1378445374916290045 ) ) ;
#2208 = ORIENTED_EDGE ( 'NONE', *, *, #178, .F. ) ;
#2209 = DIRECTION ( 'NONE',  ( 0.000000000000000000, 0.000000000000000000, 1.000000000000000000 ) ) ;
#2210 = PRESENTATION_STYLE_ASSIGNMENT (( #1083 ) ) ;
#2211 = DIRECTION ( 'NONE',  ( 0.000000000000000000, 0.000000000000000000, -1.000000000000000000 ) ) ;
#2212 = ORIENTED_EDGE ( 'NONE', *, *, #1908, .T. ) ;
#2213 = CARTESIAN_POINT ( 'NONE',  ( -4.094999999999999751, 2.620000000000000107, -1.497499999999999831 ) ) ;
#2214 = DIRECTION ( 'NONE',  ( -1.000000000000000000, 0.000000000000000000, 0.000000000000000000 ) ) ;
#2215 = VERTEX_POINT ( 'NONE', #4551 ) ;
#2216 = LINE ( 'NONE', #3670, #3321 ) ;
#2217 = PLANE ( 'NONE',  #907 ) ;
#2218 = EDGE_LOOP ( 'NONE', ( #2156, #3686, #3047, #3267 ) ) ;
#2219 = ORIENTED_EDGE ( 'NONE', *, *, #407, .F. ) ;
#2220 = DIRECTION ( 'NONE',  ( -1.000000000000000000, 1.495451272393800035E-16, 0.000000000000000000 ) ) ;
#2221 = VERTEX_POINT ( 'NONE', #2741 ) ;
#2222 = ORIENTED_EDGE ( 'NONE', *, *, #4030, .F. ) ;
#2223 = CARTESIAN_POINT ( 'NONE',  ( -3.795000000000000373, 2.620000000000000107, 2.000000000000000000 ) ) ;
#2224 = DIRECTION ( 'NONE',  ( -3.310540984688565080E-16, -1.000000000000000000, 0.000000000000000000 ) ) ;
#2225 = DIRECTION ( 'NONE',  ( 1.000000000000000000, 0.000000000000000000, 0.000000000000000000 ) ) ;
#2226 = DIRECTION ( 'NONE',  ( -1.000000000000000000, 0.000000000000000000, 0.000000000000000000 ) ) ;
#2227 = VERTEX_POINT ( 'NONE', #4200 ) ;
#2228 = CARTESIAN_POINT ( 'NONE',  ( 3.174999999999999822, 2.919999999999999929, -0.5400000000000000355 ) ) ;
#2229 = CARTESIAN_POINT ( 'NONE',  ( 3.844999999999999751, -2.547265342226494947E-16, 0.5400000000000000355 ) ) ;
#2230 = EDGE_CURVE ( 'NONE', #3634, #2819, #2031, .T. ) ;
#2231 = CARTESIAN_POINT ( 'NONE',  ( 3.174999999999999822, 2.919999999999999929, 1.497499999999999831 ) ) ;
#2232 = ORIENTED_EDGE ( 'NONE', *, *, #4689, .F. ) ;
#2233 = CARTESIAN_POINT ( 'NONE',  ( -3.174999999999999822, 2.919999999999999929, -4.794999999999999929 ) ) ;
#2234 = CARTESIAN_POINT ( 'NONE',  ( -4.094999999999999751, -3.006507891906749780E-16, -0.5400000000000000355 ) ) ;
#2235 = CARTESIAN_POINT ( 'NONE',  ( -3.174999999999999822, 2.919999999999999929, -4.794999999999999929 ) ) ;
#2236 = ADVANCED_FACE ( 'NONE', ( #1471 ), #3610, .F. ) ;
#2237 = CARTESIAN_POINT ( 'NONE',  ( -3.844999999999999751, -2.767878387081804892, -1.042499999999999982 ) ) ;
#2238 = ORIENTED_EDGE ( 'NONE', *, *, #554, .F. ) ;
#2239 = MECHANICAL_DESIGN_GEOMETRIC_PRESENTATION_REPRESENTATION (  '', ( #1112 ), #3768 ) ;
#2240 = CIRCLE ( 'NONE', #2095, 0.2705138606503881826 ) ;
#2241 = ORIENTED_EDGE ( 'NONE', *, *, #4706, .F. ) ;
#2242 = ADVANCED_FACE ( 'NONE', ( #4330 ), #4349, .F. ) ;
#2243 = VECTOR ( 'NONE', #2540, 1000.000000000000000 ) ;
#2244 = EDGE_LOOP ( 'NONE', ( #562, #3498, #4353, #3370 ) ) ;
#2245 = EDGE_CURVE ( 'NONE', #1814, #1319, #1453, .T. ) ;
#2246 = EDGE_CURVE ( 'NONE', #3618, #3375, #3996, .T. ) ;
#2247 = DIRECTION ( 'NONE',  ( -1.000000000000000000, -6.994852725712920381E-16, 0.000000000000000000 ) ) ;
#2248 = VECTOR ( 'NONE', #190, 1000.000000000000000 ) ;
#2249 = DIRECTION ( 'NONE',  ( 1.000000000000000000, 0.000000000000000000, 0.000000000000000000 ) ) ;
#2250 = AXIS2_PLACEMENT_3D ( 'NONE', #2900, #3954, #4303 ) ;
#2251 = DIRECTION ( 'NONE',  ( -1.836970198721014650E-16, 1.000000000000000000, 0.000000000000000000 ) ) ;
#2252 = VECTOR ( 'NONE', #3937, 1000.000000000000000 ) ;
#2253 = VECTOR ( 'NONE', #1632, 1000.000000000000000 ) ;
#2254 = FACE_OUTER_BOUND ( 'NONE', #742, .T. ) ;
#2255 = VERTEX_POINT ( 'NONE', #356 ) ;
#2256 = CYLINDRICAL_SURFACE ( 'NONE', #3774, 0.3000000000000003775 ) ;
#2257 = DIRECTION ( 'NONE',  ( 0.000000000000000000, 0.000000000000000000, -1.000000000000000000 ) ) ;
#2258 = ORIENTED_EDGE ( 'NONE', *, *, #1580, .T. ) ;
#2259 = VECTOR ( 'NONE', #4010, 1000.000000000000000 ) ;
#2260 = CARTESIAN_POINT ( 'NONE',  ( -3.844999999999999751, -2.547265342226494947E-16, 2.000000000000000000 ) ) ;
#2261 = CARTESIAN_POINT ( 'NONE',  ( -3.844999999999999751, 0.2000000000000000111, 3.287500000000000089 ) ) ;
#2262 = AXIS2_PLACEMENT_3D ( 'NONE', #636, #2083, #2492 ) ;
#2263 = DIRECTION ( 'NONE',  ( 0.000000000000000000, -0.3420201433256686574, 0.9396926207859084279 ) ) ;
#2264 = DIRECTION ( 'NONE',  ( 1.495451272393800035E-16, -1.000000000000000000, 0.000000000000000000 ) ) ;
#2265 = VECTOR ( 'NONE', #517, 1000.000000000000000 ) ;
#2266 = EDGE_CURVE ( 'NONE', #3576, #4620, #1080, .T. ) ;
#2267 = SURFACE_SIDE_STYLE ('',( #2726 ) ) ;
#2268 = AXIS2_PLACEMENT_3D ( 'NONE', #225, #3870, #3518 ) ;
#2269 = ORIENTED_EDGE ( 'NONE', *, *, #435, .T. ) ;
#2270 = EDGE_CURVE ( 'NONE', #1377, #4438, #1808, .T. ) ;
#2271 = VERTEX_POINT ( 'NONE', #1848 ) ;
#2272 = CARTESIAN_POINT ( 'NONE',  ( 4.094999999999999751, 2.620000000000000107, 0.5400000000000000355 ) ) ;
#2273 = CARTESIAN_POINT ( 'NONE',  ( -3.174999999999999822, 2.669999999999999929, -1.042499999999999982 ) ) ;
#2274 = ADVANCED_FACE ( 'NONE', ( #1495 ), #2946, .F. ) ;
#2275 = CARTESIAN_POINT ( 'NONE',  ( -3.795000000000000373, 2.669999999999999929, 2.000000000000000000 ) ) ;
#2276 = DIRECTION ( 'NONE',  ( 1.000000000000000000, 1.495451272393800035E-16, 0.000000000000000000 ) ) ;
#2277 = ORIENTED_EDGE ( 'NONE', *, *, #2829, .F. ) ;
#2278 = DIRECTION ( 'NONE',  ( 0.000000000000000000, 1.000000000000000000, 0.000000000000000000 ) ) ;
#2279 = PLANE ( 'NONE',  #3872 ) ;
#2280 = FACE_OUTER_BOUND ( 'NONE', #4308, .T. ) ;
#2281 = LINE ( 'NONE', #2612, #57 ) ;
#2282 = ORIENTED_EDGE ( 'NONE', *, *, #3879, .T. ) ;
#2283 = PLANE ( 'NONE',  #4697 ) ;
#2284 = FACE_OUTER_BOUND ( 'NONE', #4268, .T. ) ;
#2285 = VERTEX_POINT ( 'NONE', #2852 ) ;
#2286 = LINE ( 'NONE', #2996, #4540 ) ;
#2287 = DIRECTION ( 'NONE',  ( 1.000000000000000000, 1.836970198721014650E-16, 0.000000000000000000 ) ) ;
#2288 = ORIENTED_EDGE ( 'NONE', *, *, #1298, .T. ) ;
#2289 = ORIENTED_EDGE ( 'NONE', *, *, #4145, .F. ) ;
#2290 = EDGE_LOOP ( 'NONE', ( #3436, #4571, #4108, #2302 ) ) ;
#2291 = ADVANCED_FACE ( 'NONE', ( #3257 ), #3300, .T. ) ;
#2292 = ORIENTED_EDGE ( 'NONE', *, *, #1404, .F. ) ;
#2293 = CARTESIAN_POINT ( 'NONE',  ( -4.094999999999999751, -3.180000000000000160, -3.582500000000000018 ) ) ;
#2294 = CARTESIAN_POINT ( 'NONE',  ( 3.795000000000000373, 2.620000000000000107, 4.037500000000000533 ) ) ;
#2295 = EDGE_CURVE ( 'NONE', #1339, #1487, #9, .T. ) ;
#2296 = CARTESIAN_POINT ( 'NONE',  ( -3.844999999999999751, 0.2000000000000000111, -1.800000000000000044 ) ) ;
#2297 = DIRECTION ( 'NONE',  ( -3.310540984688565080E-16, -1.000000000000000000, 0.000000000000000000 ) ) ;
#2298 = ORIENTED_EDGE ( 'NONE', *, *, #686, .F. ) ;
#2299 = CARTESIAN_POINT ( 'NONE',  ( -4.094999999999999751, 2.620000000000000107, 4.037500000000000533 ) ) ;
#2300 = FACE_OUTER_BOUND ( 'NONE', #4711, .T. ) ;
#2301 = DIRECTION ( 'NONE',  ( -0.000000000000000000, 1.000000000000000000, 0.000000000000000000 ) ) ;
#2302 = ORIENTED_EDGE ( 'NONE', *, *, #2555, .T. ) ;
#2303 = ORIENTED_EDGE ( 'NONE', *, *, #3616, .F. ) ;
#2304 = CARTESIAN_POINT ( 'NONE',  ( 4.094999999999999751, 0.2000000000000000111, -0.5400000000000000355 ) ) ;
#2305 = ORIENTED_EDGE ( 'NONE', *, *, #2971, .T. ) ;
#2306 = PLANE ( 'NONE',  #3850 ) ;
#2307 = ORIENTED_EDGE ( 'NONE', *, *, #4433, .T. ) ;
#2308 = FACE_OUTER_BOUND ( 'NONE', #2856, .T. ) ;
#2309 = CARTESIAN_POINT ( 'NONE',  ( -3.844999999999999751, -2.767878387081804892, -1.042499999999999982 ) ) ;
#2310 = EDGE_CURVE ( 'NONE', #979, #3385, #2879, .T. ) ;
#2311 = ORIENTED_EDGE ( 'NONE', *, *, #3899, .T. ) ;
#2312 = FILL_AREA_STYLE_COLOUR ( '', #2939 ) ;
#2313 = CARTESIAN_POINT ( 'NONE',  ( 3.174999999999999822, 2.919999999999999929, -4.794999999999999929 ) ) ;
#2314 = VECTOR ( 'NONE', #2484, 1000.000000000000000 ) ;
#2315 = ORIENTED_EDGE ( 'NONE', *, *, #1114, .T. ) ;
#2316 = CARTESIAN_POINT ( 'NONE',  ( 4.094999999999999751, -2.767878387081804892, 4.037500000000000533 ) ) ;
#2317 = CARTESIAN_POINT ( 'NONE',  ( 4.094999999999999751, -3.006507891906749780E-16, 4.540000000000000036 ) ) ;
#2318 = AXIS2_PLACEMENT_3D ( 'NONE', #4672, #2096, #3144 ) ;
#2319 = VECTOR ( 'NONE', #2535, 1000.000000000000000 ) ;
#2320 = VERTEX_POINT ( 'NONE', #2565 ) ;
#2321 = CARTESIAN_POINT ( 'NONE',  ( 3.795000000000000373, 2.620000000000000107, -2.000000000000000000 ) ) ;
#2322 = ADVANCED_FACE ( 'NONE', ( #4397 ), #4664, .F. ) ;
#2323 = DIRECTION ( 'NONE',  ( -1.495451272393800035E-16, 1.000000000000000000, 0.000000000000000000 ) ) ;
#2324 = AXIS2_PLACEMENT_3D ( 'NONE', #764, #396, #1778 ) ;
#2325 = ORIENTED_EDGE ( 'NONE', *, *, #2100, .T. ) ;
#2326 = VECTOR ( 'NONE', #547, 1000.000000000000000 ) ;
#2327 = DIRECTION ( 'NONE',  ( 0.000000000000000000, 0.000000000000000000, 1.000000000000000000 ) ) ;
#2328 = PLANE ( 'NONE',  #519 ) ;
#2329 = CARTESIAN_POINT ( 'NONE',  ( -3.844999999999999751, -3.180000000000000160, 1.497499999999999831 ) ) ;
#2330 = DIRECTION ( 'NONE',  ( 1.000000000000000000, 0.000000000000000000, 0.000000000000000000 ) ) ;
#2331 = CIRCLE ( 'NONE', #3934, 0.05000000000000012768 ) ;
#2332 = AXIS2_PLACEMENT_3D ( 'NONE', #1537, #3299, #1922 ) ;
#2333 = CARTESIAN_POINT ( 'NONE',  ( 3.174999999999999822, 2.669999999999999929, 0.5400000000000000355 ) ) ;
#2334 = EDGE_CURVE ( 'NONE', #1185, #1918, #1149, .T. ) ;
#2335 = ORIENTED_EDGE ( 'NONE', *, *, #2195, .F. ) ;
#2336 = CARTESIAN_POINT ( 'NONE',  ( -3.844999999999999751, -2.767878387081804892, 1.042499999999999982 ) ) ;
#2337 = EDGE_LOOP ( 'NONE', ( #177, #3485, #856, #189 ) ) ;
#2338 = FACE_OUTER_BOUND ( 'NONE', #2838, .T. ) ;
#2339 =( GEOMETRIC_REPRESENTATION_CONTEXT ( 3 ) GLOBAL_UNCERTAINTY_ASSIGNED_CONTEXT ( ( #4589 ) ) GLOBAL_UNIT_ASSIGNED_CONTEXT ( ( #4155, #2344, #539 ) ) REPRESENTATION_CONTEXT ( 'NONE', 'WORKASPACE' ) );
#2340 = CARTESIAN_POINT ( 'NONE',  ( 3.174999999999999822, 2.669999999999999929, -3.582500000000000018 ) ) ;
#2341 = ORIENTED_EDGE ( 'NONE', *, *, #2983, .F. ) ;
#2342 = EDGE_LOOP ( 'NONE', ( #3038, #2676, #3184, #1938, #3185, #3928, #495, #2596, #2757 ) ) ;
#2343 = AXIS2_PLACEMENT_3D ( 'NONE', #1913, #3048, #2670 ) ;
#2344 =( NAMED_UNIT ( * ) PLANE_ANGLE_UNIT ( ) SI_UNIT ( $, .RADIAN. ) );
#2345 = EDGE_CURVE ( 'NONE', #1869, #278, #310, .T. ) ;
#2346 = DIRECTION ( 'NONE',  ( 0.000000000000000000, 0.000000000000000000, -1.000000000000000000 ) ) ;
#2347 = VECTOR ( 'NONE', #2605, 1000.000000000000000 ) ;
#2348 = AXIS2_PLACEMENT_3D ( 'NONE', #1160, #3651, #1482 ) ;
#2349 = EDGE_LOOP ( 'NONE', ( #1972, #1059, #2437, #4296, #1057, #2583, #4527, #482 ) ) ;
#2350 = DIRECTION ( 'NONE',  ( 0.000000000000000000, 0.000000000000000000, -1.000000000000000000 ) ) ;
#2351 = CARTESIAN_POINT ( 'NONE',  ( -3.844999999999999751, -2.547265342226494947E-16, 1.800000000000000044 ) ) ;
#2352 = AXIS2_PLACEMENT_3D ( 'NONE', #216, #3495, #3470 ) ;
#2353 = CARTESIAN_POINT ( 'NONE',  ( 3.844999999999999751, -3.180000000000000160, 1.497499999999999831 ) ) ;
#2354 = CARTESIAN_POINT ( 'NONE',  ( -3.844999999999999751, -2.767878387081804892, -3.582500000000000018 ) ) ;
#2355 = ORIENTED_EDGE ( 'NONE', *, *, #4431, .F. ) ;
#2356 = LINE ( 'NONE', #2299, #3159 ) ;
#2357 = CARTESIAN_POINT ( 'NONE',  ( 4.094999999999999751, -3.006507891906749780E-16, 2.000000000000000000 ) ) ;
#2358 = DIRECTION ( 'NONE',  ( -1.000000000000000000, 0.000000000000000000, 0.000000000000000000 ) ) ;
#2359 = ADVANCED_FACE ( 'NONE', ( #3661 ), #2119, .T. ) ;
#2360 = DIRECTION ( 'NONE',  ( 0.000000000000000000, 0.000000000000000000, -1.000000000000000000 ) ) ;
#2361 = EDGE_LOOP ( 'NONE', ( #4708, #579, #3259, #1599 ) ) ;
#2362 = CARTESIAN_POINT ( 'NONE',  ( 3.844999999999999751, -2.547265342226494947E-16, 2.000000000000000000 ) ) ;
#2363 = ORIENTED_EDGE ( 'NONE', *, *, #1259, .T. ) ;
#2364 = DIRECTION ( 'NONE',  ( 0.000000000000000000, -1.000000000000000000, 0.000000000000000000 ) ) ;
#2365 = CARTESIAN_POINT ( 'NONE',  ( 4.094999999999999751, 2.620000000000000107, 1.497499999999999831 ) ) ;
#2366 = ORIENTED_EDGE ( 'NONE', *, *, #3894, .F. ) ;
#2367 = EDGE_CURVE ( 'NONE', #2734, #3162, #4307, .T. ) ;
#2368 = SURFACE_STYLE_FILL_AREA ( #508 ) ;
#2369 = ORIENTED_EDGE ( 'NONE', *, *, #2860, .T. ) ;
#2370 = CARTESIAN_POINT ( 'NONE',  ( 3.844999999999999751, -4.336808689942014778E-16, -1.497499999999999831 ) ) ;
#2371 = CARTESIAN_POINT ( 'NONE',  ( -3.795000000000000373, 2.669999999999999929, -1.042499999999999982 ) ) ;
#2372 = VERTEX_POINT ( 'NONE', #3588 ) ;
#2373 = CARTESIAN_POINT ( 'NONE',  ( 3.795000000000000373, 2.669999999999999929, -3.087499999999999911 ) ) ;
#2374 = ORIENTED_EDGE ( 'NONE', *, *, #2485, .T. ) ;
#2375 = CARTESIAN_POINT ( 'NONE',  ( 3.844999999999999751, -2.767878387081804892, 4.037500000000000533 ) ) ;
#2376 = DIRECTION ( 'NONE',  ( -1.000000000000000000, 0.000000000000000000, 0.000000000000000000 ) ) ;
#2377 = DIRECTION ( 'NONE',  ( -1.000000000000000000, 0.000000000000000000, 0.000000000000000000 ) ) ;
#2378 = CARTESIAN_POINT ( 'NONE',  ( -3.844999999999999751, -3.180000000000000160, 3.732499999999999929 ) ) ;
#2379 = ORIENTED_EDGE ( 'NONE', *, *, #4563, .F. ) ;
#2380 = CARTESIAN_POINT ( 'NONE',  ( 3.795000000000000373, 2.669999999999999929, 4.037500000000000533 ) ) ;
#2381 = ORIENTED_EDGE ( 'NONE', *, *, #3051, .T. ) ;
#2382 = EDGE_CURVE ( 'NONE', #1723, #1243, #718, .T. ) ;
#2383 = DIRECTION ( 'NONE',  ( 0.000000000000000000, 1.000000000000000000, 0.000000000000000000 ) ) ;
#2384 = CARTESIAN_POINT ( 'NONE',  ( -3.174999999999999822, 2.919999999999999929, 4.037500000000000533 ) ) ;
#2385 = DIRECTION ( 'NONE',  ( -1.495451272393800035E-16, 1.000000000000000000, 0.000000000000000000 ) ) ;
#2386 = EDGE_CURVE ( 'NONE', #1, #709, #2861, .T. ) ;
#2387 = DIRECTION ( 'NONE',  ( 0.000000000000000000, 1.000000000000000000, 0.000000000000000000 ) ) ;
#2388 = EDGE_CURVE ( 'NONE', #253, #14, #3369, .T. ) ;
#2389 = ORIENTED_EDGE ( 'NONE', *, *, #4138, .F. ) ;
#2390 = PLANE ( 'NONE',  #2652 ) ;
#2391 = ORIENTED_EDGE ( 'NONE', *, *, #4669, .T. ) ;
#2392 = CARTESIAN_POINT ( 'NONE',  ( 3.795000000000000373, 2.620000000000000107, 3.582500000000000018 ) ) ;
#2393 = EDGE_CURVE ( 'NONE', #520, #3476, #2933, .T. ) ;
#2394 = ADVANCED_FACE ( 'NONE', ( #3012 ), #3037, .F. ) ;
#2395 = VERTEX_POINT ( 'NONE', #4469 ) ;
#2396 = CARTESIAN_POINT ( 'NONE',  ( -4.094999999999999751, -3.006507891906749780E-16, -1.497499999999999831 ) ) ;
#2397 = DIRECTION ( 'NONE',  ( -1.405264525413350645E-16, -0.9396926207859084279, 0.3420201433256686574 ) ) ;
#2398 = DIRECTION ( 'NONE',  ( 0.000000000000000000, 1.000000000000000000, 0.000000000000000000 ) ) ;
#2399 = AXIS2_PLACEMENT_3D ( 'NONE', #4659, #986, #4638 ) ;
#2400 = UNCERTAINTY_MEASURE_WITH_UNIT (LENGTH_MEASURE( 1.000000000000000082E-05 ), #4531, 'distance_accuracy_value', 'NONE');
#2401 = CARTESIAN_POINT ( 'NONE',  ( -3.174999999999999822, 2.669999999999999929, 3.087499999999999911 ) ) ;
#2402 = VECTOR ( 'NONE', #1273, 1000.000000000000000 ) ;
#2403 = VERTEX_POINT ( 'NONE', #3331 ) ;
#2404 = VECTOR ( 'NONE', #442, 1000.000000000000000 ) ;
#2405 = ORIENTED_EDGE ( 'NONE', *, *, #2837, .T. ) ;
#2406 = CARTESIAN_POINT ( 'NONE',  ( 3.844999999999999751, -2.547265342226494947E-16, -0.5400000000000000355 ) ) ;
#2407 = ORIENTED_EDGE ( 'NONE', *, *, #2625, .T. ) ;
#2408 = CARTESIAN_POINT ( 'NONE',  ( -3.174999999999999822, 2.919999999999999929, 0.5400000000000000355 ) ) ;
#2409 = FACE_OUTER_BOUND ( 'NONE', #3816, .T. ) ;
#2410 = VECTOR ( 'NONE', #3838, 1000.000000000000000 ) ;
#2411 = AXIS2_PLACEMENT_3D ( 'NONE', #4259, #3558, #2021 ) ;
#2412 = PLANE ( 'NONE',  #1562 ) ;
#2413 = AXIS2_PLACEMENT_3D ( 'NONE', #1413, #2576, #2528 ) ;
#2414 = AXIS2_PLACEMENT_3D ( 'NONE', #2423, #2019, #3082 ) ;
#2415 = CARTESIAN_POINT ( 'NONE',  ( -3.174999999999999822, 2.669999999999999929, 2.000000000000000000 ) ) ;
#2416 = EDGE_CURVE ( 'NONE', #1251, #1807, #1590, .T. ) ;
#2417 = AXIS2_PLACEMENT_3D ( 'NONE', #1076, #3951, #2516 ) ;
#2418 = ORIENTED_EDGE ( 'NONE', *, *, #1276, .T. ) ;
#2419 = LINE ( 'NONE', #1329, #2044 ) ;
#2420 = ADVANCED_FACE ( 'NONE', ( #62 ), #840, .T. ) ;
#2421 = VECTOR ( 'NONE', #4631, 1000.000000000000000 ) ;
#2422 = EDGE_LOOP ( 'NONE', ( #854, #259, #2289, #516, #3930, #3587, #2461, #3310 ) ) ;
#2423 = CARTESIAN_POINT ( 'NONE',  ( 3.795000000000000373, 2.620000000000000107, 2.000000000000000000 ) ) ;
#2424 = ORIENTED_EDGE ( 'NONE', *, *, #1513, .F. ) ;
#2425 = DIRECTION ( 'NONE',  ( -1.000000000000000000, -6.994852725712920381E-16, 0.000000000000000000 ) ) ;
#2426 =( GEOMETRIC_REPRESENTATION_CONTEXT ( 3 ) GLOBAL_UNCERTAINTY_ASSIGNED_CONTEXT ( ( #2025 ) ) GLOBAL_UNIT_ASSIGNED_CONTEXT ( ( #493, #143, #1929 ) ) REPRESENTATION_CONTEXT ( 'NONE', 'WORKASPACE' ) );
#2427 = CARTESIAN_POINT ( 'NONE',  ( -2.161781006939595517, 4.980000000000000426, -3.561734288015280026 ) ) ;
#2428 = LINE ( 'NONE', #3511, #3000 ) ;
#2429 = CARTESIAN_POINT ( 'NONE',  ( 3.844999999999999751, 2.620000000000000107, -0.5400000000000000355 ) ) ;
#2430 = ORIENTED_EDGE ( 'NONE', *, *, #3666, .T. ) ;
#2431 = DIRECTION ( 'NONE',  ( 0.000000000000000000, 0.000000000000000000, -1.000000000000000000 ) ) ;
#2432 = ORIENTED_EDGE ( 'NONE', *, *, #3804, .F. ) ;
#2433 = DIRECTION ( 'NONE',  ( 0.000000000000000000, 1.000000000000000000, 0.000000000000000000 ) ) ;
#2434 = DIRECTION ( 'NONE',  ( 1.000000000000000000, 6.994852725712920381E-16, 0.000000000000000000 ) ) ;
#2435 =( NAMED_UNIT ( * ) PLANE_ANGLE_UNIT ( ) SI_UNIT ( $, .RADIAN. ) );
#2436 = FILL_AREA_STYLE_COLOUR ( '', #2164 ) ;
#2437 = ORIENTED_EDGE ( 'NONE', *, *, #4403, .F. ) ;
#2438 = EDGE_CURVE ( 'NONE', #2990, #3068, #4140, .T. ) ;
#2439 = DIRECTION ( 'NONE',  ( 0.000000000000000000, -1.000000000000000000, 0.000000000000000000 ) ) ;
#2440 = FACE_OUTER_BOUND ( 'NONE', #3527, .T. ) ;
#2441 = VERTEX_POINT ( 'NONE', #1902 ) ;
#2442 = CARTESIAN_POINT ( 'NONE',  ( -4.094999999999999751, -2.767878387081804892, 1.042499999999999982 ) ) ;
#2443 = EDGE_CURVE ( 'NONE', #3140, #4407, #4687, .T. ) ;
#2444 = LINE ( 'NONE', #3221, #4249 ) ;
#2445 = CARTESIAN_POINT ( 'NONE',  ( -4.094999999999999751, -3.180000000000000160, -1.192499999999999893 ) ) ;
#2446 = DIRECTION ( 'NONE',  ( 1.405264525413350645E-16, -0.9396926207859084279, 0.3420201433256686574 ) ) ;
#2447 = ORIENTED_EDGE ( 'NONE', *, *, #2026, .F. ) ;
#2448 = CARTESIAN_POINT ( 'NONE',  ( 4.094999999999999751, -3.180000000000000160, 4.037500000000000533 ) ) ;
#2449 = ORIENTED_EDGE ( 'NONE', *, *, #69, .F. ) ;
#2450 = ADVANCED_FACE ( 'NONE', ( #1923 ), #106, .T. ) ;
#2451 = EDGE_CURVE ( 'NONE', #4565, #2227, #3680, .T. ) ;
#2452 = DIRECTION ( 'NONE',  ( 1.000000000000000000, 0.000000000000000000, 0.000000000000000000 ) ) ;
#2453 = DIRECTION ( 'NONE',  ( 1.000000000000000000, 0.000000000000000000, 0.000000000000000000 ) ) ;
#2454 = ORIENTED_EDGE ( 'NONE', *, *, #2126, .F. ) ;
#2455 = DIRECTION ( 'NONE',  ( 0.000000000000000000, 0.000000000000000000, -1.000000000000000000 ) ) ;
#2456 = EDGE_CURVE ( 'NONE', #261, #2755, #2968, .T. ) ;
#2457 = ADVANCED_FACE ( 'NONE', ( #2254 ), #3753, .F. ) ;
#2458 = FILL_AREA_STYLE ('',( #2509 ) ) ;
#2459 = VERTEX_POINT ( 'NONE', #3785 ) ;
#2460 = DIRECTION ( 'NONE',  ( 0.000000000000000000, -0.9902680687415703620, 0.1391731009600656321 ) ) ;
#2461 = ORIENTED_EDGE ( 'NONE', *, *, #2051, .T. ) ;
#2462 = DIRECTION ( 'NONE',  ( 0.000000000000000000, -1.000000000000000000, 0.000000000000000000 ) ) ;
#2463 = VERTEX_POINT ( 'NONE', #522 ) ;
#2464 = LINE ( 'NONE', #2375, #4383 ) ;
#2465 = LINE ( 'NONE', #1897, #1583 ) ;
#2466 = CARTESIAN_POINT ( 'NONE',  ( 3.844999999999999751, -3.180000000000000160, -3.582500000000000018 ) ) ;
#2467 = EDGE_CURVE ( 'NONE', #1454, #1394, #655, .T. ) ;
#2468 = CARTESIAN_POINT ( 'NONE',  ( -2.161781006939595517, 5.080000000000000071, -3.832248148665670318 ) ) ;
#2469 = VERTEX_POINT ( 'NONE', #1612 ) ;
#2470 = LINE ( 'NONE', #1736, #2248 ) ;
#2471 = ORIENTED_EDGE ( 'NONE', *, *, #2964, .T. ) ;
#2472 = CIRCLE ( 'NONE', #892, 0.2999999999999999334 ) ;
#2473 =( NAMED_UNIT ( * ) PLANE_ANGLE_UNIT ( ) SI_UNIT ( $, .RADIAN. ) );
#2474 = LINE ( 'NONE', #3452, #2048 ) ;
#2475 = ORIENTED_EDGE ( 'NONE', *, *, #207, .T. ) ;
#2476 = ORIENTED_EDGE ( 'NONE', *, *, #3113, .F. ) ;
#2477 = AXIS2_PLACEMENT_3D ( 'NONE', #3285, #1410, #3963 ) ;
#2478 = VECTOR ( 'NONE', #2181, 1000.000000000000000 ) ;
#2479 = EDGE_CURVE ( 'NONE', #3130, #2870, #3059, .T. ) ;
#2480 = CARTESIAN_POINT ( 'NONE',  ( -3.795000000000000373, 0.2000000000000000111, 0.5400000000000000355 ) ) ;
#2481 = VECTOR ( 'NONE', #1758, 1000.000000000000000 ) ;
#2482 = CARTESIAN_POINT ( 'NONE',  ( 3.844999999999999751, 0.2000000000000000111, -2.000000000000000000 ) ) ;
#2483 = AXIS2_PLACEMENT_3D ( 'NONE', #1078, #716, #1776 ) ;
#2484 = DIRECTION ( 'NONE',  ( 0.000000000000000000, 1.000000000000000000, 0.000000000000000000 ) ) ;
#2485 = EDGE_CURVE ( 'NONE', #4585, #1, #1877, .T. ) ;
#2486 = VECTOR ( 'NONE', #1726, 1000.000000000000000 ) ;
#2487 = ORIENTED_EDGE ( 'NONE', *, *, #3136, .T. ) ;
#2488 = VECTOR ( 'NONE', #3566, 1000.000000000000000 ) ;
#2489 = VECTOR ( 'NONE', #3729, 1000.000000000000000 ) ;
#2490 = ORIENTED_EDGE ( 'NONE', *, *, #4632, .F. ) ;
#2491 = ORIENTED_EDGE ( 'NONE', *, *, #499, .T. ) ;
#2492 = DIRECTION ( 'NONE',  ( -1.000000000000000000, 0.000000000000000000, 0.000000000000000000 ) ) ;
#2493 = DIRECTION ( 'NONE',  ( 1.405264525413350645E-16, 0.9396926207859084279, -0.3420201433256686574 ) ) ;
#2494 = ORIENTED_EDGE ( 'NONE', *, *, #224, .T. ) ;
#2495 = CIRCLE ( 'NONE', #3713, 0.2000000000000000111 ) ;
#2496 = DIRECTION ( 'NONE',  ( 0.000000000000000000, 0.000000000000000000, -1.000000000000000000 ) ) ;
#2497 = EDGE_LOOP ( 'NONE', ( #4670, #643, #677, #3249 ) ) ;
#2498 = CARTESIAN_POINT ( 'NONE',  ( -3.844999999999999751, -2.547265342226494947E-16, -3.079999999999999627 ) ) ;
#2499 = AXIS2_PLACEMENT_3D ( 'NONE', #1782, #3207, #3664 ) ;
#2500 = VERTEX_POINT ( 'NONE', #2608 ) ;
#2501 = FILL_AREA_STYLE ('',( #2569 ) ) ;
#2502 = EDGE_CURVE ( 'NONE', #120, #3228, #4066, .T. ) ;
#2503 = LINE ( 'NONE', #3959, #3029 ) ;
#2504 = VERTEX_POINT ( 'NONE', #3810 ) ;
#2505 = CYLINDRICAL_SURFACE ( 'NONE', #3165, 0.2000000000000000111 ) ;
#2506 = DIRECTION ( 'NONE',  ( 1.000000000000000000, 0.000000000000000000, 0.000000000000000000 ) ) ;
#2507 = DIRECTION ( 'NONE',  ( -1.495451272393800035E-16, -1.000000000000000000, 0.000000000000000000 ) ) ;
#2508 = PRODUCT_DEFINITION_SHAPE ( 'NONE', 'NONE',  #4580 ) ;
#2509 = FILL_AREA_STYLE_COLOUR ( '', #1038 ) ;
#2510 = EDGE_CURVE ( 'NONE', #1164, #2271, #1199, .T. ) ;
#2511 = ORIENTED_EDGE ( 'NONE', *, *, #2891, .F. ) ;
#2512 = EDGE_CURVE ( 'NONE', #895, #162, #4235, .T. ) ;
#2513 = VERTEX_POINT ( 'NONE', #1998 ) ;
#2514 = ORIENTED_EDGE ( 'NONE', *, *, #2345, .T. ) ;
#2515 = EDGE_CURVE ( 'NONE', #3320, #2575, #4169, .T. ) ;
#2516 = DIRECTION ( 'NONE',  ( 1.000000000000000000, 0.000000000000000000, 0.000000000000000000 ) ) ;
#2517 = DIRECTION ( 'NONE',  ( 0.000000000000000000, 0.000000000000000000, 1.000000000000000000 ) ) ;
#2518 = CYLINDRICAL_SURFACE ( 'NONE', #2250, 0.05000000000000012768 ) ;
#2519 = EDGE_LOOP ( 'NONE', ( #1646, #924, #1213, #357, #2824, #551, #1079, #786, #3799, #3630, #1668, #4020 ) ) ;
#2520 = CARTESIAN_POINT ( 'NONE',  ( 3.795000000000000373, 2.620000000000000107, -3.582500000000000018 ) ) ;
#2521 = ORIENTED_EDGE ( 'NONE', *, *, #2162, .F. ) ;
#2522 = LINE ( 'NONE', #1455, #3462 ) ;
#2523 = CARTESIAN_POINT ( 'NONE',  ( -3.795000000000000373, 2.919999999999999929, 0.5400000000000000355 ) ) ;
#2524 = VERTEX_POINT ( 'NONE', #2354 ) ;
#2525 = DIRECTION ( 'NONE',  ( 1.000000000000000000, 0.000000000000000000, 0.000000000000000000 ) ) ;
#2526 = DIRECTION ( 'NONE',  ( 0.000000000000000000, 0.000000000000000000, -1.000000000000000000 ) ) ;
#2527 = ORIENTED_EDGE ( 'NONE', *, *, #48, .T. ) ;
#2528 = DIRECTION ( 'NONE',  ( -1.000000000000000000, 0.000000000000000000, 0.000000000000000000 ) ) ;
#2529 = LINE ( 'NONE', #4704, #267 ) ;
#2530 = ADVANCED_FACE ( 'NONE', ( #3237 ), #4378, .T. ) ;
#2531 = ORIENTED_EDGE ( 'NONE', *, *, #3947, .T. ) ;
#2532 = ORIENTED_EDGE ( 'NONE', *, *, #3606, .T. ) ;
#2533 = ORIENTED_EDGE ( 'NONE', *, *, #68, .F. ) ;
#2534 = CARTESIAN_POINT ( 'NONE',  ( 3.795000000000000373, 2.919999999999999929, 4.037500000000000533 ) ) ;
#2535 = DIRECTION ( 'NONE',  ( 1.000000000000000000, -6.994852725712920381E-16, 0.000000000000000000 ) ) ;
#2536 = EDGE_CURVE ( 'NONE', #3394, #1759, #3209, .T. ) ;
#2537 = DIRECTION ( 'NONE',  ( 1.000000000000000000, 0.000000000000000000, 0.000000000000000000 ) ) ;
#2538 = DIRECTION ( 'NONE',  ( 3.310540984688565080E-16, -1.000000000000000000, 0.000000000000000000 ) ) ;
#2539 = VERTEX_POINT ( 'NONE', #1134 ) ;
#2540 = DIRECTION ( 'NONE',  ( -1.495451272393800035E-16, -1.000000000000000000, 0.000000000000000000 ) ) ;
#2541 = PLANE ( 'NONE',  #365 ) ;
#2542 = CARTESIAN_POINT ( 'NONE',  ( 3.795000000000000373, 2.620000000000000107, 2.000000000000000000 ) ) ;
#2543 = ORIENTED_EDGE ( 'NONE', *, *, #4535, .T. ) ;
#2544 = LINE ( 'NONE', #3647, #739 ) ;
#2545 = CARTESIAN_POINT ( 'NONE',  ( -4.094999999999999751, 2.620000000000000107, 3.087499999999999911 ) ) ;
#2546 = DIRECTION ( 'NONE',  ( -1.000000000000000000, 1.495451272393800035E-16, 0.000000000000000000 ) ) ;
#2547 = FACE_BOUND ( 'NONE', #2728, .T. ) ;
#2548 = DIRECTION ( 'NONE',  ( 0.000000000000000000, 0.000000000000000000, -1.000000000000000000 ) ) ;
#2549 = VECTOR ( 'NONE', #2144, 1000.000000000000000 ) ;
#2550 = AXIS2_PLACEMENT_3D ( 'NONE', #2640, #3469, #845 ) ;
#2551 = SURFACE_STYLE_USAGE ( .BOTH. , #78 ) ;
#2552 = STYLED_ITEM ( 'NONE', ( #968 ), #1765 ) ;
#2553 = VECTOR ( 'NONE', #3438, 1000.000000000000000 ) ;
#2554 = ORIENTED_EDGE ( 'NONE', *, *, #2602, .T. ) ;
#2555 = EDGE_CURVE ( 'NONE', #4620, #878, #2124, .T. ) ;
#2556 = VECTOR ( 'NONE', #724, 1000.000000000000000 ) ;
#2557 = VECTOR ( 'NONE', #4490, 1000.000000000000000 ) ;
#2558 = VECTOR ( 'NONE', #4699, 1000.000000000000000 ) ;
#2559 = ORIENTED_EDGE ( 'NONE', *, *, #3894, .T. ) ;
#2560 = DIRECTION ( 'NONE',  ( 0.000000000000000000, -1.000000000000000000, 0.000000000000000000 ) ) ;
#2561 = CARTESIAN_POINT ( 'NONE',  ( 3.844999999999999751, -3.180000000000000160, -1.347499999999999920 ) ) ;
#2562 = EDGE_CURVE ( 'NONE', #2604, #3253, #2544, .T. ) ;
#2563 = COLOUR_RGB ( '',0.7921568627450980005, 0.8196078431372548767, 0.9333333333333333481 ) ;
#2564 = DIRECTION ( 'NONE',  ( 1.000000000000000000, 1.836970198721014650E-16, 0.000000000000000000 ) ) ;
#2565 = CARTESIAN_POINT ( 'NONE',  ( 3.844999999999999751, 2.620000000000000107, -3.087499999999999911 ) ) ;
#2566 = VERTEX_POINT ( 'NONE', #3594 ) ;
#2567 = FACE_OUTER_BOUND ( 'NONE', #605, .T. ) ;
#2568 = VECTOR ( 'NONE', #2629, 1000.000000000000000 ) ;
#2569 = FILL_AREA_STYLE_COLOUR ( '', #2563 ) ;
#2570 = LINE ( 'NONE', #4335, #3876 ) ;
#2571 = VERTEX_POINT ( 'NONE', #2193 ) ;
#2572 = AXIS2_PLACEMENT_3D ( 'NONE', #457, #2619, #478 ) ;
#2573 = CARTESIAN_POINT ( 'NONE',  ( -3.795000000000000373, 2.620000000000000107, 0.5400000000000000355 ) ) ;
#2574 = DIRECTION ( 'NONE',  ( 0.000000000000000000, 1.000000000000000000, 0.000000000000000000 ) ) ;
#2575 = VERTEX_POINT ( 'NONE', #3621 ) ;
#2576 = DIRECTION ( 'NONE',  ( 0.000000000000000000, -0.3420201433256686574, 0.9396926207859084279 ) ) ;
#2577 = LINE ( 'NONE', #2105, #2421 ) ;
#2578 = VECTOR ( 'NONE', #1674, 1000.000000000000000 ) ;
#2579 = ORIENTED_EDGE ( 'NONE', *, *, #3255, .F. ) ;
#2580 = CARTESIAN_POINT ( 'NONE',  ( 3.844999999999999751, -3.180000000000000160, -3.887499999999999734 ) ) ;
#2581 = ORIENTED_EDGE ( 'NONE', *, *, #592, .T. ) ;
#2582 = ADVANCED_FACE ( 'NONE', ( #3569 ), #2505, .T. ) ;
#2583 = ORIENTED_EDGE ( 'NONE', *, *, #3906, .F. ) ;
#2584 = DIRECTION ( 'NONE',  ( 0.000000000000000000, 0.000000000000000000, -1.000000000000000000 ) ) ;
#2585 = DIRECTION ( 'NONE',  ( 1.000000000000000000, 0.000000000000000000, 0.000000000000000000 ) ) ;
#2586 = DIRECTION ( 'NONE',  ( 0.000000000000000000, 0.000000000000000000, 1.000000000000000000 ) ) ;
#2587 = EDGE_CURVE ( 'NONE', #355, #2923, #2956, .T. ) ;
#2588 = CARTESIAN_POINT ( 'NONE',  ( 3.174999999999999822, 2.669999999999999929, -4.794999999999999929 ) ) ;
#2589 = ORIENTED_EDGE ( 'NONE', *, *, #2270, .F. ) ;
#2590 = CARTESIAN_POINT ( 'NONE',  ( 4.094999999999999751, 2.620000000000000107, -3.087499999999999911 ) ) ;
#2591 = CARTESIAN_POINT ( 'NONE',  ( 4.094999999999999751, -3.180000000000000160, -1.192499999999999893 ) ) ;
#2592 = ORIENTED_EDGE ( 'NONE', *, *, #1755, .F. ) ;
#2593 = DIRECTION ( 'NONE',  ( 1.000000000000000000, 1.836970198721014650E-16, 0.000000000000000000 ) ) ;
#2594 = DIRECTION ( 'NONE',  ( 0.000000000000000000, 0.000000000000000000, -1.000000000000000000 ) ) ;
#2595 = EDGE_CURVE ( 'NONE', #1918, #4692, #2331, .T. ) ;
#2596 = ORIENTED_EDGE ( 'NONE', *, *, #3727, .F. ) ;
#2597 = DIRECTION ( 'NONE',  ( 1.495451272393800035E-16, -1.000000000000000000, 0.000000000000000000 ) ) ;
#2598 = CARTESIAN_POINT ( 'NONE',  ( 4.094999999999999751, 2.620000000000000107, -2.000000000000000000 ) ) ;
#2599 = ORIENTED_EDGE ( 'NONE', *, *, #3121, .T. ) ;
#2600 = EDGE_CURVE ( 'NONE', #875, #4365, #1409, .T. ) ;
#2601 = DIRECTION ( 'NONE',  ( -1.000000000000000000, 0.000000000000000000, 0.000000000000000000 ) ) ;
#2602 = EDGE_CURVE ( 'NONE', #4391, #1319, #4615, .T. ) ;
#2603 = VERTEX_POINT ( 'NONE', #3307 ) ;
#2604 = VERTEX_POINT ( 'NONE', #2858 ) ;
#2605 = DIRECTION ( 'NONE',  ( 0.000000000000000000, 0.000000000000000000, -1.000000000000000000 ) ) ;
#2606 = CARTESIAN_POINT ( 'NONE',  ( -2.161781006939595517, 5.080000000000000071, -3.832248148665670318 ) ) ;
#2607 = LINE ( 'NONE', #1901, #1795 ) ;
#2608 = CARTESIAN_POINT ( 'NONE',  ( 4.094999999999999751, -2.767878387081804892, 1.497499999999999831 ) ) ;
#2609 = ORIENTED_EDGE ( 'NONE', *, *, #823, .F. ) ;
#2610 = DIRECTION ( 'NONE',  ( -0.000000000000000000, 0.3420201433256686574, 0.9396926207859084279 ) ) ;
#2611 = CARTESIAN_POINT ( 'NONE',  ( 3.174999999999999822, 2.919999999999999929, -3.582500000000000018 ) ) ;
#2612 = CARTESIAN_POINT ( 'NONE',  ( -3.844999999999999751, -2.547265342226494947E-16, -1.800000000000000044 ) ) ;
#2613 = VERTEX_POINT ( 'NONE', #1440 ) ;
#2614 = ADVANCED_FACE ( 'NONE', ( #1459 ), #1086, .T. ) ;
#2615 = FACE_OUTER_BOUND ( 'NONE', #1728, .T. ) ;
#2616 = CARTESIAN_POINT ( 'NONE',  ( 3.174999999999999822, 2.919999999999999929, -3.582500000000000018 ) ) ;
#2617 = ORIENTED_EDGE ( 'NONE', *, *, #2018, .F. ) ;
#2618 = FACE_OUTER_BOUND ( 'NONE', #2046, .T. ) ;
#2619 = DIRECTION ( 'NONE',  ( -0.000000000000000000, 1.000000000000000000, 0.000000000000000000 ) ) ;
#2620 = ORIENTED_EDGE ( 'NONE', *, *, #1069, .T. ) ;
#2621 = EDGE_CURVE ( 'NONE', #3711, #1887, #3284, .T. ) ;
#2622 =( LENGTH_UNIT ( ) NAMED_UNIT ( * ) SI_UNIT ( .MILLI., .METRE. ) );
#2623 = VECTOR ( 'NONE', #3135, 1000.000000000000000 ) ;
#2624 = VERTEX_POINT ( 'NONE', #2906 ) ;
#2625 = EDGE_CURVE ( 'NONE', #1465, #862, #3265, .T. ) ;
#2626 = AXIS2_PLACEMENT_3D ( 'NONE', #4127, #454, #3794 ) ;
#2627 = AXIS2_PLACEMENT_3D ( 'NONE', #423, #2920, #4048 ) ;
#2628 = EDGE_LOOP ( 'NONE', ( #2447, #1247, #1515, #1062 ) ) ;
#2629 = DIRECTION ( 'NONE',  ( -1.000000000000000000, 0.000000000000000000, 0.000000000000000000 ) ) ;
#2630 = AXIS2_PLACEMENT_3D ( 'NONE', #1384, #1645, #4219 ) ;
#2631 = DIRECTION ( 'NONE',  ( 0.000000000000000000, 0.000000000000000000, -1.000000000000000000 ) ) ;
#2632 = AXIS2_PLACEMENT_3D ( 'NONE', #2082, #235, #2825 ) ;
#2633 = CARTESIAN_POINT ( 'NONE',  ( 3.795000000000000373, 2.620000000000000107, -4.037500000000000533 ) ) ;
#2634 = VECTOR ( 'NONE', #496, 1000.000000000000000 ) ;
#2635 = CIRCLE ( 'NONE', #3392, 0.2000000000000000111 ) ;
#2636 = DIRECTION ( 'NONE',  ( 1.000000000000000000, 0.000000000000000000, 0.000000000000000000 ) ) ;
#2637 = ORIENTED_EDGE ( 'NONE', *, *, #2295, .T. ) ;
#2638 = LINE ( 'NONE', #469, #970 ) ;
#2639 = DIRECTION ( 'NONE',  ( -1.495451272393800035E-16, 1.000000000000000000, 0.000000000000000000 ) ) ;
#2640 = CARTESIAN_POINT ( 'NONE',  ( 3.174999999999999822, 2.669999999999999929, -4.794999999999999929 ) ) ;
#2641 = ORIENTED_EDGE ( 'NONE', *, *, #59, .F. ) ;
#2642 = VECTOR ( 'NONE', #1601, 1000.000000000000000 ) ;
#2643 = ORIENTED_EDGE ( 'NONE', *, *, #1446, .F. ) ;
#2644 = LINE ( 'NONE', #2667, #3777 ) ;
#2645 = DIRECTION ( 'NONE',  ( 1.000000000000000000, 0.000000000000000000, 0.000000000000000000 ) ) ;
#2646 = VECTOR ( 'NONE', #4363, 1000.000000000000000 ) ;
#2647 = ORIENTED_EDGE ( 'NONE', *, *, #2051, .F. ) ;
#2648 = EDGE_CURVE ( 'NONE', #1209, #476, #4354, .T. ) ;
#2649 = DIRECTION ( 'NONE',  ( -1.495451272393800035E-16, -1.000000000000000000, 0.000000000000000000 ) ) ;
#2650 = DIRECTION ( 'NONE',  ( 1.000000000000000000, 0.000000000000000000, 0.000000000000000000 ) ) ;
#2651 = ORIENTED_EDGE ( 'NONE', *, *, #896, .T. ) ;
#2652 = AXIS2_PLACEMENT_3D ( 'NONE', #2774, #1698, #880 ) ;
#2653 = EDGE_CURVE ( 'NONE', #86, #1454, #1105, .T. ) ;
#2654 = CIRCLE ( 'NONE', #4557, 0.2000000000000000111 ) ;
#2655 = ORIENTED_EDGE ( 'NONE', *, *, #618, .F. ) ;
#2656 = EDGE_LOOP ( 'NONE', ( #773, #602, #4003, #3448, #3278, #611, #2662, #1853 ) ) ;
#2657 = LINE ( 'NONE', #2965, #1142 ) ;
#2658 = DIRECTION ( 'NONE',  ( 0.000000000000000000, -1.000000000000000000, 0.000000000000000000 ) ) ;
#2659 = LINE ( 'NONE', #4097, #1420 ) ;
#2660 = CARTESIAN_POINT ( 'NONE',  ( 4.094999999999999751, -3.006507891906749780E-16, -3.079999999999999627 ) ) ;
#2661 = EDGE_CURVE ( 'NONE', #3398, #3721, #15, .T. ) ;
#2662 = ORIENTED_EDGE ( 'NONE', *, *, #3578, .F. ) ;
#2663 = CARTESIAN_POINT ( 'NONE',  ( -3.795000000000000373, 2.620000000000000107, 2.000000000000000000 ) ) ;
#2664 = CARTESIAN_POINT ( 'NONE',  ( 3.174999999999999822, 2.919999999999999929, -3.582500000000000018 ) ) ;
#2665 = FACE_OUTER_BOUND ( 'NONE', #3419, .T. ) ;
#2666 = ORIENTED_EDGE ( 'NONE', *, *, #1234, .F. ) ;
#2667 = CARTESIAN_POINT ( 'NONE',  ( 3.844999999999999751, 2.620000000000000107, 4.037500000000000533 ) ) ;
#2668 = ORIENTED_EDGE ( 'NONE', *, *, #2179, .T. ) ;
#2669 = DIRECTION ( 'NONE',  ( -1.000000000000000000, 1.495451272393800035E-16, 0.000000000000000000 ) ) ;
#2670 = DIRECTION ( 'NONE',  ( 0.000000000000000000, -1.000000000000000000, 0.000000000000000000 ) ) ;
#2671 = FACE_OUTER_BOUND ( 'NONE', #1699, .T. ) ;
#2672 = ORIENTED_EDGE ( 'NONE', *, *, #758, .T. ) ;
#2673 = DIRECTION ( 'NONE',  ( 0.000000000000000000, -1.000000000000000000, 0.000000000000000000 ) ) ;
#2674 = VERTEX_POINT ( 'NONE', #1155 ) ;
#2675 = EDGE_CURVE ( 'NONE', #687, #80, #1503, .T. ) ;
#2676 = ORIENTED_EDGE ( 'NONE', *, *, #2679, .T. ) ;
#2677 = FACE_OUTER_BOUND ( 'NONE', #630, .T. ) ;
#2678 = CARTESIAN_POINT ( 'NONE',  ( 3.174999999999999822, 2.919999999999999929, 4.037500000000000533 ) ) ;
#2679 = EDGE_CURVE ( 'NONE', #3431, #1915, #678, .T. ) ;
#2680 = EDGE_LOOP ( 'NONE', ( #4404, #992, #4232, #1293 ) ) ;
#2681 = DIRECTION ( 'NONE',  ( 1.405264525413350645E-16, -0.9396926207859084279, -0.3420201433256686574 ) ) ;
#2682 = DIRECTION ( 'NONE',  ( 1.000000000000000000, 0.000000000000000000, 0.000000000000000000 ) ) ;
#2683 = VERTEX_POINT ( 'NONE', #4447 ) ;
#2684 = LINE ( 'NONE', #3061, #4377 ) ;
#2685 = FACE_OUTER_BOUND ( 'NONE', #2361, .T. ) ;
#2686 = CARTESIAN_POINT ( 'NONE',  ( 3.795000000000000373, 2.620000000000000107, -2.000000000000000000 ) ) ;
#2687 =( NAMED_UNIT ( * ) SI_UNIT ( $, .STERADIAN. ) SOLID_ANGLE_UNIT ( ) );
#2688 = EDGE_LOOP ( 'NONE', ( #3291, #622, #1690, #3442 ) ) ;
#2689 = EDGE_CURVE ( 'NONE', #292, #473, #1983, .T. ) ;
#2690 = CARTESIAN_POINT ( 'NONE',  ( -4.094999999999999751, 0.2000000000000000111, 1.800000000000000044 ) ) ;
#2691 = ORIENTED_EDGE ( 'NONE', *, *, #628, .F. ) ;
#2692 = FACE_OUTER_BOUND ( 'NONE', #4479, .T. ) ;
#2693 = ORIENTED_EDGE ( 'NONE', *, *, #2595, .F. ) ;
#2694 = CARTESIAN_POINT ( 'NONE',  ( -3.844999999999999751, 0.2000000000000000111, -0.5400000000000000355 ) ) ;
#2695 = CARTESIAN_POINT ( 'NONE',  ( 3.795000000000000373, -4.336808689942014778E-16, -3.582500000000000018 ) ) ;
#2696 = ORIENTED_EDGE ( 'NONE', *, *, #791, .T. ) ;
#2697 = AXIS2_PLACEMENT_3D ( 'NONE', #1246, #4473, #4196 ) ;
#2698 = ORIENTED_EDGE ( 'NONE', *, *, #3578, .T. ) ;
#2699 = ADVANCED_FACE ( 'NONE', ( #4477 ), #819, .F. ) ;
#2700 = CARTESIAN_POINT ( 'NONE',  ( -3.174999999999999822, 2.919999999999999929, 4.037500000000000533 ) ) ;
#2701 = LINE ( 'NONE', #484, #3315 ) ;
#2702 = VECTOR ( 'NONE', #4579, 1000.000000000000000 ) ;
#2703 =( GEOMETRIC_REPRESENTATION_CONTEXT ( 3 ) GLOBAL_UNCERTAINTY_ASSIGNED_CONTEXT ( ( #639 ) ) GLOBAL_UNIT_ASSIGNED_CONTEXT ( ( #2818, #1090, #3269 ) ) REPRESENTATION_CONTEXT ( 'NONE', 'WORKASPACE' ) );
#2704 = PLANE ( 'NONE',  #4603 ) ;
#2705 = DIRECTION ( 'NONE',  ( 1.000000000000000000, -6.994852725712920381E-16, 0.000000000000000000 ) ) ;
#2706 = VECTOR ( 'NONE', #1402, 1000.000000000000227 ) ;
#2707 = ORIENTED_EDGE ( 'NONE', *, *, #3255, .T. ) ;
#2708 = AXIS2_PLACEMENT_3D ( 'NONE', #205, #3460, #3110 ) ;
#2709 = DIRECTION ( 'NONE',  ( 1.000000000000000000, 0.000000000000000000, 0.000000000000000000 ) ) ;
#2710 = ADVANCED_FACE ( 'NONE', ( #1960 ), #2283, .F. ) ;
#2711 = CARTESIAN_POINT ( 'NONE',  ( 3.844999999999999751, -2.767878387081804892, 1.497499999999999831 ) ) ;
#2712 = CARTESIAN_POINT ( 'NONE',  ( 4.094999999999999751, -3.180000000000000160, -1.042499999999999982 ) ) ;
#2713 = VECTOR ( 'NONE', #3982, 1000.000000000000000 ) ;
#2714 = VECTOR ( 'NONE', #2496, 1000.000000000000000 ) ;
#2715 = DIRECTION ( 'NONE',  ( 1.836970198721014650E-16, 1.000000000000000000, 0.000000000000000000 ) ) ;
#2716 = EDGE_LOOP ( 'NONE', ( #1554, #2178, #98, #425 ) ) ;
#2717 = ORIENTED_EDGE ( 'NONE', *, *, #2382, .F. ) ;
#2718 = CARTESIAN_POINT ( 'NONE',  ( 3.174999999999999822, 2.669999999999999929, 2.000000000000000000 ) ) ;
#2719 = ORIENTED_EDGE ( 'NONE', *, *, #715, .F. ) ;
#2720 = ADVANCED_FACE ( 'NONE', ( #114 ), #1201, .T. ) ;
#2721 = AXIS2_PLACEMENT_3D ( 'NONE', #1622, #4150, #3797 ) ;
#2722 = CARTESIAN_POINT ( 'NONE',  ( -3.795000000000000373, 2.919999999999999929, 3.087499999999999911 ) ) ;
#2723 = STYLED_ITEM ( 'NONE', ( #123 ), #1722 ) ;
#2724 = DIRECTION ( 'NONE',  ( -1.000000000000000000, 0.000000000000000000, 0.000000000000000000 ) ) ;
#2725 = AXIS2_PLACEMENT_3D ( 'NONE', #3062, #3153, #186 ) ;
#2726 = SURFACE_STYLE_FILL_AREA ( #1281 ) ;
#2727 = VECTOR ( 'NONE', #3798, 1000.000000000000000 ) ;
#2728 = EDGE_LOOP ( 'NONE', ( #2641, #1403 ) ) ;
#2729 = PLANE ( 'NONE',  #3028 ) ;
#2730 = CARTESIAN_POINT ( 'NONE',  ( -3.795000000000000373, 2.620000000000000107, 3.582500000000000018 ) ) ;
#2731 = EDGE_CURVE ( 'NONE', #278, #3711, #4053, .T. ) ;
#2732 = ORIENTED_EDGE ( 'NONE', *, *, #4721, .T. ) ;
#2733 = CARTESIAN_POINT ( 'NONE',  ( -3.795000000000000373, 2.620000000000000107, -0.5400000000000000355 ) ) ;
#2734 = VERTEX_POINT ( 'NONE', #3687 ) ;
#2735 = CARTESIAN_POINT ( 'NONE',  ( -3.844999999999999751, -2.547265342226494947E-16, 0.7399999999999999911 ) ) ;
#2736 = DIRECTION ( 'NONE',  ( 0.000000000000000000, 0.000000000000000000, -1.000000000000000000 ) ) ;
#2737 = DIRECTION ( 'NONE',  ( 0.000000000000000000, 0.000000000000000000, -1.000000000000000000 ) ) ;
#2738 = ADVANCED_FACE ( 'NONE', ( #1226 ), #3338, .F. ) ;
#2739 = CARTESIAN_POINT ( 'NONE',  ( 3.844999999999999751, -3.180000000000000160, -3.732499999999999929 ) ) ;
#2740 = VERTEX_POINT ( 'NONE', #1527 ) ;
#2741 = CARTESIAN_POINT ( 'NONE',  ( -3.795000000000000373, 2.919999999999999929, 4.037500000000000533 ) ) ;
#2742 = EDGE_LOOP ( 'NONE', ( #2958, #2405, #3206, #780 ) ) ;
#2743 = CARTESIAN_POINT ( 'NONE',  ( -3.844999999999999751, -2.547265342226494947E-16, -1.042499999999999982 ) ) ;
#2744 = CARTESIAN_POINT ( 'NONE',  ( 4.094999999999999751, 0.2000000000000000111, -0.7399999999999999911 ) ) ;
#2745 = VERTEX_POINT ( 'NONE', #452 ) ;
#2746 = ORIENTED_EDGE ( 'NONE', *, *, #4394, .F. ) ;
#2747 = EDGE_CURVE ( 'NONE', #350, #1634, #2644, .T. ) ;
#2748 = CARTESIAN_POINT ( 'NONE',  ( 4.094999999999999751, -2.767878387081804892, 1.042499999999999982 ) ) ;
#2749 = PRESENTATION_STYLE_ASSIGNMENT (( #4559 ) ) ;
#2750 = EDGE_CURVE ( 'NONE', #2176, #862, #2974, .T. ) ;
#2751 = ADVANCED_FACE ( 'NONE', ( #167 ), #3402, .F. ) ;
#2752 = ORIENTED_EDGE ( 'NONE', *, *, #4252, .T. ) ;
#2753 = DIRECTION ( 'NONE',  ( 0.000000000000000000, 0.000000000000000000, 1.000000000000000000 ) ) ;
#2754 = DIRECTION ( 'NONE',  ( 0.000000000000000000, 0.000000000000000000, -1.000000000000000000 ) ) ;
#2755 = VERTEX_POINT ( 'NONE', #2304 ) ;
#2756 = DIRECTION ( 'NONE',  ( 1.000000000000000000, 0.000000000000000000, 0.000000000000000000 ) ) ;
#2757 = ORIENTED_EDGE ( 'NONE', *, *, #628, .T. ) ;
#2758 = DIRECTION ( 'NONE',  ( 0.000000000000000000, -1.000000000000000000, 0.000000000000000000 ) ) ;
#2759 = CARTESIAN_POINT ( 'NONE',  ( 3.795000000000000373, -2.767878387081804892, -4.037500000000000533 ) ) ;
#2760 = CARTESIAN_POINT ( 'NONE',  ( 3.174999999999999822, 2.919999999999999929, -4.794999999999999929 ) ) ;
#2761 = LINE ( 'NONE', #3137, #1798 ) ;
#2762 = ORIENTED_EDGE ( 'NONE', *, *, #2679, .F. ) ;
#2763 = ORIENTED_EDGE ( 'NONE', *, *, #1719, .F. ) ;
#2764 = LINE ( 'NONE', #574, #426 ) ;
#2765 = EDGE_LOOP ( 'NONE', ( #3967, #3523, #2104, #4170 ) ) ;
#2766 = DIRECTION ( 'NONE',  ( 1.000000000000000000, 0.000000000000000000, 0.000000000000000000 ) ) ;
#2767 = EDGE_CURVE ( 'NONE', #51, #373, #4425, .T. ) ;
#2768 = CARTESIAN_POINT ( 'NONE',  ( -4.094999999999999751, 0.2000000000000000111, 0.5400000000000000355 ) ) ;
#2769 = DIRECTION ( 'NONE',  ( 1.000000000000000000, 1.495451272393800035E-16, 0.000000000000000000 ) ) ;
#2770 = LINE ( 'NONE', #3874, #111 ) ;
#2771 = EDGE_CURVE ( 'NONE', #2817, #4630, #4014, .T. ) ;
#2772 = EDGE_LOOP ( 'NONE', ( #541, #4415, #1130, #2651, #954, #831, #634, #3557 ) ) ;
#2773 = ADVANCED_FACE ( 'NONE', ( #1884 ), #3065, .F. ) ;
#2774 = CARTESIAN_POINT ( 'NONE',  ( 3.844999999999999751, 2.620000000000000107, -1.042499999999999982 ) ) ;
#2775 = AXIS2_PLACEMENT_3D ( 'NONE', #1371, #3145, #4158 ) ;
#2776 = ORIENTED_EDGE ( 'NONE', *, *, #3820, .F. ) ;
#2777 = CARTESIAN_POINT ( 'NONE',  ( -3.795000000000000373, 2.620000000000000107, -3.087499999999999911 ) ) ;
#2778 = ORIENTED_EDGE ( 'NONE', *, *, #2976, .T. ) ;
#2779 = DIRECTION ( 'NONE',  ( 0.000000000000000000, 0.000000000000000000, -1.000000000000000000 ) ) ;
#2780 = LINE ( 'NONE', #2001, #1732 ) ;
#2781 = CARTESIAN_POINT ( 'NONE',  ( -3.844999999999999751, 2.620000000000000107, 3.582500000000000018 ) ) ;
#2782 = VECTOR ( 'NONE', #1008, 1000.000000000000000 ) ;
#2783 = FACE_OUTER_BOUND ( 'NONE', #1671, .T. ) ;
#2784 = AXIS2_PLACEMENT_3D ( 'NONE', #2362, #147, #1598 ) ;
#2785 = VECTOR ( 'NONE', #3415, 1000.000000000000227 ) ;
#2786 = ORIENTED_EDGE ( 'NONE', *, *, #1613, .F. ) ;
#2787 = FACE_OUTER_BOUND ( 'NONE', #603, .T. ) ;
#2788 = VERTEX_POINT ( 'NONE', #1248 ) ;
#2789 = DIRECTION ( 'NONE',  ( -1.000000000000000000, 0.000000000000000000, 0.000000000000000000 ) ) ;
#2790 = LINE ( 'NONE', #1712, #1893 ) ;
#2791 = EDGE_LOOP ( 'NONE', ( #4660, #1575, #3877, #4218 ) ) ;
#2792 = VECTOR ( 'NONE', #337, 1000.000000000000000 ) ;
#2793 = EDGE_CURVE ( 'NONE', #645, #292, #1421, .T. ) ;
#2794 = PLANE ( 'NONE',  #506 ) ;
#2795 = VECTOR ( 'NONE', #680, 1000.000000000000000 ) ;
#2796 = CARTESIAN_POINT ( 'NONE',  ( -2.161781006939595517, 5.080000000000000071, -3.832248148665670318 ) ) ;
#2797 = VECTOR ( 'NONE', #4339, 1000.000000000000000 ) ;
#2798 = EDGE_CURVE ( 'NONE', #2130, #878, #4146, .T. ) ;
#2799 = VECTOR ( 'NONE', #2639, 1000.000000000000000 ) ;
#2800 = ORIENTED_EDGE ( 'NONE', *, *, #1175, .T. ) ;
#2801 = CARTESIAN_POINT ( 'NONE',  ( -4.094999999999999751, 2.620000000000000107, -4.037500000000000533 ) ) ;
#2802 = VECTOR ( 'NONE', #4561, 1000.000000000000000 ) ;
#2803 = ADVANCED_FACE ( 'NONE', ( #2615 ), #4074, .F. ) ;
#2804 = DIRECTION ( 'NONE',  ( 0.000000000000000000, 0.000000000000000000, 1.000000000000000000 ) ) ;
#2805 = EDGE_LOOP ( 'NONE', ( #3633, #4176, #3508, #231 ) ) ;
#2806 = CARTESIAN_POINT ( 'NONE',  ( 3.174999999999999822, 2.919999999999999929, 3.087499999999999911 ) ) ;
#2807 = COLOUR_RGB ( '',0.7921568627450980005, 0.8196078431372548767, 0.9333333333333333481 ) ;
#2808 = CARTESIAN_POINT ( 'NONE',  ( -3.795000000000000373, -2.767878387081804892, -4.037500000000000533 ) ) ;
#2809 = CARTESIAN_POINT ( 'NONE',  ( -3.844999999999999751, -2.547265342226494947E-16, 4.540000000000000036 ) ) ;
#2810 = EDGE_CURVE ( 'NONE', #3545, #253, #2761, .T. ) ;
#2811 = CARTESIAN_POINT ( 'NONE',  ( 4.094999999999999751, -3.180000000000000160, 3.732499999999999929 ) ) ;
#2812 = EDGE_LOOP ( 'NONE', ( #2487, #314, #2307, #1458 ) ) ;
#2813 = CARTESIAN_POINT ( 'NONE',  ( 3.795000000000000373, -2.767878387081804892, -1.042499999999999982 ) ) ;
#2814 = ORIENTED_EDGE ( 'NONE', *, *, #4628, .T. ) ;
#2815 = PLANE ( 'NONE',  #3790 ) ;
#2816 = DIRECTION ( 'NONE',  ( 1.495451272393800035E-16, 1.000000000000000000, 0.000000000000000000 ) ) ;
#2817 = VERTEX_POINT ( 'NONE', #2429 ) ;
#2818 =( LENGTH_UNIT ( ) NAMED_UNIT ( * ) SI_UNIT ( .MILLI., .METRE. ) );
#2819 = VERTEX_POINT ( 'NONE', #3496 ) ;
#2820 = LINE ( 'NONE', #4410, #2116 ) ;
#2821 = ADVANCED_FACE ( 'NONE', ( #1336 ), #572, .F. ) ;
#2822 = ORIENTED_EDGE ( 'NONE', *, *, #3383, .F. ) ;
#2823 = CARTESIAN_POINT ( 'NONE',  ( 3.844999999999999751, -2.547265342226494947E-16, 1.800000000000000044 ) ) ;
#2824 = ORIENTED_EDGE ( 'NONE', *, *, #1719, .T. ) ;
#2825 = DIRECTION ( 'NONE',  ( 0.000000000000000000, 1.000000000000000000, 0.000000000000000000 ) ) ;
#2826 = LINE ( 'NONE', #690, #4548 ) ;
#2827 = LINE ( 'NONE', #1398, #343 ) ;
#2828 = UNCERTAINTY_MEASURE_WITH_UNIT (LENGTH_MEASURE( 1.000000000000000082E-05 ), #767, 'distance_accuracy_value', 'NONE');
#2829 = EDGE_CURVE ( 'NONE', #1660, #2513, #3473, .T. ) ;
#2830 = CYLINDRICAL_SURFACE ( 'NONE', #3322, 0.2705138606503881826 ) ;
#2831 = VERTEX_POINT ( 'NONE', #3815 ) ;
#2832 = ORIENTED_EDGE ( 'NONE', *, *, #708, .T. ) ;
#2833 = CARTESIAN_POINT ( 'NONE',  ( -3.795000000000000373, 2.620000000000000107, 4.037500000000000533 ) ) ;
#2834 = EDGE_LOOP ( 'NONE', ( #1540, #2554, #1585, #936 ) ) ;
#2835 = FACE_OUTER_BOUND ( 'NONE', #951, .T. ) ;
#2836 = CARTESIAN_POINT ( 'NONE',  ( 3.795000000000000373, 2.620000000000000107, 4.037500000000000533 ) ) ;
#2837 = EDGE_CURVE ( 'NONE', #1597, #4336, #1667, .T. ) ;
#2838 = EDGE_LOOP ( 'NONE', ( #2222, #1117, #2874, #3568, #4287, #3867, #2599, #3004, #3538, #2005, #1826, #3060 ) ) ;
#2839 = DIRECTION ( 'NONE',  ( 1.000000000000000000, 0.000000000000000000, 0.000000000000000000 ) ) ;
#2840 = VERTEX_POINT ( 'NONE', #4262 ) ;
#2841 = LINE ( 'NONE', #1353, #4395 ) ;
#2842 = EDGE_CURVE ( 'NONE', #473, #1185, #3863, .T. ) ;
#2843 = ORIENTED_EDGE ( 'NONE', *, *, #2059, .F. ) ;
#2844 = ORIENTED_EDGE ( 'NONE', *, *, #4289, .T. ) ;
#2845 = DIRECTION ( 'NONE',  ( 1.000000000000000000, 0.000000000000000000, 0.000000000000000000 ) ) ;
#2846 = DIRECTION ( 'NONE',  ( 0.000000000000000000, 0.000000000000000000, -1.000000000000000000 ) ) ;
#2847 = VERTEX_POINT ( 'NONE', #1297 ) ;
#2848 = MECHANICAL_DESIGN_GEOMETRIC_PRESENTATION_REPRESENTATION (  '', ( #2998 ), #4070 ) ;
#2849 = LINE ( 'NONE', #1756, #3856 ) ;
#2850 = EDGE_CURVE ( 'NONE', #315, #3634, #918, .T. ) ;
#2851 = ORIENTED_EDGE ( 'NONE', *, *, #1899, .T. ) ;
#2852 = CARTESIAN_POINT ( 'NONE',  ( 4.094999999999999751, 2.620000000000000107, 3.087499999999999911 ) ) ;
#2853 = EDGE_LOOP ( 'NONE', ( #2187, #4643, #1878, #1563, #4228, #2778, #1023, #4497, #32, #4112, #1227, #2381 ) ) ;
#2854 = AXIS2_PLACEMENT_3D ( 'NONE', #2686, #142, #1928 ) ;
#2855 = DIRECTION ( 'NONE',  ( -1.000000000000000000, 0.000000000000000000, 0.000000000000000000 ) ) ;
#2856 = EDGE_LOOP ( 'NONE', ( #3611, #1551, #1762, #447 ) ) ;
#2857 = AXIS2_PLACEMENT_3D ( 'NONE', #720, #2610, #4332 ) ;
#2858 = CARTESIAN_POINT ( 'NONE',  ( -3.174999999999999822, 2.669999999999999929, 0.5400000000000000355 ) ) ;
#2859 = DIRECTION ( 'NONE',  ( 0.000000000000000000, 0.000000000000000000, 1.000000000000000000 ) ) ;
#2860 = EDGE_CURVE ( 'NONE', #4407, #3122, #601, .T. ) ;
#2861 = CIRCLE ( 'NONE', #4084, 0.05000000000000012768 ) ;
#2862 = CARTESIAN_POINT ( 'NONE',  ( -4.094999999999999751, 2.620000000000000107, -4.037500000000000533 ) ) ;
#2863 = AXIS2_PLACEMENT_3D ( 'NONE', #3709, #2251, #29 ) ;
#2864 = CARTESIAN_POINT ( 'NONE',  ( 3.844999999999999751, -2.547265342226494947E-16, -0.5400000000000000355 ) ) ;
#2865 = VECTOR ( 'NONE', #1269, 1000.000000000000000 ) ;
#2866 = VECTOR ( 'NONE', #1659, 1000.000000000000000 ) ;
#2867 = ORIENTED_EDGE ( 'NONE', *, *, #3986, .F. ) ;
#2868 = CIRCLE ( 'NONE', #1804, 0.2000000000000000111 ) ;
#2869 = VECTOR ( 'NONE', #1146, 1000.000000000000000 ) ;
#2870 = VERTEX_POINT ( 'NONE', #2401 ) ;
#2871 = ORIENTED_EDGE ( 'NONE', *, *, #1093, .T. ) ;
#2872 = FACE_OUTER_BOUND ( 'NONE', #4347, .T. ) ;
#2873 = CARTESIAN_POINT ( 'NONE',  ( 3.844999999999999751, -2.767878387081804892, -1.042499999999999982 ) ) ;
#2874 = ORIENTED_EDGE ( 'NONE', *, *, #3136, .F. ) ;
#2875 = AXIS2_PLACEMENT_3D ( 'NONE', #3849, #3897, #654 ) ;
#2876 = ADVANCED_FACE ( 'NONE', ( #4590 ), #258, .F. ) ;
#2877 = CARTESIAN_POINT ( 'NONE',  ( 3.844999999999999751, -2.547265342226494947E-16, -1.800000000000000044 ) ) ;
#2878 = VERTEX_POINT ( 'NONE', #1705 ) ;
#2879 = LINE ( 'NONE', #30, #1649 ) ;
#2880 = AXIS2_PLACEMENT_3D ( 'NONE', #997, #965, #626 ) ;
#2881 = ORIENTED_EDGE ( 'NONE', *, *, #3215, .T. ) ;
#2882 = PLANE ( 'NONE',  #2857 ) ;
#2883 = DIRECTION ( 'NONE',  ( -1.000000000000000000, 0.000000000000000000, 0.000000000000000000 ) ) ;
#2884 = VERTEX_POINT ( 'NONE', #1641 ) ;
#2885 = ADVANCED_FACE ( 'NONE', ( #2783 ), #4242, .F. ) ;
#2886 = DIRECTION ( 'NONE',  ( 0.000000000000000000, 0.000000000000000000, 1.000000000000000000 ) ) ;
#2887 = DIRECTION ( 'NONE',  ( 1.000000000000000000, 0.000000000000000000, 0.000000000000000000 ) ) ;
#2888 = VERTEX_POINT ( 'NONE', #2071 ) ;
#2889 = DIRECTION ( 'NONE',  ( 0.000000000000000000, 0.000000000000000000, -1.000000000000000000 ) ) ;
#2890 = CARTESIAN_POINT ( 'NONE',  ( -4.094999999999999751, -4.336808689942014778E-16, 1.497499999999999831 ) ) ;
#2891 = EDGE_CURVE ( 'NONE', #3596, #3272, #3513, .T. ) ;
#2892 = ORIENTED_EDGE ( 'NONE', *, *, #3827, .T. ) ;
#2893 = EDGE_LOOP ( 'NONE', ( #392, #4470, #1174, #3416 ) ) ;
#2894 = EDGE_CURVE ( 'NONE', #975, #2969, #277, .T. ) ;
#2895 = ORIENTED_EDGE ( 'NONE', *, *, #3984, .T. ) ;
#2896 = ORIENTED_EDGE ( 'NONE', *, *, #1553, .F. ) ;
#2897 = DIRECTION ( 'NONE',  ( 0.000000000000000000, 0.000000000000000000, -1.000000000000000000 ) ) ;
#2898 = CARTESIAN_POINT ( 'NONE',  ( -3.844999999999999751, 0.2000000000000000111, -1.800000000000000044 ) ) ;
#2899 = ORIENTED_EDGE ( 'NONE', *, *, #4358, .T. ) ;
#2900 = CARTESIAN_POINT ( 'NONE',  ( 3.795000000000000373, 2.620000000000000107, -1.042499999999999982 ) ) ;
#2901 = DIRECTION ( 'NONE',  ( 0.000000000000000000, 0.000000000000000000, -1.000000000000000000 ) ) ;
#2902 = ORIENTED_EDGE ( 'NONE', *, *, #2653, .F. ) ;
#2903 = LINE ( 'NONE', #1082, #736 ) ;
#2904 = DIRECTION ( 'NONE',  ( 0.000000000000000000, 0.000000000000000000, 1.000000000000000000 ) ) ;
#2905 = ORIENTED_EDGE ( 'NONE', *, *, #1031, .T. ) ;
#2906 = CARTESIAN_POINT ( 'NONE',  ( -4.094999999999999751, 2.620000000000000107, 2.000000000000000000 ) ) ;
#2907 = PLANE ( 'NONE',  #4156 ) ;
#2908 = EDGE_CURVE ( 'NONE', #1143, #1597, #1363, .T. ) ;
#2909 = PLANE ( 'NONE',  #2175 ) ;
#2910 = CARTESIAN_POINT ( 'NONE',  ( 3.174999999999999822, 2.919999999999999929, -3.087499999999999911 ) ) ;
#2911 = FACE_OUTER_BOUND ( 'NONE', #480, .T. ) ;
#2912 = EDGE_CURVE ( 'NONE', #2613, #1738, #3905, .T. ) ;
#2913 = ORIENTED_EDGE ( 'NONE', *, *, #800, .T. ) ;
#2914 = EDGE_LOOP ( 'NONE', ( #3271, #3128, #3357, #1569 ) ) ;
#2915 = DIRECTION ( 'NONE',  ( 1.405264525413350645E-16, 0.9396926207859084279, -0.3420201433256686574 ) ) ;
#2916 = CARTESIAN_POINT ( 'NONE',  ( -3.795000000000000373, -4.336808689942014778E-16, -1.042499999999999982 ) ) ;
#2917 = DIRECTION ( 'NONE',  ( 0.000000000000000000, 0.000000000000000000, -1.000000000000000000 ) ) ;
#2918 = CARTESIAN_POINT ( 'NONE',  ( -3.844999999999999751, 2.620000000000000107, 4.037500000000000533 ) ) ;
#2919 = VERTEX_POINT ( 'NONE', #2739 ) ;
#2920 = DIRECTION ( 'NONE',  ( 0.000000000000000000, 0.000000000000000000, 1.000000000000000000 ) ) ;
#2921 = DIRECTION ( 'NONE',  ( 1.000000000000000000, 0.000000000000000000, 0.000000000000000000 ) ) ;
#2922 = CARTESIAN_POINT ( 'NONE',  ( -3.844999999999999751, 2.620000000000000107, 3.087499999999999911 ) ) ;
#2923 = VERTEX_POINT ( 'NONE', #2378 ) ;
#2924 = DIRECTION ( 'NONE',  ( -1.405264525413350645E-16, 0.9396926207859084279, 0.3420201433256686574 ) ) ;
#2925 = CIRCLE ( 'NONE', #492, 0.05000000000000012768 ) ;
#2926 = CARTESIAN_POINT ( 'NONE',  ( 3.795000000000000373, 2.620000000000000107, -3.582500000000000018 ) ) ;
#2927 = CARTESIAN_POINT ( 'NONE',  ( -3.795000000000000373, 2.620000000000000107, 4.037500000000000533 ) ) ;
#2928 = CARTESIAN_POINT ( 'NONE',  ( -2.161781006939595517, 5.080000000000000071, -3.832248148665670318 ) ) ;
#2929 = DIRECTION ( 'NONE',  ( -0.9902680687415703620, 0.1391731009600656321, 0.000000000000000000 ) ) ;
#2930 = COLOUR_RGB ( '',0.7921568627450980005, 0.8196078431372548767, 0.9333333333333333481 ) ;
#2931 = AXIS2_PLACEMENT_3D ( 'NONE', #307, #2398, #256 ) ;
#2932 = EDGE_CURVE ( 'NONE', #3950, #4055, #285, .T. ) ;
#2933 = CIRCLE ( 'NONE', #1119, 0.05000000000000012768 ) ;
#2934 = AXIS2_PLACEMENT_3D ( 'NONE', #3712, #4515, #1194 ) ;
#2935 = VERTEX_POINT ( 'NONE', #2027 ) ;
#2936 = VECTOR ( 'NONE', #280, 1000.000000000000000 ) ;
#2937 = ADVANCED_FACE ( 'NONE', ( #4198 ), #4673, .T. ) ;
#2938 = VECTOR ( 'NONE', #149, 1000.000000000000000 ) ;
#2939 = COLOUR_RGB ( '',0.7921568627450980005, 0.8196078431372548767, 0.9333333333333333481 ) ;
#2940 = ORIENTED_EDGE ( 'NONE', *, *, #2648, .F. ) ;
#2941 = CARTESIAN_POINT ( 'NONE',  ( -3.844999999999999751, -3.180000000000000160, 4.037500000000000533 ) ) ;
#2942 = PLANE ( 'NONE',  #1643 ) ;
#2943 = ADVANCED_FACE ( 'NONE', ( #1480 ), #2909, .F. ) ;
#2944 = AXIS2_PLACEMENT_3D ( 'NONE', #3468, #1314, #958 ) ;
#2945 = LINE ( 'NONE', #3367, #1283 ) ;
#2946 = PLANE ( 'NONE',  #3084 ) ;
#2947 = EDGE_LOOP ( 'NONE', ( #1150, #4149, #2407, #1822 ) ) ;
#2948 = PLANE ( 'NONE',  #4006 ) ;
#2949 = VECTOR ( 'NONE', #1684, 1000.000000000000000 ) ;
#2950 = CARTESIAN_POINT ( 'NONE',  ( -4.094999999999999751, 2.620000000000000107, 4.037500000000000533 ) ) ;
#2951 = FACE_OUTER_BOUND ( 'NONE', #1469, .T. ) ;
#2952 = ORIENTED_EDGE ( 'NONE', *, *, #2245, .F. ) ;
#2953 = ADVANCED_FACE ( 'NONE', ( #3242 ), #3572, .F. ) ;
#2954 = EDGE_CURVE ( 'NONE', #3431, #2221, #1494, .T. ) ;
#2955 = VECTOR ( 'NONE', #3692, 1000.000000000000000 ) ;
#2956 = LINE ( 'NONE', #316, #510 ) ;
#2957 = PLANE ( 'NONE',  #3694 ) ;
#2958 = ORIENTED_EDGE ( 'NONE', *, *, #2908, .T. ) ;
#2959 = LINE ( 'NONE', #2862, #3547 ) ;
#2960 = LINE ( 'NONE', #797, #4321 ) ;
#2961 = VECTOR ( 'NONE', #3305, 1000.000000000000000 ) ;
#2962 = ORIENTED_EDGE ( 'NONE', *, *, #2793, .T. ) ;
#2963 = ORIENTED_EDGE ( 'NONE', *, *, #559, .T. ) ;
#2964 = EDGE_CURVE ( 'NONE', #3076, #3253, #3624, .T. ) ;
#2965 = CARTESIAN_POINT ( 'NONE',  ( -4.094999999999999751, -3.006507891906749780E-16, 2.000000000000000000 ) ) ;
#2966 = DIRECTION ( 'NONE',  ( 6.994852725712920381E-16, 1.000000000000000000, 0.000000000000000000 ) ) ;
#2967 = LINE ( 'NONE', #418, #4458 ) ;
#2968 = LINE ( 'NONE', #861, #3623 ) ;
#2969 = VERTEX_POINT ( 'NONE', #2482 ) ;
#2970 = DIRECTION ( 'NONE',  ( 1.000000000000000000, 0.000000000000000000, 0.000000000000000000 ) ) ;
#2971 = EDGE_CURVE ( 'NONE', #2831, #3306, #1107, .T. ) ;
#2972 = FACE_OUTER_BOUND ( 'NONE', #2914, .T. ) ;
#2973 = EDGE_LOOP ( 'NONE', ( #3102, #2121, #1544, #2201 ) ) ;
#2974 = LINE ( 'NONE', #2333, #1720 ) ;
#2975 = DIRECTION ( 'NONE',  ( 0.000000000000000000, -1.000000000000000000, 0.000000000000000000 ) ) ;
#2976 = EDGE_CURVE ( 'NONE', #1757, #1100, #1819, .T. ) ;
#2977 = CARTESIAN_POINT ( 'NONE',  ( -4.094999999999999751, 2.620000000000000107, -1.042499999999999982 ) ) ;
#2978 = DIRECTION ( 'NONE',  ( -3.310540984688565080E-16, -1.000000000000000000, 0.000000000000000000 ) ) ;
#2979 = ORIENTED_EDGE ( 'NONE', *, *, #4256, .T. ) ;
#2980 = ORIENTED_EDGE ( 'NONE', *, *, #4569, .T. ) ;
#2981 = LINE ( 'NONE', #4042, #4390 ) ;
#2982 = FACE_OUTER_BOUND ( 'NONE', #4033, .T. ) ;
#2983 = EDGE_CURVE ( 'NONE', #875, #3105, #3211, .T. ) ;
#2984 = DIRECTION ( 'NONE',  ( 0.000000000000000000, 0.000000000000000000, -1.000000000000000000 ) ) ;
#2985 = CARTESIAN_POINT ( 'NONE',  ( -2.161781006939595517, 5.080000000000000071, -3.832248148665670318 ) ) ;
#2986 = ORIENTED_EDGE ( 'NONE', *, *, #1145, .F. ) ;
#2987 = LINE ( 'NONE', #3443, #3779 ) ;
#2988 = LINE ( 'NONE', #4472, #3708 ) ;
#2989 = CARTESIAN_POINT ( 'NONE',  ( -3.795000000000000373, 2.669999999999999929, 0.5400000000000000355 ) ) ;
#2990 = VERTEX_POINT ( 'NONE', #3649 ) ;
#2991 = EDGE_CURVE ( 'NONE', #324, #546, #4382, .T. ) ;
#2992 = CARTESIAN_POINT ( 'NONE',  ( -4.094999999999999751, 2.620000000000000107, 4.037500000000000533 ) ) ;
#2993 = DIRECTION ( 'NONE',  ( -1.000000000000000000, 0.000000000000000000, 0.000000000000000000 ) ) ;
#2994 = ORIENTED_EDGE ( 'NONE', *, *, #2456, .F. ) ;
#2995 = CLOSED_SHELL ( 'NONE', ( #1278, #155, #4678, #1463, #1533, #1412, #3570, #3703, #600, #2803, #2010, #2012, #3127, #2614, #2876, #2066, #3672, #3193 ) ) ;
#2996 = CARTESIAN_POINT ( 'NONE',  ( 4.094999999999999751, -2.767878387081804892, 1.497499999999999831 ) ) ;
#2997 = CARTESIAN_POINT ( 'NONE',  ( 4.094999999999999751, 2.620000000000000107, -3.087499999999999911 ) ) ;
#2998 = STYLED_ITEM ( 'NONE', ( #3844 ), #60 ) ;
#2999 = EDGE_CURVE ( 'NONE', #3162, #1487, #1788, .T. ) ;
#3000 = VECTOR ( 'NONE', #2846, 1000.000000000000000 ) ;
#3001 = EDGE_LOOP ( 'NONE', ( #335, #3536, #4280, #2369 ) ) ;
#3002 = ADVANCED_FACE ( 'NONE', ( #726 ), #1461, .F. ) ;
#3003 = VECTOR ( 'NONE', #1620, 1000.000000000000000 ) ;
#3004 = ORIENTED_EDGE ( 'NONE', *, *, #2653, .T. ) ;
#3005 = CARTESIAN_POINT ( 'NONE',  ( -3.174999999999999822, 2.919999999999999929, 4.037500000000000533 ) ) ;
#3006 = AXIS2_PLACEMENT_3D ( 'NONE', #4691, #1432, #3564 ) ;
#3007 = DIRECTION ( 'NONE',  ( 1.000000000000000000, 0.000000000000000000, 0.000000000000000000 ) ) ;
#3008 = VECTOR ( 'NONE', #254, 1000.000000000000000 ) ;
#3009 = CARTESIAN_POINT ( 'NONE',  ( -3.844999999999999751, -2.547265342226494947E-16, 0.7399999999999999911 ) ) ;
#3010 = VECTOR ( 'NONE', #188, 1000.000000000000000 ) ;
#3011 = AXIS2_PLACEMENT_3D ( 'NONE', #1141, #2220, #3673 ) ;
#3012 = FACE_OUTER_BOUND ( 'NONE', #1447, .T. ) ;
#3013 = EDGE_LOOP ( 'NONE', ( #4424, #4297, #1274, #4017 ) ) ;
#3014 = CARTESIAN_POINT ( 'NONE',  ( 3.795000000000000373, 2.620000000000000107, -4.037500000000000533 ) ) ;
#3015 = LINE ( 'NONE', #2611, #3795 ) ;
#3016 = CARTESIAN_POINT ( 'NONE',  ( 3.844999999999999751, -3.180000000000000160, -1.192499999999999893 ) ) ;
#3017 = ORIENTED_EDGE ( 'NONE', *, *, #1672, .T. ) ;
#3018 = CIRCLE ( 'NONE', #750, 0.2000000000000000111 ) ;
#3019 = ORIENTED_EDGE ( 'NONE', *, *, #4535, .F. ) ;
#3020 = DIRECTION ( 'NONE',  ( 0.000000000000000000, 0.000000000000000000, 1.000000000000000000 ) ) ;
#3021 = PLANE ( 'NONE',  #2626 ) ;
#3022 = VECTOR ( 'NONE', #89, 1000.000000000000000 ) ;
#3023 = ORIENTED_EDGE ( 'NONE', *, *, #1630, .T. ) ;
#3024 = DIRECTION ( 'NONE',  ( 1.000000000000000000, 0.000000000000000000, 0.000000000000000000 ) ) ;
#3025 = EDGE_CURVE ( 'NONE', #1999, #2524, #44, .T. ) ;
#3026 = CARTESIAN_POINT ( 'NONE',  ( -3.174999999999999822, 2.919999999999999929, 4.794999999999999929 ) ) ;
#3027 = ORIENTED_EDGE ( 'NONE', *, *, #2767, .T. ) ;
#3028 = AXIS2_PLACEMENT_3D ( 'NONE', #542, #613, #3129 ) ;
#3029 = VECTOR ( 'NONE', #699, 1000.000000000000000 ) ;
#3030 = DIRECTION ( 'NONE',  ( 3.310540984688565080E-16, 1.000000000000000000, 0.000000000000000000 ) ) ;
#3031 = EDGE_CURVE ( 'NONE', #4055, #3105, #2216, .T. ) ;
#3032 = VERTEX_POINT ( 'NONE', #3286 ) ;
#3033 = EDGE_CURVE ( 'NONE', #4180, #2788, #1767, .T. ) ;
#3034 = DIRECTION ( 'NONE',  ( 1.000000000000000000, 0.000000000000000000, 0.000000000000000000 ) ) ;
#3035 = CARTESIAN_POINT ( 'NONE',  ( -3.174999999999999822, 2.919999999999999929, -4.794999999999999929 ) ) ;
#3036 = CARTESIAN_POINT ( 'NONE',  ( -2.161781006939595517, 4.980000000000000426, -4.102762009316060166 ) ) ;
#3037 = PLANE ( 'NONE',  #1046 ) ;
#3038 = ORIENTED_EDGE ( 'NONE', *, *, #952, .F. ) ;
#3039 = CARTESIAN_POINT ( 'NONE',  ( 4.094999999999999751, 2.620000000000000107, 2.000000000000000000 ) ) ;
#3040 = DIRECTION ( 'NONE',  ( -1.000000000000000000, 0.000000000000000000, 0.000000000000000000 ) ) ;
#3041 = LINE ( 'NONE', #491, #4295 ) ;
#3042 = FILL_AREA_STYLE_COLOUR ( '', #2807 ) ;
#3043 = ORIENTED_EDGE ( 'NONE', *, *, #2894, .T. ) ;
#3044 = DIRECTION ( 'NONE',  ( 6.994852725712920381E-16, 1.000000000000000000, 0.000000000000000000 ) ) ;
#3045 = ORIENTED_EDGE ( 'NONE', *, *, #1971, .T. ) ;
#3046 = CARTESIAN_POINT ( 'NONE',  ( 4.094999999999999751, -3.180000000000000160, -3.732499999999999929 ) ) ;
#3047 = ORIENTED_EDGE ( 'NONE', *, *, #3749, .F. ) ;
#3048 = DIRECTION ( 'NONE',  ( 1.000000000000000000, 0.000000000000000000, 0.000000000000000000 ) ) ;
#3049 = LINE ( 'NONE', #3380, #3875 ) ;
#3050 = EDGE_LOOP ( 'NONE', ( #820, #1740, #2093, #304 ) ) ;
#3051 = EDGE_CURVE ( 'NONE', #769, #4644, #3311, .T. ) ;
#3052 = EDGE_LOOP ( 'NONE', ( #4243, #3343, #1829, #3601 ) ) ;
#3053 = EDGE_CURVE ( 'NONE', #4380, #1395, #2166, .T. ) ;
#3054 = ORIENTED_EDGE ( 'NONE', *, *, #2101, .T. ) ;
#3055 = DIRECTION ( 'NONE',  ( -3.310540984688565080E-16, 1.000000000000000000, 0.000000000000000000 ) ) ;
#3056 = CARTESIAN_POINT ( 'NONE',  ( 4.094999999999999751, -3.180000000000000160, 1.347499999999999920 ) ) ;
#3057 = EDGE_CURVE ( 'NONE', #4217, #2441, #2959, .T. ) ;
#3058 = CARTESIAN_POINT ( 'NONE',  ( 4.094999999999999751, 2.620000000000000107, 4.037500000000000533 ) ) ;
#3059 = LINE ( 'NONE', #4513, #353 ) ;
#3060 = ORIENTED_EDGE ( 'NONE', *, *, #3504, .T. ) ;
#3061 = CARTESIAN_POINT ( 'NONE',  ( 3.844999999999999751, -2.767878387081804892, 1.497499999999999831 ) ) ;
#3062 = CARTESIAN_POINT ( 'NONE',  ( -3.844999999999999751, -2.547265342226494947E-16, -0.5400000000000000355 ) ) ;
#3063 = DIRECTION ( 'NONE',  ( 3.310540984688565080E-16, -1.000000000000000000, 0.000000000000000000 ) ) ;
#3064 = EDGE_LOOP ( 'NONE', ( #4324, #1012, #4322, #3114 ) ) ;
#3065 = CYLINDRICAL_SURFACE ( 'NONE', #1282, 0.2705138606503881826 ) ;
#3066 = VERTEX_POINT ( 'NONE', #2196 ) ;
#3067 = CARTESIAN_POINT ( 'NONE',  ( -3.795000000000000373, 2.919999999999999929, -3.087499999999999911 ) ) ;
#3068 = VERTEX_POINT ( 'NONE', #19 ) ;
#3069 = CYLINDRICAL_SURFACE ( 'NONE', #3704, 0.2705138606503881826 ) ;
#3070 = DIRECTION ( 'NONE',  ( 0.000000000000000000, 0.000000000000000000, -1.000000000000000000 ) ) ;
#3071 = LINE ( 'NONE', #2480, #4369 ) ;
#3072 = SURFACE_SIDE_STYLE ('',( #3170 ) ) ;
#3073 = VECTOR ( 'NONE', #340, 1000.000000000000000 ) ;
#3074 = EDGE_CURVE ( 'NONE', #4114, #4391, #3965, .T. ) ;
#3075 = AXIS2_PLACEMENT_3D ( 'NONE', #3657, #2966, #1166 ) ;
#3076 = VERTEX_POINT ( 'NONE', #3360 ) ;
#3077 = CARTESIAN_POINT ( 'NONE',  ( -3.844999999999999751, -2.547265342226494947E-16, 3.087499999999999911 ) ) ;
#3078 = LINE ( 'NONE', #1558, #197 ) ;
#3079 = EDGE_CURVE ( 'NONE', #500, #1807, #4056, .T. ) ;
#3080 = VECTOR ( 'NONE', #771, 1000.000000000000000 ) ;
#3081 = VECTOR ( 'NONE', #3333, 1000.000000000000000 ) ;
#3082 = DIRECTION ( 'NONE',  ( -1.000000000000000000, 0.000000000000000000, 0.000000000000000000 ) ) ;
#3083 = CARTESIAN_POINT ( 'NONE',  ( 4.094999999999999751, 0.2000000000000000111, 1.800000000000000044 ) ) ;
#3084 = AXIS2_PLACEMENT_3D ( 'NONE', #741, #3277, #3956 ) ;
#3085 = EDGE_LOOP ( 'NONE', ( #776, #842, #2867, #2325, #4453, #1256, #2073, #2142, #765 ) ) ;
#3086 = AXIS2_PLACEMENT_3D ( 'NONE', #4657, #3467, #3883 ) ;
#3087 = CARTESIAN_POINT ( 'NONE',  ( -2.161781006939595517, 4.980000000000000426, -3.832248148665670318 ) ) ;
#3088 = CARTESIAN_POINT ( 'NONE',  ( 3.174999999999999822, 2.669999999999999929, -0.5400000000000000355 ) ) ;
#3089 = DIRECTION ( 'NONE',  ( -1.000000000000000000, 0.000000000000000000, 0.000000000000000000 ) ) ;
#3090 = ADVANCED_FACE ( 'NONE', ( #4429 ), #4451, .F. ) ;
#3091 = ADVANCED_FACE ( 'NONE', ( #2618 ), #825, .F. ) ;
#3092 = AXIS2_PLACEMENT_3D ( 'NONE', #4634, #3917, #3556 ) ;
#3093 = DIRECTION ( 'NONE',  ( 0.000000000000000000, 0.000000000000000000, -1.000000000000000000 ) ) ;
#3094 = EDGE_LOOP ( 'NONE', ( #405, #2668, #2899, #4618 ) ) ;
#3095 = CARTESIAN_POINT ( 'NONE',  ( -4.094999999999999751, -3.006507891906749780E-16, 3.287500000000000089 ) ) ;
#3096 = EDGE_LOOP ( 'NONE', ( #1157, #1418, #384, #4207 ) ) ;
#3097 = VECTOR ( 'NONE', #1035, 1000.000000000000000 ) ;
#3098 = CARTESIAN_POINT ( 'NONE',  ( -3.174999999999999822, 2.919999999999999929, 3.087499999999999911 ) ) ;
#3099 = EDGE_CURVE ( 'NONE', #1092, #3865, #503, .T. ) ;
#3100 = DIRECTION ( 'NONE',  ( -1.000000000000000000, 6.994852725712920381E-16, 0.000000000000000000 ) ) ;
#3101 = EDGE_CURVE ( 'NONE', #3447, #3162, #897, .T. ) ;
#3102 = ORIENTED_EDGE ( 'NONE', *, *, #3862, .F. ) ;
#3103 = VECTOR ( 'NONE', #2247, 1000.000000000000000 ) ;
#3104 = LINE ( 'NONE', #2415, #1709 ) ;
#3105 = VERTEX_POINT ( 'NONE', #1549 ) ;
#3106 = AXIS2_PLACEMENT_3D ( 'NONE', #3289, #2548, #3915 ) ;
#3107 = VECTOR ( 'NONE', #3282, 1000.000000000000227 ) ;
#3108 = VERTEX_POINT ( 'NONE', #2694 ) ;
#3109 = CARTESIAN_POINT ( 'NONE',  ( -4.094999999999999751, 2.620000000000000107, -3.582500000000000018 ) ) ;
#3110 = DIRECTION ( 'NONE',  ( 1.000000000000000000, 0.000000000000000000, 0.000000000000000000 ) ) ;
#3111 = EDGE_LOOP ( 'NONE', ( #3413, #1713, #77, #1289 ) ) ;
#3112 = LINE ( 'NONE', #4608, #2866 ) ;
#3113 = EDGE_CURVE ( 'NONE', #707, #2500, #2286, .T. ) ;
#3114 = ORIENTED_EDGE ( 'NONE', *, *, #3802, .T. ) ;
#3115 = CARTESIAN_POINT ( 'NONE',  ( -3.844999999999999751, 0.2000000000000000111, 0.7399999999999999911 ) ) ;
#3116 = FACE_OUTER_BOUND ( 'NONE', #3822, .T. ) ;
#3117 = DIRECTION ( 'NONE',  ( 0.000000000000000000, 0.000000000000000000, -1.000000000000000000 ) ) ;
#3118 = UNCERTAINTY_MEASURE_WITH_UNIT (LENGTH_MEASURE( 1.000000000000000082E-05 ), #99, 'distance_accuracy_value', 'NONE');
#3119 = DIRECTION ( 'NONE',  ( -1.000000000000000000, 0.000000000000000000, 0.000000000000000000 ) ) ;
#3120 = VERTEX_POINT ( 'NONE', #431 ) ;
#3121 = EDGE_CURVE ( 'NONE', #3320, #86, #1935, .T. ) ;
#3122 = VERTEX_POINT ( 'NONE', #4109 ) ;
#3123 = DIRECTION ( 'NONE',  ( 0.000000000000000000, 0.000000000000000000, 1.000000000000000000 ) ) ;
#3124 = VERTEX_POINT ( 'NONE', #1205 ) ;
#3125 = CARTESIAN_POINT ( 'NONE',  ( -4.094999999999999751, 0.2000000000000000111, -0.7399999999999999911 ) ) ;
#3126 = LINE ( 'NONE', #578, #2578 ) ;
#3127 = ADVANCED_FACE ( 'NONE', ( #2338 ), #3341, .F. ) ;
#3128 = ORIENTED_EDGE ( 'NONE', *, *, #2829, .T. ) ;
#3129 = DIRECTION ( 'NONE',  ( 1.000000000000000000, 0.000000000000000000, 0.000000000000000000 ) ) ;
#3130 = VERTEX_POINT ( 'NONE', #851 ) ;
#3131 = DIRECTION ( 'NONE',  ( 0.000000000000000000, 0.000000000000000000, 1.000000000000000000 ) ) ;
#3132 = EDGE_LOOP ( 'NONE', ( #4160, #2241, #3213, #1032 ) ) ;
#3133 = LINE ( 'NONE', #1333, #740 ) ;
#3134 = DIRECTION ( 'NONE',  ( -3.310540984688565080E-16, 1.000000000000000000, 0.000000000000000000 ) ) ;
#3135 = DIRECTION ( 'NONE',  ( -1.000000000000000000, -6.994852725712920381E-16, 0.000000000000000000 ) ) ;
#3136 = EDGE_CURVE ( 'NONE', #3385, #2504, #3722, .T. ) ;
#3137 = CARTESIAN_POINT ( 'NONE',  ( 4.094999999999999751, -2.981555974335134728E-16, -3.287500000000000089 ) ) ;
#3138 = ORIENTED_EDGE ( 'NONE', *, *, #4366, .T. ) ;
#3139 = DIRECTION ( 'NONE',  ( -1.495451272393800035E-16, -1.000000000000000000, 0.000000000000000000 ) ) ;
#3140 = VERTEX_POINT ( 'NONE', #3744 ) ;
#3141 = LINE ( 'NONE', #945, #2039 ) ;
#3142 = DIRECTION ( 'NONE',  ( 3.310540984688565080E-16, -1.000000000000000000, 0.000000000000000000 ) ) ;
#3143 = ADVANCED_FACE ( 'NONE', ( #1888 ), #1179, .T. ) ;
#3144 = DIRECTION ( 'NONE',  ( 1.000000000000000000, 0.000000000000000000, 0.000000000000000000 ) ) ;
#3145 = DIRECTION ( 'NONE',  ( 0.000000000000000000, 0.000000000000000000, -1.000000000000000000 ) ) ;
#3146 = ORIENTED_EDGE ( 'NONE', *, *, #3178, .T. ) ;
#3147 = CARTESIAN_POINT ( 'NONE',  ( 3.174999999999999822, 2.919999999999999929, -4.794999999999999929 ) ) ;
#3148 = EDGE_CURVE ( 'NONE', #2403, #3214, #4481, .T. ) ;
#3149 = ORIENTED_EDGE ( 'NONE', *, *, #3148, .T. ) ;
#3150 = CARTESIAN_POINT ( 'NONE',  ( -3.174999999999999822, 2.669999999999999929, 1.497499999999999831 ) ) ;
#3151 = ORIENTED_EDGE ( 'NONE', *, *, #772, .F. ) ;
#3152 = DIRECTION ( 'NONE',  ( 0.000000000000000000, 0.000000000000000000, 1.000000000000000000 ) ) ;
#3153 = DIRECTION ( 'NONE',  ( -1.836970198721014650E-16, 1.000000000000000000, 0.000000000000000000 ) ) ;
#3154 =( GEOMETRIC_REPRESENTATION_CONTEXT ( 3 ) GLOBAL_UNCERTAINTY_ASSIGNED_CONTEXT ( ( #3118 ) ) GLOBAL_UNIT_ASSIGNED_CONTEXT ( ( #99, #4484, #853 ) ) REPRESENTATION_CONTEXT ( 'NONE', 'WORKASPACE' ) );
#3155 = DIRECTION ( 'NONE',  ( 1.000000000000000000, 1.836970198721014650E-16, 0.000000000000000000 ) ) ;
#3156 = VECTOR ( 'NONE', #4444, 1000.000000000000000 ) ;
#3157 = CARTESIAN_POINT ( 'NONE',  ( -3.844999999999999751, -2.547265342226494947E-16, -0.5400000000000000355 ) ) ;
#3158 = AXIS2_PLACEMENT_3D ( 'NONE', #2833, #4264, #3449 ) ;
#3159 = VECTOR ( 'NONE', #4543, 1000.000000000000000 ) ;
#3160 = ORIENTED_EDGE ( 'NONE', *, *, #1375, .T. ) ;
#3161 = LINE ( 'NONE', #4282, #4304 ) ;
#3162 = VERTEX_POINT ( 'NONE', #1964 ) ;
#3163 = CARTESIAN_POINT ( 'NONE',  ( 4.094999999999999751, -3.180000000000000160, -3.887499999999999734 ) ) ;
#3164 = DIRECTION ( 'NONE',  ( 3.310540984688565080E-16, 1.000000000000000000, 0.000000000000000000 ) ) ;
#3165 = AXIS2_PLACEMENT_3D ( 'NONE', #4671, #2525, #4722 ) ;
#3166 = AXIS2_PLACEMENT_3D ( 'NONE', #3853, #1977, #4512 ) ;
#3167 = FACE_OUTER_BOUND ( 'NONE', #2111, .T. ) ;
#3168 = VECTOR ( 'NONE', #3792, 1000.000000000000000 ) ;
#3169 = EDGE_CURVE ( 'NONE', #1100, #4698, #4246, .T. ) ;
#3170 = SURFACE_STYLE_FILL_AREA ( #928 ) ;
#3171 = VECTOR ( 'NONE', #1060, 1000.000000000000000 ) ;
#3172 = ADVANCED_FACE ( 'NONE', ( #2308 ), #4502, .F. ) ;
#3173 = AXIS2_PLACEMENT_3D ( 'NONE', #2223, #3750, #3034 ) ;
#3174 = ORIENTED_EDGE ( 'NONE', *, *, #2798, .T. ) ;
#3175 = CARTESIAN_POINT ( 'NONE',  ( 4.094999999999999751, 2.620000000000000107, -4.037500000000000533 ) ) ;
#3176 = VECTOR ( 'NONE', #1870, 1000.000000000000000 ) ;
#3177 = CARTESIAN_POINT ( 'NONE',  ( -3.795000000000000373, 2.669999999999999929, -3.582500000000000018 ) ) ;
#3178 = EDGE_CURVE ( 'NONE', #14, #1660, #535, .T. ) ;
#3179 = ORIENTED_EDGE ( 'NONE', *, *, #3356, .F. ) ;
#3180 = LINE ( 'NONE', #596, #3625 ) ;
#3181 = DIRECTION ( 'NONE',  ( 1.000000000000000000, 0.000000000000000000, 0.000000000000000000 ) ) ;
#3182 = DIRECTION ( 'NONE',  ( 1.000000000000000000, 6.994852725712920381E-16, 0.000000000000000000 ) ) ;
#3183 = DIRECTION ( 'NONE',  ( -1.000000000000000000, -6.994852725712920381E-16, 0.000000000000000000 ) ) ;
#3184 = ORIENTED_EDGE ( 'NONE', *, *, #4403, .T. ) ;
#3185 = ORIENTED_EDGE ( 'NONE', *, *, #908, .F. ) ;
#3186 = CARTESIAN_POINT ( 'NONE',  ( 4.094999999999999751, -3.180000000000000160, 1.347499999999999920 ) ) ;
#3187 = EDGE_LOOP ( 'NONE', ( #1844, #2298, #3054, #3579 ) ) ;
#3188 = CARTESIAN_POINT ( 'NONE',  ( -3.795000000000000373, -2.767878387081804892, 1.042499999999999982 ) ) ;
#3189 = CARTESIAN_POINT ( 'NONE',  ( 3.174999999999999822, 2.669999999999999929, 3.087499999999999911 ) ) ;
#3190 = ORIENTED_EDGE ( 'NONE', *, *, #3432, .F. ) ;
#3191 = DIRECTION ( 'NONE',  ( -1.495451272393800035E-16, 1.000000000000000000, 0.000000000000000000 ) ) ;
#3192 = CARTESIAN_POINT ( 'NONE',  ( 3.844999999999999751, 0.2000000000000000111, 0.5400000000000000355 ) ) ;
#3193 = ADVANCED_FACE ( 'NONE', ( #796 ), #4202, .T. ) ;
#3194 = ORIENTED_EDGE ( 'NONE', *, *, #2149, .T. ) ;
#3195 = CARTESIAN_POINT ( 'NONE',  ( -3.174999999999999822, 2.669999999999999929, -4.794999999999999929 ) ) ;
#3196 = ORIENTED_EDGE ( 'NONE', *, *, #2595, .T. ) ;
#3197 = LINE ( 'NONE', #3652, #1943 ) ;
#3198 = VERTEX_POINT ( 'NONE', #1341 ) ;
#3199 = DIRECTION ( 'NONE',  ( -1.405264525413350645E-16, 0.9396926207859084279, -0.3420201433256686574 ) ) ;
#3200 = DIRECTION ( 'NONE',  ( -1.000000000000000000, 0.000000000000000000, 0.000000000000000000 ) ) ;
#3201 = DIRECTION ( 'NONE',  ( 0.000000000000000000, 0.000000000000000000, -1.000000000000000000 ) ) ;
#3202 = ORIENTED_EDGE ( 'NONE', *, *, #3606, .F. ) ;
#3203 = CARTESIAN_POINT ( 'NONE',  ( 4.094999999999999751, 2.620000000000000107, -1.042499999999999982 ) ) ;
#3204 = ORIENTED_EDGE ( 'NONE', *, *, #561, .F. ) ;
#3205 = DIRECTION ( 'NONE',  ( 1.000000000000000000, 0.000000000000000000, 0.000000000000000000 ) ) ;
#3206 = ORIENTED_EDGE ( 'NONE', *, *, #2205, .T. ) ;
#3207 = DIRECTION ( 'NONE',  ( 0.000000000000000000, 1.000000000000000000, 0.000000000000000000 ) ) ;
#3208 = ORIENTED_EDGE ( 'NONE', *, *, #2334, .T. ) ;
#3209 = LINE ( 'NONE', #3962, #2792 ) ;
#3210 = CARTESIAN_POINT ( 'NONE',  ( 4.094999999999999751, 2.620000000000000107, -1.497499999999999831 ) ) ;
#3211 = LINE ( 'NONE', #3597, #746 ) ;
#3212 = DIRECTION ( 'NONE',  ( -0.000000000000000000, 1.000000000000000000, 0.000000000000000000 ) ) ;
#3213 = ORIENTED_EDGE ( 'NONE', *, *, #412, .F. ) ;
#3214 = VERTEX_POINT ( 'NONE', #1368 ) ;
#3215 = EDGE_CURVE ( 'NONE', #1271, #3576, #2868, .T. ) ;
#3216 = PRODUCT ( 'LT1054CP', 'LT1054CP', '', ( #1666 ) ) ;
#3217 = CLOSED_SHELL ( 'NONE', ( #529, #2420, #946, #1327 ) ) ;
#3218 = ORIENTED_EDGE ( 'NONE', *, *, #1613, .T. ) ;
#3219 = VERTEX_POINT ( 'NONE', #3910 ) ;
#3220 = EDGE_CURVE ( 'NONE', #979, #2575, #3018, .T. ) ;
#3221 = CARTESIAN_POINT ( 'NONE',  ( -3.795000000000000373, -4.336808689942014778E-16, -1.497499999999999831 ) ) ;
#3222 = DIRECTION ( 'NONE',  ( 1.000000000000000000, 0.000000000000000000, 0.000000000000000000 ) ) ;
#3223 = ORIENTED_EDGE ( 'NONE', *, *, #1175, .F. ) ;
#3224 = CLOSED_SHELL ( 'NONE', ( #4052, #3350, #4654, #1492, #1895, #4234, #3492, #1696, #3740, #4004, #2154, #1743, #3600, #1405, #1324 ) ) ;
#3225 = CARTESIAN_POINT ( 'NONE',  ( -3.844999999999999751, 0.2000000000000000111, -0.5400000000000000355 ) ) ;
#3226 = ORIENTED_EDGE ( 'NONE', *, *, #4632, .T. ) ;
#3227 = CARTESIAN_POINT ( 'NONE',  ( 3.795000000000000373, -2.767878387081804892, 4.037500000000000533 ) ) ;
#3228 = VERTEX_POINT ( 'NONE', #3840 ) ;
#3229 = VECTOR ( 'NONE', #3814, 1000.000000000000000 ) ;
#3230 = CARTESIAN_POINT ( 'NONE',  ( -3.174999999999999822, 2.919999999999999929, -4.037500000000000533 ) ) ;
#3231 = ADVANCED_FACE ( 'NONE', ( #4575 ), #1691, .T. ) ;
#3232 = PRESENTATION_STYLE_ASSIGNMENT (( #1673 ) ) ;
#3233 = CARTESIAN_POINT ( 'NONE',  ( -3.844999999999999751, -2.547265342226494947E-16, 1.497499999999999831 ) ) ;
#3234 = ORIENTED_EDGE ( 'NONE', *, *, #4290, .T. ) ;
#3235 = CIRCLE ( 'NONE', #1191, 0.2000000000000000111 ) ;
#3236 = AXIS2_PLACEMENT_3D ( 'NONE', #4437, #1240, #2658 ) ;
#3237 = FACE_OUTER_BOUND ( 'NONE', #4058, .T. ) ;
#3238 = CARTESIAN_POINT ( 'NONE',  ( -4.094999999999999751, 0.2000000000000000111, -3.287500000000000089 ) ) ;
#3239 = ORIENTED_EDGE ( 'NONE', *, *, #2689, .F. ) ;
#3240 = ADVANCED_FACE ( 'NONE', ( #964 ), #2815, .F. ) ;
#3241 = EDGE_CURVE ( 'NONE', #4630, #3574, #2091, .T. ) ;
#3242 = FACE_OUTER_BOUND ( 'NONE', #1034, .T. ) ;
#3243 = VECTOR ( 'NONE', #4566, 1000.000000000000000 ) ;
#3244 = DIRECTION ( 'NONE',  ( 1.000000000000000000, 0.000000000000000000, 0.000000000000000000 ) ) ;
#3245 = VECTOR ( 'NONE', #3718, 1000.000000000000000 ) ;
#3246 = CIRCLE ( 'NONE', #3092, 0.05000000000000012768 ) ;
#3247 = ORIENTED_EDGE ( 'NONE', *, *, #3575, .T. ) ;
#3248 = VECTOR ( 'NONE', #441, 1000.000000000000000 ) ;
#3249 = ORIENTED_EDGE ( 'NONE', *, *, #4021, .F. ) ;
#3250 = VERTEX_POINT ( 'NONE', #2722 ) ;
#3251 = FACE_OUTER_BOUND ( 'NONE', #234, .T. ) ;
#3252 = PLANE ( 'NONE',  #115 ) ;
#3253 = VERTEX_POINT ( 'NONE', #2408 ) ;
#3254 = VECTOR ( 'NONE', #1628, 1000.000000000000000 ) ;
#3255 = EDGE_CURVE ( 'NONE', #1050, #2271, #4525, .T. ) ;
#3256 = DIRECTION ( 'NONE',  ( 1.000000000000000000, 0.000000000000000000, 0.000000000000000000 ) ) ;
#3257 = FACE_OUTER_BOUND ( 'NONE', #4254, .T. ) ;
#3258 = VECTOR ( 'NONE', #2904, 1000.000000000000000 ) ;
#3259 = ORIENTED_EDGE ( 'NONE', *, *, #1662, .F. ) ;
#3260 = CARTESIAN_POINT ( 'NONE',  ( 3.795000000000000373, 2.669999999999999929, -3.087499999999999911 ) ) ;
#3261 = CARTESIAN_POINT ( 'NONE',  ( -3.795000000000000373, -2.767878387081804892, -3.582500000000000018 ) ) ;
#3262 = CARTESIAN_POINT ( 'NONE',  ( -3.795000000000000373, 0.2000000000000000111, -3.287500000000000089 ) ) ;
#3263 = ORIENTED_EDGE ( 'NONE', *, *, #841, .T. ) ;
#3264 = ADVANCED_FACE ( 'NONE', ( #2008 ), #1275, .T. ) ;
#3265 = LINE ( 'NONE', #385, #1131 ) ;
#3266 = LINE ( 'NONE', #4035, #3080 ) ;
#3267 = ORIENTED_EDGE ( 'NONE', *, *, #3292, .F. ) ;
#3268 = DIRECTION ( 'NONE',  ( 0.000000000000000000, 0.000000000000000000, -1.000000000000000000 ) ) ;
#3269 =( NAMED_UNIT ( * ) SI_UNIT ( $, .STERADIAN. ) SOLID_ANGLE_UNIT ( ) );
#3270 = ADVANCED_FACE ( 'NONE', ( #625 ), #3478, .T. ) ;
#3271 = ORIENTED_EDGE ( 'NONE', *, *, #1518, .T. ) ;
#3272 = VERTEX_POINT ( 'NONE', #2743 ) ;
#3273 = VERTEX_POINT ( 'NONE', #3098 ) ;
#3274 = CARTESIAN_POINT ( 'NONE',  ( -3.844999999999999751, -3.180000000000000160, -3.582500000000000018 ) ) ;
#3275 = DIRECTION ( 'NONE',  ( -1.000000000000000000, 0.000000000000000000, 0.000000000000000000 ) ) ;
#3276 = DIRECTION ( 'NONE',  ( 1.000000000000000000, -1.836970198721014650E-16, 0.000000000000000000 ) ) ;
#3277 = DIRECTION ( 'NONE',  ( -0.000000000000000000, 0.3420201433256686574, 0.9396926207859084279 ) ) ;
#3278 = ORIENTED_EDGE ( 'NONE', *, *, #1525, .F. ) ;
#3279 = FACE_OUTER_BOUND ( 'NONE', #4602, .T. ) ;
#3280 = PLANE ( 'NONE',  #434 ) ;
#3281 = EDGE_CURVE ( 'NONE', #1337, #1251, #3501, .T. ) ;
#3282 = DIRECTION ( 'NONE',  ( 0.1378445374916290045, -0.9808148484639889197, 0.1378445374916290045 ) ) ;
#3283 = EDGE_LOOP ( 'NONE', ( #537, #2078, #468, #4716 ) ) ;
#3284 = LINE ( 'NONE', #40, #2558 ) ;
#3285 = CARTESIAN_POINT ( 'NONE',  ( -4.094999999999999751, 0.2000000000000000111, 0.7399999999999999911 ) ) ;
#3286 = CARTESIAN_POINT ( 'NONE',  ( -3.844999999999999751, 2.620000000000000107, -2.000000000000000000 ) ) ;
#3287 = LINE ( 'NONE', #649, #3073 ) ;
#3288 = EDGE_CURVE ( 'NONE', #769, #645, #244, .T. ) ;
#3289 = CARTESIAN_POINT ( 'NONE',  ( -3.174999999999999822, 2.919999999999999929, 4.794999999999999929 ) ) ;
#3290 = DIRECTION ( 'NONE',  ( -1.495451272393800035E-16, 1.000000000000000000, 0.000000000000000000 ) ) ;
#3291 = ORIENTED_EDGE ( 'NONE', *, *, #3699, .F. ) ;
#3292 = EDGE_CURVE ( 'NONE', #1328, #1890, #3141, .T. ) ;
#3293 = ADVANCED_FACE ( 'NONE', ( #2076 ), #3069, .F. ) ;
#3294 = MANIFOLD_SOLID_BREP ( 'NONE', #3845 ) ;
#3295 = EDGE_LOOP ( 'NONE', ( #3149, #1391, #270, #67 ) ) ;
#3296 = EDGE_CURVE ( 'NONE', #3124, #869, #333, .T. ) ;
#3297 = FACE_OUTER_BOUND ( 'NONE', #2182, .T. ) ;
#3298 = LINE ( 'NONE', #1517, #2319 ) ;
#3299 = DIRECTION ( 'NONE',  ( 0.000000000000000000, 0.000000000000000000, 1.000000000000000000 ) ) ;
#3300 = PLANE ( 'NONE',  #1717 ) ;
#3301 = ORIENTED_EDGE ( 'NONE', *, *, #1372, .F. ) ;
#3302 = DIRECTION ( 'NONE',  ( 1.000000000000000000, 0.000000000000000000, 0.000000000000000000 ) ) ;
#3303 = FACE_OUTER_BOUND ( 'NONE', #3726, .T. ) ;
#3304 = AXIS2_PLACEMENT_3D ( 'NONE', #1041, #1838, #368 ) ;
#3305 = DIRECTION ( 'NONE',  ( -1.000000000000000000, 6.994852725712920381E-16, 0.000000000000000000 ) ) ;
#3306 = VERTEX_POINT ( 'NONE', #3163 ) ;
#3307 = CARTESIAN_POINT ( 'NONE',  ( 3.795000000000000373, 2.669999999999999929, -4.037500000000000533 ) ) ;
#3308 = VECTOR ( 'NONE', #1120, 1000.000000000000000 ) ;
#3309 = PLANE ( 'NONE',  #3530 ) ;
#3310 = ORIENTED_EDGE ( 'NONE', *, *, #3584, .F. ) ;
#3311 = LINE ( 'NONE', #1089, #3868 ) ;
#3312 = DIRECTION ( 'NONE',  ( 1.000000000000000000, 6.994852725712920381E-16, 0.000000000000000000 ) ) ;
#3313 = EDGE_LOOP ( 'NONE', ( #4499, #2118, #4665, #2303 ) ) ;
#3314 = CIRCLE ( 'NONE', #1866, 0.2999999999999999334 ) ;
#3315 = VECTOR ( 'NONE', #103, 1000.000000000000000 ) ;
#3316 = ADVANCED_FACE ( 'NONE', ( #3614 ), #4373, .F. ) ;
#3317 = CARTESIAN_POINT ( 'NONE',  ( -3.844999999999999751, 0.2000000000000000111, 1.800000000000000044 ) ) ;
#3318 = VECTOR ( 'NONE', #85, 1000.000000000000000 ) ;
#3319 = AXIS2_PLACEMENT_3D ( 'NONE', #4442, #2327, #524 ) ;
#3320 = VERTEX_POINT ( 'NONE', #698 ) ;
#3321 = VECTOR ( 'NONE', #2127, 1000.000000000000000 ) ;
#3322 = AXIS2_PLACEMENT_3D ( 'NONE', #2468, #1029, #4279 ) ;
#3323 = EDGE_CURVE ( 'NONE', #532, #4329, #1386, .T. ) ;
#3324 = VECTOR ( 'NONE', #182, 1000.000000000000000 ) ;
#3325 = ORIENTED_EDGE ( 'NONE', *, *, #346, .T. ) ;
#3326 = CARTESIAN_POINT ( 'NONE',  ( 3.795000000000000373, 2.919999999999999929, -2.000000000000000000 ) ) ;
#3327 = CARTESIAN_POINT ( 'NONE',  ( -2.161781006939595517, 4.980000000000000426, -3.832248148665670318 ) ) ;
#3328 = AXIS2_PLACEMENT_3D ( 'NONE', #4238, #985, #1703 ) ;
#3329 = ADVANCED_FACE ( 'NONE', ( #2835 ), #2541, .F. ) ;
#3330 = CARTESIAN_POINT ( 'NONE',  ( -3.174999999999999822, 2.669999999999999929, -4.037500000000000533 ) ) ;
#3331 = CARTESIAN_POINT ( 'NONE',  ( 4.094999999999999751, -2.767878387081804892, -1.497499999999999831 ) ) ;
#3332 = ORIENTED_EDGE ( 'NONE', *, *, #3432, .T. ) ;
#3333 = DIRECTION ( 'NONE',  ( -1.495451272393800035E-16, 1.000000000000000000, 0.000000000000000000 ) ) ;
#3334 = VECTOR ( 'NONE', #2724, 1000.000000000000000 ) ;
#3335 = LINE ( 'NONE', #3736, #2040 ) ;
#3336 = PRESENTATION_STYLE_ASSIGNMENT (( #1173 ) ) ;
#3337 = ORIENTED_EDGE ( 'NONE', *, *, #1298, .F. ) ;
#3338 = PLANE ( 'NONE',  #1047 ) ;
#3339 = LINE ( 'NONE', #4723, #891 ) ;
#3340 = VERTEX_POINT ( 'NONE', #1128 ) ;
#3341 = PLANE ( 'NONE',  #210 ) ;
#3342 = LINE ( 'NONE', #4452, #4552 ) ;
#3343 = ORIENTED_EDGE ( 'NONE', *, *, #2771, .T. ) ;
#3344 = MANIFOLD_SOLID_BREP ( 'NONE', #3684 ) ;
#3345 = ORIENTED_EDGE ( 'NONE', *, *, #4633, .T. ) ;
#3346 = EDGE_CURVE ( 'NONE', #1961, #1074, #1474, .T. ) ;
#3347 = ORIENTED_EDGE ( 'NONE', *, *, #3241, .F. ) ;
#3348 = CARTESIAN_POINT ( 'NONE',  ( 3.174999999999999822, 2.919999999999999929, 4.794999999999999929 ) ) ;
#3349 = PLANE ( 'NONE',  #1950 ) ;
#3350 = ADVANCED_FACE ( 'NONE', ( #721 ), #744, .T. ) ;
#3351 = PLANE ( 'NONE',  #2332 ) ;
#3352 = CARTESIAN_POINT ( 'NONE',  ( 4.094999999999999751, 2.620000000000000107, 1.042499999999999982 ) ) ;
#3353 = EDGE_LOOP ( 'NONE', ( #4435, #3019 ) ) ;
#3354 = CARTESIAN_POINT ( 'NONE',  ( -3.174999999999999822, 0.5100000000000000089, -4.491431797042834795 ) ) ;
#3355 = CARTESIAN_POINT ( 'NONE',  ( -4.094999999999999751, 2.620000000000000107, -3.087499999999999911 ) ) ;
#3356 = EDGE_CURVE ( 'NONE', #1018, #2372, #1831, .T. ) ;
#3357 = ORIENTED_EDGE ( 'NONE', *, *, #1372, .T. ) ;
#3358 = DIRECTION ( 'NONE',  ( 0.000000000000000000, 1.000000000000000000, 0.000000000000000000 ) ) ;
#3359 = CARTESIAN_POINT ( 'NONE',  ( 4.094999999999999751, 2.620000000000000107, -4.037500000000000533 ) ) ;
#3360 = CARTESIAN_POINT ( 'NONE',  ( -3.174999999999999822, 2.919999999999999929, 2.000000000000000000 ) ) ;
#3361 = DIRECTION ( 'NONE',  ( 3.310540984688565080E-16, 1.000000000000000000, 0.000000000000000000 ) ) ;
#3362 = ADVANCED_FACE ( 'NONE', ( #3931 ), #3280, .F. ) ;
#3363 = EDGE_LOOP ( 'NONE', ( #2341, #2158, #2527, #2232 ) ) ;
#3364 = ORIENTED_EDGE ( 'NONE', *, *, #2912, .T. ) ;
#3365 = DIRECTION ( 'NONE',  ( 0.000000000000000000, 0.000000000000000000, -1.000000000000000000 ) ) ;
#3366 = FACE_OUTER_BOUND ( 'NONE', #4504, .T. ) ;
#3367 = CARTESIAN_POINT ( 'NONE',  ( -3.844999999999999751, -2.547265342226494947E-16, 0.5400000000000000355 ) ) ;
#3368 = ADVANCED_FACE ( 'NONE', ( #3303 ), #109, .F. ) ;
#3369 = LINE ( 'NONE', #2660, #3773 ) ;
#3370 = ORIENTED_EDGE ( 'NONE', *, *, #3846, .F. ) ;
#3371 = DIRECTION ( 'NONE',  ( 1.000000000000000000, 0.000000000000000000, 0.000000000000000000 ) ) ;
#3372 = CARTESIAN_POINT ( 'NONE',  ( 3.795000000000000373, 2.669999999999999929, 1.497499999999999831 ) ) ;
#3373 = LINE ( 'NONE', #110, #1415 ) ;
#3374 = APPLICATION_PROTOCOL_DEFINITION ( 'draft international standard', 'automotive_design', 1998, #2183 ) ;
#3375 = VERTEX_POINT ( 'NONE', #399 ) ;
#3376 = CARTESIAN_POINT ( 'NONE',  ( -3.174999999999999822, 2.669999999999999929, 1.497499999999999831 ) ) ;
#3377 = LINE ( 'NONE', #4179, #1948 ) ;
#3378 = ORIENTED_EDGE ( 'NONE', *, *, #1091, .T. ) ;
#3379 = CARTESIAN_POINT ( 'NONE',  ( -3.174999999999999822, 2.669999999999999929, 4.037500000000000533 ) ) ;
#3380 = CARTESIAN_POINT ( 'NONE',  ( -3.174999999999999822, 2.669999999999999929, 4.037500000000000533 ) ) ;
#3381 = CIRCLE ( 'NONE', #3607, 0.2999999999999999334 ) ;
#3382 = FACE_OUTER_BOUND ( 'NONE', #512, .T. ) ;
#3383 = EDGE_CURVE ( 'NONE', #707, #397, #2988, .T. ) ;
#3384 = AXIS2_PLACEMENT_3D ( 'NONE', #664, #2114, #3182 ) ;
#3385 = VERTEX_POINT ( 'NONE', #1851 ) ;
#3386 = EDGE_LOOP ( 'NONE', ( #128, #3226, #4342, #4710 ) ) ;
#3387 = LINE ( 'NONE', #133, #1505 ) ;
#3388 = CARTESIAN_POINT ( 'NONE',  ( -3.844999999999999751, -2.767878387081804892, -3.582500000000000018 ) ) ;
#3389 = AXIS2_PLACEMENT_3D ( 'NONE', #2321, #4396, #2225 ) ;
#3390 = DIRECTION ( 'NONE',  ( -1.000000000000000000, 0.000000000000000000, 0.000000000000000000 ) ) ;
#3391 = AXIS2_PLACEMENT_3D ( 'NONE', #1443, #774, #4317 ) ;
#3392 = AXIS2_PLACEMENT_3D ( 'NONE', #3317, #1162, #1510 ) ;
#3393 = DIRECTION ( 'NONE',  ( -1.000000000000000000, -1.495451272393800035E-16, 0.000000000000000000 ) ) ;
#3394 = VERTEX_POINT ( 'NONE', #1222 ) ;
#3395 = CARTESIAN_POINT ( 'NONE',  ( 3.795000000000000373, 2.919999999999999929, 0.5400000000000000355 ) ) ;
#3396 = CARTESIAN_POINT ( 'NONE',  ( 4.094999999999999751, 0.2000000000000000111, 3.087499999999999911 ) ) ;
#3397 = CARTESIAN_POINT ( 'NONE',  ( 3.795000000000000373, 2.669999999999999929, 0.5400000000000000355 ) ) ;
#3398 = VERTEX_POINT ( 'NONE', #4401 ) ;
#3399 = MECHANICAL_DESIGN_GEOMETRIC_PRESENTATION_REPRESENTATION (  '', ( #49 ), #1208 ) ;
#3400 = EDGE_CURVE ( 'NONE', #665, #4523, #3335, .T. ) ;
#3401 = EDGE_LOOP ( 'NONE', ( #3705, #240, #3786, #2514 ) ) ;
#3402 = PLANE ( 'NONE',  #1963 ) ;
#3403 = VERTEX_POINT ( 'NONE', #887 ) ;
#3404 = PLANE ( 'NONE',  #2784 ) ;
#3405 = VECTOR ( 'NONE', #4260, 1000.000000000000000 ) ;
#3406 = VERTEX_POINT ( 'NONE', #470 ) ;
#3407 = CARTESIAN_POINT ( 'NONE',  ( -4.094999999999999751, 2.620000000000000107, -1.042499999999999982 ) ) ;
#3408 = DIRECTION ( 'NONE',  ( 0.9902680687415703620, 0.1391731009600656321, 0.000000000000000000 ) ) ;
#3409 = EDGE_CURVE ( 'NONE', #3955, #211, #1927, .T. ) ;
#3410 =( NAMED_UNIT ( * ) PLANE_ANGLE_UNIT ( ) SI_UNIT ( $, .RADIAN. ) );
#3411 = PRESENTATION_LAYER_ASSIGNMENT (  '', '', ( #757 ) ) ;
#3412 = ORIENTED_EDGE ( 'NONE', *, *, #1206, .T. ) ;
#3413 = ORIENTED_EDGE ( 'NONE', *, *, #1662, .T. ) ;
#3414 = DIRECTION ( 'NONE',  ( -1.495451272393800035E-16, -1.000000000000000000, 0.000000000000000000 ) ) ;
#3415 = DIRECTION ( 'NONE',  ( -0.1378445374916290045, -0.9808148484639889197, -0.1378445374916290045 ) ) ;
#3416 = ORIENTED_EDGE ( 'NONE', *, *, #3025, .F. ) ;
#3417 = DIRECTION ( 'NONE',  ( 1.000000000000000000, 0.000000000000000000, 0.000000000000000000 ) ) ;
#3418 = CARTESIAN_POINT ( 'NONE',  ( -3.795000000000000373, 2.620000000000000107, -4.037500000000000533 ) ) ;
#3419 = EDGE_LOOP ( 'NONE', ( #1779, #1861, #904, #2843 ) ) ;
#3420 = DIRECTION ( 'NONE',  ( 0.000000000000000000, 0.000000000000000000, 1.000000000000000000 ) ) ;
#3421 = CARTESIAN_POINT ( 'NONE',  ( -3.844999999999999751, -2.767878387081804892, -1.042499999999999982 ) ) ;
#3422 = CARTESIAN_POINT ( 'NONE',  ( 3.844999999999999751, -3.180000000000000160, -1.347499999999999920 ) ) ;
#3423 = CARTESIAN_POINT ( 'NONE',  ( -3.844999999999999751, 0.2000000000000000111, 0.5400000000000000355 ) ) ;
#3424 = DIRECTION ( 'NONE',  ( -1.495451272393800035E-16, 1.000000000000000000, 0.000000000000000000 ) ) ;
#3425 = VERTEX_POINT ( 'NONE', #3396 ) ;
#3426 = FACE_OUTER_BOUND ( 'NONE', #2032, .T. ) ;
#3427 = ORIENTED_EDGE ( 'NONE', *, *, #2245, .T. ) ;
#3428 = ADVANCED_FACE ( 'NONE', ( #2972 ), #2328, .T. ) ;
#3429 = DIRECTION ( 'NONE',  ( 0.1378445374916290045, 0.9808148484639889197, 0.1378445374916290045 ) ) ;
#3430 = CARTESIAN_POINT ( 'NONE',  ( 3.795000000000000373, 2.919999999999999929, -0.5400000000000000355 ) ) ;
#3431 = VERTEX_POINT ( 'NONE', #2950 ) ;
#3432 = EDGE_CURVE ( 'NONE', #1799, #1081, #3015, .T. ) ;
#3433 = CARTESIAN_POINT ( 'NONE',  ( 3.844999999999999751, 0.2000000000000000111, 2.000000000000000000 ) ) ;
#3434 = EDGE_CURVE ( 'NONE', #3219, #2285, #1245, .T. ) ;
#3435 = ADVANCED_FACE ( 'NONE', ( #2300 ), #2279, .F. ) ;
#3436 = ORIENTED_EDGE ( 'NONE', *, *, #3942, .T. ) ;
#3437 = DIRECTION ( 'NONE',  ( 1.000000000000000000, -1.836970198721014650E-16, 0.000000000000000000 ) ) ;
#3438 = DIRECTION ( 'NONE',  ( 0.000000000000000000, 0.000000000000000000, -1.000000000000000000 ) ) ;
#3439 = CARTESIAN_POINT ( 'NONE',  ( 3.795000000000000373, 0.2000000000000000111, 0.5400000000000000355 ) ) ;
#3440 = DIRECTION ( 'NONE',  ( 0.000000000000000000, 1.000000000000000000, 0.000000000000000000 ) ) ;
#3441 = EDGE_CURVE ( 'NONE', #324, #3398, #4495, .T. ) ;
#3442 = ORIENTED_EDGE ( 'NONE', *, *, #58, .F. ) ;
#3443 = CARTESIAN_POINT ( 'NONE',  ( 3.844999999999999751, 2.620000000000000107, 4.037500000000000533 ) ) ;
#3444 = CARTESIAN_POINT ( 'NONE',  ( -3.844999999999999751, 0.2000000000000000111, 3.287500000000000089 ) ) ;
#3445 = DIRECTION ( 'NONE',  ( -3.310540984688565080E-16, 1.000000000000000000, 0.000000000000000000 ) ) ;
#3446 = CARTESIAN_POINT ( 'NONE',  ( 4.094999999999999751, -2.981555974335134728E-16, -0.7399999999999999911 ) ) ;
#3447 = VERTEX_POINT ( 'NONE', #4049 ) ;
#3448 = ORIENTED_EDGE ( 'NONE', *, *, #3781, .F. ) ;
#3449 = DIRECTION ( 'NONE',  ( -1.000000000000000000, 0.000000000000000000, 0.000000000000000000 ) ) ;
#3450 = ORIENTED_EDGE ( 'NONE', *, *, #566, .T. ) ;
#3451 = CARTESIAN_POINT ( 'NONE',  ( -4.094999999999999751, -2.981555974335134728E-16, 1.800000000000000044 ) ) ;
#3452 = CARTESIAN_POINT ( 'NONE',  ( -3.174999999999999822, 2.919999999999999929, -0.5400000000000000355 ) ) ;
#3453 = PRESENTATION_STYLE_ASSIGNMENT (( #3725 ) ) ;
#3454 =( NAMED_UNIT ( * ) PLANE_ANGLE_UNIT ( ) SI_UNIT ( $, .RADIAN. ) );
#3455 = VECTOR ( 'NONE', #1068, 1000.000000000000000 ) ;
#3456 = EDGE_CURVE ( 'NONE', #162, #1969, #788, .T. ) ;
#3457 = CIRCLE ( 'NONE', #2854, 0.05000000000000012768 ) ;
#3458 = ORIENTED_EDGE ( 'NONE', *, *, #3471, .F. ) ;
#3459 = DIRECTION ( 'NONE',  ( 3.310540984688565080E-16, -1.000000000000000000, 0.000000000000000000 ) ) ;
#3460 = DIRECTION ( 'NONE',  ( 0.000000000000000000, 0.000000000000000000, 1.000000000000000000 ) ) ;
#3461 = CIRCLE ( 'NONE', #4082, 0.2000000000000000111 ) ;
#3462 = VECTOR ( 'NONE', #4000, 1000.000000000000000 ) ;
#3463 = ADVANCED_FACE ( 'NONE', ( #3683 ), #1195, .F. ) ;
#3464 = LINE ( 'NONE', #2373, #1423 ) ;
#3465 = VERTEX_POINT ( 'NONE', #3355 ) ;
#3466 = AXIS2_PLACEMENT_3D ( 'NONE', #395, #328, #3608 ) ;
#3467 = DIRECTION ( 'NONE',  ( -0.000000000000000000, 0.3420201433256686574, 0.9396926207859084279 ) ) ;
#3468 = CARTESIAN_POINT ( 'NONE',  ( 3.795000000000000373, 2.620000000000000107, 1.497499999999999831 ) ) ;
#3469 = DIRECTION ( 'NONE',  ( 0.9902680687415703620, -0.1391731009600656321, 0.000000000000000000 ) ) ;
#3470 = DIRECTION ( 'NONE',  ( 1.000000000000000000, 0.000000000000000000, 0.000000000000000000 ) ) ;
#3471 = EDGE_CURVE ( 'NONE', #2513, #1500, #1542, .T. ) ;
#3472 = VECTOR ( 'NONE', #3093, 1000.000000000000000 ) ;
#3473 = LINE ( 'NONE', #2052, #3701 ) ;
#3474 = EDGE_LOOP ( 'NONE', ( #1614, #1433, #2432, #2202 ) ) ;
#3475 = CARTESIAN_POINT ( 'NONE',  ( -4.094999999999999751, -3.180000000000000160, 1.347499999999999920 ) ) ;
#3476 = VERTEX_POINT ( 'NONE', #424 ) ;
#3477 = VECTOR ( 'NONE', #1159, 1000.000000000000000 ) ;
#3478 = PLANE ( 'NONE',  #1501 ) ;
#3479 = DIRECTION ( 'NONE',  ( 1.405264525413350645E-16, -0.9396926207859084279, 0.3420201433256686574 ) ) ;
#3480 = ORIENTED_EDGE ( 'NONE', *, *, #2661, .F. ) ;
#3481 = VECTOR ( 'NONE', #1265, 1000.000000000000000 ) ;
#3482 = CARTESIAN_POINT ( 'NONE',  ( -3.844999999999999751, -2.767878387081804892, 4.037500000000000533 ) ) ;
#3483 = VECTOR ( 'NONE', #2264, 1000.000000000000000 ) ;
#3484 = AXIS2_PLACEMENT_3D ( 'NONE', #2744, #2883, #3567 ) ;
#3485 = ORIENTED_EDGE ( 'NONE', *, *, #2295, .F. ) ;
#3486 = EDGE_CURVE ( 'NONE', #709, #1464, #844, .T. ) ;
#3487 = CARTESIAN_POINT ( 'NONE',  ( 3.795000000000000373, 2.669999999999999929, 2.000000000000000000 ) ) ;
#3488 = EDGE_LOOP ( 'NONE', ( #2282, #4128, #732, #614, #2212, #458, #1680, #4487, #1579, #3490, #1917, #3655 ) ) ;
#3489 = DIRECTION ( 'NONE',  ( -1.000000000000000000, -6.994852725712920381E-16, 0.000000000000000000 ) ) ;
#3490 = ORIENTED_EDGE ( 'NONE', *, *, #4071, .F. ) ;
#3491 = PLANE ( 'NONE',  #2103 ) ;
#3492 = ADVANCED_FACE ( 'NONE', ( #2685 ), #1952, .F. ) ;
#3493 = FACE_OUTER_BOUND ( 'NONE', #4343, .T. ) ;
#3494 = LINE ( 'NONE', #4278, #2623 ) ;
#3495 = DIRECTION ( 'NONE',  ( 0.000000000000000000, 0.000000000000000000, 1.000000000000000000 ) ) ;
#3496 = CARTESIAN_POINT ( 'NONE',  ( -4.094999999999999751, -3.180000000000000160, 1.347499999999999920 ) ) ;
#3497 = ORIENTED_EDGE ( 'NONE', *, *, #1054, .F. ) ;
#3498 = ORIENTED_EDGE ( 'NONE', *, *, #1466, .T. ) ;
#3499 = DIRECTION ( 'NONE',  ( 1.000000000000000000, 0.000000000000000000, 0.000000000000000000 ) ) ;
#3500 = ORIENTED_EDGE ( 'NONE', *, *, #3512, .F. ) ;
#3501 = LINE ( 'NONE', #996, #1727 ) ;
#3502 = FACE_OUTER_BOUND ( 'NONE', #1882, .T. ) ;
#3503 = DIRECTION ( 'NONE',  ( -1.000000000000000000, -1.836970198721014650E-16, 0.000000000000000000 ) ) ;
#3504 = EDGE_CURVE ( 'NONE', #476, #687, #1616, .T. ) ;
#3505 = EDGE_LOOP ( 'NONE', ( #847, #168, #3514, #10 ) ) ;
#3506 = LINE ( 'NONE', #1656, #2802 ) ;
#3507 = DIRECTION ( 'NONE',  ( 1.495451272393800035E-16, -1.000000000000000000, 0.000000000000000000 ) ) ;
#3508 = ORIENTED_EDGE ( 'NONE', *, *, #3846, .T. ) ;
#3509 = DIRECTION ( 'NONE',  ( 0.000000000000000000, 1.000000000000000000, 0.000000000000000000 ) ) ;
#3510 = DIRECTION ( 'NONE',  ( -1.000000000000000000, 0.000000000000000000, 0.000000000000000000 ) ) ;
#3511 = CARTESIAN_POINT ( 'NONE',  ( -3.174999999999999822, 2.669999999999999929, -3.582500000000000018 ) ) ;
#3512 = EDGE_CURVE ( 'NONE', #3140, #2817, #3834, .T. ) ;
#3513 = LINE ( 'NONE', #3157, #3472 ) ;
#3514 = ORIENTED_EDGE ( 'NONE', *, *, #2983, .T. ) ;
#3515 = DIRECTION ( 'NONE',  ( 0.000000000000000000, 0.000000000000000000, -1.000000000000000000 ) ) ;
#3516 = ORIENTED_EDGE ( 'NONE', *, *, #952, .T. ) ;
#3517 = DIRECTION ( 'NONE',  ( 1.000000000000000000, 0.000000000000000000, 0.000000000000000000 ) ) ;
#3518 = DIRECTION ( 'NONE',  ( -1.000000000000000000, 0.000000000000000000, 0.000000000000000000 ) ) ;
#3519 = EDGE_CURVE ( 'NONE', #4408, #728, #255, .T. ) ;
#3520 = SURFACE_SIDE_STYLE ('',( #3546 ) ) ;
#3521 =( NAMED_UNIT ( * ) PLANE_ANGLE_UNIT ( ) SI_UNIT ( $, .RADIAN. ) );
#3522 = ADVANCED_FACE ( 'NONE', ( #3858 ), #526, .T. ) ;
#3523 = ORIENTED_EDGE ( 'NONE', *, *, #1456, .T. ) ;
#3524 = CARTESIAN_POINT ( 'NONE',  ( -3.174999999999999822, 2.669999999999999929, 4.037500000000000533 ) ) ;
#3525 = AXIS2_PLACEMENT_3D ( 'NONE', #2167, #3212, #3244 ) ;
#3526 = LINE ( 'NONE', #3177, #2038 ) ;
#3527 = EDGE_LOOP ( 'NONE', ( #2531, #1249, #3961, #3837, #1321, #54, #688, #4506 ) ) ;
#3528 = DIRECTION ( 'NONE',  ( 0.000000000000000000, 0.000000000000000000, -1.000000000000000000 ) ) ;
#3529 = CARTESIAN_POINT ( 'NONE',  ( -3.844999999999999751, -2.767878387081804892, 1.497499999999999831 ) ) ;
#3530 = AXIS2_PLACEMENT_3D ( 'NONE', #3689, #1106, #16 ) ;
#3531 = LINE ( 'NONE', #2760, #4677 ) ;
#3532 = MECHANICAL_DESIGN_GEOMETRIC_PRESENTATION_REPRESENTATION (  '', ( #2016 ), #2703 ) ;
#3533 = CARTESIAN_POINT ( 'NONE',  ( -3.795000000000000373, 2.919999999999999929, -1.042499999999999982 ) ) ;
#3534 = AXIS2_PLACEMENT_3D ( 'NONE', #4715, #1058, #4368 ) ;
#3535 = CIRCLE ( 'NONE', #3236, 0.2000000000000000111 ) ;
#3536 = ORIENTED_EDGE ( 'NONE', *, *, #3936, .T. ) ;
#3537 = DIRECTION ( 'NONE',  ( -1.000000000000000000, 0.000000000000000000, 0.000000000000000000 ) ) ;
#3538 = ORIENTED_EDGE ( 'NONE', *, *, #2467, .T. ) ;
#3539 = CARTESIAN_POINT ( 'NONE',  ( 3.795000000000000373, 2.669999999999999929, -0.5400000000000000355 ) ) ;
#3540 = EDGE_CURVE ( 'NONE', #1164, #2463, #570, .T. ) ;
#3541 = LINE ( 'NONE', #1648, #4629 ) ;
#3542 = ORIENTED_EDGE ( 'NONE', *, *, #1538, .F. ) ;
#3543 = VECTOR ( 'NONE', #3119, 1000.000000000000000 ) ;
#3544 = AXIS2_PLACEMENT_3D ( 'NONE', #668, #1827, #3276 ) ;
#3545 = VERTEX_POINT ( 'NONE', #213 ) ;
#3546 = SURFACE_STYLE_FILL_AREA ( #228 ) ;
#3547 = VECTOR ( 'NONE', #2507, 1000.000000000000000 ) ;
#3548 = PRESENTATION_LAYER_ASSIGNMENT (  '', '', ( #2106 ) ) ;
#3549 = DIRECTION ( 'NONE',  ( 1.000000000000000000, 0.000000000000000000, 0.000000000000000000 ) ) ;
#3550 = EDGE_CURVE ( 'NONE', #3068, #4073, #597, .T. ) ;
#3551 = VECTOR ( 'NONE', #4094, 1000.000000000000000 ) ;
#3552 = VECTOR ( 'NONE', #2287, 1000.000000000000000 ) ;
#3553 = VERTEX_POINT ( 'NONE', #2427 ) ;
#3554 = FACE_OUTER_BOUND ( 'NONE', #2075, .T. ) ;
#3555 = AXIS2_PLACEMENT_3D ( 'NONE', #1747, #631, #4384 ) ;
#3556 = DIRECTION ( 'NONE',  ( -1.000000000000000000, 0.000000000000000000, 0.000000000000000000 ) ) ;
#3557 = ORIENTED_EDGE ( 'NONE', *, *, #2072, .T. ) ;
#3558 = DIRECTION ( 'NONE',  ( 0.000000000000000000, 0.000000000000000000, -1.000000000000000000 ) ) ;
#3559 = AXIS2_PLACEMENT_3D ( 'NONE', #789, #1568, #1543 ) ;
#3560 = PLANE ( 'NONE',  #2262 ) ;
#3561 = LINE ( 'NONE', #4568, #4075 ) ;
#3562 = DIRECTION ( 'NONE',  ( 0.000000000000000000, 0.000000000000000000, -1.000000000000000000 ) ) ;
#3563 = ORIENTED_EDGE ( 'NONE', *, *, #3724, .T. ) ;
#3564 = DIRECTION ( 'NONE',  ( -1.495451272393800035E-16, 1.000000000000000000, 0.000000000000000000 ) ) ;
#3565 = ORIENTED_EDGE ( 'NONE', *, *, #4480, .T. ) ;
#3566 = DIRECTION ( 'NONE',  ( 0.000000000000000000, 0.000000000000000000, -1.000000000000000000 ) ) ;
#3567 = DIRECTION ( 'NONE',  ( 0.000000000000000000, 1.000000000000000000, 0.000000000000000000 ) ) ;
#3568 = ORIENTED_EDGE ( 'NONE', *, *, #2310, .F. ) ;
#3569 = FACE_OUTER_BOUND ( 'NONE', #4501, .T. ) ;
#3570 = ADVANCED_FACE ( 'NONE', ( #3493 ), #4545, .F. ) ;
#3571 = FACE_OUTER_BOUND ( 'NONE', #3775, .T. ) ;
#3572 = PLANE ( 'NONE',  #4162 ) ;
#3573 = DIRECTION ( 'NONE',  ( 0.000000000000000000, 0.000000000000000000, -1.000000000000000000 ) ) ;
#3574 = VERTEX_POINT ( 'NONE', #3088 ) ;
#3575 = EDGE_CURVE ( 'NONE', #2847, #2884, #3813, .T. ) ;
#3576 = VERTEX_POINT ( 'NONE', #4195 ) ;
#3577 = EDGE_CURVE ( 'NONE', #37, #4360, #1664, .T. ) ;
#3578 = EDGE_CURVE ( 'NONE', #608, #2320, #2780, .T. ) ;
#3579 = ORIENTED_EDGE ( 'NONE', *, *, #1291, .F. ) ;
#3580 = VERTEX_POINT ( 'NONE', #548 ) ;
#3581 = CARTESIAN_POINT ( 'NONE',  ( -3.844999999999999751, -3.180000000000000160, 1.497499999999999831 ) ) ;
#3582 = FACE_OUTER_BOUND ( 'NONE', #3353, .T. ) ;
#3583 = ORIENTED_EDGE ( 'NONE', *, *, #1843, .T. ) ;
#3584 = EDGE_CURVE ( 'NONE', #2372, #1085, #1981, .T. ) ;
#3585 = ADVANCED_FACE ( 'NONE', ( #3116 ), #4213, .F. ) ;
#3586 = LINE ( 'NONE', #1805, #1200 ) ;
#3587 = ORIENTED_EDGE ( 'NONE', *, *, #1438, .F. ) ;
#3588 = CARTESIAN_POINT ( 'NONE',  ( 3.844999999999999751, -2.767878387081804892, -4.037500000000000533 ) ) ;
#3589 = ORIENTED_EDGE ( 'NONE', *, *, #4302, .F. ) ;
#3590 = DIRECTION ( 'NONE',  ( 1.000000000000000000, 0.000000000000000000, 0.000000000000000000 ) ) ;
#3591 =( NAMED_UNIT ( * ) PLANE_ANGLE_UNIT ( ) SI_UNIT ( $, .RADIAN. ) );
#3592 = PLANE ( 'NONE',  #1514 ) ;
#3593 = ORIENTED_EDGE ( 'NONE', *, *, #2842, .T. ) ;
#3594 = CARTESIAN_POINT ( 'NONE',  ( 3.844999999999999751, 2.620000000000000107, -2.000000000000000000 ) ) ;
#3595 = CYLINDRICAL_SURFACE ( 'NONE', #651, 0.3000000000000003775 ) ;
#3596 = VERTEX_POINT ( 'NONE', #3884 ) ;
#3597 = CARTESIAN_POINT ( 'NONE',  ( 3.174999999999999822, 2.919999999999999929, -1.042499999999999982 ) ) ;
#3598 = CARTESIAN_POINT ( 'NONE',  ( -3.844999999999999751, -2.767878387081804892, 3.582500000000000018 ) ) ;
#3599 = ORIENTED_EDGE ( 'NONE', *, *, #2600, .F. ) ;
#3600 = ADVANCED_FACE ( 'NONE', ( #619 ), #2069, .F. ) ;
#3601 = ORIENTED_EDGE ( 'NONE', *, *, #320, .F. ) ;
#3602 = ORIENTED_EDGE ( 'NONE', *, *, #1770, .T. ) ;
#3603 = CARTESIAN_POINT ( 'NONE',  ( -3.174999999999999822, 2.919999999999999929, 4.037500000000000533 ) ) ;
#3604 = DIRECTION ( 'NONE',  ( -1.000000000000000000, -1.836970198721014650E-16, 0.000000000000000000 ) ) ;
#3605 = ORIENTED_EDGE ( 'NONE', *, *, #729, .T. ) ;
#3606 = EDGE_CURVE ( 'NONE', #4585, #2441, #1007, .T. ) ;
#3607 = AXIS2_PLACEMENT_3D ( 'NONE', #4599, #249, #1695 ) ;
#3608 = DIRECTION ( 'NONE',  ( 1.000000000000000000, 0.000000000000000000, 0.000000000000000000 ) ) ;
#3609 = ORIENTED_EDGE ( 'NONE', *, *, #4093, .T. ) ;
#3610 = PLANE ( 'NONE',  #3534 ) ;
#3611 = ORIENTED_EDGE ( 'NONE', *, *, #4554, .T. ) ;
#3612 = VECTOR ( 'NONE', #2358, 1000.000000000000000 ) ;
#3613 = FACE_OUTER_BOUND ( 'NONE', #3295, .T. ) ;
#3614 = FACE_OUTER_BOUND ( 'NONE', #3767, .T. ) ;
#3615 = CARTESIAN_POINT ( 'NONE',  ( 3.174999999999999822, 2.919999999999999929, 4.794999999999999929 ) ) ;
#3616 = EDGE_CURVE ( 'NONE', #2504, #4135, #164, .T. ) ;
#3617 = ORIENTED_EDGE ( 'NONE', *, *, #1926, .F. ) ;
#3618 = VERTEX_POINT ( 'NONE', #2711 ) ;
#3619 = VECTOR ( 'NONE', #2526, 1000.000000000000000 ) ;
#3620 = VECTOR ( 'NONE', #181, 1000.000000000000000 ) ;
#3621 = CARTESIAN_POINT ( 'NONE',  ( -4.094999999999999751, 0.2000000000000000111, -0.5400000000000000355 ) ) ;
#3622 = DIRECTION ( 'NONE',  ( 0.000000000000000000, 0.000000000000000000, 1.000000000000000000 ) ) ;
#3623 = VECTOR ( 'NONE', #2297, 1000.000000000000000 ) ;
#3624 = LINE ( 'NONE', #387, #2795 ) ;
#3625 = VECTOR ( 'NONE', #1683, 1000.000000000000000 ) ;
#3626 = CARTESIAN_POINT ( 'NONE',  ( -3.174999999999999822, 2.669999999999999929, 4.037500000000000533 ) ) ;
#3627 = ORIENTED_EDGE ( 'NONE', *, *, #3441, .T. ) ;
#3628 = AXIS2_PLACEMENT_3D ( 'NONE', #1318, #990, #621 ) ;
#3629 = AXIS2_PLACEMENT_3D ( 'NONE', #4386, #436, #4432 ) ;
#3630 = ORIENTED_EDGE ( 'NONE', *, *, #1184, .F. ) ;
#3631 = VECTOR ( 'NONE', #2915, 1000.000000000000000 ) ;
#3632 = ADVANCED_FACE ( 'NONE', ( #4172 ), #915, .T. ) ;
#3633 = ORIENTED_EDGE ( 'NONE', *, *, #1466, .F. ) ;
#3634 = VERTEX_POINT ( 'NONE', #1773 ) ;
#3635 = CARTESIAN_POINT ( 'NONE',  ( 3.795000000000000373, 2.919999999999999929, 1.497499999999999831 ) ) ;
#3636 = CARTESIAN_POINT ( 'NONE',  ( 3.844999999999999751, 2.620000000000000107, 3.087499999999999911 ) ) ;
#3637 = ORIENTED_EDGE ( 'NONE', *, *, #917, .T. ) ;
#3638 = VECTOR ( 'NONE', #4189, 1000.000000000000000 ) ;
#3639 = CARTESIAN_POINT ( 'NONE',  ( -4.094999999999999751, 2.620000000000000107, -3.582500000000000018 ) ) ;
#3640 = ADVANCED_FACE ( 'NONE', ( #4298 ), #2113, .F. ) ;
#3641 = DIRECTION ( 'NONE',  ( -1.000000000000000000, 0.000000000000000000, 0.000000000000000000 ) ) ;
#3642 = VECTOR ( 'NONE', #2816, 1000.000000000000000 ) ;
#3643 = ORIENTED_EDGE ( 'NONE', *, *, #2195, .T. ) ;
#3644 = DIRECTION ( 'NONE',  ( 0.000000000000000000, 0.000000000000000000, -1.000000000000000000 ) ) ;
#3645 = CARTESIAN_POINT ( 'NONE',  ( -3.844999999999999751, -2.547265342226494947E-16, -3.582500000000000018 ) ) ;
#3646 = ORIENTED_EDGE ( 'NONE', *, *, #4079, .F. ) ;
#3647 = CARTESIAN_POINT ( 'NONE',  ( -3.174999999999999822, 2.669999999999999929, 0.5400000000000000355 ) ) ;
#3648 = DIRECTION ( 'NONE',  ( 0.000000000000000000, 0.000000000000000000, -1.000000000000000000 ) ) ;
#3649 = CARTESIAN_POINT ( 'NONE',  ( -2.871431797042835132, 5.080000000000000071, -4.491431797042834795 ) ) ;
#3650 = CARTESIAN_POINT ( 'NONE',  ( -3.174999999999999822, 2.919999999999999929, -2.000000000000000000 ) ) ;
#3651 = DIRECTION ( 'NONE',  ( -1.000000000000000000, 0.000000000000000000, 0.000000000000000000 ) ) ;
#3652 = CARTESIAN_POINT ( 'NONE',  ( 3.844999999999999751, 2.620000000000000107, -4.037500000000000533 ) ) ;
#3653 = ADVANCED_FACE ( 'NONE', ( #3251 ), #4658, .F. ) ;
#3654 = ORIENTED_EDGE ( 'NONE', *, *, #104, .T. ) ;
#3655 = ORIENTED_EDGE ( 'NONE', *, *, #559, .F. ) ;
#3656 = DIRECTION ( 'NONE',  ( 0.000000000000000000, 0.000000000000000000, -1.000000000000000000 ) ) ;
#3657 = CARTESIAN_POINT ( 'NONE',  ( -3.174999999999999822, 2.669999999999999929, -1.042499999999999982 ) ) ;
#3658 = ORIENTED_EDGE ( 'NONE', *, *, #1392, .T. ) ;
#3659 = ORIENTED_EDGE ( 'NONE', *, *, #3079, .F. ) ;
#3660 = DIRECTION ( 'NONE',  ( -1.000000000000000000, 6.994852725712920381E-16, 0.000000000000000000 ) ) ;
#3661 = FACE_OUTER_BOUND ( 'NONE', #4236, .T. ) ;
#3662 = EDGE_LOOP ( 'NONE', ( #3754, #1823, #502, #4604 ) ) ;
#3663 = CARTESIAN_POINT ( 'NONE',  ( -4.094999999999999751, -3.006507891906749780E-16, 4.540000000000000036 ) ) ;
#3664 = DIRECTION ( 'NONE',  ( 0.000000000000000000, 0.000000000000000000, 1.000000000000000000 ) ) ;
#3665 = ORIENTED_EDGE ( 'NONE', *, *, #1072, .F. ) ;
#3666 = EDGE_CURVE ( 'NONE', #4028, #1209, #2444, .T. ) ;
#3667 = CARTESIAN_POINT ( 'NONE',  ( 3.174999999999999822, 2.919999999999999929, -0.5400000000000000355 ) ) ;
#3668 = LINE ( 'NONE', #1460, #1043 ) ;
#3669 = VERTEX_POINT ( 'NONE', #306 ) ;
#3670 = CARTESIAN_POINT ( 'NONE',  ( 3.174999999999999822, 2.669999999999999929, -2.000000000000000000 ) ) ;
#3671 = DIRECTION ( 'NONE',  ( 0.000000000000000000, 0.000000000000000000, 1.000000000000000000 ) ) ;
#3672 = ADVANCED_FACE ( 'NONE', ( #3920 ), #4681, .F. ) ;
#3673 = DIRECTION ( 'NONE',  ( 0.000000000000000000, 0.000000000000000000, 1.000000000000000000 ) ) ;
#3674 = VERTEX_POINT ( 'NONE', #2152 ) ;
#3675 = ADVANCED_FACE ( 'NONE', ( #1051 ), #3560, .T. ) ;
#3676 = ORIENTED_EDGE ( 'NONE', *, *, #4625, .F. ) ;
#3677 = LINE ( 'NONE', #415, #2489 ) ;
#3678 = CARTESIAN_POINT ( 'NONE',  ( 3.844999999999999751, -2.547265342226494947E-16, -1.042499999999999982 ) ) ;
#3679 = CARTESIAN_POINT ( 'NONE',  ( -4.094999999999999751, -3.006507891906749780E-16, -1.800000000000000044 ) ) ;
#3680 = LINE ( 'NONE', #419, #38 ) ;
#3681 = VERTEX_POINT ( 'NONE', #1824 ) ;
#3682 = DIRECTION ( 'NONE',  ( -1.000000000000000000, 0.000000000000000000, 0.000000000000000000 ) ) ;
#3683 = FACE_OUTER_BOUND ( 'NONE', #2422, .T. ) ;
#3684 = CLOSED_SHELL ( 'NONE', ( #1783, #3428, #2450, #1934, #4600, #4361, #2699, #3368, #327, #3585, #1834, #3435, #1967, #3463, #2359 ) ) ;
#3685 = SURFACE_STYLE_FILL_AREA ( #4050 ) ;
#3686 = ORIENTED_EDGE ( 'NONE', *, *, #3346, .F. ) ;
#3687 = CARTESIAN_POINT ( 'NONE',  ( -3.174999999999999822, 2.669999999999999929, 4.794999999999999929 ) ) ;
#3688 = AXIS2_PLACEMENT_3D ( 'NONE', #2898, #3222, #1825 ) ;
#3689 = CARTESIAN_POINT ( 'NONE',  ( -3.844999999999999751, -2.547265342226494947E-16, -3.079999999999999627 ) ) ;
#3690 = EDGE_CURVE ( 'NONE', #2683, #4114, #1425, .T. ) ;
#3691 = DIRECTION ( 'NONE',  ( -1.000000000000000000, 0.000000000000000000, 0.000000000000000000 ) ) ;
#3692 = DIRECTION ( 'NONE',  ( -1.000000000000000000, -1.836970198721014650E-16, 0.000000000000000000 ) ) ;
#3693 = ORIENTED_EDGE ( 'NONE', *, *, #3471, .T. ) ;
#3694 = AXIS2_PLACEMENT_3D ( 'NONE', #4406, #2859, #2887 ) ;
#3695 = AXIS2_PLACEMENT_3D ( 'NONE', #1810, #332, #2970 ) ;
#3696 = LINE ( 'NONE', #829, #514 ) ;
#3697 = VECTOR ( 'NONE', #4026, 1000.000000000000000 ) ;
#3698 = VECTOR ( 'NONE', #3199, 1000.000000000000000 ) ;
#3699 = EDGE_CURVE ( 'NONE', #553, #1045, #1802, .T. ) ;
#3700 = ORIENTED_EDGE ( 'NONE', *, *, #3899, .F. ) ;
#3701 = VECTOR ( 'NONE', #218, 1000.000000000000000 ) ;
#3702 = VECTOR ( 'NONE', #565, 1000.000000000000000 ) ;
#3703 = ADVANCED_FACE ( 'NONE', ( #2872 ), #1753, .F. ) ;
#3704 = AXIS2_PLACEMENT_3D ( 'NONE', #4247, #2383, #555 ) ;
#3705 = ORIENTED_EDGE ( 'NONE', *, *, #2731, .T. ) ;
#3706 = PLANE ( 'NONE',  #4019 ) ;
#3707 = DIRECTION ( 'NONE',  ( 1.000000000000000000, 0.000000000000000000, 0.000000000000000000 ) ) ;
#3708 = VECTOR ( 'NONE', #35, 1000.000000000000000 ) ;
#3709 = CARTESIAN_POINT ( 'NONE',  ( -3.844999999999999751, -2.547265342226494947E-16, -0.5400000000000000355 ) ) ;
#3710 = DIRECTION ( 'NONE',  ( -1.000000000000000000, 0.000000000000000000, 0.000000000000000000 ) ) ;
#3711 = VERTEX_POINT ( 'NONE', #3971 ) ;
#3712 = CARTESIAN_POINT ( 'NONE',  ( -3.174999999999999822, 2.669999999999999929, 4.794999999999999929 ) ) ;
#3713 = AXIS2_PLACEMENT_3D ( 'NONE', #3893, #245, #1323 ) ;
#3714 = DIRECTION ( 'NONE',  ( 0.000000000000000000, 0.000000000000000000, -1.000000000000000000 ) ) ;
#3715 = LINE ( 'NONE', #66, #998 ) ;
#3716 = EDGE_LOOP ( 'NONE', ( #3542, #76, #2979, #264, #4553, #2238, #3993, #4582 ) ) ;
#3717 = CIRCLE ( 'NONE', #3484, 0.2000000000000000111 ) ;
#3718 = DIRECTION ( 'NONE',  ( -1.000000000000000000, 0.000000000000000000, 0.000000000000000000 ) ) ;
#3719 = DIRECTION ( 'NONE',  ( 0.000000000000000000, 0.000000000000000000, 1.000000000000000000 ) ) ;
#3720 = ADVANCED_BREP_SHAPE_REPRESENTATION ( 'LT1054CP', ( #1765, #73, #1742, #1650, #1722, #1733, #3294, #60, #3344, #158, #2352 ), #2426 ) ;
#3721 = VERTEX_POINT ( 'NONE', #4345 ) ;
#3722 = LINE ( 'NONE', #3407, #3477 ) ;
#3723 = FACE_OUTER_BOUND ( 'NONE', #3111, .T. ) ;
#3724 = EDGE_CURVE ( 'NONE', #2840, #315, #1096, .T. ) ;
#3725 = SURFACE_STYLE_USAGE ( .BOTH. , #3823 ) ;
#3726 = EDGE_LOOP ( 'NONE', ( #3658, #152, #3179, #893, #3301, #3693, #2041, #3728, #2698 ) ) ;
#3727 = EDGE_CURVE ( 'NONE', #1243, #355, #281, .T. ) ;
#3728 = ORIENTED_EDGE ( 'NONE', *, *, #4117, .F. ) ;
#3729 = DIRECTION ( 'NONE',  ( -1.405264525413350645E-16, -0.9396926207859084279, -0.3420201433256686574 ) ) ;
#3730 = FACE_OUTER_BOUND ( 'NONE', #2628, .T. ) ;
#3731 = EDGE_CURVE ( 'NONE', #1969, #211, #369, .T. ) ;
#3732 = LINE ( 'NONE', #3009, #354 ) ;
#3733 = DIRECTION ( 'NONE',  ( 1.000000000000000000, 0.000000000000000000, 0.000000000000000000 ) ) ;
#3734 = ORIENTED_EDGE ( 'NONE', *, *, #95, .F. ) ;
#3735 = CARTESIAN_POINT ( 'NONE',  ( 3.844999999999999751, -3.180000000000000160, -3.887499999999999734 ) ) ;
#3736 = CARTESIAN_POINT ( 'NONE',  ( 3.795000000000000373, -4.336808689942014778E-16, -1.042499999999999982 ) ) ;
#3737 = CARTESIAN_POINT ( 'NONE',  ( -3.844999999999999751, -2.767878387081804892, 1.497499999999999831 ) ) ;
#3738 = CYLINDRICAL_SURFACE ( 'NONE', #3559, 0.2000000000000000111 ) ;
#3739 = VERTEX_POINT ( 'NONE', #2534 ) ;
#3740 = ADVANCED_FACE ( 'NONE', ( #1379 ), #3991, .F. ) ;
#3741 = DIRECTION ( 'NONE',  ( 1.000000000000000000, 0.000000000000000000, 0.000000000000000000 ) ) ;
#3742 = CARTESIAN_POINT ( 'NONE',  ( -3.174999999999999822, 2.919999999999999929, -1.042499999999999982 ) ) ;
#3743 = EDGE_LOOP ( 'NONE', ( #2592, #246, #3345, #331 ) ) ;
#3744 = CARTESIAN_POINT ( 'NONE',  ( 3.844999999999999751, 0.2000000000000000111, -0.5400000000000000355 ) ) ;
#3745 = PLANE ( 'NONE',  #4024 ) ;
#3746 = ORIENTED_EDGE ( 'NONE', *, *, #2467, .F. ) ;
#3747 = CARTESIAN_POINT ( 'NONE',  ( -3.844999999999999751, 2.620000000000000107, -4.037500000000000533 ) ) ;
#3748 = VERTEX_POINT ( 'NONE', #1027 ) ;
#3749 = EDGE_CURVE ( 'NONE', #1890, #1961, #4637, .T. ) ;
#3750 = DIRECTION ( 'NONE',  ( 0.000000000000000000, 0.000000000000000000, 1.000000000000000000 ) ) ;
#3751 = DIRECTION ( 'NONE',  ( 0.000000000000000000, 0.000000000000000000, -1.000000000000000000 ) ) ;
#3752 = CARTESIAN_POINT ( 'NONE',  ( -4.094999999999999751, 2.620000000000000107, 0.5400000000000000355 ) ) ;
#3753 = PLANE ( 'NONE',  #899 ) ;
#3754 = ORIENTED_EDGE ( 'NONE', *, *, #1858, .F. ) ;
#3755 = FACE_OUTER_BOUND ( 'NONE', #2742, .T. ) ;
#3756 = EDGE_CURVE ( 'NONE', #2745, #1644, #2826, .T. ) ;
#3757 = DIRECTION ( 'NONE',  ( 1.000000000000000000, -6.994852725712920381E-16, 0.000000000000000000 ) ) ;
#3758 = DIRECTION ( 'NONE',  ( 1.000000000000000000, 0.000000000000000000, 0.000000000000000000 ) ) ;
#3759 = DIRECTION ( 'NONE',  ( 0.000000000000000000, -1.000000000000000000, 0.000000000000000000 ) ) ;
#3760 = ORIENTED_EDGE ( 'NONE', *, *, #486, .F. ) ;
#3761 = DIRECTION ( 'NONE',  ( 0.000000000000000000, 1.000000000000000000, 0.000000000000000000 ) ) ;
#3762 = EDGE_LOOP ( 'NONE', ( #4325, #790, #4220, #3808 ) ) ;
#3763 = DIRECTION ( 'NONE',  ( 1.495451272393800035E-16, -1.000000000000000000, 0.000000000000000000 ) ) ;
#3764 = ORIENTED_EDGE ( 'NONE', *, *, #2510, .F. ) ;
#3765 = DIRECTION ( 'NONE',  ( 0.000000000000000000, 0.000000000000000000, -1.000000000000000000 ) ) ;
#3766 = FACE_OUTER_BOUND ( 'NONE', #2017, .T. ) ;
#3767 = EDGE_LOOP ( 'NONE', ( #3665, #4684, #3643, #660 ) ) ;
#3768 =( GEOMETRIC_REPRESENTATION_CONTEXT ( 3 ) GLOBAL_UNCERTAINTY_ASSIGNED_CONTEXT ( ( #2400 ) ) GLOBAL_UNIT_ASSIGNED_CONTEXT ( ( #4531, #3454, #1677 ) ) REPRESENTATION_CONTEXT ( 'NONE', 'WORKASPACE' ) );
#3769 = CARTESIAN_POINT ( 'NONE',  ( -3.844999999999999751, -3.180000000000000160, 3.887499999999999734 ) ) ;
#3770 = AXIS2_PLACEMENT_3D ( 'NONE', #3908, #3123, #3499 ) ;
#3771 = VECTOR ( 'NONE', #3117, 1000.000000000000000 ) ;
#3772 = DIRECTION ( 'NONE',  ( 0.000000000000000000, 0.000000000000000000, 1.000000000000000000 ) ) ;
#3773 = VECTOR ( 'NONE', #1242, 1000.000000000000000 ) ;
#3774 = AXIS2_PLACEMENT_3D ( 'NONE', #1925, #489, #1221 ) ;
#3775 = EDGE_LOOP ( 'NONE', ( #3949, #3889, #3830, #4649, #4126, #4459, #557, #3805, #2067, #1771, #4191, #3480 ) ) ;
#3776 = CARTESIAN_POINT ( 'NONE',  ( -3.174999999999999822, 2.919999999999999929, 4.794999999999999929 ) ) ;
#3777 = VECTOR ( 'NONE', #3424, 1000.000000000000000 ) ;
#3778 = DIRECTION ( 'NONE',  ( -3.310540984688565080E-16, -1.000000000000000000, 0.000000000000000000 ) ) ;
#3779 = VECTOR ( 'NONE', #1635, 1000.000000000000000 ) ;
#3780 = EDGE_LOOP ( 'NONE', ( #2471, #3960, #804, #2666 ) ) ;
#3781 = EDGE_CURVE ( 'NONE', #3406, #1799, #2465, .T. ) ;
#3782 = DIRECTION ( 'NONE',  ( -1.000000000000000000, 6.994852725712920381E-16, 0.000000000000000000 ) ) ;
#3783 = AXIS2_PLACEMENT_3D ( 'NONE', #2003, #4549, #4617 ) ;
#3784 = MECHANICAL_DESIGN_GEOMETRIC_PRESENTATION_REPRESENTATION (  '', ( #2723 ), #1132 ) ;
#3785 = CARTESIAN_POINT ( 'NONE',  ( 4.094999999999999751, -3.006507891906749780E-16, 3.287500000000000089 ) ) ;
#3786 = ORIENTED_EDGE ( 'NONE', *, *, #4358, .F. ) ;
#3787 = LINE ( 'NONE', #4142, #900 ) ;
#3788 = CARTESIAN_POINT ( 'NONE',  ( -3.174999999999999822, 2.919999999999999929, -3.582500000000000018 ) ) ;
#3789 = CARTESIAN_POINT ( 'NONE',  ( 4.094999999999999751, 2.620000000000000107, -0.5400000000000000355 ) ) ;
#3790 = AXIS2_PLACEMENT_3D ( 'NONE', #646, #922, #577 ) ;
#3791 = EDGE_CURVE ( 'NONE', #2740, #3162, #102, .T. ) ;
#3792 = DIRECTION ( 'NONE',  ( 0.000000000000000000, 0.000000000000000000, -1.000000000000000000 ) ) ;
#3793 = EDGE_LOOP ( 'NONE', ( #4542, #638, #2035, #4635 ) ) ;
#3794 = DIRECTION ( 'NONE',  ( 1.000000000000000000, 0.000000000000000000, 0.000000000000000000 ) ) ;
#3795 = VECTOR ( 'NONE', #2257, 1000.000000000000000 ) ;
#3796 = ORIENTED_EDGE ( 'NONE', *, *, #2386, .F. ) ;
#3797 = DIRECTION ( 'NONE',  ( 0.000000000000000000, 1.000000000000000000, 0.000000000000000000 ) ) ;
#3798 = DIRECTION ( 'NONE',  ( 1.000000000000000000, -1.836970198721014650E-16, 0.000000000000000000 ) ) ;
#3799 = ORIENTED_EDGE ( 'NONE', *, *, #1797, .F. ) ;
#3800 = VECTOR ( 'NONE', #3437, 1000.000000000000000 ) ;
#3801 = EDGE_CURVE ( 'NONE', #921, #4188, #805, .T. ) ;
#3802 = EDGE_CURVE ( 'NONE', #717, #1075, #2981, .T. ) ;
#3803 = SURFACE_STYLE_USAGE ( .BOTH. , #902 ) ;
#3804 = EDGE_CURVE ( 'NONE', #3681, #4464, #857, .T. ) ;
#3805 = ORIENTED_EDGE ( 'NONE', *, *, #2456, .T. ) ;
#3806 = CARTESIAN_POINT ( 'NONE',  ( 3.174999999999999822, 0.5100000000000000089, 4.491431797042834795 ) ) ;
#3807 = DIRECTION ( 'NONE',  ( 1.000000000000000000, 0.000000000000000000, 0.000000000000000000 ) ) ;
#3808 = ORIENTED_EDGE ( 'NONE', *, *, #3441, .F. ) ;
#3809 = LINE ( 'NONE', #3439, #747 ) ;
#3810 = CARTESIAN_POINT ( 'NONE',  ( -4.094999999999999751, -2.767878387081804892, -1.042499999999999982 ) ) ;
#3811 = ORIENTED_EDGE ( 'NONE', *, *, #1863, .F. ) ;
#3812 = DIRECTION ( 'NONE',  ( 0.000000000000000000, 0.000000000000000000, -1.000000000000000000 ) ) ;
#3813 = LINE ( 'NONE', #4613, #4319 ) ;
#3814 = DIRECTION ( 'NONE',  ( 0.000000000000000000, -1.000000000000000000, 0.000000000000000000 ) ) ;
#3815 = CARTESIAN_POINT ( 'NONE',  ( 4.094999999999999751, -3.180000000000000160, -3.732499999999999929 ) ) ;
#3816 = EDGE_LOOP ( 'NONE', ( #2691, #2717, #3700, #3734 ) ) ;
#3817 = CARTESIAN_POINT ( 'NONE',  ( -3.844999999999999751, 2.620000000000000107, -3.582500000000000018 ) ) ;
#3818 = ORIENTED_EDGE ( 'NONE', *, *, #800, .F. ) ;
#3819 = DIRECTION ( 'NONE',  ( 1.000000000000000000, 0.000000000000000000, 0.000000000000000000 ) ) ;
#3820 = EDGE_CURVE ( 'NONE', #2884, #1746, #4022, .T. ) ;
#3821 = DIRECTION ( 'NONE',  ( 6.994852725712920381E-16, 1.000000000000000000, 0.000000000000000000 ) ) ;
#3822 = EDGE_LOOP ( 'NONE', ( #2647, #1708, #1229, #1388, #816, #3146, #671, #2305, #3907 ) ) ;
#3823 = SURFACE_SIDE_STYLE ('',( #2368 ) ) ;
#3824 = DIRECTION ( 'NONE',  ( 0.000000000000000000, 0.000000000000000000, 1.000000000000000000 ) ) ;
#3825 = ADVANCED_FACE ( 'NONE', ( #27 ), #3706, .F. ) ;
#3826 = ORIENTED_EDGE ( 'NONE', *, *, #233, .T. ) ;
#3827 = EDGE_CURVE ( 'NONE', #3198, #2285, #1970, .T. ) ;
#3828 = DIRECTION ( 'NONE',  ( -1.405264525413350645E-16, 0.9396926207859084279, -0.3420201433256686574 ) ) ;
#3829 = DIRECTION ( 'NONE',  ( 0.000000000000000000, 0.000000000000000000, -1.000000000000000000 ) ) ;
#3830 = ORIENTED_EDGE ( 'NONE', *, *, #1770, .F. ) ;
#3831 = CARTESIAN_POINT ( 'NONE',  ( 4.094999999999999751, -2.767878387081804892, -3.582500000000000018 ) ) ;
#3832 = ORIENTED_EDGE ( 'NONE', *, *, #2999, .F. ) ;
#3833 = PLANE ( 'NONE',  #3086 ) ;
#3834 = LINE ( 'NONE', #4587, #4467 ) ;
#3835 = FACE_OUTER_BOUND ( 'NONE', #1784, .T. ) ;
#3836 = DIRECTION ( 'NONE',  ( -1.405264525413350645E-16, -0.9396926207859084279, -0.3420201433256686574 ) ) ;
#3837 = ORIENTED_EDGE ( 'NONE', *, *, #25, .T. ) ;
#3838 = DIRECTION ( 'NONE',  ( 0.000000000000000000, 0.000000000000000000, -1.000000000000000000 ) ) ;
#3839 = ORIENTED_EDGE ( 'NONE', *, *, #1603, .F. ) ;
#3840 = CARTESIAN_POINT ( 'NONE',  ( -4.094999999999999751, -2.767878387081804892, 3.582500000000000018 ) ) ;
#3841 = DIRECTION ( 'NONE',  ( 0.000000000000000000, 0.000000000000000000, -1.000000000000000000 ) ) ;
#3842 = EDGE_CURVE ( 'NONE', #3721, #2571, #393, .T. ) ;
#3843 = CARTESIAN_POINT ( 'NONE',  ( 3.174999999999999822, 2.669999999999999929, -4.037500000000000533 ) ) ;
#3844 = PRESENTATION_STYLE_ASSIGNMENT (( #3803 ) ) ;
#3845 = CLOSED_SHELL ( 'NONE', ( #1017, #2291, #1655, #830, #2885, #465, #3316, #2394, #4276, #2322, #674, #1958, #777, #1606, #3270 ) ) ;
#3846 = EDGE_CURVE ( 'NONE', #2674, #1053, #483, .T. ) ;
#3847 = CIRCLE ( 'NONE', #2399, 0.2705138606503881826 ) ;
#3848 = ORIENTED_EDGE ( 'NONE', *, *, #2675, .F. ) ;
#3849 = CARTESIAN_POINT ( 'NONE',  ( -3.844999999999999751, 0.2000000000000000111, -0.7399999999999999911 ) ) ;
#3850 = AXIS2_PLACEMENT_3D ( 'NONE', #1574, #2669, #3719 ) ;
#3851 = VECTOR ( 'NONE', #4693, 1000.000000000000000 ) ;
#3852 = ADVANCED_FACE ( 'NONE', ( #3297 ), #1941, .T. ) ;
#3853 = CARTESIAN_POINT ( 'NONE',  ( 3.174999999999999822, 2.669999999999999929, 1.497499999999999831 ) ) ;
#3854 = VECTOR ( 'NONE', #2538, 1000.000000000000000 ) ;
#3855 = ORIENTED_EDGE ( 'NONE', *, *, #248, .T. ) ;
#3856 = VECTOR ( 'NONE', #3256, 1000.000000000000000 ) ;
#3857 = DIRECTION ( 'NONE',  ( 0.000000000000000000, 0.000000000000000000, -1.000000000000000000 ) ) ;
#3858 = FACE_OUTER_BOUND ( 'NONE', #2688, .T. ) ;
#3859 = CARTESIAN_POINT ( 'NONE',  ( 0.000000000000000000, 0.5100000000000000089, 0.000000000000000000 ) ) ;
#3860 = AXIS2_PLACEMENT_3D ( 'NONE', #4520, #3020, #868 ) ;
#3861 = CIRCLE ( 'NONE', #591, 0.05000000000000012768 ) ;
#3862 = EDGE_CURVE ( 'NONE', #1723, #2923, #4465, .T. ) ;
#3863 = LINE ( 'NONE', #4570, #2865 ) ;
#3864 = ORIENTED_EDGE ( 'NONE', *, *, #3400, .F. ) ;
#3865 = VERTEX_POINT ( 'NONE', #836 ) ;
#3866 = DIRECTION ( 'NONE',  ( 0.000000000000000000, 0.000000000000000000, -1.000000000000000000 ) ) ;
#3867 = ORIENTED_EDGE ( 'NONE', *, *, #2515, .F. ) ;
#3868 = VECTOR ( 'NONE', #1507, 1000.000000000000000 ) ;
#3869 = CARTESIAN_POINT ( 'NONE',  ( 3.795000000000000373, 2.620000000000000107, 4.037500000000000533 ) ) ;
#3870 = DIRECTION ( 'NONE',  ( 0.000000000000000000, -0.3420201433256686574, 0.9396926207859084279 ) ) ;
#3871 = VERTEX_POINT ( 'NONE', #2272 ) ;
#3872 = AXIS2_PLACEMENT_3D ( 'NONE', #2664, #4102, #490 ) ;
#3873 = FACE_OUTER_BOUND ( 'NONE', #3283, .T. ) ;
#3874 = CARTESIAN_POINT ( 'NONE',  ( -3.174999999999999822, 2.669999999999999929, -2.000000000000000000 ) ) ;
#3875 = VECTOR ( 'NONE', #4430, 1000.000000000000000 ) ;
#3876 = VECTOR ( 'NONE', #1103, 1000.000000000000000 ) ;
#3877 = ORIENTED_EDGE ( 'NONE', *, *, #2451, .T. ) ;
#3878 = FACE_OUTER_BOUND ( 'NONE', #4646, .T. ) ;
#3879 = EDGE_CURVE ( 'NONE', #2571, #665, #4392, .T. ) ;
#3880 = ORIENTED_EDGE ( 'NONE', *, *, #414, .F. ) ;
#3881 = DIRECTION ( 'NONE',  ( 0.000000000000000000, 0.000000000000000000, -1.000000000000000000 ) ) ;
#3882 = EDGE_LOOP ( 'NONE', ( #4690, #2532, #1701, #1796, #4720, #4445, #374, #3796 ) ) ;
#3883 = DIRECTION ( 'NONE',  ( 1.000000000000000000, 0.000000000000000000, 0.000000000000000000 ) ) ;
#3884 = CARTESIAN_POINT ( 'NONE',  ( -3.844999999999999751, -2.547265342226494947E-16, -0.7399999999999999911 ) ) ;
#3885 = LINE ( 'NONE', #2070, #417 ) ;
#3886 = UNCERTAINTY_MEASURE_WITH_UNIT (LENGTH_MEASURE( 1.000000000000000082E-05 ), #3958, 'distance_accuracy_value', 'NONE');
#3887 = EDGE_CURVE ( 'NONE', #3476, #4380, #760, .T. ) ;
#3888 = CARTESIAN_POINT ( 'NONE',  ( -3.174999999999999822, 2.919999999999999929, -1.042499999999999982 ) ) ;
#3889 = ORIENTED_EDGE ( 'NONE', *, *, #3148, .F. ) ;
#3890 = FACE_OUTER_BOUND ( 'NONE', #101, .T. ) ;
#3891 = ORIENTED_EDGE ( 'NONE', *, *, #4340, .T. ) ;
#3892 = DIRECTION ( 'NONE',  ( 0.000000000000000000, -1.000000000000000000, 0.000000000000000000 ) ) ;
#3893 = CARTESIAN_POINT ( 'NONE',  ( 4.094999999999999751, 0.2000000000000000111, 0.7399999999999999911 ) ) ;
#3894 = EDGE_CURVE ( 'NONE', #1251, #2255, #3387, .T. ) ;
#3895 = FILL_AREA_STYLE ('',( #2436 ) ) ;
#3896 = ORIENTED_EDGE ( 'NONE', *, *, #3820, .T. ) ;
#3897 = DIRECTION ( 'NONE',  ( 1.000000000000000000, 0.000000000000000000, 0.000000000000000000 ) ) ;
#3898 = CARTESIAN_POINT ( 'NONE',  ( 3.844999999999999751, -2.547265342226494947E-16, -3.582500000000000018 ) ) ;
#3899 = EDGE_CURVE ( 'NONE', #1814, #1723, #3677, .T. ) ;
#3900 = ORIENTED_EDGE ( 'NONE', *, *, #1091, .F. ) ;
#3901 = FACE_OUTER_BOUND ( 'NONE', #1930, .T. ) ;
#3902 = DIRECTION ( 'NONE',  ( 1.000000000000000000, 0.000000000000000000, 0.000000000000000000 ) ) ;
#3903 = CARTESIAN_POINT ( 'NONE',  ( 3.844999999999999751, -2.767878387081804892, 4.037500000000000533 ) ) ;
#3904 = ORIENTED_EDGE ( 'NONE', *, *, #763, .T. ) ;
#3905 = LINE ( 'NONE', #3533, #2037 ) ;
#3906 = EDGE_CURVE ( 'NONE', #2870, #3273, #1516, .T. ) ;
#3907 = ORIENTED_EDGE ( 'NONE', *, *, #1570, .F. ) ;
#3908 = CARTESIAN_POINT ( 'NONE',  ( -3.795000000000000373, 2.620000000000000107, 1.497499999999999831 ) ) ;
#3909 = ORIENTED_EDGE ( 'NONE', *, *, #2043, .T. ) ;
#3910 = CARTESIAN_POINT ( 'NONE',  ( 4.094999999999999751, 2.620000000000000107, 4.037500000000000533 ) ) ;
#3911 = LINE ( 'NONE', #4222, #439 ) ;
#3912 = ORIENTED_EDGE ( 'NONE', *, *, #4427, .T. ) ;
#3913 = LINE ( 'NONE', #1675, #1416 ) ;
#3914 = VERTEX_POINT ( 'NONE', #2203 ) ;
#3915 = DIRECTION ( 'NONE',  ( 0.000000000000000000, -1.000000000000000000, 0.000000000000000000 ) ) ;
#3916 = VECTOR ( 'NONE', #1097, 1000.000000000000000 ) ;
#3917 = DIRECTION ( 'NONE',  ( 0.000000000000000000, 0.000000000000000000, 1.000000000000000000 ) ) ;
#3918 = VERTEX_POINT ( 'NONE', #3326 ) ;
#3919 = CARTESIAN_POINT ( 'NONE',  ( 3.844999999999999751, -3.180000000000000160, 1.192499999999999893 ) ) ;
#3920 = FACE_OUTER_BOUND ( 'NONE', #4099, .T. ) ;
#3921 = VECTOR ( 'NONE', #4054, 1000.000000000000000 ) ;
#3922 = DIRECTION ( 'NONE',  ( -1.836970198721014650E-16, 1.000000000000000000, 0.000000000000000000 ) ) ;
#3923 = AXIS2_PLACEMENT_3D ( 'NONE', #2678, #3807, #4538 ) ;
#3924 = EDGE_CURVE ( 'NONE', #645, #173, #2657, .T. ) ;
#3925 = CARTESIAN_POINT ( 'NONE',  ( -4.094999999999999751, -3.180000000000000160, 1.192499999999999893 ) ) ;
#3926 = AXIS2_PLACEMENT_3D ( 'NONE', #1633, #4541, #1292 ) ;
#3927 = CIRCLE ( 'NONE', #2411, 0.2999999999999999334 ) ;
#3928 = ORIENTED_EDGE ( 'NONE', *, *, #2126, .T. ) ;
#3929 = DIRECTION ( 'NONE',  ( -1.000000000000000000, 0.000000000000000000, 0.000000000000000000 ) ) ;
#3930 = ORIENTED_EDGE ( 'NONE', *, *, #1843, .F. ) ;
#3931 = FACE_OUTER_BOUND ( 'NONE', #4281, .T. ) ;
#3932 = CARTESIAN_POINT ( 'NONE',  ( -3.174999999999999822, 2.669999999999999929, -4.794999999999999929 ) ) ;
#3933 = EDGE_LOOP ( 'NONE', ( #4067, #1856, #2786, #1299, #2962, #47, #3378, #462, #3944, #2389, #3637, #2581 ) ) ;
#3934 = AXIS2_PLACEMENT_3D ( 'NONE', #2573, #701, #4337 ) ;
#3935 = CIRCLE ( 'NONE', #2632, 0.2000000000000000111 ) ;
#3936 = EDGE_CURVE ( 'NONE', #2755, #3140, #1165, .T. ) ;
#3937 = DIRECTION ( 'NONE',  ( 1.000000000000000000, 0.000000000000000000, 0.000000000000000000 ) ) ;
#3938 = CARTESIAN_POINT ( 'NONE',  ( -4.094999999999999751, 0.2000000000000000111, 3.087499999999999911 ) ) ;
#3939 = COLOUR_RGB ( '',0.7921568627450980005, 0.8196078431372548767, 0.9333333333333333481 ) ;
#3940 = CARTESIAN_POINT ( 'NONE',  ( -3.844999999999999751, -2.767878387081804892, -3.582500000000000018 ) ) ;
#3941 = LINE ( 'NONE', #681, #1790 ) ;
#3942 = EDGE_CURVE ( 'NONE', #878, #1999, #2419, .T. ) ;
#3943 = VECTOR ( 'NONE', #347, 1000.000000000000000 ) ;
#3944 = ORIENTED_EDGE ( 'NONE', *, *, #1858, .T. ) ;
#3945 = VECTOR ( 'NONE', #1889, 1000.000000000000000 ) ;
#3946 = ORIENTED_EDGE ( 'NONE', *, *, #980, .T. ) ;
#3947 = EDGE_CURVE ( 'NONE', #3465, #2395, #4509, .T. ) ;
#3948 = VECTOR ( 'NONE', #1457, 1000.000000000000227 ) ;
#3949 = ORIENTED_EDGE ( 'NONE', *, *, #295, .T. ) ;
#3950 = VERTEX_POINT ( 'NONE', #4229 ) ;
#3951 = DIRECTION ( 'NONE',  ( 0.000000000000000000, 0.000000000000000000, 1.000000000000000000 ) ) ;
#3952 = DIRECTION ( 'NONE',  ( 0.000000000000000000, 0.000000000000000000, -1.000000000000000000 ) ) ;
#3953 = ORIENTED_EDGE ( 'NONE', *, *, #3281, .F. ) ;
#3954 = DIRECTION ( 'NONE',  ( 0.000000000000000000, 0.000000000000000000, -1.000000000000000000 ) ) ;
#3955 = VERTEX_POINT ( 'NONE', #3487 ) ;
#3956 = DIRECTION ( 'NONE',  ( 1.000000000000000000, 0.000000000000000000, 0.000000000000000000 ) ) ;
#3957 = ORIENTED_EDGE ( 'NONE', *, *, #4641, .F. ) ;
#3958 =( LENGTH_UNIT ( ) NAMED_UNIT ( * ) SI_UNIT ( .MILLI., .METRE. ) );
#3959 = CARTESIAN_POINT ( 'NONE',  ( 3.844999999999999751, 0.2000000000000000111, 2.000000000000000000 ) ) ;
#3960 = ORIENTED_EDGE ( 'NONE', *, *, #2018, .T. ) ;
#3961 = ORIENTED_EDGE ( 'NONE', *, *, #4394, .T. ) ;
#3962 = CARTESIAN_POINT ( 'NONE',  ( -3.795000000000000373, 0.2000000000000000111, 3.087499999999999911 ) ) ;
#3963 = DIRECTION ( 'NONE',  ( 0.000000000000000000, 1.000000000000000000, 0.000000000000000000 ) ) ;
#3964 = EDGE_CURVE ( 'NONE', #2969, #2081, #905, .T. ) ;
#3965 = LINE ( 'NONE', #3379, #1653 ) ;
#3966 = LINE ( 'NONE', #1617, #194 ) ;
#3967 = ORIENTED_EDGE ( 'NONE', *, *, #48, .F. ) ;
#3968 = EDGE_CURVE ( 'NONE', #3394, #4521, #180, .T. ) ;
#3969 = ORIENTED_EDGE ( 'NONE', *, *, #3791, .F. ) ;
#3970 = EDGE_LOOP ( 'NONE', ( #1238, #17, #653, #1408 ) ) ;
#3971 = CARTESIAN_POINT ( 'NONE',  ( -3.174999999999999822, 2.919999999999999929, -4.794999999999999929 ) ) ;
#3972 = LINE ( 'NONE', #712, #2478 ) ;
#3973 = FACE_OUTER_BOUND ( 'NONE', #4493, .T. ) ;
#3974 = ORIENTED_EDGE ( 'NONE', *, *, #1206, .F. ) ;
#3975 = DIRECTION ( 'NONE',  ( 0.000000000000000000, 0.000000000000000000, 1.000000000000000000 ) ) ;
#3976 = ORIENTED_EDGE ( 'NONE', *, *, #1672, .F. ) ;
#3977 = CARTESIAN_POINT ( 'NONE',  ( 3.844999999999999751, -2.547265342226494947E-16, 0.7399999999999999911 ) ) ;
#3978 = CARTESIAN_POINT ( 'NONE',  ( -3.174999999999999822, 2.669999999999999929, -4.794999999999999929 ) ) ;
#3979 = ORIENTED_EDGE ( 'NONE', *, *, #4340, .F. ) ;
#3980 = DIRECTION ( 'NONE',  ( 1.000000000000000000, 6.994852725712920381E-16, 0.000000000000000000 ) ) ;
#3981 = DIRECTION ( 'NONE',  ( -1.000000000000000000, 0.000000000000000000, 0.000000000000000000 ) ) ;
#3982 = DIRECTION ( 'NONE',  ( 0.000000000000000000, 0.000000000000000000, -1.000000000000000000 ) ) ;
#3983 = SURFACE_STYLE_FILL_AREA ( #2458 ) ;
#3984 = EDGE_CURVE ( 'NONE', #2683, #3273, #976, .T. ) ;
#3985 = ORIENTED_EDGE ( 'NONE', *, *, #4138, .T. ) ;
#3986 = EDGE_CURVE ( 'NONE', #1644, #433, #230, .T. ) ;
#3987 = ORIENTED_EDGE ( 'NONE', *, *, #1686, .F. ) ;
#3988 = CLOSED_SHELL ( 'NONE', ( #1158, #4460, #3632, #438, #4111, #153, #2129, #2953, #2943, #226, #1429, #3825, #4456, #714, #650 ) ) ;
#3989 = ORIENTED_EDGE ( 'NONE', *, *, #3288, .T. ) ;
#3990 = VERTEX_POINT ( 'NONE', #3776 ) ;
#3991 = PLANE ( 'NONE',  #599 ) ;
#3992 = CARTESIAN_POINT ( 'NONE',  ( 3.844999999999999751, 0.2000000000000000111, -3.087499999999999911 ) ) ;
#3993 = ORIENTED_EDGE ( 'NONE', *, *, #2747, .F. ) ;
#3994 = PRESENTATION_LAYER_ASSIGNMENT (  '', '', ( #1112 ) ) ;
#3995 = DIRECTION ( 'NONE',  ( 0.000000000000000000, 0.000000000000000000, 1.000000000000000000 ) ) ;
#3996 = LINE ( 'NONE', #1125, #274 ) ;
#3997 = COLOUR_RGB ( '',1.000000000000000000, 1.000000000000000000, 1.000000000000000000 ) ;
#3998 = ORIENTED_EDGE ( 'NONE', *, *, #1234, .T. ) ;
#3999 = AXIS2_PLACEMENT_3D ( 'NONE', #471, #3089, #4546 ) ;
#4000 = DIRECTION ( 'NONE',  ( -1.000000000000000000, -1.836970198721014650E-16, 0.000000000000000000 ) ) ;
#4001 = CARTESIAN_POINT ( 'NONE',  ( -3.844999999999999751, -2.547265342226494947E-16, 2.000000000000000000 ) ) ;
#4002 = DIRECTION ( 'NONE',  ( 1.000000000000000000, 0.000000000000000000, 0.000000000000000000 ) ) ;
#4003 = ORIENTED_EDGE ( 'NONE', *, *, #174, .F. ) ;
#4004 = ADVANCED_FACE ( 'NONE', ( #2677 ), #156, .F. ) ;
#4005 = AXIS2_PLACEMENT_3D ( 'NONE', #2616, #2645, #4449 ) ;
#4006 = AXIS2_PLACEMENT_3D ( 'NONE', #766, #3682, #2209 ) ;
#4007 = CARTESIAN_POINT ( 'NONE',  ( -4.094999999999999751, 2.620000000000000107, -2.000000000000000000 ) ) ;
#4008 = DIRECTION ( 'NONE',  ( 0.000000000000000000, 0.000000000000000000, -1.000000000000000000 ) ) ;
#4009 = VECTOR ( 'NONE', #2207, 1000.000000000000227 ) ;
#4010 = DIRECTION ( 'NONE',  ( 0.000000000000000000, 1.000000000000000000, 0.000000000000000000 ) ) ;
#4011 = VECTOR ( 'NONE', #2984, 1000.000000000000000 ) ;
#4012 = SURFACE_STYLE_USAGE ( .BOTH. , #20 ) ;
#4013 = DIRECTION ( 'NONE',  ( 0.000000000000000000, -0.1391731009600656321, -0.9902680687415703620 ) ) ;
#4014 = CIRCLE ( 'NONE', #3860, 0.05000000000000012768 ) ;
#4015 = MECHANICAL_DESIGN_GEOMETRIC_PRESENTATION_REPRESENTATION (  '', ( #1049 ), #1965 ) ;
#4016 =( NAMED_UNIT ( * ) SI_UNIT ( $, .STERADIAN. ) SOLID_ANGLE_UNIT ( ) );
#4017 = ORIENTED_EDGE ( 'NONE', *, *, #3101, .T. ) ;
#4018 = PRESENTATION_LAYER_ASSIGNMENT (  '', '', ( #666 ) ) ;
#4019 = AXIS2_PLACEMENT_3D ( 'NONE', #3005, #1557, #782 ) ;
#4020 = ORIENTED_EDGE ( 'NONE', *, *, #2246, .F. ) ;
#4021 = EDGE_CURVE ( 'NONE', #1364, #2539, #4536, .T. ) ;
#4022 = LINE ( 'NONE', #2293, #2347 ) ;
#4023 = CARTESIAN_POINT ( 'NONE',  ( -4.094999999999999751, -2.767878387081804892, -3.582500000000000018 ) ) ;
#4024 = AXIS2_PLACEMENT_3D ( 'NONE', #4080, #3408, #1231 ) ;
#4025 = FACE_OUTER_BOUND ( 'NONE', #3052, .T. ) ;
#4026 = DIRECTION ( 'NONE',  ( 0.000000000000000000, 0.000000000000000000, -1.000000000000000000 ) ) ;
#4027 = VECTOR ( 'NONE', #1387, 1000.000000000000000 ) ;
#4028 = VERTEX_POINT ( 'NONE', #4488 ) ;
#4029 = CARTESIAN_POINT ( 'NONE',  ( 3.174999999999999822, 2.919999999999999929, 0.5400000000000000355 ) ) ;
#4030 = EDGE_CURVE ( 'NONE', #373, #687, #251, .T. ) ;
#4031 = SURFACE_STYLE_FILL_AREA ( #2501 ) ;
#4032 = CARTESIAN_POINT ( 'NONE',  ( 4.094999999999999751, -3.006507891906749780E-16, -0.5400000000000000355 ) ) ;
#4033 = EDGE_LOOP ( 'NONE', ( #2719, #616, #146, #799 ) ) ;
#4034 = DIRECTION ( 'NONE',  ( -1.495451272393800035E-16, -1.000000000000000000, 0.000000000000000000 ) ) ;
#4035 = CARTESIAN_POINT ( 'NONE',  ( 4.094999999999999751, 2.919999999999999929, 4.037500000000000533 ) ) ;
#4036 = ADVANCED_FACE ( 'NONE', ( #953 ), #932, .T. ) ;
#4037 = CARTESIAN_POINT ( 'NONE',  ( 3.174999999999999822, 2.669999999999999929, -4.794999999999999929 ) ) ;
#4038 = DIRECTION ( 'NONE',  ( 0.000000000000000000, 0.000000000000000000, 1.000000000000000000 ) ) ;
#4039 = CARTESIAN_POINT ( 'NONE',  ( -4.094999999999999751, 2.620000000000000107, 1.497499999999999831 ) ) ;
#4040 = ORIENTED_EDGE ( 'NONE', *, *, #3383, .T. ) ;
#4041 = EDGE_LOOP ( 'NONE', ( #1203, #2494, #2543, #132 ) ) ;
#4042 = CARTESIAN_POINT ( 'NONE',  ( -2.871431797042835132, 0.5100000000000000089, 4.794999999999999929 ) ) ;
#4043 = CARTESIAN_POINT ( 'NONE',  ( 3.795000000000000373, 2.919999999999999929, 2.000000000000000000 ) ) ;
#4044 = EDGE_CURVE ( 'NONE', #3447, #717, #1679, .T. ) ;
#4045 = CARTESIAN_POINT ( 'NONE',  ( 3.795000000000000373, 2.919999999999999929, -4.037500000000000533 ) ) ;
#4046 = CARTESIAN_POINT ( 'NONE',  ( 3.174999999999999822, 2.919999999999999929, -4.794999999999999929 ) ) ;
#4047 = ORIENTED_EDGE ( 'NONE', *, *, #1993, .T. ) ;
#4048 = DIRECTION ( 'NONE',  ( 1.000000000000000000, 0.000000000000000000, 0.000000000000000000 ) ) ;
#4049 = CARTESIAN_POINT ( 'NONE',  ( 2.871431797042835132, 0.5100000000000000089, 4.491431797042834795 ) ) ;
#4050 = FILL_AREA_STYLE ('',( #3042 ) ) ;
#4051 = ORIENTED_EDGE ( 'NONE', *, *, #2675, .T. ) ;
#4052 = ADVANCED_FACE ( 'NONE', ( #3878 ), #2729, .F. ) ;
#4053 = LINE ( 'NONE', #2233, #2634 ) ;
#4054 = DIRECTION ( 'NONE',  ( 1.000000000000000000, -1.836970198721014650E-16, 0.000000000000000000 ) ) ;
#4055 = VERTEX_POINT ( 'NONE', #4136 ) ;
#4056 = LINE ( 'NONE', #4078, #1883 ) ;
#4057 = CARTESIAN_POINT ( 'NONE',  ( -3.795000000000000373, -4.336808689942014778E-16, 3.582500000000000018 ) ) ;
#4058 = EDGE_LOOP ( 'NONE', ( #361, #3864, #1448, #1697 ) ) ;
#4059 = SURFACE_STYLE_FILL_AREA ( #302 ) ;
#4060 = ORIENTED_EDGE ( 'NONE', *, *, #823, .T. ) ;
#4061 = VERTEX_POINT ( 'NONE', #2370 ) ;
#4062 = DIRECTION ( 'NONE',  ( 0.000000000000000000, 0.000000000000000000, -1.000000000000000000 ) ) ;
#4063 = LINE ( 'NONE', #56, #4528 ) ;
#4064 = ORIENTED_EDGE ( 'NONE', *, *, #3519, .F. ) ;
#4065 = LINE ( 'NONE', #808, #1350 ) ;
#4066 = LINE ( 'NONE', #809, #2097 ) ;
#4067 = ORIENTED_EDGE ( 'NONE', *, *, #322, .F. ) ;
#4068 = DIRECTION ( 'NONE',  ( -1.495451272393800035E-16, 1.000000000000000000, 0.000000000000000000 ) ) ;
#4069 = CARTESIAN_POINT ( 'NONE',  ( 3.844999999999999751, 2.620000000000000107, -3.582500000000000018 ) ) ;
#4070 =( GEOMETRIC_REPRESENTATION_CONTEXT ( 3 ) GLOBAL_UNCERTAINTY_ASSIGNED_CONTEXT ( ( #1638 ) ) GLOBAL_UNIT_ASSIGNED_CONTEXT ( ( #1652, #3521, #2011 ) ) REPRESENTATION_CONTEXT ( 'NONE', 'WORKASPACE' ) );
#4071 = EDGE_CURVE ( 'NONE', #546, #4514, #1239, .T. ) ;
#4072 = CARTESIAN_POINT ( 'NONE',  ( 3.174999999999999822, 2.919999999999999929, -2.000000000000000000 ) ) ;
#4073 = VERTEX_POINT ( 'NONE', #2064 ) ;
#4074 = CYLINDRICAL_SURFACE ( 'NONE', #3628, 0.05000000000000012768 ) ;
#4075 = VECTOR ( 'NONE', #2493, 1000.000000000000000 ) ;
#4076 = CARTESIAN_POINT ( 'NONE',  ( 3.795000000000000373, 2.919999999999999929, 4.037500000000000533 ) ) ;
#4077 = ORIENTED_EDGE ( 'NONE', *, *, #4021, .T. ) ;
#4078 = CARTESIAN_POINT ( 'NONE',  ( 3.795000000000000373, -2.767878387081804892, 1.042499999999999982 ) ) ;
#4079 = EDGE_CURVE ( 'NONE', #648, #154, #3506, .T. ) ;
#4080 = CARTESIAN_POINT ( 'NONE',  ( 3.174999999999999822, 2.919999999999999929, 4.794999999999999929 ) ) ;
#4081 = EDGE_LOOP ( 'NONE', ( #1801, #4124, #3174, #2020 ) ) ;
#4082 = AXIS2_PLACEMENT_3D ( 'NONE', #2261, #1250, #2975 ) ;
#4083 = FILL_AREA_STYLE ('',( #4529 ) ) ;
#4084 = AXIS2_PLACEMENT_3D ( 'NONE', #3418, #137, #2636 ) ;
#4085 = AXIS2_PLACEMENT_3D ( 'NONE', #2633, #2586, #882 ) ;
#4086 = EDGE_LOOP ( 'NONE', ( #3450, #2905, #877, #1833 ) ) ;
#4087 = EDGE_CURVE ( 'NONE', #2969, #2566, #1308, .T. ) ;
#4088 = VECTOR ( 'NONE', #2446, 1000.000000000000000 ) ;
#4089 = VECTOR ( 'NONE', #3507, 1000.000000000000000 ) ;
#4090 = AXIS2_PLACEMENT_3D ( 'NONE', #606, #1710, #2364 ) ;
#4091 = ORIENTED_EDGE ( 'NONE', *, *, #1210, .T. ) ;
#4092 = ADVANCED_FACE ( 'NONE', ( #4583 ), #2390, .F. ) ;
#4093 = EDGE_CURVE ( 'NONE', #3108, #3596, #140, .T. ) ;
#4094 = DIRECTION ( 'NONE',  ( 0.000000000000000000, 0.000000000000000000, -1.000000000000000000 ) ) ;
#4095 = LINE ( 'NONE', #3388, #2170 ) ;
#4096 = VECTOR ( 'NONE', #4712, 1000.000000000000000 ) ;
#4097 = CARTESIAN_POINT ( 'NONE',  ( -3.174999999999999822, 2.919999999999999929, -3.087499999999999911 ) ) ;
#4098 = DIRECTION ( 'NONE',  ( -1.495451272393800035E-16, 1.000000000000000000, 0.000000000000000000 ) ) ;
#4099 = EDGE_LOOP ( 'NONE', ( #2053, #3654, #2940, #4593 ) ) ;
#4100 = LINE ( 'NONE', #3354, #2326 ) ;
#4101 = VECTOR ( 'NONE', #4115, 1000.000000000000000 ) ;
#4102 = DIRECTION ( 'NONE',  ( 0.000000000000000000, -1.000000000000000000, 0.000000000000000000 ) ) ;
#4103 = PLANE ( 'NONE',  #2550 ) ;
#4104 = DIRECTION ( 'NONE',  ( 0.000000000000000000, 0.000000000000000000, 1.000000000000000000 ) ) ;
#4105 = ORIENTED_EDGE ( 'NONE', *, *, #4030, .T. ) ;
#4106 = DIRECTION ( 'NONE',  ( 0.000000000000000000, 0.000000000000000000, -1.000000000000000000 ) ) ;
#4107 = CARTESIAN_POINT ( 'NONE',  ( 3.174999999999999822, 2.919999999999999929, 4.037500000000000533 ) ) ;
#4108 = ORIENTED_EDGE ( 'NONE', *, *, #2094, .T. ) ;
#4109 = CARTESIAN_POINT ( 'NONE',  ( 4.094999999999999751, -3.006507891906749780E-16, -0.7399999999999999911 ) ) ;
#4110 = LINE ( 'NONE', #2365, #3483 ) ;
#4111 = ADVANCED_FACE ( 'NONE', ( #1508 ), #389, .F. ) ;
#4112 = ORIENTED_EDGE ( 'NONE', *, *, #2842, .F. ) ;
#4113 = EDGE_CURVE ( 'NONE', #1339, #3447, #2841, .T. ) ;
#4114 = VERTEX_POINT ( 'NONE', #3524 ) ;
#4115 = DIRECTION ( 'NONE',  ( -1.000000000000000000, 1.836970198721014650E-16, 0.000000000000000000 ) ) ;
#4116 = CARTESIAN_POINT ( 'NONE',  ( 4.094999999999999751, -3.006507891906749780E-16, 3.582500000000000018 ) ) ;
#4117 = EDGE_CURVE ( 'NONE', #608, #3545, #1584, .T. ) ;
#4118 = DIRECTION ( 'NONE',  ( 1.000000000000000000, 1.836970198721014650E-16, 0.000000000000000000 ) ) ;
#4119 = DIRECTION ( 'NONE',  ( 0.000000000000000000, -1.000000000000000000, 0.000000000000000000 ) ) ;
#4120 = ORIENTED_EDGE ( 'NONE', *, *, #2562, .F. ) ;
#4121 = CARTESIAN_POINT ( 'NONE',  ( -2.161781006939595517, 5.080000000000000071, -3.561734288015280026 ) ) ;
#4122 = DIRECTION ( 'NONE',  ( 1.000000000000000000, 0.000000000000000000, 0.000000000000000000 ) ) ;
#4123 = CARTESIAN_POINT ( 'NONE',  ( 3.844999999999999751, -3.180000000000000160, -3.582500000000000018 ) ) ;
#4124 = ORIENTED_EDGE ( 'NONE', *, *, #879, .T. ) ;
#4125 = DIRECTION ( 'NONE',  ( 0.000000000000000000, 0.000000000000000000, -1.000000000000000000 ) ) ;
#4126 = ORIENTED_EDGE ( 'NONE', *, *, #4185, .F. ) ;
#4127 = CARTESIAN_POINT ( 'NONE',  ( -3.844999999999999751, -3.180000000000000160, -1.042499999999999982 ) ) ;
#4128 = ORIENTED_EDGE ( 'NONE', *, *, #199, .F. ) ;
#4129 = CARTESIAN_POINT ( 'NONE',  ( -3.795000000000000373, 2.620000000000000107, 1.497499999999999831 ) ) ;
#4130 = LINE ( 'NONE', #1914, #3552 ) ;
#4131 = ORIENTED_EDGE ( 'NONE', *, *, #1603, .T. ) ;
#4132 = DIRECTION ( 'NONE',  ( 0.000000000000000000, 0.000000000000000000, -1.000000000000000000 ) ) ;
#4133 = ORIENTED_EDGE ( 'NONE', *, *, #3540, .F. ) ;
#4134 = EDGE_CURVE ( 'NONE', #2788, #3748, #2960, .T. ) ;
#4135 = VERTEX_POINT ( 'NONE', #2237 ) ;
#4136 = CARTESIAN_POINT ( 'NONE',  ( 3.174999999999999822, 2.669999999999999929, -2.000000000000000000 ) ) ;
#4137 = CARTESIAN_POINT ( 'NONE',  ( 3.795000000000000373, -4.336808689942014778E-16, -1.497499999999999831 ) ) ;
#4138 = EDGE_CURVE ( 'NONE', #2161, #4141, #775, .T. ) ;
#4139 = FACE_OUTER_BOUND ( 'NONE', #1506, .T. ) ;
#4140 = LINE ( 'NONE', #4440, #1279 ) ;
#4141 = VERTEX_POINT ( 'NONE', #2079 ) ;
#4142 = CARTESIAN_POINT ( 'NONE',  ( -3.174999999999999822, 2.919999999999999929, 3.087499999999999911 ) ) ;
#4143 = DIRECTION ( 'NONE',  ( 1.000000000000000000, 0.000000000000000000, 0.000000000000000000 ) ) ;
#4144 = CARTESIAN_POINT ( 'NONE',  ( 4.094999999999999751, -3.006507891906749780E-16, -3.287500000000000089 ) ) ;
#4145 = EDGE_CURVE ( 'NONE', #1818, #2603, #2820, .T. ) ;
#4146 = LINE ( 'NONE', #890, #3168 ) ;
#4147 = ORIENTED_EDGE ( 'NONE', *, *, #113, .T. ) ;
#4148 = PLANE ( 'NONE',  #1270 ) ;
#4149 = ORIENTED_EDGE ( 'NONE', *, *, #1988, .T. ) ;
#4150 = DIRECTION ( 'NONE',  ( 1.000000000000000000, 0.000000000000000000, 0.000000000000000000 ) ) ;
#4151 = ADVANCED_FACE ( 'NONE', ( #2198 ), #271, .T. ) ;
#4152 = CARTESIAN_POINT ( 'NONE',  ( 3.174999999999999822, 5.080000000000000071, -4.491431797042834795 ) ) ;
#4153 = ADVANCED_FACE ( 'NONE', ( #1109 ), #432, .T. ) ;
#4154 = AXIS2_PLACEMENT_3D ( 'NONE', #3626, #1414, #1444 ) ;
#4155 =( LENGTH_UNIT ( ) NAMED_UNIT ( * ) SI_UNIT ( .MILLI., .METRE. ) );
#4156 = AXIS2_PLACEMENT_3D ( 'NONE', #794, #3622, #404 ) ;
#4157 = VECTOR ( 'NONE', #1490, 1000.000000000000000 ) ;
#4158 = DIRECTION ( 'NONE',  ( -1.000000000000000000, 0.000000000000000000, 0.000000000000000000 ) ) ;
#4159 = AXIS2_PLACEMENT_3D ( 'NONE', #1294, #3420, #1565 ) ;
#4160 = ORIENTED_EDGE ( 'NONE', *, *, #2999, .T. ) ;
#4161 = DIRECTION ( 'NONE',  ( 3.310540984688565080E-16, 1.000000000000000000, 0.000000000000000000 ) ) ;
#4162 = AXIS2_PLACEMENT_3D ( 'NONE', #2146, #2546, #4703 ) ;
#4163 = DIRECTION ( 'NONE',  ( 0.000000000000000000, 0.000000000000000000, -1.000000000000000000 ) ) ;
#4164 = AXIS2_PLACEMENT_3D ( 'NONE', #3087, #2278, #3152 ) ;
#4165 = LINE ( 'NONE', #3150, #3702 ) ;
#4166 = VECTOR ( 'NONE', #192, 1000.000000000000000 ) ;
#4167 = AXIS2_PLACEMENT_3D ( 'NONE', #276, #2601, #2462 ) ;
#4168 = ADVANCED_FACE ( 'NONE', ( #46 ), #2217, .T. ) ;
#4169 = LINE ( 'NONE', #545, #2172 ) ;
#4170 = ORIENTED_EDGE ( 'NONE', *, *, #265, .F. ) ;
#4171 = LINE ( 'NONE', #163, #2036 ) ;
#4172 = FACE_OUTER_BOUND ( 'NONE', #1301, .T. ) ;
#4173 = LINE ( 'NONE', #3422, #3612 ) ;
#4174 = VECTOR ( 'NONE', #3714, 1000.000000000000000 ) ;
#4175 = DIRECTION ( 'NONE',  ( 1.000000000000000000, -1.836970198721014650E-16, 0.000000000000000000 ) ) ;
#4176 = ORIENTED_EDGE ( 'NONE', *, *, #461, .F. ) ;
#4177 = ADVANCED_FACE ( 'NONE', ( #4653 ), #1393, .F. ) ;
#4178 = ORIENTED_EDGE ( 'NONE', *, *, #2771, .F. ) ;
#4179 = CARTESIAN_POINT ( 'NONE',  ( -3.174999999999999822, 2.919999999999999929, 0.5400000000000000355 ) ) ;
#4180 = VERTEX_POINT ( 'NONE', #301 ) ;
#4181 = CARTESIAN_POINT ( 'NONE',  ( 4.094999999999999751, 2.620000000000000107, 2.000000000000000000 ) ) ;
#4182 = PLANE ( 'NONE',  #914 ) ;
#4183 = ORIENTED_EDGE ( 'NONE', *, *, #1259, .F. ) ;
#4184 = AXIS2_PLACEMENT_3D ( 'NONE', #2836, #2034, #4286 ) ;
#4185 = EDGE_CURVE ( 'NONE', #2081, #4329, #1288, .T. ) ;
#4186 = PRODUCT_DEFINITION_FORMATION_WITH_SPECIFIED_SOURCE ( 'ANY', '', #3216, .NOT_KNOWN. ) ;
#4187 = DIRECTION ( 'NONE',  ( 0.000000000000000000, 0.000000000000000000, -1.000000000000000000 ) ) ;
#4188 = VERTEX_POINT ( 'NONE', #3175 ) ;
#4189 = DIRECTION ( 'NONE',  ( 1.000000000000000000, -6.994852725712920381E-16, 0.000000000000000000 ) ) ;
#4190 = DIRECTION ( 'NONE',  ( 0.000000000000000000, 0.000000000000000000, -1.000000000000000000 ) ) ;
#4191 = ORIENTED_EDGE ( 'NONE', *, *, #4344, .T. ) ;
#4192 = FACE_OUTER_BOUND ( 'NONE', #792, .T. ) ;
#4193 = ORIENTED_EDGE ( 'NONE', *, *, #4334, .T. ) ;
#4194 = CARTESIAN_POINT ( 'NONE',  ( -3.844999999999999751, 2.620000000000000107, 2.000000000000000000 ) ) ;
#4195 = CARTESIAN_POINT ( 'NONE',  ( -3.844999999999999751, -2.547265342226494947E-16, -3.287500000000000089 ) ) ;
#4196 = DIRECTION ( 'NONE',  ( -1.495451272393800035E-16, -1.000000000000000000, 0.000000000000000000 ) ) ;
#4197 = EDGE_CURVE ( 'NONE', #3066, #1595, #2577, .T. ) ;
#4198 = FACE_OUTER_BOUND ( 'NONE', #1382, .T. ) ;
#4199 = ORIENTED_EDGE ( 'NONE', *, *, #3113, .T. ) ;
#4200 = CARTESIAN_POINT ( 'NONE',  ( -2.161781006939595517, 4.980000000000000426, -4.102762009316060166 ) ) ;
#4201 = VERTEX_POINT ( 'NONE', #2598 ) ;
#4202 = PLANE ( 'NONE',  #131 ) ;
#4203 = CARTESIAN_POINT ( 'NONE',  ( -3.174999999999999822, 2.919999999999999929, -3.582500000000000018 ) ) ;
#4204 = ADVANCED_FACE ( 'NONE', ( #3554 ), #4605, .T. ) ;
#4205 = CARTESIAN_POINT ( 'NONE',  ( -4.094999999999999751, -3.180000000000000160, -3.887499999999999734 ) ) ;
#4206 = LINE ( 'NONE', #1000, #727 ) ;
#4207 = ORIENTED_EDGE ( 'NONE', *, *, #1255, .F. ) ;
#4208 = CARTESIAN_POINT ( 'NONE',  ( 3.844999999999999751, -2.547265342226494947E-16, -2.000000000000000000 ) ) ;
#4209 = EDGE_CURVE ( 'NONE', #3681, #3340, #408, .T. ) ;
#4210 = CARTESIAN_POINT ( 'NONE',  ( 3.174999999999999822, 2.919999999999999929, 4.037500000000000533 ) ) ;
#4211 = ORIENTED_EDGE ( 'NONE', *, *, #3356, .T. ) ;
#4212 = LINE ( 'NONE', #2806, #3008 ) ;
#4213 = PLANE ( 'NONE',  #3328 ) ;
#4214 = LINE ( 'NONE', #237, #1715 ) ;
#4215 = PRODUCT_DEFINITION_CONTEXT ( 'detailed design', #575, 'design' ) ;
#4216 = DIRECTION ( 'NONE',  ( 0.000000000000000000, 0.000000000000000000, -1.000000000000000000 ) ) ;
#4217 = VERTEX_POINT ( 'NONE', #2801 ) ;
#4218 = ORIENTED_EDGE ( 'NONE', *, *, #1073, .T. ) ;
#4219 = DIRECTION ( 'NONE',  ( 0.000000000000000000, 1.000000000000000000, 0.000000000000000000 ) ) ;
#4220 = ORIENTED_EDGE ( 'NONE', *, *, #295, .F. ) ;
#4221 = DIRECTION ( 'NONE',  ( -0.000000000000000000, 1.000000000000000000, 0.000000000000000000 ) ) ;
#4222 = CARTESIAN_POINT ( 'NONE',  ( 3.174999999999999822, 2.919999999999999929, 0.5400000000000000355 ) ) ;
#4223 = ORIENTED_EDGE ( 'NONE', *, *, #3947, .F. ) ;
#4224 = DIRECTION ( 'NONE',  ( 1.836970198721014650E-16, 1.000000000000000000, 0.000000000000000000 ) ) ;
#4225 = ADVANCED_FACE ( 'NONE', ( #4255 ), #1578, .F. ) ;
#4226 = AXIS2_PLACEMENT_3D ( 'NONE', #2796, #4250, #3824 ) ;
#4227 = AXIS2_PLACEMENT_3D ( 'NONE', #2928, #1982, #165 ) ;
#4228 = ORIENTED_EDGE ( 'NONE', *, *, #69, .T. ) ;
#4229 = CARTESIAN_POINT ( 'NONE',  ( 3.795000000000000373, 2.669999999999999929, -2.000000000000000000 ) ) ;
#4230 = AXIS2_PLACEMENT_3D ( 'NONE', #3742, #2993, #501 ) ;
#4231 = CIRCLE ( 'NONE', #2627, 0.2999999999999999334 ) ;
#4232 = ORIENTED_EDGE ( 'NONE', *, *, #4485, .F. ) ;
#4233 = DIRECTION ( 'NONE',  ( 1.000000000000000000, 0.000000000000000000, 0.000000000000000000 ) ) ;
#4234 = ADVANCED_FACE ( 'NONE', ( #3723 ), #4182, .F. ) ;
#4235 = CIRCLE ( 'NONE', #3926, 0.2000000000000000111 ) ;
#4236 = EDGE_LOOP ( 'NONE', ( #942, #3979, #3458, #2277 ) ) ;
#4237 = CARTESIAN_POINT ( 'NONE',  ( -3.174999999999999822, 2.919999999999999929, 1.497499999999999831 ) ) ;
#4238 = CARTESIAN_POINT ( 'NONE',  ( 4.094999999999999751, 2.620000000000000107, -3.582500000000000018 ) ) ;
#4239 = CARTESIAN_POINT ( 'NONE',  ( -4.094999999999999751, -3.180000000000000160, 3.732499999999999929 ) ) ;
#4240 = AXIS2_PLACEMENT_3D ( 'NONE', #940, #2715, #960 ) ;
#4241 = COLOUR_RGB ( '',0.7921568627450980005, 0.8196078431372548767, 0.9333333333333333481 ) ;
#4242 = PLANE ( 'NONE',  #977 ) ;
#4243 = ORIENTED_EDGE ( 'NONE', *, *, #1908, .F. ) ;
#4244 = DIRECTION ( 'NONE',  ( 1.495451272393800035E-16, 1.000000000000000000, 0.000000000000000000 ) ) ;
#4245 = ORIENTED_EDGE ( 'NONE', *, *, #2479, .T. ) ;
#4246 = CIRCLE ( 'NONE', #2343, 0.2000000000000000111 ) ;
#4247 = CARTESIAN_POINT ( 'NONE',  ( -2.161781006939595517, 4.980000000000000426, -3.832248148665670318 ) ) ;
#4248 = CARTESIAN_POINT ( 'NONE',  ( 3.844999999999999751, -4.336808689942014778E-16, 3.582500000000000018 ) ) ;
#4249 = VECTOR ( 'NONE', #2180, 1000.000000000000000 ) ;
#4250 = DIRECTION ( 'NONE',  ( 0.000000000000000000, 1.000000000000000000, 0.000000000000000000 ) ) ;
#4251 = AXIS2_PLACEMENT_3D ( 'NONE', #4294, #4038, #1839 ) ;
#4252 = EDGE_CURVE ( 'NONE', #4114, #2870, #3049, .T. ) ;
#4253 = CIRCLE ( 'NONE', #2499, 0.2705138606503881826 ) ;
#4254 = EDGE_LOOP ( 'NONE', ( #1903, #2, #2800, #1548 ) ) ;
#4255 = FACE_OUTER_BOUND ( 'NONE', #2853, .T. ) ;
#4256 = EDGE_CURVE ( 'NONE', #3739, #1595, #97, .T. ) ;
#4257 = CARTESIAN_POINT ( 'NONE',  ( 3.844999999999999751, -2.547265342226494947E-16, -3.079999999999999627 ) ) ;
#4258 = EDGE_LOOP ( 'NONE', ( #3218, #3563, #2832, #4263 ) ) ;
#4259 = CARTESIAN_POINT ( 'NONE',  ( 3.795000000000000373, 2.620000000000000107, 2.000000000000000000 ) ) ;
#4260 = DIRECTION ( 'NONE',  ( -1.000000000000000000, 0.000000000000000000, 0.000000000000000000 ) ) ;
#4261 = CARTESIAN_POINT ( 'NONE',  ( 4.094999999999999751, -2.767878387081804892, 4.037500000000000533 ) ) ;
#4262 = CARTESIAN_POINT ( 'NONE',  ( -4.094999999999999751, -2.767878387081804892, 1.497499999999999831 ) ) ;
#4263 = ORIENTED_EDGE ( 'NONE', *, *, #303, .T. ) ;
#4264 = DIRECTION ( 'NONE',  ( 0.000000000000000000, 0.000000000000000000, -1.000000000000000000 ) ) ;
#4265 = ORIENTED_EDGE ( 'NONE', *, *, #1276, .F. ) ;
#4266 = DIRECTION ( 'NONE',  ( 1.000000000000000000, 0.000000000000000000, 0.000000000000000000 ) ) ;
#4267 = LINE ( 'NONE', #4203, #684 ) ;
#4268 = EDGE_LOOP ( 'NONE', ( #2913, #956, #3646, #229 ) ) ;
#4269 = PLANE ( 'NONE',  #3525 ) ;
#4270 = ORIENTED_EDGE ( 'NONE', *, *, #3, .T. ) ;
#4271 = ADVANCED_FACE ( 'NONE', ( #2671 ), #3745, .T. ) ;
#4272 = CARTESIAN_POINT ( 'NONE',  ( -3.174999999999999822, 2.919999999999999929, -4.794999999999999929 ) ) ;
#4273 = CARTESIAN_POINT ( 'NONE',  ( -3.174999999999999822, 2.919999999999999929, 4.794999999999999929 ) ) ;
#4274 = ORIENTED_EDGE ( 'NONE', *, *, #150, .T. ) ;
#4275 = LINE ( 'NONE', #1702, #2936 ) ;
#4276 = ADVANCED_FACE ( 'NONE', ( #3766 ), #1623, .F. ) ;
#4277 = DIRECTION ( 'NONE',  ( -0.000000000000000000, 1.000000000000000000, 0.000000000000000000 ) ) ;
#4278 = CARTESIAN_POINT ( 'NONE',  ( 3.795000000000000373, 2.669999999999999929, 2.000000000000000000 ) ) ;
#4279 = DIRECTION ( 'NONE',  ( 0.000000000000000000, 0.000000000000000000, -1.000000000000000000 ) ) ;
#4280 = ORIENTED_EDGE ( 'NONE', *, *, #2443, .T. ) ;
#4281 = EDGE_LOOP ( 'NONE', ( #1332, #311, #1037, #1604, #759, #1955, #4293, #3839 ) ) ;
#4282 = CARTESIAN_POINT ( 'NONE',  ( 3.174999999999999822, 2.669999999999999929, -3.582500000000000018 ) ) ;
#4283 = EDGE_LOOP ( 'NONE', ( #523, #1181, #802, #3589 ) ) ;
#4284 = EDGE_CURVE ( 'NONE', #3990, #2740, #4503, .T. ) ;
#4285 = EDGE_CURVE ( 'NONE', #921, #1865, #172, .T. ) ;
#4286 = DIRECTION ( 'NONE',  ( -1.000000000000000000, 0.000000000000000000, 0.000000000000000000 ) ) ;
#4287 = ORIENTED_EDGE ( 'NONE', *, *, #3220, .T. ) ;
#4288 = CARTESIAN_POINT ( 'NONE',  ( 3.174999999999999822, 2.919999999999999929, 2.000000000000000000 ) ) ;
#4289 = EDGE_CURVE ( 'NONE', #1337, #895, #3342, .T. ) ;
#4290 = EDGE_CURVE ( 'NONE', #2463, #2500, #4110, .T. ) ;
#4291 = PRESENTATION_STYLE_ASSIGNMENT (( #4012 ) ) ;
#4292 = COLOUR_RGB ( '',0.2509803921568627416, 0.2509803921568627416, 0.2509803921568627416 ) ;
#4293 = ORIENTED_EDGE ( 'NONE', *, *, #1686, .T. ) ;
#4294 = CARTESIAN_POINT ( 'NONE',  ( 3.795000000000000373, 2.620000000000000107, -0.5400000000000000355 ) ) ;
#4295 = VECTOR ( 'NONE', #3063, 1000.000000000000000 ) ;
#4296 = ORIENTED_EDGE ( 'NONE', *, *, #859, .F. ) ;
#4297 = ORIENTED_EDGE ( 'NONE', *, *, #1993, .F. ) ;
#4298 = FACE_OUTER_BOUND ( 'NONE', #4421, .T. ) ;
#4299 = VECTOR ( 'NONE', #1135, 1000.000000000000000 ) ;
#4300 = LINE ( 'NONE', #2466, #3771 ) ;
#4301 = AXIS2_PLACEMENT_3D ( 'NONE', #1287, #4190, #3707 ) ;
#4302 = EDGE_CURVE ( 'NONE', #2395, #1271, #4130, .T. ) ;
#4303 = DIRECTION ( 'NONE',  ( 1.000000000000000000, 0.000000000000000000, 0.000000000000000000 ) ) ;
#4304 = VECTOR ( 'NONE', #2431, 1000.000000000000000 ) ;
#4305 = VECTOR ( 'NONE', #1381, 1000.000000000000000 ) ;
#4306 = ORIENTED_EDGE ( 'NONE', *, *, #3079, .T. ) ;
#4307 = LINE ( 'NONE', #695, #1419 ) ;
#4308 = EDGE_LOOP ( 'NONE', ( #2054, #4370, #3043, #595 ) ) ;
#4309 = DIRECTION ( 'NONE',  ( 0.000000000000000000, 0.000000000000000000, 1.000000000000000000 ) ) ;
#4310 = DIRECTION ( 'NONE',  ( 1.836970198721014650E-16, 1.000000000000000000, 0.000000000000000000 ) ) ;
#4311 = ORIENTED_EDGE ( 'NONE', *, *, #3584, .T. ) ;
#4312 = AXIS2_PLACEMENT_3D ( 'NONE', #4314, #748, #1816 ) ;
#4313 = AXIS2_PLACEMENT_3D ( 'NONE', #2777, #2804, #3417 ) ;
#4314 = CARTESIAN_POINT ( 'NONE',  ( -3.795000000000000373, 2.620000000000000107, -1.042499999999999982 ) ) ;
#4315 = LINE ( 'NONE', #2165, #1791 ) ;
#4316 = VECTOR ( 'NONE', #2597, 1000.000000000000000 ) ;
#4317 = DIRECTION ( 'NONE',  ( -1.495451272393800035E-16, -1.000000000000000000, 0.000000000000000000 ) ) ;
#4318 = DIRECTION ( 'NONE',  ( 0.000000000000000000, 0.000000000000000000, -1.000000000000000000 ) ) ;
#4319 = VECTOR ( 'NONE', #2376, 1000.000000000000000 ) ;
#4320 = EDGE_CURVE ( 'NONE', #3108, #2133, #1936, .T. ) ;
#4321 = VECTOR ( 'NONE', #1002, 1000.000000000000000 ) ;
#4322 = ORIENTED_EDGE ( 'NONE', *, *, #4044, .T. ) ;
#4323 = VECTOR ( 'NONE', #889, 1000.000000000000000 ) ;
#4324 = ORIENTED_EDGE ( 'NONE', *, *, #1003, .T. ) ;
#4325 = ORIENTED_EDGE ( 'NONE', *, *, #2991, .T. ) ;
#4326 = DIRECTION ( 'NONE',  ( 0.000000000000000000, 0.000000000000000000, 1.000000000000000000 ) ) ;
#4327 = DIRECTION ( 'NONE',  ( 1.000000000000000000, 0.000000000000000000, 0.000000000000000000 ) ) ;
#4328 = DIRECTION ( 'NONE',  ( 1.405264525413350645E-16, 0.9396926207859084279, -0.3420201433256686574 ) ) ;
#4329 = VERTEX_POINT ( 'NONE', #923 ) ;
#4330 = FACE_OUTER_BOUND ( 'NONE', #2947, .T. ) ;
#4331 = EDGE_LOOP ( 'NONE', ( #1984, #4193, #1496, #2418, #4274, #798, #632, #4270, #2219, #2056, #3609, #4441 ) ) ;
#4332 = DIRECTION ( 'NONE',  ( 1.000000000000000000, 0.000000000000000000, 0.000000000000000000 ) ) ;
#4333 = CARTESIAN_POINT ( 'NONE',  ( 3.795000000000000373, 2.620000000000000107, 4.037500000000000533 ) ) ;
#4334 = EDGE_CURVE ( 'NONE', #4135, #51, #873, .T. ) ;
#4335 = CARTESIAN_POINT ( 'NONE',  ( 3.844999999999999751, 2.620000000000000107, 1.497499999999999831 ) ) ;
#4336 = VERTEX_POINT ( 'NONE', #4526 ) ;
#4337 = DIRECTION ( 'NONE',  ( 1.000000000000000000, 0.000000000000000000, 0.000000000000000000 ) ) ;
#4338 = DIRECTION ( 'NONE',  ( 0.000000000000000000, 1.000000000000000000, 0.000000000000000000 ) ) ;
#4339 = DIRECTION ( 'NONE',  ( 1.000000000000000000, -6.994852725712920381E-16, 0.000000000000000000 ) ) ;
#4340 = EDGE_CURVE ( 'NONE', #1500, #14, #1180, .T. ) ;
#4341 = ORIENTED_EDGE ( 'NONE', *, *, #1919, .T. ) ;
#4342 = ORIENTED_EDGE ( 'NONE', *, *, #2912, .F. ) ;
#4343 = EDGE_LOOP ( 'NONE', ( #2851, #2391, #3617, #2430 ) ) ;
#4344 = EDGE_CURVE ( 'NONE', #4523, #3721, #827, .T. ) ;
#4345 = CARTESIAN_POINT ( 'NONE',  ( 4.094999999999999751, -2.767878387081804892, -1.042499999999999982 ) ) ;
#4346 = DIRECTION ( 'NONE',  ( -1.405264525413350645E-16, -0.9396926207859084279, 0.3420201433256686574 ) ) ;
#4347 = EDGE_LOOP ( 'NONE', ( #4574, #202, #2902, #1163, #2490, #2533, #3974, #534 ) ) ;
#4348 = CARTESIAN_POINT ( 'NONE',  ( -3.844999999999999751, 2.620000000000000107, 4.037500000000000533 ) ) ;
#4349 = PLANE ( 'NONE',  #2324 ) ;
#4350 = ORIENTED_EDGE ( 'NONE', *, *, #2131, .F. ) ;
#4351 = FACE_OUTER_BOUND ( 'NONE', #100, .T. ) ;
#4352 = DIRECTION ( 'NONE',  ( 0.000000000000000000, -1.000000000000000000, 0.000000000000000000 ) ) ;
#4353 = ORIENTED_EDGE ( 'NONE', *, *, #567, .T. ) ;
#4354 = LINE ( 'NONE', #2213, #1875 ) ;
#4355 = CARTESIAN_POINT ( 'NONE',  ( 4.094999999999999751, 0.2000000000000000111, -3.087499999999999911 ) ) ;
#4356 = CARTESIAN_POINT ( 'NONE',  ( 3.174999999999999822, 2.669999999999999929, 3.087499999999999911 ) ) ;
#4357 = FACE_OUTER_BOUND ( 'NONE', #1751, .T. ) ;
#4358 = EDGE_CURVE ( 'NONE', #1869, #2990, #1966, .T. ) ;
#4359 = FACE_OUTER_BOUND ( 'NONE', #1512, .T. ) ;
#4360 = VERTEX_POINT ( 'NONE', #151 ) ;
#4361 = ADVANCED_FACE ( 'NONE', ( #1602 ), #898, .F. ) ;
#4362 = ORIENTED_EDGE ( 'NONE', *, *, #3984, .F. ) ;
#4363 = DIRECTION ( 'NONE',  ( 0.000000000000000000, 0.000000000000000000, -1.000000000000000000 ) ) ;
#4364 = CARTESIAN_POINT ( 'NONE',  ( -4.094999999999999751, -3.006507891906749780E-16, 1.800000000000000044 ) ) ;
#4365 = VERTEX_POINT ( 'NONE', #3430 ) ;
#4366 = EDGE_CURVE ( 'NONE', #4375, #2255, #2495, .T. ) ;
#4367 = CARTESIAN_POINT ( 'NONE',  ( -3.844999999999999751, 0.2000000000000000111, -3.087499999999999911 ) ) ;
#4368 = DIRECTION ( 'NONE',  ( 1.000000000000000000, 6.994852725712920381E-16, 0.000000000000000000 ) ) ;
#4369 = VECTOR ( 'NONE', #3503, 1000.000000000000000 ) ;
#4370 = ORIENTED_EDGE ( 'NONE', *, *, #1291, .T. ) ;
#4371 = VECTOR ( 'NONE', #1451, 1000.000000000000000 ) ;
#4372 = DIRECTION ( 'NONE',  ( 0.000000000000000000, -1.000000000000000000, 0.000000000000000000 ) ) ;
#4373 = CYLINDRICAL_SURFACE ( 'NONE', #982, 0.05000000000000012768 ) ;
#4374 = CARTESIAN_POINT ( 'NONE',  ( 3.844999999999999751, 0.2000000000000000111, -3.087499999999999911 ) ) ;
#4375 = VERTEX_POINT ( 'NONE', #947 ) ;
#4376 = AXIS2_PLACEMENT_3D ( 'NONE', #161, #1978, #785 ) ;
#4377 = VECTOR ( 'NONE', #448, 1000.000000000000000 ) ;
#4378 = PLANE ( 'NONE',  #124 ) ;
#4379 = DIRECTION ( 'NONE',  ( 1.000000000000000000, 0.000000000000000000, 0.000000000000000000 ) ) ;
#4380 = VERTEX_POINT ( 'NONE', #3189 ) ;
#4381 = VECTOR ( 'NONE', #4106, 1000.000000000000000 ) ;
#4382 = LINE ( 'NONE', #339, #2713 ) ;
#4383 = VECTOR ( 'NONE', #957, 1000.000000000000000 ) ;
#4384 = DIRECTION ( 'NONE',  ( 1.000000000000000000, 0.000000000000000000, 0.000000000000000000 ) ) ;
#4385 = VECTOR ( 'NONE', #50, 1000.000000000000000 ) ;
#4386 = CARTESIAN_POINT ( 'NONE',  ( 3.844999999999999751, 0.2000000000000000111, 3.287500000000000089 ) ) ;
#4387 = ORIENTED_EDGE ( 'NONE', *, *, #4284, .F. ) ;
#4388 = AXIS2_PLACEMENT_3D ( 'NONE', #2235, #74, #3024 ) ;
#4389 = EDGE_CURVE ( 'NONE', #862, #1045, #3911, .T. ) ;
#4390 = VECTOR ( 'NONE', #3656, 1000.000000000000000 ) ;
#4391 = VERTEX_POINT ( 'NONE', #1692 ) ;
#4392 = LINE ( 'NONE', #463, #2869 ) ;
#4393 = CARTESIAN_POINT ( 'NONE',  ( -3.795000000000000373, 2.620000000000000107, 4.037500000000000533 ) ) ;
#4394 = EDGE_CURVE ( 'NONE', #1271, #588, #556, .T. ) ;
#4395 = VECTOR ( 'NONE', #1022, 1000.000000000000000 ) ;
#4396 = DIRECTION ( 'NONE',  ( 0.000000000000000000, 0.000000000000000000, 1.000000000000000000 ) ) ;
#4397 = FACE_OUTER_BOUND ( 'NONE', #3085, .T. ) ;
#4398 = VECTOR ( 'NONE', #2160, 1000.000000000000000 ) ;
#4399 = ORIENTED_EDGE ( 'NONE', *, *, #706, .F. ) ;
#4400 = LINE ( 'NONE', #3663, #122 ) ;
#4401 = CARTESIAN_POINT ( 'NONE',  ( 4.094999999999999751, -3.180000000000000160, -1.192499999999999893 ) ) ;
#4402 = LINE ( 'NONE', #1061, #227 ) ;
#4403 = EDGE_CURVE ( 'NONE', #1915, #1759, #2790, .T. ) ;
#4404 = ORIENTED_EDGE ( 'NONE', *, *, #366, .T. ) ;
#4405 = CARTESIAN_POINT ( 'NONE',  ( -3.844999999999999751, -3.180000000000000160, -1.347499999999999920 ) ) ;
#4406 = CARTESIAN_POINT ( 'NONE',  ( 3.795000000000000373, 2.620000000000000107, -3.087499999999999911 ) ) ;
#4407 = VERTEX_POINT ( 'NONE', #193 ) ;
#4408 = VERTEX_POINT ( 'NONE', #4248 ) ;
#4409 = DIRECTION ( 'NONE',  ( -1.405264525413350645E-16, 0.9396926207859084279, 0.3420201433256686574 ) ) ;
#4410 = CARTESIAN_POINT ( 'NONE',  ( 3.174999999999999822, 2.669999999999999929, -4.037500000000000533 ) ) ;
#4411 = ORIENTED_EDGE ( 'NONE', *, *, #1438, .T. ) ;
#4412 = DIRECTION ( 'NONE',  ( -1.495451272393800035E-16, -1.000000000000000000, 0.000000000000000000 ) ) ;
#4413 = ORIENTED_EDGE ( 'NONE', *, *, #4252, .F. ) ;
#4414 = EDGE_CURVE ( 'NONE', #2935, #1143, #4623, .T. ) ;
#4415 = ORIENTED_EDGE ( 'NONE', *, *, #1255, .T. ) ;
#4416 = CARTESIAN_POINT ( 'NONE',  ( -3.174999999999999822, 2.669999999999999929, 3.087499999999999911 ) ) ;
#4417 = LINE ( 'NONE', #1803, #3916 ) ;
#4418 = CARTESIAN_POINT ( 'NONE',  ( 3.174999999999999822, 2.919999999999999929, 3.087499999999999911 ) ) ;
#4419 = EDGE_CURVE ( 'NONE', #4521, #3130, #2120, .T. ) ;
#4420 = CARTESIAN_POINT ( 'NONE',  ( -3.844999999999999751, 2.620000000000000107, -4.037500000000000533 ) ) ;
#4421 = EDGE_LOOP ( 'NONE', ( #2123, #2013, #2115, #505 ) ) ;
#4422 = CARTESIAN_POINT ( 'NONE',  ( -4.094999999999999751, 2.620000000000000107, 1.042499999999999982 ) ) ;
#4423 = CARTESIAN_POINT ( 'NONE',  ( 3.795000000000000373, -2.767878387081804892, -3.582500000000000018 ) ) ;
#4424 = ORIENTED_EDGE ( 'NONE', *, *, #2367, .F. ) ;
#4425 = LINE ( 'NONE', #1573, #3245 ) ;
#4426 = FACE_OUTER_BOUND ( 'NONE', #4331, .T. ) ;
#4427 = EDGE_CURVE ( 'NONE', #1807, #397, #3541, .T. ) ;
#4428 = ORIENTED_EDGE ( 'NONE', *, *, #461, .T. ) ;
#4429 = FACE_OUTER_BOUND ( 'NONE', #692, .T. ) ;
#4430 = DIRECTION ( 'NONE',  ( 0.000000000000000000, 0.000000000000000000, -1.000000000000000000 ) ) ;
#4431 = EDGE_CURVE ( 'NONE', #1746, #963, #3126, .T. ) ;
#4432 = DIRECTION ( 'NONE',  ( 0.000000000000000000, 1.000000000000000000, 0.000000000000000000 ) ) ;
#4433 = EDGE_CURVE ( 'NONE', #4135, #3272, #607, .T. ) ;
#4434 = ORIENTED_EDGE ( 'NONE', *, *, #4446, .T. ) ;
#4435 = ORIENTED_EDGE ( 'NONE', *, *, #1073, .F. ) ;
#4436 = CARTESIAN_POINT ( 'NONE',  ( -3.844999999999999751, -2.547265342226494947E-16, 4.540000000000000036 ) ) ;
#4437 = CARTESIAN_POINT ( 'NONE',  ( 3.844999999999999751, 0.2000000000000000111, 3.287500000000000089 ) ) ;
#4438 = VERTEX_POINT ( 'NONE', #2768 ) ;
#4439 = DIRECTION ( 'NONE',  ( 0.000000000000000000, 0.000000000000000000, -1.000000000000000000 ) ) ;
#4440 = CARTESIAN_POINT ( 'NONE',  ( -2.871431797042835132, 5.080000000000000071, -4.794999999999999929 ) ) ;
#4441 = ORIENTED_EDGE ( 'NONE', *, *, #2891, .T. ) ;
#4442 = CARTESIAN_POINT ( 'NONE',  ( -3.795000000000000373, 2.620000000000000107, 0.5400000000000000355 ) ) ;
#4443 = CARTESIAN_POINT ( 'NONE',  ( 3.844999999999999751, 2.620000000000000107, -3.582500000000000018 ) ) ;
#4444 = DIRECTION ( 'NONE',  ( 0.000000000000000000, -1.000000000000000000, 0.000000000000000000 ) ) ;
#4445 = ORIENTED_EDGE ( 'NONE', *, *, #929, .F. ) ;
#4446 = EDGE_CURVE ( 'NONE', #3674, #4591, #2077, .T. ) ;
#4447 = CARTESIAN_POINT ( 'NONE',  ( -3.174999999999999822, 2.919999999999999929, 4.037500000000000533 ) ) ;
#4448 = VECTOR ( 'NONE', #4318, 1000.000000000000000 ) ;
#4449 = DIRECTION ( 'NONE',  ( 0.000000000000000000, 1.000000000000000000, 0.000000000000000000 ) ) ;
#4450 = ORIENTED_EDGE ( 'NONE', *, *, #1214, .T. ) ;
#4451 = CYLINDRICAL_SURFACE ( 'NONE', #2184, 0.05000000000000012768 ) ;
#4452 = CARTESIAN_POINT ( 'NONE',  ( 3.844999999999999751, -2.547265342226494947E-16, 2.000000000000000000 ) ) ;
#4453 = ORIENTED_EDGE ( 'NONE', *, *, #2908, .F. ) ;
#4454 = AXIS2_PLACEMENT_3D ( 'NONE', #1441, #2506, #2574 ) ;
#4455 = AXIS2_PLACEMENT_3D ( 'NONE', #2294, #3751, #2249 ) ;
#4456 = ADVANCED_FACE ( 'NONE', ( #3502 ), #1739, .F. ) ;
#4457 = VECTOR ( 'NONE', #3139, 1000.000000000000000 ) ;
#4458 = VECTOR ( 'NONE', #466, 1000.000000000000000 ) ;
#4459 = ORIENTED_EDGE ( 'NONE', *, *, #758, .F. ) ;
#4460 = ADVANCED_FACE ( 'NONE', ( #2409 ), #1016, .T. ) ;
#4461 = AXIS2_PLACEMENT_3D ( 'NONE', #3888, #239, #4216 ) ;
#4462 = CIRCLE ( 'NONE', #4313, 0.2999999999999999334 ) ;
#4463 = VECTOR ( 'NONE', #1102, 1000.000000000000000 ) ;
#4464 = VERTEX_POINT ( 'NONE', #263 ) ;
#4465 = LINE ( 'NONE', #2941, #293 ) ;
#4466 = LINE ( 'NONE', #858, #3620 ) ;
#4467 = VECTOR ( 'NONE', #3134, 1000.000000000000000 ) ;
#4468 = FACE_OUTER_BOUND ( 'NONE', #961, .T. ) ;
#4469 = CARTESIAN_POINT ( 'NONE',  ( -4.094999999999999751, 0.2000000000000000111, -3.087499999999999911 ) ) ;
#4470 = ORIENTED_EDGE ( 'NONE', *, *, #3575, .F. ) ;
#4471 = CARTESIAN_POINT ( 'NONE',  ( -3.844999999999999751, 0.2000000000000000111, -2.000000000000000000 ) ) ;
#4472 = CARTESIAN_POINT ( 'NONE',  ( 4.094999999999999751, -3.180000000000000160, 1.497499999999999831 ) ) ;
#4473 = DIRECTION ( 'NONE',  ( 1.000000000000000000, -1.495451272393800035E-16, 0.000000000000000000 ) ) ;
#4474 = DIRECTION ( 'NONE',  ( 1.000000000000000000, 1.836970198721014650E-16, 0.000000000000000000 ) ) ;
#4475 = ORIENTED_EDGE ( 'NONE', *, *, #174, .T. ) ;
#4476 = VECTOR ( 'NONE', #2453, 1000.000000000000000 ) ;
#4477 = FACE_OUTER_BOUND ( 'NONE', #4086, .T. ) ;
#4478 = LINE ( 'NONE', #2718, #2402 ) ;
#4479 = EDGE_LOOP ( 'NONE', ( #2208, #3027, #4105, #4051 ) ) ;
#4480 = EDGE_CURVE ( 'NONE', #3580, #2463, #1369, .T. ) ;
#4481 = LINE ( 'NONE', #1230, #2938 ) ;
#4482 = DIRECTION ( 'NONE',  ( 0.000000000000000000, 0.000000000000000000, 1.000000000000000000 ) ) ;
#4483 = EDGE_LOOP ( 'NONE', ( #1449, #3891, #1706, #941 ) ) ;
#4484 =( NAMED_UNIT ( * ) PLANE_ANGLE_UNIT ( ) SI_UNIT ( $, .RADIAN. ) );
#4485 = EDGE_CURVE ( 'NONE', #3748, #3124, #4267, .T. ) ;
#4486 = EDGE_LOOP ( 'NONE', ( #3516, #685, #3427, #138, #1556, #731, #1367, #1442 ) ) ;
#4487 = ORIENTED_EDGE ( 'NONE', *, *, #2101, .F. ) ;
#4488 = CARTESIAN_POINT ( 'NONE',  ( -3.844999999999999751, -4.336808689942014778E-16, -1.497499999999999831 ) ) ;
#4489 = CARTESIAN_POINT ( 'NONE',  ( 3.844999999999999751, -2.547265342226494947E-16, 2.000000000000000000 ) ) ;
#4490 = DIRECTION ( 'NONE',  ( 0.000000000000000000, 1.000000000000000000, 0.000000000000000000 ) ) ;
#4491 = DIRECTION ( 'NONE',  ( -0.000000000000000000, 1.000000000000000000, 0.000000000000000000 ) ) ;
#4492 = EDGE_CURVE ( 'NONE', #1595, #1395, #2092, .T. ) ;
#4493 = EDGE_LOOP ( 'NONE', ( #1352, #850, #4265, #3848 ) ) ;
#4494 = CARTESIAN_POINT ( 'NONE',  ( -4.094999999999999751, -3.006507891906749780E-16, -0.7399999999999999911 ) ) ;
#4495 = LINE ( 'NONE', #2591, #832 ) ;
#4496 = DIRECTION ( 'NONE',  ( -1.000000000000000000, -1.836970198721014650E-16, 0.000000000000000000 ) ) ;
#4497 = ORIENTED_EDGE ( 'NONE', *, *, #1446, .T. ) ;
#4498 = DIRECTION ( 'NONE',  ( 0.000000000000000000, 0.000000000000000000, 1.000000000000000000 ) ) ;
#4499 = ORIENTED_EDGE ( 'NONE', *, *, #737, .F. ) ;
#4500 = DIRECTION ( 'NONE',  ( 1.000000000000000000, 0.000000000000000000, 0.000000000000000000 ) ) ;
#4501 = EDGE_LOOP ( 'NONE', ( #1154, #995, #2732, #2980 ) ) ;
#4502 = PLANE ( 'NONE',  #2721 ) ;
#4503 = LINE ( 'NONE', #3026, #1509 ) ;
#4504 = EDGE_LOOP ( 'NONE', ( #3760, #1619, #2454, #991 ) ) ;
#4505 = FILL_AREA_STYLE_COLOUR ( '', #3997 ) ;
#4506 = ORIENTED_EDGE ( 'NONE', *, *, #1513, .T. ) ;
#4507 = EDGE_CURVE ( 'NONE', #3739, #3219, #443, .T. ) ;
#4508 = ORIENTED_EDGE ( 'NONE', *, *, #2587, .F. ) ;
#4509 = LINE ( 'NONE', #563, #370 ) ;
#4510 = CARTESIAN_POINT ( 'NONE',  ( -3.844999999999999751, 2.620000000000000107, 1.497499999999999831 ) ) ;
#4511 = EDGE_CURVE ( 'NONE', #648, #2613, #2474, .T. ) ;
#4512 = DIRECTION ( 'NONE',  ( 1.000000000000000000, 6.994852725712920381E-16, 0.000000000000000000 ) ) ;
#4513 = CARTESIAN_POINT ( 'NONE',  ( -3.795000000000000373, 2.669999999999999929, 3.087499999999999911 ) ) ;
#4514 = VERTEX_POINT ( 'NONE', #1303 ) ;
#4515 = DIRECTION ( 'NONE',  ( -0.9902680687415703620, -0.1391731009600656321, 0.000000000000000000 ) ) ;
#4516 = DIRECTION ( 'NONE',  ( -3.310540984688565080E-16, 1.000000000000000000, 0.000000000000000000 ) ) ;
#4517 = CARTESIAN_POINT ( 'NONE',  ( 3.174999999999999822, 2.919999999999999929, -4.794999999999999929 ) ) ;
#4518 = DIRECTION ( 'NONE',  ( 0.000000000000000000, -1.000000000000000000, 0.000000000000000000 ) ) ;
#4519 = EDGE_CURVE ( 'NONE', #3122, #2755, #3717, .T. ) ;
#4520 = CARTESIAN_POINT ( 'NONE',  ( 3.795000000000000373, 2.620000000000000107, -0.5400000000000000355 ) ) ;
#4521 = VERTEX_POINT ( 'NONE', #2922 ) ;
#4522 = LINE ( 'NONE', #3817, #4606 ) ;
#4523 = VERTEX_POINT ( 'NONE', #313 ) ;
#4524 = VECTOR ( 'NONE', #4187, 1000.000000000000000 ) ;
#4525 = LINE ( 'NONE', #4181, #828 ) ;
#4526 = CARTESIAN_POINT ( 'NONE',  ( 3.844999999999999751, -3.180000000000000160, 3.732499999999999929 ) ) ;
#4527 = ORIENTED_EDGE ( 'NONE', *, *, #2479, .F. ) ;
#4528 = VECTOR ( 'NONE', #4346, 1000.000000000000000 ) ;
#4529 = FILL_AREA_STYLE_COLOUR ( '', #284 ) ;
#4530 = VECTOR ( 'NONE', #697, 1000.000000000000000 ) ;
#4531 =( LENGTH_UNIT ( ) NAMED_UNIT ( * ) SI_UNIT ( .MILLI., .METRE. ) );
#4532 = AXIS2_PLACEMENT_3D ( 'NONE', #2813, #242, #3537 ) ;
#4533 = VECTOR ( 'NONE', #3660, 1000.000000000000000 ) ;
#4534 = ORIENTED_EDGE ( 'NONE', *, *, #779, .F. ) ;
#4535 = EDGE_CURVE ( 'NONE', #3553, #2227, #4253, .T. ) ;
#4536 = LINE ( 'NONE', #1973, #3638 ) ;
#4537 = AXIS2_PLACEMENT_3D ( 'NONE', #363, #1854, #1764 ) ;
#4538 = DIRECTION ( 'NONE',  ( 0.000000000000000000, 1.000000000000000000, 0.000000000000000000 ) ) ;
#4539 = DIRECTION ( 'NONE',  ( 0.000000000000000000, 0.000000000000000000, -1.000000000000000000 ) ) ;
#4540 = VECTOR ( 'NONE', #4409, 1000.000000000000000 ) ;
#4541 = DIRECTION ( 'NONE',  ( 1.000000000000000000, 0.000000000000000000, 0.000000000000000000 ) ) ;
#4542 = ORIENTED_EDGE ( 'NONE', *, *, #967, .T. ) ;
#4543 = DIRECTION ( 'NONE',  ( -1.495451272393800035E-16, -1.000000000000000000, 0.000000000000000000 ) ) ;
#4544 = EDGE_CURVE ( 'NONE', #3618, #3580, #2570, .T. ) ;
#4545 = PLANE ( 'NONE',  #2725 ) ;
#4546 = DIRECTION ( 'NONE',  ( 0.000000000000000000, 1.000000000000000000, 0.000000000000000000 ) ) ;
#4547 = UNCERTAINTY_MEASURE_WITH_UNIT (LENGTH_MEASURE( 1.000000000000000082E-05 ), #2622, 'distance_accuracy_value', 'NONE');
#4548 = VECTOR ( 'NONE', #663, 1000.000000000000000 ) ;
#4549 = DIRECTION ( 'NONE',  ( 1.000000000000000000, 0.000000000000000000, 0.000000000000000000 ) ) ;
#4550 = ORIENTED_EDGE ( 'NONE', *, *, #3053, .T. ) ;
#4551 = CARTESIAN_POINT ( 'NONE',  ( 3.795000000000000373, 2.669999999999999929, 4.037500000000000533 ) ) ;
#4552 = VECTOR ( 'NONE', #3070, 1000.000000000000000 ) ;
#4553 = ORIENTED_EDGE ( 'NONE', *, *, #1214, .F. ) ;
#4554 = EDGE_CURVE ( 'NONE', #1887, #2734, #13, .T. ) ;
#4555 = SURFACE_SIDE_STYLE ('',( #4622 ) ) ;
#4556 = DIRECTION ( 'NONE',  ( 0.000000000000000000, 0.000000000000000000, 1.000000000000000000 ) ) ;
#4557 = AXIS2_PLACEMENT_3D ( 'NONE', #1813, #2855, #1475 ) ;
#4558 = SURFACE_SIDE_STYLE ('',( #459 ) ) ;
#4559 = SURFACE_STYLE_USAGE ( .BOTH. , #3072 ) ;
#4560 = ORIENTED_EDGE ( 'NONE', *, *, #1868, .F. ) ;
#4561 = DIRECTION ( 'NONE',  ( 0.000000000000000000, 0.000000000000000000, -1.000000000000000000 ) ) ;
#4562 = CARTESIAN_POINT ( 'NONE',  ( 3.844999999999999751, -2.547265342226494947E-16, 4.540000000000000036 ) ) ;
#4563 = EDGE_CURVE ( 'NONE', #1759, #2174, #2654, .T. ) ;
#4564 = PLANE ( 'NONE',  #3166 ) ;
#4565 = VERTEX_POINT ( 'NONE', #2190 ) ;
#4566 = DIRECTION ( 'NONE',  ( 1.000000000000000000, -6.994852725712920381E-16, 0.000000000000000000 ) ) ;
#4567 = DIRECTION ( 'NONE',  ( 1.000000000000000000, -1.836970198721014650E-16, 0.000000000000000000 ) ) ;
#4568 = CARTESIAN_POINT ( 'NONE',  ( -3.844999999999999751, -3.180000000000000160, 3.732499999999999929 ) ) ;
#4569 = EDGE_CURVE ( 'NONE', #1621, #1164, #675, .T. ) ;
#4570 = CARTESIAN_POINT ( 'NONE',  ( -3.844999999999999751, -2.547265342226494947E-16, 2.000000000000000000 ) ) ;
#4571 = ORIENTED_EDGE ( 'NONE', *, *, #3025, .T. ) ;
#4572 = ORIENTED_EDGE ( 'NONE', *, *, #412, .T. ) ;
#4573 = LINE ( 'NONE', #1013, #1349 ) ;
#4574 = ORIENTED_EDGE ( 'NONE', *, *, #3, .F. ) ;
#4575 = FACE_OUTER_BOUND ( 'NONE', #3001, .T. ) ;
#4576 = DIRECTION ( 'NONE',  ( 1.000000000000000000, -1.836970198721014650E-16, 0.000000000000000000 ) ) ;
#4577 = ORIENTED_EDGE ( 'NONE', *, *, #4431, .T. ) ;
#4578 = ADVANCED_FACE ( 'NONE', ( #2951 ), #1436, .T. ) ;
#4579 = DIRECTION ( 'NONE',  ( -1.495451272393800035E-16, 1.000000000000000000, 0.000000000000000000 ) ) ;
#4580 = PRODUCT_DEFINITION ( 'UNKNOWN', '', #4186, #4215 ) ;
#4581 = EDGE_CURVE ( 'NONE', #3122, #4523, #1761, .T. ) ;
#4582 = ORIENTED_EDGE ( 'NONE', *, *, #444, .F. ) ;
#4583 = FACE_OUTER_BOUND ( 'NONE', #3488, .T. ) ;
#4584 = DIRECTION ( 'NONE',  ( 1.000000000000000000, -1.836970198721014650E-16, 0.000000000000000000 ) ) ;
#4585 = VERTEX_POINT ( 'NONE', #1153 ) ;
#4586 = CARTESIAN_POINT ( 'NONE',  ( 3.174999999999999822, 2.919999999999999929, -1.042499999999999982 ) ) ;
#4587 = CARTESIAN_POINT ( 'NONE',  ( 3.844999999999999751, -2.547265342226494947E-16, -0.5400000000000000355 ) ) ;
#4588 = DIRECTION ( 'NONE',  ( -1.000000000000000000, -1.836970198721014650E-16, 0.000000000000000000 ) ) ;
#4589 = UNCERTAINTY_MEASURE_WITH_UNIT (LENGTH_MEASURE( 1.000000000000000082E-05 ), #4155, 'distance_accuracy_value', 'NONE');
#4590 = FACE_OUTER_BOUND ( 'NONE', #3386, .T. ) ;
#4591 = VERTEX_POINT ( 'NONE', #2523 ) ;
#4592 = DIRECTION ( 'NONE',  ( 1.000000000000000000, 0.000000000000000000, 0.000000000000000000 ) ) ;
#4593 = ORIENTED_EDGE ( 'NONE', *, *, #3666, .F. ) ;
#4594 = CARTESIAN_POINT ( 'NONE',  ( -3.795000000000000373, 2.620000000000000107, -1.042499999999999982 ) ) ;
#4595 = EDGE_CURVE ( 'NONE', #1075, #1887, #4668, .T. ) ;
#4596 = CARTESIAN_POINT ( 'NONE',  ( -3.795000000000000373, 2.919999999999999929, 1.497499999999999831 ) ) ;
#4597 = CLOSED_SHELL ( 'NONE', ( #2738, #2937, #2582, #2147, #4578, #2085, #1330, #3362, #1483, #1317, #1749, #3653, #2457, #3522, #4725, #2242, #1024, #4036 ) ) ;
#4598 = FILL_AREA_STYLE_COLOUR ( '', #2930 ) ;
#4599 = CARTESIAN_POINT ( 'NONE',  ( -3.795000000000000373, 2.620000000000000107, -4.037500000000000533 ) ) ;
#4600 = ADVANCED_FACE ( 'NONE', ( #2141 ), #3592, .F. ) ;
#4601 = CLOSED_SHELL ( 'NONE', ( #926, #2108, #3231, #299, #4153, #1820, #2821, #1357, #2236, #1237, #4092, #3240, #1748, #2720, #1167, #1892, #1840, #2530 ) ) ;
#4602 = EDGE_LOOP ( 'NONE', ( #94, #948, #1534, #4047 ) ) ;
#4603 = AXIS2_PLACEMENT_3D ( 'NONE', #2733, #160, #2756 ) ;
#4604 = ORIENTED_EDGE ( 'NONE', *, *, #1396, .F. ) ;
#4605 = PLANE ( 'NONE',  #297 ) ;
#4606 = VECTOR ( 'NONE', #4244, 1000.000000000000000 ) ;
#4607 = VECTOR ( 'NONE', #1434, 1000.000000000000000 ) ;
#4608 = CARTESIAN_POINT ( 'NONE',  ( 4.094999999999999751, -3.180000000000000160, -3.887499999999999734 ) ) ;
#4609 = VECTOR ( 'NONE', #1169, 1000.000000000000000 ) ;
#4610 = ORIENTED_EDGE ( 'NONE', *, *, #3281, .T. ) ;
#4611 = CIRCLE ( 'NONE', #279, 0.2999999999999999334 ) ;
#4612 = CARTESIAN_POINT ( 'NONE',  ( -2.871431797042835132, 0.5100000000000000089, -4.491431797042834795 ) ) ;
#4613 = CARTESIAN_POINT ( 'NONE',  ( -4.094999999999999751, -3.180000000000000160, -3.732499999999999929 ) ) ;
#4614 = LINE ( 'NONE', #2781, #2782 ) ;
#4615 = CIRCLE ( 'NONE', #4537, 0.05000000000000012768 ) ;
#4616 = VECTOR ( 'NONE', #390, 1000.000000000000000 ) ;
#4617 = DIRECTION ( 'NONE',  ( 0.000000000000000000, -1.000000000000000000, 0.000000000000000000 ) ) ;
#4618 = ORIENTED_EDGE ( 'NONE', *, *, #2438, .T. ) ;
#4619 = CARTESIAN_POINT ( 'NONE',  ( -4.094999999999999751, -3.006507891906749780E-16, -3.287500000000000089 ) ) ;
#4620 = VERTEX_POINT ( 'NONE', #3645 ) ;
#4621 =( GEOMETRIC_REPRESENTATION_CONTEXT ( 3 ) GLOBAL_UNCERTAINTY_ASSIGNED_CONTEXT ( ( #3886 ) ) GLOBAL_UNIT_ASSIGNED_CONTEXT ( ( #3958, #3591, #4718 ) ) REPRESENTATION_CONTEXT ( 'NONE', 'WORKASPACE' ) );
#4622 = SURFACE_STYLE_FILL_AREA ( #223 ) ;
#4623 = LINE ( 'NONE', #1036, #4476 ) ;
#4624 = AXIS2_PLACEMENT_3D ( 'NONE', #1920, #1118, #1535 ) ;
#4625 = EDGE_CURVE ( 'NONE', #4073, #2740, #383, .T. ) ;
#4626 =( NAMED_UNIT ( * ) SI_UNIT ( $, .STERADIAN. ) SOLID_ANGLE_UNIT ( ) );
#4627 = VECTOR ( 'NONE', #2350, 1000.000000000000000 ) ;
#4628 = EDGE_CURVE ( 'NONE', #1865, #608, #1129, .T. ) ;
#4629 = VECTOR ( 'NONE', #3479, 1000.000000000000000 ) ;
#4630 = VERTEX_POINT ( 'NONE', #768 ) ;
#4631 = DIRECTION ( 'NONE',  ( 0.000000000000000000, 1.000000000000000000, 0.000000000000000000 ) ) ;
#4632 = EDGE_CURVE ( 'NONE', #154, #1738, #401, .T. ) ;
#4633 = EDGE_CURVE ( 'NONE', #3574, #4055, #36, .T. ) ;
#4634 = CARTESIAN_POINT ( 'NONE',  ( 3.795000000000000373, 2.620000000000000107, -3.087499999999999911 ) ) ;
#4635 = ORIENTED_EDGE ( 'NONE', *, *, #4414, .F. ) ;
#4636 = CARTESIAN_POINT ( 'NONE',  ( 3.174999999999999822, 2.919999999999999929, -4.037500000000000533 ) ) ;
#4637 = LINE ( 'NONE', #1467, #3631 ) ;
#4638 = DIRECTION ( 'NONE',  ( 0.000000000000000000, 0.000000000000000000, 1.000000000000000000 ) ) ;
#4639 = UNCERTAINTY_MEASURE_WITH_UNIT (LENGTH_MEASURE( 1.000000000000000082E-05 ), #195, 'distance_accuracy_value', 'NONE');
#4640 = EDGE_CURVE ( 'NONE', #2255, #895, #4402, .T. ) ;
#4641 = EDGE_CURVE ( 'NONE', #2271, #37, #2503, .T. ) ;
#4642 = CARTESIAN_POINT ( 'NONE',  ( -4.094999999999999751, -3.180000000000000160, 3.887499999999999734 ) ) ;
#4643 = ORIENTED_EDGE ( 'NONE', *, *, #2850, .T. ) ;
#4644 = VERTEX_POINT ( 'NONE', #3233 ) ;
#4645 = CARTESIAN_POINT ( 'NONE',  ( -4.094999999999999751, 2.620000000000000107, 3.582500000000000018 ) ) ;
#4646 = EDGE_LOOP ( 'NONE', ( #453, #3202, #4183, #2355 ) ) ;
#4647 = CARTESIAN_POINT ( 'NONE',  ( 3.174999999999999822, 2.919999999999999929, 4.037500000000000533 ) ) ;
#4648 = ORIENTED_EDGE ( 'NONE', *, *, #4284, .T. ) ;
#4649 = ORIENTED_EDGE ( 'NONE', *, *, #3323, .T. ) ;
#4650 = DIRECTION ( 'NONE',  ( 1.495451272393800035E-16, -1.000000000000000000, 0.000000000000000000 ) ) ;
#4651 = LINE ( 'NONE', #2910, #1116 ) ;
#4652 = ORIENTED_EDGE ( 'NONE', *, *, #3968, .T. ) ;
#4653 = FACE_OUTER_BOUND ( 'NONE', #455, .T. ) ;
#4654 = ADVANCED_FACE ( 'NONE', ( #4695 ), #360, .T. ) ;
#4655 = FACE_OUTER_BOUND ( 'NONE', #7, .T. ) ;
#4656 = ORIENTED_EDGE ( 'NONE', *, *, #1114, .F. ) ;
#4657 = CARTESIAN_POINT ( 'NONE',  ( -3.844999999999999751, -3.180000000000000160, 3.732499999999999929 ) ) ;
#4658 = PLANE ( 'NONE',  #1435 ) ;
#4659 = CARTESIAN_POINT ( 'NONE',  ( -2.161781006939595517, 4.980000000000000426, -3.832248148665670318 ) ) ;
#4660 = ORIENTED_EDGE ( 'NONE', *, *, #224, .F. ) ;
#4661 = EDGE_CURVE ( 'NONE', #3711, #3990, #1524, .T. ) ;
#4662 = CYLINDRICAL_SURFACE ( 'NONE', #661, 0.05000000000000012768 ) ;
#4663 = ORIENTED_EDGE ( 'NONE', *, *, #2810, .T. ) ;
#4664 = PLANE ( 'NONE',  #3006 ) ;
#4665 = ORIENTED_EDGE ( 'NONE', *, *, #4334, .F. ) ;
#4666 = CARTESIAN_POINT ( 'NONE',  ( 3.795000000000000373, 2.620000000000000107, 0.5400000000000000355 ) ) ;
#4667 = PRODUCT_RELATED_PRODUCT_CATEGORY ( 'part', '', ( #3216 ) ) ;
#4668 = LINE ( 'NONE', #3978, #3948 ) ;
#4669 = EDGE_CURVE ( 'NONE', #1394, #676, #2281, .T. ) ;
#4670 = ORIENTED_EDGE ( 'NONE', *, *, #1863, .T. ) ;
#4671 = CARTESIAN_POINT ( 'NONE',  ( 3.795000000000000373, 0.2000000000000000111, 1.800000000000000044 ) ) ;
#4672 = CARTESIAN_POINT ( 'NONE',  ( 3.844999999999999751, -3.180000000000000160, -3.887499999999999734 ) ) ;
#4673 = PLANE ( 'NONE',  #2413 ) ;
#4674 = DIRECTION ( 'NONE',  ( 1.495451272393800035E-16, 1.000000000000000000, 0.000000000000000000 ) ) ;
#4675 = PRESENTATION_LAYER_ASSIGNMENT (  '', '', ( #2016 ) ) ;
#4676 = VERTEX_POINT ( 'NONE', #90 ) ;
#4677 = VECTOR ( 'NONE', #3201, 1000.000000000000000 ) ;
#4678 = ADVANCED_FACE ( 'NONE', ( #846 ), #3738, .T. ) ;
#4679 = EDGE_LOOP ( 'NONE', ( #3332, #3826, #1849, #1555 ) ) ;
#4680 = ORIENTED_EDGE ( 'NONE', *, *, #2793, .F. ) ;
#4681 = PLANE ( 'NONE',  #672 ) ;
#4682 = MECHANICAL_DESIGN_GEOMETRIC_PRESENTATION_REPRESENTATION (  '', ( #2552 ), #1642 ) ;
#4683 = DIRECTION ( 'NONE',  ( 0.000000000000000000, 1.000000000000000000, 0.000000000000000000 ) ) ;
#4684 = ORIENTED_EDGE ( 'NONE', *, *, #554, .T. ) ;
#4685 = AXIS2_PLACEMENT_3D ( 'NONE', #4562, #1309, #2015 ) ;
#4686 = DIRECTION ( 'NONE',  ( -1.000000000000000000, 1.836970198721014650E-16, 0.000000000000000000 ) ) ;
#4687 = CIRCLE ( 'NONE', #972, 0.2000000000000000111 ) ;
#4688 = VECTOR ( 'NONE', #2000, 1000.000000000000000 ) ;
#4689 = EDGE_CURVE ( 'NONE', #3105, #3918, #1197, .T. ) ;
#4690 = ORIENTED_EDGE ( 'NONE', *, *, #2485, .F. ) ;
#4691 = CARTESIAN_POINT ( 'NONE',  ( 4.094999999999999751, 2.620000000000000107, 4.037500000000000533 ) ) ;
#4692 = VERTEX_POINT ( 'NONE', #2989 ) ;
#4693 = DIRECTION ( 'NONE',  ( 0.000000000000000000, 1.000000000000000000, 0.000000000000000000 ) ) ;
#4694 = SURFACE_SIDE_STYLE ('',( #4031 ) ) ;
#4695 = FACE_OUTER_BOUND ( 'NONE', #4283, .T. ) ;
#4696 = ORIENTED_EDGE ( 'NONE', *, *, #2837, .F. ) ;
#4697 = AXIS2_PLACEMENT_3D ( 'NONE', #2260, #1545, #474 ) ;
#4698 = VERTEX_POINT ( 'NONE', #3423 ) ;
#4699 = DIRECTION ( 'NONE',  ( 0.000000000000000000, -1.000000000000000000, 0.000000000000000000 ) ) ;
#4700 = DIRECTION ( 'NONE',  ( 0.000000000000000000, 0.000000000000000000, -1.000000000000000000 ) ) ;
#4701 = PRESENTATION_LAYER_ASSIGNMENT (  '', '', ( #49 ) ) ;
#4702 = ORIENTED_EDGE ( 'NONE', *, *, #3887, .F. ) ;
#4703 = DIRECTION ( 'NONE',  ( 0.000000000000000000, 0.000000000000000000, 1.000000000000000000 ) ) ;
#4704 = CARTESIAN_POINT ( 'NONE',  ( -3.844999999999999751, -2.767878387081804892, 4.037500000000000533 ) ) ;
#4705 = VECTOR ( 'NONE', #2049, 1000.000000000000000 ) ;
#4706 = EDGE_CURVE ( 'NONE', #278, #1487, #3715, .T. ) ;
#4707 = VECTOR ( 'NONE', #1286, 1000.000000000000000 ) ;
#4708 = ORIENTED_EDGE ( 'NONE', *, *, #1553, .T. ) ;
#4709 = CIRCLE ( 'NONE', #1217, 0.2000000000000000111 ) ;
#4710 = ORIENTED_EDGE ( 'NONE', *, *, #4511, .F. ) ;
#4711 = EDGE_LOOP ( 'NONE', ( #4147, #3583, #3190, #4475 ) ) ;
#4712 = DIRECTION ( 'NONE',  ( 0.000000000000000000, -1.000000000000000000, 0.000000000000000000 ) ) ;
#4713 = CARTESIAN_POINT ( 'NONE',  ( 4.094999999999999751, -3.006507891906749780E-16, -1.497499999999999831 ) ) ;
#4714 = FACE_OUTER_BOUND ( 'NONE', #1769, .T. ) ;
#4715 = CARTESIAN_POINT ( 'NONE',  ( 3.174999999999999822, 2.669999999999999929, -1.042499999999999982 ) ) ;
#4716 = ORIENTED_EDGE ( 'NONE', *, *, #2860, .F. ) ;
#4717 = CARTESIAN_POINT ( 'NONE',  ( -3.795000000000000373, 2.919999999999999929, -4.037500000000000533 ) ) ;
#4718 =( NAMED_UNIT ( * ) SI_UNIT ( $, .STERADIAN. ) SOLID_ANGLE_UNIT ( ) );
#4719 = DIRECTION ( 'NONE',  ( -1.000000000000000000, 0.000000000000000000, 0.000000000000000000 ) ) ;
#4720 = ORIENTED_EDGE ( 'NONE', *, *, #3296, .F. ) ;
#4721 = EDGE_CURVE ( 'NONE', #37, #1621, #4709, .T. ) ;
#4722 = DIRECTION ( 'NONE',  ( 0.000000000000000000, -1.000000000000000000, 0.000000000000000000 ) ) ;
#4723 = CARTESIAN_POINT ( 'NONE',  ( -3.795000000000000373, 2.669999999999999929, 1.497499999999999831 ) ) ;
#4724 = CARTESIAN_POINT ( 'NONE',  ( -3.844999999999999751, -3.180000000000000160, 4.037500000000000533 ) ) ;
#4725 = ADVANCED_FACE ( 'NONE', ( #815 ), #1224, .F. ) ;
ENDSEC;
END-ISO-10303-21;
