ISO-10303-21;
HEADER;
FILE_DESCRIPTION (( 'STEP AP214' ),
    '1' );
FILE_NAME ('705430004.STEP',
    '2024-03-15T08:13:29',
    ( 'LENOVO' ),
    ( '' ),
    'SwSTEP 2.0',
    'SolidWorks 2021',
    '' );
FILE_SCHEMA (( 'AUTOMOTIVE_DESIGN' ));
ENDSEC;

DATA;
#1 = EDGE_CURVE ( 'NONE', #1319, #1721, #868, .T. ) ;
#2 = VECTOR ( 'NONE', #1044, 39.37007874015748143 ) ;
#3 = ORIENTED_EDGE ( 'NONE', *, *, #121, .T. ) ;
#4 = EDGE_CURVE ( 'NONE', #1315, #362, #2627, .T. ) ;
#5 = CARTESIAN_POINT ( 'NONE',  ( 0.000000000000000000, 0.3550000000000000377, -0.004499999999999989252 ) ) ;
#6 = FILL_AREA_STYLE ('',( #622 ) ) ;
#7 = LINE ( 'NONE', #173, #878 ) ;
#8 = ORIENTED_EDGE ( 'NONE', *, *, #18, .F. ) ;
#9 = AXIS2_PLACEMENT_3D ( 'NONE', #1737, #2177, #2192 ) ;
#10 = LINE ( 'NONE', #485, #2631 ) ;
#11 = CARTESIAN_POINT ( 'NONE',  ( -0.2999999999999999334, 0.4649999999999999689, 0.1000000000000000056 ) ) ;
#12 = LINE ( 'NONE', #2222, #891 ) ;
#13 = LINE ( 'NONE', #345, #892 ) ;
#14 = ORIENTED_EDGE ( 'NONE', *, *, #2264, .T. ) ;
#15 =( CONVERSION_BASED_UNIT ( 'INCH', #319 ) LENGTH_UNIT ( ) NAMED_UNIT ( #2417 ) );
#16 = FACE_OUTER_BOUND ( 'NONE', #765, .T. ) ;
#17 = LINE ( 'NONE', #1372, #2622 ) ;
#18 = EDGE_CURVE ( 'NONE', #2405, #2500, #1702, .T. ) ;
#19 = ORIENTED_EDGE ( 'NONE', *, *, #1558, .T. ) ;
#20 = VECTOR ( 'NONE', #1468, 39.37007874015748143 ) ;
#21 = CARTESIAN_POINT ( 'NONE',  ( -0.1749999999999999334, 0.4649999999999999689, 0.08000000000000009881 ) ) ;
#22 = VECTOR ( 'NONE', #174, 39.37007874015748143 ) ;
#23 = AXIS2_PLACEMENT_3D ( 'NONE', #1245, #2132, #913 ) ;
#24 = LINE ( 'NONE', #1364, #841 ) ;
#25 = LINE ( 'NONE', #2519, #933 ) ;
#26 = ORIENTED_EDGE ( 'NONE', *, *, #4, .T. ) ;
#27 = ORIENTED_EDGE ( 'NONE', *, *, #421, .F. ) ;
#28 = PLANE ( 'NONE',  #257 ) ;
#29 = CARTESIAN_POINT ( 'NONE',  ( -0.2674999999999999600, 0.01499999999999997689, 0.1000000000000000056 ) ) ;
#30 = LINE ( 'NONE', #1166, #192 ) ;
#31 = EDGE_CURVE ( 'NONE', #73, #498, #1742, .T. ) ;
#32 = DIRECTION ( 'NONE',  ( 0.000000000000000000, -0.000000000000000000, 1.000000000000000000 ) ) ;
#33 = EDGE_CURVE ( 'NONE', #1689, #484, #1706, .T. ) ;
#34 = CARTESIAN_POINT ( 'NONE',  ( -0.05700000000000000205, 0.3519999999999999796, 0.1176972864800942681 ) ) ;
#35 = VECTOR ( 'NONE', #828, 39.37007874015748143 ) ;
#36 = ORIENTED_EDGE ( 'NONE', *, *, #222, .F. ) ;
#37 = DIRECTION ( 'NONE',  ( -0.000000000000000000, -0.000000000000000000, 1.000000000000000000 ) ) ;
#38 = VECTOR ( 'NONE', #2609, 39.37007874015748143 ) ;
#39 =( GEOMETRIC_REPRESENTATION_CONTEXT ( 3 ) GLOBAL_UNCERTAINTY_ASSIGNED_CONTEXT ( ( #624 ) ) GLOBAL_UNIT_ASSIGNED_CONTEXT ( ( #1700, #258, #1504 ) ) REPRESENTATION_CONTEXT ( 'NONE', 'WORKASPACE' ) );
#40 = LINE ( 'NONE', #1879, #954 ) ;
#41 = VERTEX_POINT ( 'NONE', #1593 ) ;
#42 = ADVANCED_FACE ( 'NONE', ( #1748 ), #1436, .F. ) ;
#43 = LINE ( 'NONE', #1941, #2626 ) ;
#44 = CARTESIAN_POINT ( 'NONE',  ( -0.2999999999999999334, 0.01499999999999997689, 0.1000000000000000056 ) ) ;
#45 = CARTESIAN_POINT ( 'NONE',  ( -0.1099999999999999867, 0.4449999999999999512, -0.1199999999999999956 ) ) ;
#46 = LINE ( 'NONE', #990, #1862 ) ;
#47 = ORIENTED_EDGE ( 'NONE', *, *, #132, .F. ) ;
#48 = EDGE_CURVE ( 'NONE', #347, #2445, #1696, .T. ) ;
#49 = CARTESIAN_POINT ( 'NONE',  ( 0.000000000000000000, -0.1300000000000000044, -0.004499999999999998793 ) ) ;
#50 = CARTESIAN_POINT ( 'NONE',  ( -0.2999999999999999334, 0.4649999999999999689, -0.1000000000000000056 ) ) ;
#51 =( REPRESENTATION_RELATIONSHIP ('NONE','NONE', #208, #1270 ) REPRESENTATION_RELATIONSHIP_WITH_TRANSFORMATION ( #1507 )SHAPE_REPRESENTATION_RELATIONSHIP( ) );
#52 = VECTOR ( 'NONE', #1206, 39.37007874015748854 ) ;
#53 = VECTOR ( 'NONE', #835, 39.37007874015748143 ) ;
#54 = CARTESIAN_POINT ( 'NONE',  ( -0.06000000000000003247, 0.3150000000000000022, -0.1000000000000000056 ) ) ;
#55 = VECTOR ( 'NONE', #2573, 39.37007874015748143 ) ;
#56 = CARTESIAN_POINT ( 'NONE',  ( -0.1749999999999999334, 0.000000000000000000, 0.000000000000000000 ) ) ;
#57 = ORIENTED_EDGE ( 'NONE', *, *, #2485, .T. ) ;
#58 = ADVANCED_FACE ( 'NONE', ( #1736 ), #1635, .F. ) ;
#59 = VECTOR ( 'NONE', #2397, 39.37007874015748143 ) ;
#60 = VECTOR ( 'NONE', #1805, 39.37007874015748143 ) ;
#61 = EDGE_LOOP ( 'NONE', ( #1407, #1385, #2052, #163 ) ) ;
#62 = DIRECTION ( 'NONE',  ( 0.000000000000000000, 0.000000000000000000, -1.000000000000000000 ) ) ;
#63 = DIMENSIONAL_EXPONENTS ( 1.000000000000000000, 0.000000000000000000, 0.000000000000000000, 0.000000000000000000, 0.000000000000000000, 0.000000000000000000, 0.000000000000000000 ) ;
#64 = VECTOR ( 'NONE', #413, 39.37007874015748143 ) ;
#65 = EDGE_CURVE ( 'NONE', #41, #583, #2637, .T. ) ;
#66 = LINE ( 'NONE', #877, #1005 ) ;
#67 = ORIENTED_EDGE ( 'NONE', *, *, #689, .T. ) ;
#68 = AXIS2_PLACEMENT_3D ( 'NONE', #1021, #2031, #857 ) ;
#69 = CARTESIAN_POINT ( 'NONE',  ( -0.2524999999999999467, 6.402768735150616918E-18, -0.1380788655293195555 ) ) ;
#70 = DIRECTION ( 'NONE',  ( 1.000000000000000000, -0.000000000000000000, -0.000000000000000000 ) ) ;
#71 = VECTOR ( 'NONE', #337, 39.37007874015748143 ) ;
#72 = FACE_OUTER_BOUND ( 'NONE', #1695, .T. ) ;
#73 = VERTEX_POINT ( 'NONE', #1420 ) ;
#74 = AXIS2_PLACEMENT_3D ( 'NONE', #56, #321, #514 ) ;
#75 = CARTESIAN_POINT ( 'NONE',  ( -0.2999999999999999334, 0.01499999999999997689, 0.1000000000000000056 ) ) ;
#76 = LINE ( 'NONE', #1731, #1899 ) ;
#77 = LINE ( 'NONE', #1384, #991 ) ;
#78 = FILL_AREA_STYLE ('',( #2145 ) ) ;
#79 = ORIENTED_EDGE ( 'NONE', *, *, #1297, .T. ) ;
#80 = VECTOR ( 'NONE', #219, 39.37007874015748143 ) ;
#81 = LINE ( 'NONE', #705, #1084 ) ;
#82 = ORIENTED_EDGE ( 'NONE', *, *, #909, .T. ) ;
#83 = ADVANCED_FACE ( 'NONE', ( #2607 ), #1454, .F. ) ;
#84 = CARTESIAN_POINT ( 'NONE',  ( 0.000000000000000000, 0.4649999999999999689, 0.08000000000000009881 ) ) ;
#85 = CARTESIAN_POINT ( 'NONE',  ( -0.2999999999999999334, 0.4649999999999999689, -0.1000000000000000056 ) ) ;
#86 = LINE ( 'NONE', #1621, #1860 ) ;
#87 = ORIENTED_EDGE ( 'NONE', *, *, #2418, .F. ) ;
#88 = PLANE ( 'NONE',  #2501 ) ;
#89 = DIRECTION ( 'NONE',  ( 0.000000000000000000, 0.000000000000000000, 1.000000000000000000 ) ) ;
#90 = LINE ( 'NONE', #926, #105 ) ;
#91 = DIRECTION ( 'NONE',  ( -0.000000000000000000, 0.000000000000000000, 1.000000000000000000 ) ) ;
#92 = FACE_OUTER_BOUND ( 'NONE', #2566, .T. ) ;
#93 = ORIENTED_EDGE ( 'NONE', *, *, #1481, .F. ) ;
#94 = STYLED_ITEM ( 'NONE', ( #1115 ), #2602 ) ;
#95 = LINE ( 'NONE', #2081, #153 ) ;
#96 = CARTESIAN_POINT ( 'NONE',  ( 0.05700000000000000205, 0.3519999999999999796, -0.1600000000000000033 ) ) ;
#97 = ORIENTED_EDGE ( 'NONE', *, *, #2289, .F. ) ;
#98 = PLANE ( 'NONE',  #617 ) ;
#99 = EDGE_CURVE ( 'NONE', #452, #1430, #2618, .T. ) ;
#100 = VECTOR ( 'NONE', #2263, 39.37007874015748143 ) ;
#101 = ORIENTED_EDGE ( 'NONE', *, *, #236, .T. ) ;
#102 = DIRECTION ( 'NONE',  ( -1.000000000000000000, 0.000000000000000000, 0.000000000000000000 ) ) ;
#103 = DIRECTION ( 'NONE',  ( -1.000000000000000000, 0.000000000000000000, 0.000000000000000000 ) ) ;
#104 = EDGE_CURVE ( 'NONE', #2094, #1707, #7, .T. ) ;
#105 = VECTOR ( 'NONE', #2180, 39.37007874015748854 ) ;
#106 = AXIS2_PLACEMENT_3D ( 'NONE', #1159, #2547, #513 ) ;
#107 = ORIENTED_EDGE ( 'NONE', *, *, #1133, .T. ) ;
#108 = DIRECTION ( 'NONE',  ( 0.000000000000000000, 0.000000000000000000, 1.000000000000000000 ) ) ;
#109 = CARTESIAN_POINT ( 'NONE',  ( -0.1099999999999999867, 0.2949999999999999289, -0.05999999999999999084 ) ) ;
#110 = CARTESIAN_POINT ( 'NONE',  ( -0.01249999999999999722, -0.1049999999999997324, 0.01250000000000000069 ) ) ;
#111 = EDGE_LOOP ( 'NONE', ( #534, #1890, #790, #1431 ) ) ;
#112 = DIRECTION ( 'NONE',  ( -1.000000000000000000, 0.000000000000000000, 0.000000000000000000 ) ) ;
#113 = VECTOR ( 'NONE', #680, 39.37007874015748143 ) ;
#114 = CARTESIAN_POINT ( 'NONE',  ( 0.1249999999999999306, 0.1150000000000000050, 0.1000000000000000056 ) ) ;
#115 = ORIENTED_EDGE ( 'NONE', *, *, #996, .F. ) ;
#116 = EDGE_CURVE ( 'NONE', #815, #2516, #885, .T. ) ;
#117 = LINE ( 'NONE', #2146, #1874 ) ;
#118 = ORIENTED_EDGE ( 'NONE', *, *, #789, .F. ) ;
#119 = CARTESIAN_POINT ( 'NONE',  ( 0.1499999999999999944, 0.4649999999999999689, -0.1600000000000000033 ) ) ;
#120 = SURFACE_SIDE_STYLE ('',( #2252 ) ) ;
#121 = EDGE_CURVE ( 'NONE', #2143, #568, #1861, .T. ) ;
#122 = LINE ( 'NONE', #2286, #52 ) ;
#123 = ORIENTED_EDGE ( 'NONE', *, *, #376, .F. ) ;
#124 = STYLED_ITEM ( 'NONE', ( #1366 ), #902 ) ;
#125 = PLANE ( 'NONE',  #826 ) ;
#126 = CARTESIAN_POINT ( 'NONE',  ( 0.000000000000000000, 0.3150000000000000022, -0.07999999999999993228 ) ) ;
#127 = ORIENTED_EDGE ( 'NONE', *, *, #1168, .F. ) ;
#128 = CARTESIAN_POINT ( 'NONE',  ( -0.1749999999999999334, 0.4449999999999999512, 0.06000000000000005329 ) ) ;
#129 = LINE ( 'NONE', #1921, #1843 ) ;
#130 = CARTESIAN_POINT ( 'NONE',  ( 0.1249999999999999306, 0.1150000000000000050, 0.06000000000000005329 ) ) ;
#131 = VERTEX_POINT ( 'NONE', #1535 ) ;
#132 = EDGE_CURVE ( 'NONE', #1933, #555, #66, .T. ) ;
#133 = LINE ( 'NONE', #699, #1812 ) ;
#134 = VECTOR ( 'NONE', #1772, 39.37007874015748143 ) ;
#135 = CARTESIAN_POINT ( 'NONE',  ( -0.1749999999999999334, 0.1150000000000000050, 0.06000000000000005329 ) ) ;
#136 = CARTESIAN_POINT ( 'NONE',  ( -0.2800000000000000266, 0.4649999999999999689, -0.000000000000000000 ) ) ;
#137 = AXIS2_PLACEMENT_3D ( 'NONE', #912, #439, #1432 ) ;
#138 = FACE_OUTER_BOUND ( 'NONE', #819, .T. ) ;
#139 = ORIENTED_EDGE ( 'NONE', *, *, #521, .F. ) ;
#140 = VECTOR ( 'NONE', #2505, 39.37007874015748143 ) ;
#141 = DIRECTION ( 'NONE',  ( -0.7071067811865464625, -0.7071067811865485719, 0.000000000000000000 ) ) ;
#142 = DIRECTION ( 'NONE',  ( 0.000000000000000000, 0.000000000000000000, 1.000000000000000000 ) ) ;
#143 = CARTESIAN_POINT ( 'NONE',  ( 0.01250000000000000590, 0.3299999999999997380, 0.01250000000000000069 ) ) ;
#144 = DIRECTION ( 'NONE',  ( 0.000000000000000000, -1.000000000000000000, 0.000000000000000000 ) ) ;
#145 = LINE ( 'NONE', #50, #188 ) ;
#146 = CARTESIAN_POINT ( 'NONE',  ( 0.1749999999999999334, 0.4449999999999999512, 0.06000000000000005329 ) ) ;
#147 = VECTOR ( 'NONE', #1687, 39.37007874015748143 ) ;
#148 = DIRECTION ( 'NONE',  ( 0.000000000000000000, -0.000000000000000000, -1.000000000000000000 ) ) ;
#149 = EDGE_CURVE ( 'NONE', #2510, #479, #40, .T. ) ;
#150 = CARTESIAN_POINT ( 'NONE',  ( -0.01249999999999999722, 0.3299999999999997380, -0.01250000000000000069 ) ) ;
#151 = VECTOR ( 'NONE', #2358, 39.37007874015748143 ) ;
#152 = VECTOR ( 'NONE', #1391, 39.37007874015748143 ) ;
#153 = VECTOR ( 'NONE', #464, 39.37007874015748143 ) ;
#154 = DIRECTION ( 'NONE',  ( -1.000000000000000000, 0.000000000000000000, 0.000000000000000000 ) ) ;
#155 = AXIS2_PLACEMENT_3D ( 'NONE', #399, #2463, #2298 ) ;
#156 = PRODUCT_DEFINITION_SHAPE ( 'NONE', 'NONE',  #2646 ) ;
#157 = ORIENTED_EDGE ( 'NONE', *, *, #1333, .T. ) ;
#158 = LINE ( 'NONE', #2136, #1036 ) ;
#159 = CARTESIAN_POINT ( 'NONE',  ( 0.1099999999999999867, 0.2949999999999999289, -0.05999999999999994921 ) ) ;
#160 = DIRECTION ( 'NONE',  ( -0.000000000000000000, -0.000000000000000000, -1.000000000000000000 ) ) ;
#161 = CARTESIAN_POINT ( 'NONE',  ( -0.2524999999999999467, 6.402768735150616918E-18, 0.1000000000000000056 ) ) ;
#162 = DIRECTION ( 'NONE',  ( 0.000000000000000000, 0.000000000000000000, 1.000000000000000000 ) ) ;
#163 = ORIENTED_EDGE ( 'NONE', *, *, #1359, .T. ) ;
#164 = VECTOR ( 'NONE', #2280, 39.37007874015748143 ) ;
#165 = EDGE_CURVE ( 'NONE', #1248, #1644, #1842, .T. ) ;
#166 = AXIS2_PLACEMENT_3D ( 'NONE', #637, #2477, #428 ) ;
#167 = VECTOR ( 'NONE', #2150, 39.37007874015748143 ) ;
#168 = DIRECTION ( 'NONE',  ( 1.000000000000000000, 0.000000000000000000, 0.000000000000000000 ) ) ;
#169 = CARTESIAN_POINT ( 'NONE',  ( 0.1100000000000000006, 0.3519999999999996465, -0.1200000000000000233 ) ) ;
#170 = VECTOR ( 'NONE', #233, 39.37007874015748143 ) ;
#171 = ADVANCED_FACE ( 'NONE', ( #241 ), #2332, .F. ) ;
#172 = VECTOR ( 'NONE', #656, 39.37007874015748143 ) ;
#173 = CARTESIAN_POINT ( 'NONE',  ( -0.2599999999999999534, 0.4449999999999999512, 0.06000000000000005329 ) ) ;
#174 = DIRECTION ( 'NONE',  ( 0.000000000000000000, 1.000000000000000000, 0.000000000000000000 ) ) ;
#175 = PLANE ( 'NONE',  #368 ) ;
#176 = LINE ( 'NONE', #440, #1049 ) ;
#177 = FACE_OUTER_BOUND ( 'NONE', #2575, .T. ) ;
#178 = CARTESIAN_POINT ( 'NONE',  ( 0.1499999999999999944, 0.4649999999999999689, -0.1600000000000000033 ) ) ;
#179 = DIRECTION ( 'NONE',  ( 0.2915362068315990873, 0.9110506463487559881, -0.2915362068315990873 ) ) ;
#180 = CARTESIAN_POINT ( 'NONE',  ( 0.004117529880478087989, 0.3561952191235060461, -0.004117529880478083652 ) ) ;
#181 = DIRECTION ( 'NONE',  ( 1.000000000000000000, 0.000000000000000000, -0.000000000000000000 ) ) ;
#182 = FACE_OUTER_BOUND ( 'NONE', #1018, .T. ) ;
#183 = LINE ( 'NONE', #1952, #1056 ) ;
#184 = EDGE_CURVE ( 'NONE', #1703, #1323, #1141, .T. ) ;
#185 = CARTESIAN_POINT ( 'NONE',  ( -0.2599999999999999534, 0.1150000000000000050, 0.06000000000000005329 ) ) ;
#186 = EDGE_LOOP ( 'NONE', ( #858, #1776, #1761, #1785 ) ) ;
#187 = LINE ( 'NONE', #1797, #204 ) ;
#188 = VECTOR ( 'NONE', #397, 39.37007874015748143 ) ;
#189 = DIRECTION ( 'NONE',  ( 0.000000000000000000, 0.000000000000000000, 1.000000000000000000 ) ) ;
#190 = DIRECTION ( 'NONE',  ( 1.000000000000000000, -0.000000000000000000, -0.000000000000000000 ) ) ;
#191 = FACE_OUTER_BOUND ( 'NONE', #2514, .T. ) ;
#192 = VECTOR ( 'NONE', #1793, 39.37007874015748143 ) ;
#193 = EDGE_CURVE ( 'NONE', #2416, #1556, #2073, .T. ) ;
#194 = DIRECTION ( 'NONE',  ( 0.000000000000000000, 0.000000000000000000, 1.000000000000000000 ) ) ;
#195 = CARTESIAN_POINT ( 'NONE',  ( -0.1300000000000000600, 0.4649999999999999689, -0.1400000000000000411 ) ) ;
#196 = VECTOR ( 'NONE', #1925, 39.37007874015748143 ) ;
#197 = AXIS2_PLACEMENT_3D ( 'NONE', #1408, #816, #659 ) ;
#198 = LINE ( 'NONE', #686, #1103 ) ;
#199 = CARTESIAN_POINT ( 'NONE',  ( -0.1099999999999999867, 0.4449999999999999512, -0.05999999999999999084 ) ) ;
#200 = CARTESIAN_POINT ( 'NONE',  ( -0.01249999999999999722, -0.1300000000000000044, 0.01250000000000000069 ) ) ;
#201 = VECTOR ( 'NONE', #919, 39.37007874015748143 ) ;
#202 = MECHANICAL_DESIGN_GEOMETRIC_PRESENTATION_REPRESENTATION (  '', ( #2329 ), #39 ) ;
#203 = VECTOR ( 'NONE', #771, 39.37007874015748143 ) ;
#204 = VECTOR ( 'NONE', #759, 39.37007874015748143 ) ;
#205 = CARTESIAN_POINT ( 'NONE',  ( -0.1249999999999999306, 0.000000000000000000, 0.000000000000000000 ) ) ;
#206 = DIRECTION ( 'NONE',  ( 0.000000000000000000, 0.000000000000000000, -1.000000000000000000 ) ) ;
#207 =( LENGTH_UNIT ( ) NAMED_UNIT ( * ) SI_UNIT ( $, .METRE. ) );
#208 = SHAPE_REPRESENTATION ( '705430004', ( #274, #240, #1704, #1322, #155, #1224, #1485 ), #581 ) ;
#209 = AXIS2_PLACEMENT_3D ( 'NONE', #404, #997, #776 ) ;
#210 = AXIS2_PLACEMENT_3D ( 'NONE', #1893, #1512, #284 ) ;
#211 = PLANE ( 'NONE',  #209 ) ;
#212 = ADVANCED_FACE ( 'NONE', ( #2038 ), #2559, .F. ) ;
#213 = EDGE_CURVE ( 'NONE', #452, #861, #269, .T. ) ;
#214 = CIRCLE ( 'NONE', #426, 0.05300000000000000544 ) ;
#215 = CARTESIAN_POINT ( 'NONE',  ( 0.2079999999999999349, 0.4649999999999999689, -0.09800000000000000377 ) ) ;
#216 = DIRECTION ( 'NONE',  ( 0.3713906763541033884, -0.9284766908852594147, 0.000000000000000000 ) ) ;
#217 = LINE ( 'NONE', #1599, #270 ) ;
#218 = VECTOR ( 'NONE', #939, 39.37007874015748143 ) ;
#219 = DIRECTION ( 'NONE',  ( -1.000000000000000000, 0.000000000000000000, 0.000000000000000000 ) ) ;
#220 = DIRECTION ( 'NONE',  ( 1.000000000000000000, 0.000000000000000000, 0.000000000000000000 ) ) ;
#221 = DIRECTION ( 'NONE',  ( 0.000000000000000000, 0.000000000000000000, 1.000000000000000000 ) ) ;
#222 = EDGE_CURVE ( 'NONE', #1863, #1482, #1172, .T. ) ;
#223 = LINE ( 'NONE', #1709, #196 ) ;
#224 = FACE_OUTER_BOUND ( 'NONE', #630, .T. ) ;
#225 = CARTESIAN_POINT ( 'NONE',  ( -0.1099999999999999867, 0.3150000000000000022, -0.1600000000000000033 ) ) ;
#226 = PLANE ( 'NONE',  #2144 ) ;
#227 = LINE ( 'NONE', #1324, #1993 ) ;
#228 = AXIS2_PLACEMENT_3D ( 'NONE', #2440, #1429, #1012 ) ;
#229 = CARTESIAN_POINT ( 'NONE',  ( -0.2599999999999999534, 0.1150000000000000050, -0.05999999999999994921 ) ) ;
#230 = LINE ( 'NONE', #2019, #1972 ) ;
#231 = FACE_OUTER_BOUND ( 'NONE', #955, .T. ) ;
#232 = LINE ( 'NONE', #737, #1157 ) ;
#233 = DIRECTION ( 'NONE',  ( 1.000000000000000000, -0.000000000000000000, -0.000000000000000000 ) ) ;
#234 =( REPRESENTATION_RELATIONSHIP ('NONE','NONE', #208, #1270 ) REPRESENTATION_RELATIONSHIP_WITH_TRANSFORMATION ( #2467 )SHAPE_REPRESENTATION_RELATIONSHIP( ) );
#235 = CARTESIAN_POINT ( 'NONE',  ( 0.1099999999999999867, 0.3350000000000000200, -0.09999999999999989453 ) ) ;
#236 = EDGE_CURVE ( 'NONE', #2576, #1007, #227, .T. ) ;
#237 = LINE ( 'NONE', #758, #201 ) ;
#238 = SURFACE_SIDE_STYLE ('',( #1160 ) ) ;
#239 = LINE ( 'NONE', #980, #254 ) ;
#240 = AXIS2_PLACEMENT_3D ( 'NONE', #2432, #2630, #381 ) ;
#241 = FACE_OUTER_BOUND ( 'NONE', #2296, .T. ) ;
#242 = CARTESIAN_POINT ( 'NONE',  ( 0.000000000000000000, 0.4649999999999999689, 0.08000000000000009881 ) ) ;
#243 = CARTESIAN_POINT ( 'NONE',  ( -0.1249999999999999306, 0.4649999999999999689, 0.1000000000000000056 ) ) ;
#244 = VECTOR ( 'NONE', #2070, 39.37007874015748143 ) ;
#245 = ORIENTED_EDGE ( 'NONE', *, *, #2072, .F. ) ;
#246 = DIMENSIONAL_EXPONENTS ( 1.000000000000000000, 0.000000000000000000, 0.000000000000000000, 0.000000000000000000, 0.000000000000000000, 0.000000000000000000, 0.000000000000000000 ) ;
#247 = EDGE_CURVE ( 'NONE', #423, #621, #2085, .T. ) ;
#248 = VECTOR ( 'NONE', #1239, 39.37007874015748143 ) ;
#249 = CARTESIAN_POINT ( 'NONE',  ( -0.01249999999999999722, 0.1150000000000000050, -0.01250000000000000069 ) ) ;
#250 = ORIENTED_EDGE ( 'NONE', *, *, #2434, .F. ) ;
#251 = CARTESIAN_POINT ( 'NONE',  ( 0.2524999999999999467, 6.824743209209193866E-17, -0.1380788655293195555 ) ) ;
#252 = EDGE_CURVE ( 'NONE', #736, #2581, #1193, .T. ) ;
#253 = PLANE ( 'NONE',  #1142 ) ;
#254 = VECTOR ( 'NONE', #142, 39.37007874015748143 ) ;
#255 = VECTOR ( 'NONE', #194, 39.37007874015748143 ) ;
#256 = DIRECTION ( 'NONE',  ( 0.000000000000000000, 0.000000000000000000, 1.000000000000000000 ) ) ;
#257 = AXIS2_PLACEMENT_3D ( 'NONE', #631, #850, #1872 ) ;
#258 =( NAMED_UNIT ( * ) PLANE_ANGLE_UNIT ( ) SI_UNIT ( $, .RADIAN. ) );
#259 = LENGTH_MEASURE_WITH_UNIT ( LENGTH_MEASURE( 0.02539999999999999897 ), #354 );
#260 = DIRECTION ( 'NONE',  ( 1.000000000000000000, 0.000000000000000000, 0.000000000000000000 ) ) ;
#261 = CARTESIAN_POINT ( 'NONE',  ( 0.2079999999999999349, 0.4649999999999999689, -0.1000000000000000056 ) ) ;
#262 = FACE_OUTER_BOUND ( 'NONE', #623, .T. ) ;
#263 = ADVANCED_FACE ( 'NONE', ( #1196 ), #481, .T. ) ;
#264 = VECTOR ( 'NONE', #2315, 39.37007874015748143 ) ;
#265 = LINE ( 'NONE', #49, #1117 ) ;
#266 = EDGE_CURVE ( 'NONE', #2423, #1319, #2092, .T. ) ;
#267 = ORIENTED_EDGE ( 'NONE', *, *, #1411, .T. ) ;
#268 = DIRECTION ( 'NONE',  ( -0.3713906763541040545, -0.9284766908852590817, 0.000000000000000000 ) ) ;
#269 = LINE ( 'NONE', #69, #2057 ) ;
#270 = VECTOR ( 'NONE', #1815, 39.37007874015748143 ) ;
#271 = LINE ( 'NONE', #1256, #299 ) ;
#272 = CARTESIAN_POINT ( 'NONE',  ( -0.004499999999999984915, 0.3550000000000000377, 0.004499999999999989252 ) ) ;
#273 = CARTESIAN_POINT ( 'NONE',  ( 0.000000000000000000, 0.4649999999999999689, -0.1400000000000000411 ) ) ;
#274 = AXIS2_PLACEMENT_3D ( 'NONE', #1694, #601, #220 ) ;
#275 = COLOUR_RGB ( '',0.7921568627450980005, 0.8196078431372548767, 0.9333333333333333481 ) ;
#276 = CARTESIAN_POINT ( 'NONE',  ( 0.05999999999999997696, 0.3150000000000000022, -0.07999999999999993228 ) ) ;
#277 = CARTESIAN_POINT ( 'NONE',  ( 0.1749999999999999334, 0.4649999999999999689, 0.1000000000000000056 ) ) ;
#278 = VECTOR ( 'NONE', #314, 39.37007874015748143 ) ;
#279 = VERTEX_POINT ( 'NONE', #494 ) ;
#280 = EDGE_CURVE ( 'NONE', #757, #2581, #1137, .T. ) ;
#281 = AXIS2_PLACEMENT_3D ( 'NONE', #356, #943, #338 ) ;
#282 = LINE ( 'NONE', #1574, #2058 ) ;
#283 = VECTOR ( 'NONE', #2170, 39.37007874015748143 ) ;
#284 = DIRECTION ( 'NONE',  ( 0.000000000000000000, -0.000000000000000000, 1.000000000000000000 ) ) ;
#285 = CARTESIAN_POINT ( 'NONE',  ( -0.2999999999999999334, 0.01499999999999997689, 0.1000000000000000056 ) ) ;
#286 = CARTESIAN_POINT ( 'NONE',  ( -0.1099999999999999867, 0.3150000000000000022, -0.05999999999999999084 ) ) ;
#287 = DIMENSIONAL_EXPONENTS ( 1.000000000000000000, 0.000000000000000000, 0.000000000000000000, 0.000000000000000000, 0.000000000000000000, 0.000000000000000000, 0.000000000000000000 ) ;
#288 = LINE ( 'NONE', #2086, #361 ) ;
#289 = VECTOR ( 'NONE', #2243, 39.37007874015748143 ) ;
#290 = CARTESIAN_POINT ( 'NONE',  ( -0.01249999999999999722, 0.3550000000000000377, -0.004499999999999989252 ) ) ;
#291 = DIRECTION ( 'NONE',  ( -0.000000000000000000, -0.000000000000000000, -1.000000000000000000 ) ) ;
#292 = CARTESIAN_POINT ( 'NONE',  ( 0.1749999999999999334, 0.1150000000000000050, 0.1000000000000000056 ) ) ;
#293 = CARTESIAN_POINT ( 'NONE',  ( 0.1300000000000000600, 0.4649999999999999689, -0.08000000000000000167 ) ) ;
#294 = VECTOR ( 'NONE', #887, 39.37007874015748143 ) ;
#295 = ORIENTED_EDGE ( 'NONE', *, *, #2632, .F. ) ;
#296 = AXIS2_PLACEMENT_3D ( 'NONE', #2045, #2063, #1198 ) ;
#297 = CARTESIAN_POINT ( 'NONE',  ( 0.000000000000000000, 0.3550000000000000377, 0.000000000000000000 ) ) ;
#298 = COLOUR_RGB ( '',0.2509803921568627416, 0.2509803921568627416, 0.2509803921568627416 ) ;
#299 = VECTOR ( 'NONE', #2453, 39.37007874015748143 ) ;
#300 = VERTEX_POINT ( 'NONE', #1305 ) ;
#301 = CARTESIAN_POINT ( 'NONE',  ( 0.08666666666666623942, 0.2716666666666667784, -0.1133333333333336329 ) ) ;
#302 = CARTESIAN_POINT ( 'NONE',  ( 0.01250000000000000590, 0.1150000000000000050, -0.01250000000000000069 ) ) ;
#303 = ADVANCED_FACE ( 'NONE', ( #262 ), #1713, .F. ) ;
#304 = PRESENTATION_STYLE_ASSIGNMENT (( #435 ) ) ;
#305 = EDGE_CURVE ( 'NONE', #1254, #1933, #1126, .T. ) ;
#306 = VECTOR ( 'NONE', #1134, 39.37007874015748143 ) ;
#307 = CARTESIAN_POINT ( 'NONE',  ( -0.2599999999999999534, 0.4449999999999999512, -0.05999999999999994921 ) ) ;
#308 = DIRECTION ( 'NONE',  ( 0.000000000000000000, 0.3047757271037810356, 0.9524241471993251107 ) ) ;
#309 = VECTOR ( 'NONE', #1539, 39.37007874015748143 ) ;
#310 = EDGE_CURVE ( 'NONE', #1858, #732, #265, .T. ) ;
#311 = VECTOR ( 'NONE', #670, 39.37007874015748143 ) ;
#312 = LINE ( 'NONE', #1718, #294 ) ;
#313 = LINE ( 'NONE', #273, #333 ) ;
#314 = DIRECTION ( 'NONE',  ( -0.000000000000000000, -0.000000000000000000, -1.000000000000000000 ) ) ;
#315 = DIRECTION ( 'NONE',  ( -0.000000000000000000, -0.000000000000000000, 1.000000000000000000 ) ) ;
#316 = FACE_OUTER_BOUND ( 'NONE', #1381, .T. ) ;
#317 = LINE ( 'NONE', #290, #1202 ) ;
#318 = ORIENTED_EDGE ( 'NONE', *, *, #492, .F. ) ;
#319 = LENGTH_MEASURE_WITH_UNIT ( LENGTH_MEASURE( 0.02539999999999999897 ), #207 );
#320 = CARTESIAN_POINT ( 'NONE',  ( 0.1249999999999999306, 0.1150000000000000050, 0.06000000000000005329 ) ) ;
#321 = DIRECTION ( 'NONE',  ( 1.000000000000000000, 0.000000000000000000, -0.000000000000000000 ) ) ;
#322 = VECTOR ( 'NONE', #725, 39.37007874015748143 ) ;
#323 = AXIS2_PLACEMENT_3D ( 'NONE', #1792, #767, #1990 ) ;
#324 = ORIENTED_EDGE ( 'NONE', *, *, #121, .F. ) ;
#325 = ADVANCED_FACE ( 'NONE', ( #1123 ), #88, .F. ) ;
#326 = DIRECTION ( 'NONE',  ( 0.000000000000000000, 1.000000000000000000, -0.000000000000000000 ) ) ;
#327 = DIRECTION ( 'NONE',  ( 0.000000000000000000, 0.000000000000000000, -1.000000000000000000 ) ) ;
#328 = LINE ( 'NONE', #54, #2142 ) ;
#329 = PRODUCT ( '705430002_Body_5', '705430002_Body_5', '', ( #1456 ) ) ;
#330 = ORIENTED_EDGE ( 'NONE', *, *, #1220, .T. ) ;
#331 = EDGE_CURVE ( 'NONE', #2449, #2535, #1107, .T. ) ;
#332 = VECTOR ( 'NONE', #2122, 39.37007874015748143 ) ;
#333 = VECTOR ( 'NONE', #1660, 39.37007874015748143 ) ;
#334 = DIRECTION ( 'NONE',  ( 0.000000000000000000, 1.000000000000000000, 0.000000000000000000 ) ) ;
#335 = ORIENTED_EDGE ( 'NONE', *, *, #1439, .T. ) ;
#336 = DIRECTION ( 'NONE',  ( 1.000000000000000000, 0.000000000000000000, 0.000000000000000000 ) ) ;
#337 = DIRECTION ( 'NONE',  ( -0.000000000000000000, -1.000000000000000000, -0.000000000000000000 ) ) ;
#338 = DIRECTION ( 'NONE',  ( -1.000000000000000000, 0.000000000000000000, 0.000000000000000000 ) ) ;
#339 = LINE ( 'NONE', #2585, #2138 ) ;
#340 = LENGTH_MEASURE_WITH_UNIT ( LENGTH_MEASURE( 0.02539999999999999897 ), #2088 );
#341 = ORIENTED_EDGE ( 'NONE', *, *, #1661, .F. ) ;
#342 = DIRECTION ( 'NONE',  ( -1.000000000000000000, 0.000000000000000000, 0.000000000000000000 ) ) ;
#343 = EDGE_CURVE ( 'NONE', #2182, #736, #271, .T. ) ;
#344 = ORIENTED_EDGE ( 'NONE', *, *, #1492, .T. ) ;
#345 = CARTESIAN_POINT ( 'NONE',  ( 0.1099999999999999867, 0.3150000000000000022, -0.05999999999999999084 ) ) ;
#346 = LINE ( 'NONE', #604, #1277 ) ;
#347 = VERTEX_POINT ( 'NONE', #795 ) ;
#348 = AXIS2_PLACEMENT_3D ( 'NONE', #959, #1379, #1153 ) ;
#349 = ADVANCED_FACE ( 'NONE', ( #2025 ), #2188, .F. ) ;
#350 = VECTOR ( 'NONE', #923, 39.37007874015748143 ) ;
#351 = COLOUR_RGB ( '',0.7529411764705882248, 0.7529411764705882248, 0.7529411764705882248 ) ;
#352 = CARTESIAN_POINT ( 'NONE',  ( 0.01250000000000000590, -0.1300000000000000044, 0.01250000000000000069 ) ) ;
#353 = ORIENTED_EDGE ( 'NONE', *, *, #2100, .T. ) ;
#354 =( LENGTH_UNIT ( ) NAMED_UNIT ( * ) SI_UNIT ( $, .METRE. ) );
#355 = DIRECTION ( 'NONE',  ( 0.3713906763541033884, -0.9284766908852594147, 0.000000000000000000 ) ) ;
#356 = CARTESIAN_POINT ( 'NONE',  ( 0.05700000000000000205, 0.3519999999999999796, 0.1176972864800942681 ) ) ;
#357 = LINE ( 'NONE', #320, #1242 ) ;
#358 = CARTESIAN_POINT ( 'NONE',  ( 0.1749999999999999334, 0.1150000000000000050, 0.1000000000000000056 ) ) ;
#359 = EDGE_CURVE ( 'NONE', #730, #2182, #1147, .T. ) ;
#360 = CARTESIAN_POINT ( 'NONE',  ( -0.1249999999999999306, 0.4449999999999999512, 0.06000000000000005329 ) ) ;
#361 = VECTOR ( 'NONE', #1041, 39.37007874015748143 ) ;
#362 = VERTEX_POINT ( 'NONE', #178 ) ;
#363 = EDGE_CURVE ( 'NONE', #2423, #1248, #232, .T. ) ;
#364 = DIRECTION ( 'NONE',  ( 0.000000000000000000, 0.000000000000000000, 1.000000000000000000 ) ) ;
#365 =( CONVERSION_BASED_UNIT ( 'INCH', #1386 ) LENGTH_UNIT ( ) NAMED_UNIT ( #1645 ) );
#366 = LINE ( 'NONE', #1464, #1167 ) ;
#367 = EDGE_LOOP ( 'NONE', ( #533, #1444, #614, #1826 ) ) ;
#368 = AXIS2_PLACEMENT_3D ( 'NONE', #1337, #308, #154 ) ;
#369 = VECTOR ( 'NONE', #2604, 39.37007874015748143 ) ;
#370 = CARTESIAN_POINT ( 'NONE',  ( -0.1099999999999999867, 0.3150000000000000022, -0.1000000000000000056 ) ) ;
#371 = CARTESIAN_POINT ( 'NONE',  ( 0.1499999999999999944, 0.3150000000000000022, -0.1000000000000000056 ) ) ;
#372 = ADVANCED_FACE ( 'NONE', ( #2010 ), #1551, .T. ) ;
#373 = LINE ( 'NONE', #1054, #415 ) ;
#374 = EDGE_CURVE ( 'NONE', #646, #484, #2051, .T. ) ;
#375 = VERTEX_POINT ( 'NONE', #1795 ) ;
#376 = EDGE_CURVE ( 'NONE', #2130, #1633, #1178, .T. ) ;
#377 = DIRECTION ( 'NONE',  ( 0.7071067811865485719, -0.7071067811865464625, 0.000000000000000000 ) ) ;
#378 = DIRECTION ( 'NONE',  ( -0.9524241471993251107, 0.3047757271037809801, 0.000000000000000000 ) ) ;
#379 = LINE ( 'NONE', #1272, #1344 ) ;
#380 = AXIS2_PLACEMENT_3D ( 'NONE', #1016, #1559, #148 ) ;
#381 = DIRECTION ( 'NONE',  ( 1.000000000000000000, 0.000000000000000000, 0.000000000000000000 ) ) ;
#382 = LINE ( 'NONE', #1622, #1273 ) ;
#383 = PRESENTATION_STYLE_ASSIGNMENT (( #678 ) ) ;
#384 = EDGE_LOOP ( 'NONE', ( #2511, #1281, #1716, #3 ) ) ;
#385 = DIRECTION ( 'NONE',  ( 0.7071067811865484609, 0.7071067811865464625, 0.000000000000000000 ) ) ;
#386 = ORIENTED_EDGE ( 'NONE', *, *, #455, .F. ) ;
#387 = DIRECTION ( 'NONE',  ( -0.000000000000000000, 0.000000000000000000, -1.000000000000000000 ) ) ;
#388 = FACE_OUTER_BOUND ( 'NONE', #2412, .T. ) ;
#389 = LINE ( 'NONE', #488, #1227 ) ;
#390 = ORIENTED_EDGE ( 'NONE', *, *, #1804, .F. ) ;
#391 = EDGE_CURVE ( 'NONE', #2433, #503, #2078, .T. ) ;
#392 = CARTESIAN_POINT ( 'NONE',  ( -0.2599999999999999534, 0.1150000000000000050, -0.05999999999999994921 ) ) ;
#393 = PRESENTATION_STYLE_ASSIGNMENT (( #1773 ) ) ;
#394 = VECTOR ( 'NONE', #2127, 39.37007874015748143 ) ;
#395 = EDGE_LOOP ( 'NONE', ( #2428, #1820, #2401, #1418 ) ) ;
#396 = EDGE_CURVE ( 'NONE', #1213, #2445, #1995, .T. ) ;
#397 = DIRECTION ( 'NONE',  ( -1.000000000000000000, -0.000000000000000000, -0.000000000000000000 ) ) ;
#398 = PRODUCT_DEFINITION_FORMATION_WITH_SPECIFIED_SOURCE ( 'ANY', '', #329, .NOT_KNOWN. ) ;
#399 = CARTESIAN_POINT ( 'NONE',  ( 0.000000000000000000, 0.000000000000000000, 0.000000000000000000 ) ) ;
#400 = ORIENTED_EDGE ( 'NONE', *, *, #2341, .F. ) ;
#401 = DIRECTION ( 'NONE',  ( 0.000000000000000000, -0.7071067811865489050, 0.7071067811865461294 ) ) ;
#402 = EDGE_CURVE ( 'NONE', #1007, #2433, #2071, .T. ) ;
#403 = LINE ( 'NONE', #2615, #2120 ) ;
#404 = CARTESIAN_POINT ( 'NONE',  ( -0.2999999999999999334, -0.6174555320336757580, -0.1000000000000000056 ) ) ;
#405 = ORIENTED_EDGE ( 'NONE', *, *, #310, .T. ) ;
#406 = PLANE ( 'NONE',  #1679 ) ;
#407 = LINE ( 'NONE', #2195, #438 ) ;
#408 = ORIENTED_EDGE ( 'NONE', *, *, #629, .F. ) ;
#409 = PRESENTATION_LAYER_ASSIGNMENT (  '', '', ( #1616 ) ) ;
#410 = PLANE ( 'NONE',  #441 ) ;
#411 = ORIENTED_EDGE ( 'NONE', *, *, #2100, .F. ) ;
#412 = CARTESIAN_POINT ( 'NONE',  ( 0.1499999999999999944, 0.3150000000000000022, -0.1600000000000000033 ) ) ;
#413 = DIRECTION ( 'NONE',  ( 0.000000000000000000, 0.000000000000000000, -1.000000000000000000 ) ) ;
#414 = APPLICATION_CONTEXT ( 'automotive_design' ) ;
#415 = VECTOR ( 'NONE', #1654, 39.37007874015748143 ) ;
#416 = ORIENTED_EDGE ( 'NONE', *, *, #1411, .F. ) ;
#417 = FILL_AREA_STYLE ('',( #1070 ) ) ;
#418 = LINE ( 'NONE', #1881, #1298 ) ;
#419 = ORIENTED_EDGE ( 'NONE', *, *, #2450, .F. ) ;
#420 = CARTESIAN_POINT ( 'NONE',  ( -0.2674999999999999600, 0.01499999999999995955, -0.1000000000000000056 ) ) ;
#421 = EDGE_CURVE ( 'NONE', #498, #730, #1186, .T. ) ;
#422 = FACE_OUTER_BOUND ( 'NONE', #685, .T. ) ;
#423 = VERTEX_POINT ( 'NONE', #1966 ) ;
#424 = VECTOR ( 'NONE', #1399, 39.37007874015748854 ) ;
#425 = EDGE_LOOP ( 'NONE', ( #1801, #2254, #1301, #856 ) ) ;
#426 = AXIS2_PLACEMENT_3D ( 'NONE', #2471, #2076, #103 ) ;
#427 = CARTESIAN_POINT ( 'NONE',  ( -0.2599999999999999534, 0.4449999999999999512, 0.06000000000000005329 ) ) ;
#428 = DIRECTION ( 'NONE',  ( 0.000000000000000000, 0.000000000000000000, 1.000000000000000000 ) ) ;
#429 = APPLICATION_PROTOCOL_DEFINITION ( 'draft international standard', 'automotive_design', 1998, #2641 ) ;
#430 = ORIENTED_EDGE ( 'NONE', *, *, #252, .F. ) ;
#431 = EDGE_CURVE ( 'NONE', #41, #2419, #1264, .T. ) ;
#432 = ADVANCED_FACE ( 'NONE', ( #1222 ), #211, .T. ) ;
#433 = FACE_OUTER_BOUND ( 'NONE', #554, .T. ) ;
#434 = VERTEX_POINT ( 'NONE', #159 ) ;
#435 = SURFACE_STYLE_USAGE ( .BOTH. , #238 ) ;
#436 = EDGE_CURVE ( 'NONE', #1482, #2517, #346, .T. ) ;
#437 = AXIS2_PLACEMENT_3D ( 'NONE', #2171, #508, #1536 ) ;
#438 = VECTOR ( 'NONE', #2179, 39.37007874015748143 ) ;
#439 = DIRECTION ( 'NONE',  ( -1.000000000000000000, 0.000000000000000000, 0.000000000000000000 ) ) ;
#440 = CARTESIAN_POINT ( 'NONE',  ( -0.1099999999999999867, 0.3050000000000000488, -0.07000000000000000666 ) ) ;
#441 = AXIS2_PLACEMENT_3D ( 'NONE', #199, #784, #1782 ) ;
#442 = LINE ( 'NONE', #2249, #1331 ) ;
#443 = CLOSED_SHELL ( 'NONE', ( #1329, #1896, #1265, #1461, #2335 ) ) ;
#444 = CARTESIAN_POINT ( 'NONE',  ( 0.05999999999999996309, 0.3150000000000000022, -0.1000000000000000056 ) ) ;
#445 = PLANE ( 'NONE',  #754 ) ;
#446 = FACE_OUTER_BOUND ( 'NONE', #470, .T. ) ;
#447 = CARTESIAN_POINT ( 'NONE',  ( 0.2524999999999999467, 6.824743209209193866E-17, -0.1380788655293195555 ) ) ;
#448 = EDGE_CURVE ( 'NONE', #1544, #611, #2164, .T. ) ;
#449 = ADVANCED_FACE ( 'NONE', ( #2157 ), #538, .T. ) ;
#450 = LINE ( 'NONE', #1089, #2238 ) ;
#451 = VECTOR ( 'NONE', #1032, 39.37007874015748143 ) ;
#452 = VERTEX_POINT ( 'NONE', #1152 ) ;
#453 = CARTESIAN_POINT ( 'NONE',  ( 0.2600000000000000089, 0.1150000000000000050, -0.05999999999999994921 ) ) ;
#454 = LENGTH_MEASURE_WITH_UNIT ( LENGTH_MEASURE( 0.02539999999999999897 ), #1375 );
#455 = EDGE_CURVE ( 'NONE', #504, #732, #2124, .T. ) ;
#456 = ORIENTED_EDGE ( 'NONE', *, *, #2091, .F. ) ;
#457 = VERTEX_POINT ( 'NONE', #1169 ) ;
#458 = PLANE ( 'NONE',  #2350 ) ;
#459 = VECTOR ( 'NONE', #2231, 39.37007874015748143 ) ;
#460 = ORIENTED_EDGE ( 'NONE', *, *, #2169, .T. ) ;
#461 = ORIENTED_EDGE ( 'NONE', *, *, #1780, .F. ) ;
#462 = EDGE_CURVE ( 'NONE', #2510, #654, #403, .T. ) ;
#463 = DIRECTION ( 'NONE',  ( 0.000000000000000000, -0.7071067811865461294, -0.7071067811865489050 ) ) ;
#464 = DIRECTION ( 'NONE',  ( -0.000000000000000000, -0.000000000000000000, -1.000000000000000000 ) ) ;
#465 = DIRECTION ( 'NONE',  ( 0.000000000000000000, 0.000000000000000000, 1.000000000000000000 ) ) ;
#466 = ORIENTED_EDGE ( 'NONE', *, *, #1978, .T. ) ;
#467 = DIRECTION ( 'NONE',  ( 0.000000000000000000, 0.000000000000000000, -1.000000000000000000 ) ) ;
#468 = VERTEX_POINT ( 'NONE', #1597 ) ;
#469 = VECTOR ( 'NONE', #2389, 39.37007874015748143 ) ;
#470 = EDGE_LOOP ( 'NONE', ( #1717, #1806, #1311, #8, #518, #1332, #862, #411, #2279, #1777 ) ) ;
#471 = CARTESIAN_POINT ( 'NONE',  ( -0.004499999999999994456, -0.1300000000000000044, 0.000000000000000000 ) ) ;
#472 = AXIS2_PLACEMENT_3D ( 'NONE', #1233, #1053, #32 ) ;
#473 = ADVANCED_FACE ( 'NONE', ( #1230 ), #2107, .F. ) ;
#474 = DIRECTION ( 'NONE',  ( 1.000000000000000000, 0.000000000000000000, 0.000000000000000000 ) ) ;
#475 = LINE ( 'NONE', #242, #1365 ) ;
#476 = ORIENTED_EDGE ( 'NONE', *, *, #2289, .T. ) ;
#477 = PRODUCT_DEFINITION_SHAPE ( 'NONE', 'NONE',  #2645 ) ;
#478 = DIRECTION ( 'NONE',  ( -1.000000000000000000, -0.000000000000000000, -0.000000000000000000 ) ) ;
#479 = VERTEX_POINT ( 'NONE', #1144 ) ;
#480 = EDGE_CURVE ( 'NONE', #1498, #1765, #313, .T. ) ;
#481 = PLANE ( 'NONE',  #2379 ) ;
#482 = DIRECTION ( 'NONE',  ( 0.000000000000000000, -0.000000000000000000, 1.000000000000000000 ) ) ;
#483 = LINE ( 'NONE', #1708, #2265 ) ;
#484 = VERTEX_POINT ( 'NONE', #661 ) ;
#485 = CARTESIAN_POINT ( 'NONE',  ( -0.2474999999999999145, 7.015092134724295247E-18, -0.1000000000000000056 ) ) ;
#486 = LINE ( 'NONE', #745, #1373 ) ;
#487 = ORIENTED_EDGE ( 'NONE', *, *, #1063, .F. ) ;
#488 = CARTESIAN_POINT ( 'NONE',  ( -0.1099999999999999867, 0.3150000000000000022, -0.05999999999999999084 ) ) ;
#489 = ADVANCED_FACE ( 'NONE', ( #1247 ), #2303, .T. ) ;
#490 = DIRECTION ( 'NONE',  ( 0.000000000000000000, -1.000000000000000000, 0.000000000000000000 ) ) ;
#491 = ORIENTED_EDGE ( 'NONE', *, *, #1543, .T. ) ;
#492 = EDGE_CURVE ( 'NONE', #2186, #1319, #317, .T. ) ;
#493 = EDGE_CURVE ( 'NONE', #746, #2384, #1208, .T. ) ;
#494 = CARTESIAN_POINT ( 'NONE',  ( -0.1499999999999999944, 0.4649999999999999689, -0.1600000000000000033 ) ) ;
#495 = CARTESIAN_POINT ( 'NONE',  ( -0.1249999999999999306, 0.1150000000000000050, 0.1000000000000000056 ) ) ;
#496 = CARTESIAN_POINT ( 'NONE',  ( 0.2800000000000000822, 0.4649999999999999689, -0.08000000000000000167 ) ) ;
#497 = ORIENTED_EDGE ( 'NONE', *, *, #1260, .T. ) ;
#498 = VERTEX_POINT ( 'NONE', #2162 ) ;
#499 =( NAMED_UNIT ( * ) SI_UNIT ( $, .STERADIAN. ) SOLID_ANGLE_UNIT ( ) );
#500 = DIRECTION ( 'NONE',  ( -0.000000000000000000, 0.000000000000000000, -1.000000000000000000 ) ) ;
#501 = DIRECTION ( 'NONE',  ( -0.000000000000000000, 1.000000000000000000, -0.000000000000000000 ) ) ;
#502 = DIRECTION ( 'NONE',  ( 0.000000000000000000, 0.000000000000000000, 1.000000000000000000 ) ) ;
#503 = VERTEX_POINT ( 'NONE', #130 ) ;
#504 = VERTEX_POINT ( 'NONE', #2367 ) ;
#505 = ADVANCED_FACE ( 'NONE', ( #1237 ), #864, .F. ) ;
#506 = EDGE_CURVE ( 'NONE', #1290, #1720, #389, .T. ) ;
#507 = DIRECTION ( 'NONE',  ( 0.000000000000000000, -1.000000000000000000, -0.000000000000000000 ) ) ;
#508 = DIRECTION ( 'NONE',  ( 0.9284766908852591927, -0.3713906763541041101, 0.000000000000000000 ) ) ;
#509 = DIRECTION ( 'NONE',  ( 0.000000000000000000, 0.000000000000000000, 1.000000000000000000 ) ) ;
#510 = CARTESIAN_POINT ( 'NONE',  ( -0.2999999999999999334, -0.6174555320336757580, 0.1000000000000000056 ) ) ;
#511 = ORIENTED_EDGE ( 'NONE', *, *, #837, .T. ) ;
#512 = PRODUCT_RELATED_PRODUCT_CATEGORY ( 'part', '', ( #1945 ) ) ;
#513 = DIRECTION ( 'NONE',  ( 0.000000000000000000, -0.000000000000000000, 1.000000000000000000 ) ) ;
#514 = DIRECTION ( 'NONE',  ( 0.000000000000000000, 0.000000000000000000, 1.000000000000000000 ) ) ;
#515 = CARTESIAN_POINT ( 'NONE',  ( 0.05999999999999996309, -0.01149110640673522282, -0.1000000000000000056 ) ) ;
#516 = EDGE_CURVE ( 'NONE', #1676, #2550, #2097, .T. ) ;
#517 = MANIFOLD_SOLID_BREP ( 'Boss-Extrude5', #443 ) ;
#518 = ORIENTED_EDGE ( 'NONE', *, *, #1672, .F. ) ;
#519 = DIRECTION ( 'NONE',  ( -1.000000000000000000, 0.000000000000000000, 0.000000000000000000 ) ) ;
#520 = CARTESIAN_POINT ( 'NONE',  ( 0.2399999999999999079, 0.3850000000000000089, -0.1000000000000000056 ) ) ;
#521 = EDGE_CURVE ( 'NONE', #1556, #1498, #1253, .T. ) ;
#522 =( GEOMETRIC_REPRESENTATION_CONTEXT ( 3 ) GLOBAL_UNCERTAINTY_ASSIGNED_CONTEXT ( ( #1778 ) ) GLOBAL_UNIT_ASSIGNED_CONTEXT ( ( #2190, #1586, #983 ) ) REPRESENTATION_CONTEXT ( 'NONE', 'WORKASPACE' ) );
#523 = DIRECTION ( 'NONE',  ( 1.000000000000000000, 0.000000000000000000, 0.000000000000000000 ) ) ;
#524 = PLANE ( 'NONE',  #437 ) ;
#525 = DIRECTION ( 'NONE',  ( 1.000000000000000000, 1.224646799147354440E-16, 0.000000000000000000 ) ) ;
#526 = ORIENTED_EDGE ( 'NONE', *, *, #343, .T. ) ;
#527 = ORIENTED_EDGE ( 'NONE', *, *, #2140, .F. ) ;
#528 = ADVANCED_FACE ( 'NONE', ( #2181 ), #1276, .F. ) ;
#529 = ORIENTED_EDGE ( 'NONE', *, *, #2534, .F. ) ;
#530 = ORIENTED_EDGE ( 'NONE', *, *, #922, .F. ) ;
#531 = DIRECTION ( 'NONE',  ( -0.9524241471993251107, 0.3047757271037810356, 0.000000000000000000 ) ) ;
#532 = VERTEX_POINT ( 'NONE', #1125 ) ;
#533 = ORIENTED_EDGE ( 'NONE', *, *, #2288, .T. ) ;
#534 = ORIENTED_EDGE ( 'NONE', *, *, #977, .T. ) ;
#535 = DIRECTION ( 'NONE',  ( 1.000000000000000000, 0.000000000000000000, 0.000000000000000000 ) ) ;
#536 = ORIENTED_EDGE ( 'NONE', *, *, #391, .F. ) ;
#537 = ORIENTED_EDGE ( 'NONE', *, *, #1821, .F. ) ;
#538 = PLANE ( 'NONE',  #2214 ) ;
#539 = CARTESIAN_POINT ( 'NONE',  ( 0.1499999999999999667, 0.4649999999999999689, -0.1000000000000000056 ) ) ;
#540 = CARTESIAN_POINT ( 'NONE',  ( -0.01249999999999999722, 0.1150000000000000050, -0.01250000000000000069 ) ) ;
#541 = ORIENTED_EDGE ( 'NONE', *, *, #1158, .T. ) ;
#542 = CARTESIAN_POINT ( 'NONE',  ( -0.2999999999999999334, 0.4649999999999999689, 0.1000000000000000056 ) ) ;
#543 = ORIENTED_EDGE ( 'NONE', *, *, #2485, .F. ) ;
#544 = ORIENTED_EDGE ( 'NONE', *, *, #867, .T. ) ;
#545 = PRESENTATION_LAYER_ASSIGNMENT (  '', '', ( #124 ) ) ;
#546 = DIRECTION ( 'NONE',  ( -1.000000000000000000, 0.000000000000000000, -0.000000000000000000 ) ) ;
#547 = ADVANCED_FACE ( 'NONE', ( #1310 ), #1313, .F. ) ;
#548 = EDGE_CURVE ( 'NONE', #1858, #682, #2247, .T. ) ;
#549 = VERTEX_POINT ( 'NONE', #2548 ) ;
#550 = EDGE_LOOP ( 'NONE', ( #1124, #1944, #1610, #2503 ) ) ;
#551 = DIRECTION ( 'NONE',  ( 0.000000000000000000, -0.000000000000000000, -1.000000000000000000 ) ) ;
#552 = AXIS2_PLACEMENT_3D ( 'NONE', #643, #2244, #625 ) ;
#553 = LINE ( 'NONE', #44, #2390 ) ;
#554 = EDGE_LOOP ( 'NONE', ( #1578, #1472, #750, #589 ) ) ;
#555 = VERTEX_POINT ( 'NONE', #114 ) ;
#556 = ORIENTED_EDGE ( 'NONE', *, *, #2359, .F. ) ;
#557 = DIRECTION ( 'NONE',  ( -0.000000000000000000, 1.000000000000000000, -0.000000000000000000 ) ) ;
#558 = CARTESIAN_POINT ( 'NONE',  ( -0.1099999999999999867, 0.4449999999999999512, -0.05999999999999999084 ) ) ;
#559 = DIRECTION ( 'NONE',  ( 0.2915362068315990873, -0.9110506463487559881, -0.2915362068315990873 ) ) ;
#560 = ORIENTED_EDGE ( 'NONE', *, *, #462, .T. ) ;
#561 = ORIENTED_EDGE ( 'NONE', *, *, #569, .F. ) ;
#562 = ORIENTED_EDGE ( 'NONE', *, *, #247, .T. ) ;
#563 = ITEM_DEFINED_TRANSFORMATION ( 'NONE', 'NONE', #1704,  #1938 ) ;
#564 = LINE ( 'NONE', #229, #2371 ) ;
#565 = EDGE_LOOP ( 'NONE', ( #87, #82, #609, #566 ) ) ;
#566 = ORIENTED_EDGE ( 'NONE', *, *, #689, .F. ) ;
#567 = CARTESIAN_POINT ( 'NONE',  ( 0.01250000000000000590, 0.3299999999999997380, -0.01250000000000000069 ) ) ;
#568 = VERTEX_POINT ( 'NONE', #302 ) ;
#569 = EDGE_CURVE ( 'NONE', #2241, #1666, #2215, .T. ) ;
#570 = CARTESIAN_POINT ( 'NONE',  ( 0.1099999999999999867, 0.3150000000000000022, -0.1600000000000000033 ) ) ;
#571 = FACE_OUTER_BOUND ( 'NONE', #947, .T. ) ;
#572 = ORIENTED_EDGE ( 'NONE', *, *, #1821, .T. ) ;
#573 = ORIENTED_EDGE ( 'NONE', *, *, #421, .T. ) ;
#574 = ADVANCED_FACE ( 'NONE', ( #2203 ), #1383, .T. ) ;
#575 = EDGE_CURVE ( 'NONE', #2121, #839, #1345, .T. ) ;
#576 = PLANE ( 'NONE',  #1534 ) ;
#577 = CONTEXT_DEPENDENT_SHAPE_REPRESENTATION ( #51, #1156 ) ;
#578 = CARTESIAN_POINT ( 'NONE',  ( -0.1999999999999999833, 0.000000000000000000, 0.000000000000000000 ) ) ;
#579 = LINE ( 'NONE', #84, #606 ) ;
#580 = ORIENTED_EDGE ( 'NONE', *, *, #2008, .T. ) ;
#581 =( GEOMETRIC_REPRESENTATION_CONTEXT ( 3 ) GLOBAL_UNCERTAINTY_ASSIGNED_CONTEXT ( ( #2372 ) ) GLOBAL_UNIT_ASSIGNED_CONTEXT ( ( #15, #859, #672 ) ) REPRESENTATION_CONTEXT ( 'NONE', 'WORKASPACE' ) );
#582 = ORIENTED_EDGE ( 'NONE', *, *, #506, .T. ) ;
#583 = VERTEX_POINT ( 'NONE', #215 ) ;
#584 = CONTEXT_DEPENDENT_SHAPE_REPRESENTATION ( #2065, #944 ) ;
#585 = CARTESIAN_POINT ( 'NONE',  ( -0.1249999999999999306, 0.1150000000000000050, 0.06000000000000005329 ) ) ;
#586 = FACE_OUTER_BOUND ( 'NONE', #2258, .T. ) ;
#587 = ORIENTED_EDGE ( 'NONE', *, *, #65, .T. ) ;
#588 = ORIENTED_EDGE ( 'NONE', *, *, #608, .F. ) ;
#589 = ORIENTED_EDGE ( 'NONE', *, *, #1382, .F. ) ;
#590 = CARTESIAN_POINT ( 'NONE',  ( 0.05699999999999961348, 0.4049999999999999711, -0.1600000000000000033 ) ) ;
#591 = EDGE_CURVE ( 'NONE', #1676, #452, #1300, .T. ) ;
#592 = ORIENTED_EDGE ( 'NONE', *, *, #1020, .T. ) ;
#593 = CLOSED_SHELL ( 'NONE', ( #798, #212, #984, #2196, #325, #1916, #711, #2069, #349, #2531, #2027, #727, #1138, #1572, #665, #432, #822, #1550, #1118, #505, #1669, #2508, #2290, #1078, #1891, #929, #2242, #650, #83, #2275, #303, #2090, #882, #1937, #2131, #171, #547, #1505, #42, #774, #1161, #908, #1684, #603, #528, #1876, #58, #489, #1960, #263, #1734, #1282, #1981, #449, #1244, #473, #2552 ) ) ;
#594 = EDGE_CURVE ( 'NONE', #1323, #886, #486, .T. ) ;
#595 = CARTESIAN_POINT ( 'NONE',  ( 0.2600000000000000089, 0.4449999999999999512, -0.05999999999999994921 ) ) ;
#596 = ORIENTED_EDGE ( 'NONE', *, *, #184, .F. ) ;
#597 = EDGE_LOOP ( 'NONE', ( #1585, #742, #1284, #2174 ) ) ;
#598 = AXIS2_PLACEMENT_3D ( 'NONE', #1612, #1834, #1678 ) ;
#599 = CARTESIAN_POINT ( 'NONE',  ( -0.004499999999999984915, 0.3550000000000000377, 0.01250000000000000069 ) ) ;
#600 = DIRECTION ( 'NONE',  ( 0.000000000000000000, 0.000000000000000000, 1.000000000000000000 ) ) ;
#601 = DIRECTION ( 'NONE',  ( 0.000000000000000000, 0.000000000000000000, 1.000000000000000000 ) ) ;
#602 = ORIENTED_EDGE ( 'NONE', *, *, #1882, .T. ) ;
#603 = ADVANCED_FACE ( 'NONE', ( #422 ), #410, .F. ) ;
#604 = CARTESIAN_POINT ( 'NONE',  ( 0.1749999999999999334, 0.4649999999999999689, 0.1000000000000000056 ) ) ;
#605 = CARTESIAN_POINT ( 'NONE',  ( 0.2999999999999999334, -0.6174555320336757580, 0.1000000000000000056 ) ) ;
#606 = VECTOR ( 'NONE', #102, 39.37007874015748143 ) ;
#607 = ORIENTED_EDGE ( 'NONE', *, *, #1971, .T. ) ;
#608 = EDGE_CURVE ( 'NONE', #2386, #2240, #1378, .T. ) ;
#609 = ORIENTED_EDGE ( 'NONE', *, *, #1927, .F. ) ;
#610 = DIRECTION ( 'NONE',  ( 0.7071067811865484609, 0.7071067811865464625, 0.000000000000000000 ) ) ;
#611 = VERTEX_POINT ( 'NONE', #2426 ) ;
#612 = PLANE ( 'NONE',  #2002 ) ;
#613 = VERTEX_POINT ( 'NONE', #392 ) ;
#614 = ORIENTED_EDGE ( 'NONE', *, *, #2504, .F. ) ;
#615 = EDGE_LOOP ( 'NONE', ( #2591, #2318, #1601, #511, #779 ) ) ;
#616 = DIRECTION ( 'NONE',  ( 0.000000000000000000, 1.000000000000000000, 0.000000000000000000 ) ) ;
#617 = AXIS2_PLACEMENT_3D ( 'NONE', #515, #1902, #1330 ) ;
#618 = LINE ( 'NONE', #286, #865 ) ;
#619 = APPLICATION_PROTOCOL_DEFINITION ( 'draft international standard', 'automotive_design', 1998, #414 ) ;
#620 = CARTESIAN_POINT ( 'NONE',  ( -0.1099999999999999867, 0.4449999999999998956, -0.1199999999999999956 ) ) ;
#621 = VERTEX_POINT ( 'NONE', #595 ) ;
#622 = FILL_AREA_STYLE_COLOUR ( '', #298 ) ;
#623 = EDGE_LOOP ( 'NONE', ( #755, #817, #2544, #2479, #666 ) ) ;
#624 = UNCERTAINTY_MEASURE_WITH_UNIT (LENGTH_MEASURE( 1.000000000000000082E-05 ), #1700, 'distance_accuracy_value', 'NONE');
#625 = DIRECTION ( 'NONE',  ( 1.000000000000000000, 0.000000000000000000, -0.000000000000000000 ) ) ;
#626 = ORIENTED_EDGE ( 'NONE', *, *, #1216, .T. ) ;
#627 = ORIENTED_EDGE ( 'NONE', *, *, #1349, .T. ) ;
#628 = EDGE_CURVE ( 'NONE', #654, #911, #2228, .T. ) ;
#629 = EDGE_CURVE ( 'NONE', #682, #2516, #407, .T. ) ;
#630 = EDGE_LOOP ( 'NONE', ( #461, #842, #530, #1409 ) ) ;
#631 = CARTESIAN_POINT ( 'NONE',  ( -0.01249999999999999722, 0.3550000000000000377, 0.01250000000000000069 ) ) ;
#632 = VERTEX_POINT ( 'NONE', #2042 ) ;
#633 = CARTESIAN_POINT ( 'NONE',  ( -0.2999999999999999334, 0.4649999999999999689, 0.1000000000000000056 ) ) ;
#634 = ORIENTED_EDGE ( 'NONE', *, *, #99, .F. ) ;
#635 = ORIENTED_EDGE ( 'NONE', *, *, #660, .T. ) ;
#636 = CARTESIAN_POINT ( 'NONE',  ( 0.2399999999999999079, 0.3850000000000000089, -0.09800000000000000377 ) ) ;
#637 = CARTESIAN_POINT ( 'NONE',  ( -0.2599999999999999534, 0.4449999999999999512, 0.06000000000000005329 ) ) ;
#638 = CARTESIAN_POINT ( 'NONE',  ( -0.2524999999999999467, 6.402768735150616918E-18, -0.1380788655293195555 ) ) ;
#639 = ORIENTED_EDGE ( 'NONE', *, *, #2504, .T. ) ;
#640 = ORIENTED_EDGE ( 'NONE', *, *, #1626, .T. ) ;
#641 =( LENGTH_UNIT ( ) NAMED_UNIT ( * ) SI_UNIT ( $, .METRE. ) );
#642 = ORIENTED_EDGE ( 'NONE', *, *, #1492, .F. ) ;
#643 = CARTESIAN_POINT ( 'NONE',  ( 0.01250000000000000590, 0.3550000000000000377, -0.01250000000000000069 ) ) ;
#644 = VERTEX_POINT ( 'NONE', #2409 ) ;
#645 = EDGE_CURVE ( 'NONE', #2517, #794, #2239, .T. ) ;
#646 = VERTEX_POINT ( 'NONE', #821 ) ;
#647 = VERTEX_POINT ( 'NONE', #2213 ) ;
#648 = DIRECTION ( 'NONE',  ( 0.7071067811865463515, -0.7071067811865487940, 0.000000000000000000 ) ) ;
#649 = ORIENTED_EDGE ( 'NONE', *, *, #956, .T. ) ;
#650 = ADVANCED_FACE ( 'NONE', ( #1350 ), #1370, .F. ) ;
#651 = CARTESIAN_POINT ( 'NONE',  ( 0.2399999999999999079, 0.3850000000000000089, -0.1000000000000000056 ) ) ;
#652 = CARTESIAN_POINT ( 'NONE',  ( 0.01250000000000000590, 0.3299999999999997380, 0.01250000000000000069 ) ) ;
#653 = VERTEX_POINT ( 'NONE', #11 ) ;
#654 = VERTEX_POINT ( 'NONE', #2624 ) ;
#655 = DIRECTION ( 'NONE',  ( -0.000000000000000000, -1.000000000000000000, -0.000000000000000000 ) ) ;
#656 = DIRECTION ( 'NONE',  ( -0.000000000000000000, -0.7071067811865489050, 0.7071067811865461294 ) ) ;
#657 = CARTESIAN_POINT ( 'NONE',  ( -0.1499999999999999944, 0.3150000000000000022, -0.1000000000000000056 ) ) ;
#658 = UNCERTAINTY_MEASURE_WITH_UNIT (LENGTH_MEASURE( 1.000000000000000082E-05 ), #2032, 'distance_accuracy_value', 'NONE');
#659 = DIRECTION ( 'NONE',  ( 0.000000000000000000, -0.000000000000000000, -1.000000000000000000 ) ) ;
#660 = EDGE_CURVE ( 'NONE', #300, #1676, #1289, .T. ) ;
#661 = CARTESIAN_POINT ( 'NONE',  ( -0.2324999999999999012, 0.01499999999999997689, 0.1000000000000000056 ) ) ;
#662 = PLANE ( 'NONE',  #2281 ) ;
#663 = VERTEX_POINT ( 'NONE', #989 ) ;
#664 = AXIS2_PLACEMENT_3D ( 'NONE', #1674, #1894, #2101 ) ;
#665 = ADVANCED_FACE ( 'NONE', ( #2250 ), #1840, .F. ) ;
#666 = ORIENTED_EDGE ( 'NONE', *, *, #2277, .T. ) ;
#667 = DIRECTION ( 'NONE',  ( 1.000000000000000000, 0.000000000000000000, 0.000000000000000000 ) ) ;
#668 = CONTEXT_DEPENDENT_SHAPE_REPRESENTATION ( #1250, #1788 ) ;
#669 = ORIENTED_EDGE ( 'NONE', *, *, #1008, .F. ) ;
#670 = DIRECTION ( 'NONE',  ( -2.134256245050204715E-16, -0.000000000000000000, -1.000000000000000000 ) ) ;
#671 = CARTESIAN_POINT ( 'NONE',  ( 0.2399999999999999079, 0.3850000000000000089, -0.09800000000000000377 ) ) ;
#672 =( NAMED_UNIT ( * ) SI_UNIT ( $, .STERADIAN. ) SOLID_ANGLE_UNIT ( ) );
#673 = CARTESIAN_POINT ( 'NONE',  ( 0.05699999999999961348, 0.4049999999999999711, -0.1200000000000000233 ) ) ;
#674 = ORIENTED_EDGE ( 'NONE', *, *, #2202, .F. ) ;
#675 = ORIENTED_EDGE ( 'NONE', *, *, #480, .F. ) ;
#676 = ORIENTED_EDGE ( 'NONE', *, *, #213, .F. ) ;
#677 = CARTESIAN_POINT ( 'NONE',  ( 0.01250000000000000590, -0.1300000000000000044, 0.01250000000000000069 ) ) ;
#678 = SURFACE_STYLE_USAGE ( .BOTH. , #1901 ) ;
#679 = EDGE_CURVE ( 'NONE', #800, #375, #1304, .T. ) ;
#680 = DIRECTION ( 'NONE',  ( -0.000000000000000000, 1.000000000000000000, -0.000000000000000000 ) ) ;
#681 = ORIENTED_EDGE ( 'NONE', *, *, #1558, .F. ) ;
#682 = VERTEX_POINT ( 'NONE', #1758 ) ;
#683 = EDGE_LOOP ( 'NONE', ( #1266, #791, #1663, #2592, #353, #2521, #2125, #2563, #818, #787, #1231, #2562, #1667, #1656, #756, #770, #1620, #1238, #2528, #1637, #914, #2556, #1680, #2588 ) ) ;
#684 = DIRECTION ( 'NONE',  ( -1.000000000000000000, 0.000000000000000000, 0.000000000000000000 ) ) ;
#685 = EDGE_LOOP ( 'NONE', ( #1532, #139, #627, #93 ) ) ;
#686 = CARTESIAN_POINT ( 'NONE',  ( -0.2999999999999999334, 0.3150000000000000577, -0.1000000000000000056 ) ) ;
#687 = VERTEX_POINT ( 'NONE', #1177 ) ;
#688 = ORIENTED_EDGE ( 'NONE', *, *, #374, .T. ) ;
#689 = EDGE_CURVE ( 'NONE', #347, #830, #1318, .T. ) ;
#690 = DIRECTION ( 'NONE',  ( 0.000000000000000000, 0.000000000000000000, 1.000000000000000000 ) ) ;
#691 = EDGE_CURVE ( 'NONE', #2423, #2251, #2210, .T. ) ;
#692 = DIRECTION ( 'NONE',  ( -1.000000000000000000, 0.000000000000000000, 0.000000000000000000 ) ) ;
#693 = ORIENTED_EDGE ( 'NONE', *, *, #1740, .T. ) ;
#694 = ORIENTED_EDGE ( 'NONE', *, *, #1316, .T. ) ;
#695 = EDGE_CURVE ( 'NONE', #1419, #2581, #2220, .T. ) ;
#696 = CARTESIAN_POINT ( 'NONE',  ( -0.1099999999999999867, 0.4449999999999998956, -0.05999999999999999084 ) ) ;
#697 = MECHANICAL_DESIGN_GEOMETRIC_PRESENTATION_REPRESENTATION (  '', ( #1267 ), #1022 ) ;
#698 = ORIENTED_EDGE ( 'NONE', *, *, #1525, .F. ) ;
#699 = CARTESIAN_POINT ( 'NONE',  ( 0.1249999999999999306, 0.1150000000000000050, 0.06000000000000005329 ) ) ;
#700 = PRODUCT_DEFINITION_SHAPE ( 'NONE', 'NONE',  #1131 ) ;
#701 = ORIENTED_EDGE ( 'NONE', *, *, #695, .F. ) ;
#702 = AXIS2_PLACEMENT_3D ( 'NONE', #1924, #648, #1649 ) ;
#703 = CARTESIAN_POINT ( 'NONE',  ( -0.2599999999999999534, 0.4449999999999999512, 0.06000000000000005329 ) ) ;
#704 = EDGE_LOOP ( 'NONE', ( #2469, #587, #1571, #295 ) ) ;
#705 = CARTESIAN_POINT ( 'NONE',  ( -0.1099999999999999867, 0.3150000000000000022, -0.05999999999999999084 ) ) ;
#706 = ORIENTED_EDGE ( 'NONE', *, *, #628, .T. ) ;
#707 = EDGE_CURVE ( 'NONE', #504, #682, #442, .T. ) ;
#708 = DIRECTION ( 'NONE',  ( -0.000000000000000000, 0.7071067811865464625, 0.7071067811865485719 ) ) ;
#709 = DIRECTION ( 'NONE',  ( -0.000000000000000000, -0.000000000000000000, -1.000000000000000000 ) ) ;
#710 = DIRECTION ( 'NONE',  ( -1.000000000000000000, -0.000000000000000000, -0.000000000000000000 ) ) ;
#711 = ADVANCED_FACE ( 'NONE', ( #2224 ), #1473, .F. ) ;
#712 = ORIENTED_EDGE ( 'NONE', *, *, #31, .T. ) ;
#713 = CARTESIAN_POINT ( 'NONE',  ( 0.004499999999999993588, 0.3550000000000000377, 0.004499999999999989252 ) ) ;
#714 = ORIENTED_EDGE ( 'NONE', *, *, #1068, .F. ) ;
#715 = CARTESIAN_POINT ( 'NONE',  ( -0.2674999999999999600, 0.01499999999999997169, -0.1380788655293195555 ) ) ;
#716 = CARTESIAN_POINT ( 'NONE',  ( 0.1499999999999999944, 0.3150000000000000022, -0.1000000000000000056 ) ) ;
#717 = ORIENTED_EDGE ( 'NONE', *, *, #1020, .F. ) ;
#718 = CARTESIAN_POINT ( 'NONE',  ( 0.1249999999999999306, 0.4649999999999999689, 0.08000000000000009881 ) ) ;
#719 = FILL_AREA_STYLE ('',( #952 ) ) ;
#720 = ORIENTED_EDGE ( 'NONE', *, *, #1530, .F. ) ;
#721 = ORIENTED_EDGE ( 'NONE', *, *, #1600, .F. ) ;
#722 =( NAMED_UNIT ( * ) PLANE_ANGLE_UNIT ( ) SI_UNIT ( $, .RADIAN. ) );
#723 = DIRECTION ( 'NONE',  ( 0.000000000000000000, 1.000000000000000000, 0.000000000000000000 ) ) ;
#724 = ORIENTED_EDGE ( 'NONE', *, *, #679, .F. ) ;
#725 = DIRECTION ( 'NONE',  ( -0.000000000000000000, -0.000000000000000000, -1.000000000000000000 ) ) ;
#726 = DIRECTION ( 'NONE',  ( 0.000000000000000000, -0.000000000000000000, 1.000000000000000000 ) ) ;
#727 = ADVANCED_FACE ( 'NONE', ( #446 ), #2274, .T. ) ;
#728 = ORIENTED_EDGE ( 'NONE', *, *, #1661, .T. ) ;
#729 = ORIENTED_EDGE ( 'NONE', *, *, #506, .F. ) ;
#730 = VERTEX_POINT ( 'NONE', #2262 ) ;
#731 = DIRECTION ( 'NONE',  ( 1.000000000000000000, 0.000000000000000000, 0.000000000000000000 ) ) ;
#732 = VERTEX_POINT ( 'NONE', #1299 ) ;
#733 =( NAMED_UNIT ( * ) PLANE_ANGLE_UNIT ( ) SI_UNIT ( $, .RADIAN. ) );
#734 = EDGE_CURVE ( 'NONE', #1633, #1482, #475, .T. ) ;
#735 = ORIENTED_EDGE ( 'NONE', *, *, #1050, .T. ) ;
#736 = VERTEX_POINT ( 'NONE', #276 ) ;
#737 = CARTESIAN_POINT ( 'NONE',  ( -0.01249999999999999722, 0.3550000000000000377, -0.01250000000000000069 ) ) ;
#738 = PLANE ( 'NONE',  #348 ) ;
#739 = ORIENTED_EDGE ( 'NONE', *, *, #2041, .F. ) ;
#740 = ORIENTED_EDGE ( 'NONE', *, *, #2059, .T. ) ;
#741 = EDGE_CURVE ( 'NONE', #757, #2294, #483, .T. ) ;
#742 = ORIENTED_EDGE ( 'NONE', *, *, #310, .F. ) ;
#743 = ORIENTED_EDGE ( 'NONE', *, *, #65, .F. ) ;
#744 = PRODUCT_DEFINITION_FORMATION_WITH_SPECIFIED_SOURCE ( 'ANY', '', #1945, .NOT_KNOWN. ) ;
#745 = CARTESIAN_POINT ( 'NONE',  ( -0.01249999999999999722, 0.3299999999999997380, 0.01250000000000000069 ) ) ;
#746 = VERTEX_POINT ( 'NONE', #1668 ) ;
#747 = ORIENTED_EDGE ( 'NONE', *, *, #1367, .T. ) ;
#748 = ORIENTED_EDGE ( 'NONE', *, *, #985, .F. ) ;
#749 = ADVANCED_FACE ( 'NONE', ( #571 ), #28, .F. ) ;
#750 = ORIENTED_EDGE ( 'NONE', *, *, #18, .T. ) ;
#751 = CARTESIAN_POINT ( 'NONE',  ( -0.1249999999999999306, 0.1150000000000000050, 0.1000000000000000056 ) ) ;
#752 = ORIENTED_EDGE ( 'NONE', *, *, #1050, .F. ) ;
#753 = ORIENTED_EDGE ( 'NONE', *, *, #994, .T. ) ;
#754 = AXIS2_PLACEMENT_3D ( 'NONE', #2236, #2448, #2297 ) ;
#755 = ORIENTED_EDGE ( 'NONE', *, *, #1638, .T. ) ;
#756 = ORIENTED_EDGE ( 'NONE', *, *, #480, .T. ) ;
#757 = VERTEX_POINT ( 'NONE', #2537 ) ;
#758 = CARTESIAN_POINT ( 'NONE',  ( -0.2599999999999999534, 0.4449999999999999512, 0.06000000000000005329 ) ) ;
#759 = DIRECTION ( 'NONE',  ( -0.000000000000000000, -1.000000000000000000, -0.000000000000000000 ) ) ;
#760 = DIRECTION ( 'NONE',  ( 1.000000000000000000, 0.000000000000000000, 0.000000000000000000 ) ) ;
#761 = ORIENTED_EDGE ( 'NONE', *, *, #548, .F. ) ;
#762 = DIRECTION ( 'NONE',  ( -0.000000000000000000, 0.000000000000000000, 1.000000000000000000 ) ) ;
#763 = DIRECTION ( 'NONE',  ( 0.000000000000000000, 0.000000000000000000, 1.000000000000000000 ) ) ;
#764 = EDGE_LOOP ( 'NONE', ( #1681, #2353, #2533, #721, #556 ) ) ;
#765 = EDGE_LOOP ( 'NONE', ( #2571, #1414, #786, #1617 ) ) ;
#766 = VERTEX_POINT ( 'NONE', #2307 ) ;
#767 = DIRECTION ( 'NONE',  ( 0.000000000000000000, -1.000000000000000000, 0.000000000000000000 ) ) ;
#768 = ORIENTED_EDGE ( 'NONE', *, *, #363, .T. ) ;
#769 = DIRECTION ( 'NONE',  ( -1.000000000000000000, 0.000000000000000000, 0.000000000000000000 ) ) ;
#770 = ORIENTED_EDGE ( 'NONE', *, *, #2159, .T. ) ;
#771 = DIRECTION ( 'NONE',  ( 1.000000000000000000, 0.000000000000000000, 0.000000000000000000 ) ) ;
#772 = EDGE_CURVE ( 'NONE', #2550, #1648, #553, .T. ) ;
#773 = ORIENTED_EDGE ( 'NONE', *, *, #2454, .F. ) ;
#774 = ADVANCED_FACE ( 'NONE', ( #1515 ), #1488, .F. ) ;
#775 = ORIENTED_EDGE ( 'NONE', *, *, #2614, .T. ) ;
#776 = DIRECTION ( 'NONE',  ( -1.000000000000000000, 0.000000000000000000, -0.000000000000000000 ) ) ;
#777 =( NAMED_UNIT ( * ) SI_UNIT ( $, .STERADIAN. ) SOLID_ANGLE_UNIT ( ) );
#778 = CONTEXT_DEPENDENT_SHAPE_REPRESENTATION ( #811, #477 ) ;
#779 = ORIENTED_EDGE ( 'NONE', *, *, #569, .T. ) ;
#780 = EDGE_LOOP ( 'NONE', ( #2436, #976, #1573, #1440, #2362 ) ) ;
#781 = ORIENTED_EDGE ( 'NONE', *, *, #1367, .F. ) ;
#782 = ITEM_DEFINED_TRANSFORMATION ( 'NONE', 'NONE', #1485,  #1938 ) ;
#783 = ORIENTED_EDGE ( 'NONE', *, *, #2205, .F. ) ;
#784 = DIRECTION ( 'NONE',  ( -0.7071067811865463515, -0.7071067811865487940, 0.000000000000000000 ) ) ;
#785 = CARTESIAN_POINT ( 'NONE',  ( 0.1100000000000000006, 0.3519999999999996465, -0.1600000000000000033 ) ) ;
#786 = ORIENTED_EDGE ( 'NONE', *, *, #1353, .T. ) ;
#787 = ORIENTED_EDGE ( 'NONE', *, *, #837, .F. ) ;
#788 = EDGE_CURVE ( 'NONE', #613, #2094, #564, .T. ) ;
#789 = EDGE_CURVE ( 'NONE', #613, #2121, #2352, .T. ) ;
#790 = ORIENTED_EDGE ( 'NONE', *, *, #1349, .F. ) ;
#791 = ORIENTED_EDGE ( 'NONE', *, *, #1187, .T. ) ;
#792 = VERTEX_POINT ( 'NONE', #1065 ) ;
#793 = DIRECTION ( 'NONE',  ( 0.000000000000000000, 0.000000000000000000, 1.000000000000000000 ) ) ;
#794 = VERTEX_POINT ( 'NONE', #292 ) ;
#795 = CARTESIAN_POINT ( 'NONE',  ( 0.2999999999999999334, 0.01499999999999997689, 0.1000000000000000056 ) ) ;
#796 = DIRECTION ( 'NONE',  ( -0.000000000000000000, 0.000000000000000000, 1.000000000000000000 ) ) ;
#797 = CARTESIAN_POINT ( 'NONE',  ( -0.1249999999999999306, 0.4649999999999999689, 0.08000000000000009881 ) ) ;
#798 = ADVANCED_FACE ( 'NONE', ( #2430 ), #2486, .F. ) ;
#799 = ORIENTED_EDGE ( 'NONE', *, *, #2072, .T. ) ;
#800 = VERTEX_POINT ( 'NONE', #1686 ) ;
#801 = CARTESIAN_POINT ( 'NONE',  ( -0.2999999999999999334, 0.01499999999999997689, -0.1000000000000000056 ) ) ;
#802 = AXIS2_PLACEMENT_3D ( 'NONE', #1983, #2633, #2017 ) ;
#803 = DIRECTION ( 'NONE',  ( 0.000000000000000000, 0.000000000000000000, 1.000000000000000000 ) ) ;
#804 = EDGE_LOOP ( 'NONE', ( #2565, #526, #1627, #701, #2291 ) ) ;
#805 = EDGE_LOOP ( 'NONE', ( #430, #476, #1749, #2204 ) ) ;
#806 = ORIENTED_EDGE ( 'NONE', *, *, #1615, .F. ) ;
#807 = EDGE_CURVE ( 'NONE', #1254, #2158, #579, .T. ) ;
#808 = DIRECTION ( 'NONE',  ( -0.3713906763541033884, 0.9284766908852594147, 0.000000000000000000 ) ) ;
#809 = PLANE ( 'NONE',  #166 ) ;
#810 = ORIENTED_EDGE ( 'NONE', *, *, #448, .F. ) ;
#811 =( REPRESENTATION_RELATIONSHIP ('NONE','NONE', #208, #1270 ) REPRESENTATION_RELATIONSHIP_WITH_TRANSFORMATION ( #2484 )SHAPE_REPRESENTATION_RELATIONSHIP( ) );
#812 = DIRECTION ( 'NONE',  ( -0.7071067811865464625, -0.7071067811865485719, 0.000000000000000000 ) ) ;
#813 = ORIENTED_EDGE ( 'NONE', *, *, #343, .F. ) ;
#814 = EDGE_LOOP ( 'NONE', ( #2300, #1715, #688, #2488 ) ) ;
#815 = VERTEX_POINT ( 'NONE', #1906 ) ;
#816 = DIRECTION ( 'NONE',  ( 0.000000000000000000, -1.000000000000000000, 0.000000000000000000 ) ) ;
#817 = ORIENTED_EDGE ( 'NONE', *, *, #1080, .T. ) ;
#818 = ORIENTED_EDGE ( 'NONE', *, *, #1871, .T. ) ;
#819 = EDGE_LOOP ( 'NONE', ( #728, #674, #386, #2551 ) ) ;
#820 = EDGE_CURVE ( 'NONE', #1728, #1575, #1495, .T. ) ;
#821 = CARTESIAN_POINT ( 'NONE',  ( -0.2324999999999999012, 0.01499999999999996128, -0.1000000000000000056 ) ) ;
#822 = ADVANCED_FACE ( 'NONE', ( #936 ), #2292, .T. ) ;
#823 = VERTEX_POINT ( 'NONE', #869 ) ;
#824 = ORIENTED_EDGE ( 'NONE', *, *, #448, .T. ) ;
#825 = UNCERTAINTY_MEASURE_WITH_UNIT (LENGTH_MEASURE( 1.000000000000000082E-05 ), #365, 'distance_accuracy_value', 'NONE');
#826 = AXIS2_PLACEMENT_3D ( 'NONE', #2580, #1306, #525 ) ;
#827 = FACE_OUTER_BOUND ( 'NONE', #2306, .T. ) ;
#828 = DIRECTION ( 'NONE',  ( 0.000000000000000000, 0.000000000000000000, -1.000000000000000000 ) ) ;
#829 = CARTESIAN_POINT ( 'NONE',  ( 0.000000000000000000, -0.1300000000000000044, 0.004499999999999998793 ) ) ;
#830 = VERTEX_POINT ( 'NONE', #1047 ) ;
#831 = APPLICATION_CONTEXT ( 'automotive_design' ) ;
#832 = DIRECTION ( 'NONE',  ( -1.000000000000000000, 0.000000000000000000, 0.000000000000000000 ) ) ;
#833 = FACE_OUTER_BOUND ( 'NONE', #1346, .T. ) ;
#834 = PLANE ( 'NONE',  #924 ) ;
#835 = DIRECTION ( 'NONE',  ( 0.000000000000000000, 1.000000000000000000, 0.000000000000000000 ) ) ;
#836 = ORIENTED_EDGE ( 'NONE', *, *, #575, .F. ) ;
#837 = EDGE_CURVE ( 'NONE', #1575, #2241, #25, .T. ) ;
#838 = CARTESIAN_POINT ( 'NONE',  ( 0.01250000000000000590, -0.1300000000000000044, -0.01250000000000000069 ) ) ;
#839 = VERTEX_POINT ( 'NONE', #135 ) ;
#840 = EDGE_CURVE ( 'NONE', #1878, #746, #2527, .T. ) ;
#841 = VECTOR ( 'NONE', #692, 39.37007874015748143 ) ;
#842 = ORIENTED_EDGE ( 'NONE', *, *, #2154, .T. ) ;
#843 = CARTESIAN_POINT ( 'NONE',  ( -0.08999999999999994116, 0.4249999999999999889, -0.09999999999999997780 ) ) ;
#844 = ORIENTED_EDGE ( 'NONE', *, *, #2518, .F. ) ;
#845 = DIRECTION ( 'NONE',  ( 0.000000000000000000, 0.000000000000000000, 1.000000000000000000 ) ) ;
#846 = FACE_OUTER_BOUND ( 'NONE', #2337, .T. ) ;
#847 = EDGE_LOOP ( 'NONE', ( #1892, #720, #1565, #1514, #2375, #1487, #107, #2411, #2413, #712, #573, #1849, #1014, #2314, #1490, #1870 ) ) ;
#848 =( CONVERSION_BASED_UNIT ( 'INCH', #2077 ) LENGTH_UNIT ( ) NAMED_UNIT ( #2495 ) );
#849 = EDGE_CURVE ( 'NONE', #568, #1248, #1754, .T. ) ;
#850 = DIRECTION ( 'NONE',  ( 0.000000000000000000, 0.000000000000000000, -1.000000000000000000 ) ) ;
#851 = DIRECTION ( 'NONE',  ( 0.000000000000000000, -0.000000000000000000, -1.000000000000000000 ) ) ;
#852 = ORIENTED_EDGE ( 'NONE', *, *, #2041, .T. ) ;
#853 = UNCERTAINTY_MEASURE_WITH_UNIT (LENGTH_MEASURE( 1.000000000000000082E-05 ), #1563, 'distance_accuracy_value', 'NONE');
#854 = VECTOR ( 'NONE', #1799, 39.37007874015748143 ) ;
#855 = CARTESIAN_POINT ( 'NONE',  ( -0.01249999999999999722, 0.01500000000000000291, -0.01250000000000000069 ) ) ;
#856 = ORIENTED_EDGE ( 'NONE', *, *, #1710, .T. ) ;
#857 = DIRECTION ( 'NONE',  ( 1.000000000000000000, 0.000000000000000000, -0.000000000000000000 ) ) ;
#858 = ORIENTED_EDGE ( 'NONE', *, *, #807, .T. ) ;
#859 =( NAMED_UNIT ( * ) PLANE_ANGLE_UNIT ( ) SI_UNIT ( $, .RADIAN. ) );
#860 = VECTOR ( 'NONE', #1102, 39.37007874015748143 ) ;
#861 = VERTEX_POINT ( 'NONE', #1388 ) ;
#862 = ORIENTED_EDGE ( 'NONE', *, *, #2387, .T. ) ;
#863 = CARTESIAN_POINT ( 'NONE',  ( -0.1249999999999999306, 0.4649999999999999689, 0.08000000000000009881 ) ) ;
#864 = PLANE ( 'NONE',  #1027 ) ;
#865 = VECTOR ( 'NONE', #315, 39.37007874015748143 ) ;
#866 = LINE ( 'NONE', #1528, #22 ) ;
#867 = EDGE_CURVE ( 'NONE', #2331, #2536, #1823, .T. ) ;
#868 = LINE ( 'NONE', #599, #1764 ) ;
#869 = CARTESIAN_POINT ( 'NONE',  ( -0.1099999999999999867, 0.3519999999999999796, -0.1199999999999999956 ) ) ;
#870 = DIRECTION ( 'NONE',  ( 1.000000000000000000, 1.224646799147354440E-16, 0.000000000000000000 ) ) ;
#871 = LINE ( 'NONE', #119, #876 ) ;
#872 = VECTOR ( 'NONE', #1232, 39.37007874015748143 ) ;
#873 = ORIENTED_EDGE ( 'NONE', *, *, #1577, .F. ) ;
#874 = EDGE_CURVE ( 'NONE', #1720, #2094, #1763, .T. ) ;
#875 = VECTOR ( 'NONE', #1752, 39.37007874015748143 ) ;
#876 = VECTOR ( 'NONE', #2201, 39.37007874015748143 ) ;
#877 = CARTESIAN_POINT ( 'NONE',  ( 0.1249999999999999306, 0.1150000000000000050, 0.1000000000000000056 ) ) ;
#878 = VECTOR ( 'NONE', #364, 39.37007874015748143 ) ;
#879 = PLANE ( 'NONE',  #1303 ) ;
#880 = DIRECTION ( 'NONE',  ( 0.000000000000000000, 0.000000000000000000, 1.000000000000000000 ) ) ;
#881 = DIRECTION ( 'NONE',  ( 0.7071067811865465735, -0.7071067811865485719, 0.000000000000000000 ) ) ;
#882 = ADVANCED_FACE ( 'NONE', ( #884 ), #2629, .F. ) ;
#883 = LINE ( 'NONE', #2482, #1768 ) ;
#884 = FACE_OUTER_BOUND ( 'NONE', #2558, .T. ) ;
#885 = LINE ( 'NONE', #855, #1791 ) ;
#886 = VERTEX_POINT ( 'NONE', #993 ) ;
#887 = DIRECTION ( 'NONE',  ( -0.000000000000000000, 1.000000000000000000, -0.000000000000000000 ) ) ;
#888 = EDGE_CURVE ( 'NONE', #757, #2373, #1760, .T. ) ;
#889 = DIRECTION ( 'NONE',  ( -1.000000000000000000, 0.000000000000000000, 0.000000000000000000 ) ) ;
#890 = AXIS2_PLACEMENT_3D ( 'NONE', #2598, #144, #2361 ) ;
#891 = VECTOR ( 'NONE', #1061, 39.37007874015748143 ) ;
#892 = VECTOR ( 'NONE', #501, 39.37007874015748143 ) ;
#893 = VERTEX_POINT ( 'NONE', #1184 ) ;
#894 = DIRECTION ( 'NONE',  ( -0.000000000000000000, 1.000000000000000000, -0.000000000000000000 ) ) ;
#895 = CARTESIAN_POINT ( 'NONE',  ( 0.1099999999999999867, 0.4449999999999999512, -0.1199999999999999956 ) ) ;
#896 = ORIENTED_EDGE ( 'NONE', *, *, #922, .T. ) ;
#897 = LINE ( 'NONE', #1662, #986 ) ;
#898 = VECTOR ( 'NONE', #1129, 39.37007874015748143 ) ;
#899 = CARTESIAN_POINT ( 'NONE',  ( -0.06000000000000003247, -0.01149110640673522282, -0.1000000000000000056 ) ) ;
#900 = ORIENTED_EDGE ( 'NONE', *, *, #1626, .F. ) ;
#901 = CARTESIAN_POINT ( 'NONE',  ( -0.2599999999999999534, 0.4449999999999999512, -0.05999999999999994921 ) ) ;
#902 = ADVANCED_BREP_SHAPE_REPRESENTATION ( '', ( #1405, #2003, #1938 ), #1257 ) ;
#903 = LENGTH_MEASURE_WITH_UNIT ( LENGTH_MEASURE( 0.02539999999999999897 ), #2334 );
#904 = VECTOR ( 'NONE', #972, 39.37007874015748143 ) ;
#905 = ORIENTED_EDGE ( 'NONE', *, *, #628, .F. ) ;
#906 = CARTESIAN_POINT ( 'NONE',  ( -0.01249999999999999722, -0.1049999999999997324, 0.01250000000000000069 ) ) ;
#907 = DIRECTION ( 'NONE',  ( -1.000000000000000000, 0.000000000000000000, 0.000000000000000000 ) ) ;
#908 = ADVANCED_FACE ( 'NONE', ( #1827 ), #2217, .F. ) ;
#909 = EDGE_CURVE ( 'NONE', #2363, #468, #866, .T. ) ;
#910 = VECTOR ( 'NONE', #616, 39.37007874015748143 ) ;
#911 = VERTEX_POINT ( 'NONE', #1317 ) ;
#912 = CARTESIAN_POINT ( 'NONE',  ( -0.2999999999999999334, -0.6174555320336757580, 0.1000000000000000056 ) ) ;
#913 = DIRECTION ( 'NONE',  ( 1.000000000000000000, 0.000000000000000000, -0.000000000000000000 ) ) ;
#914 = ORIENTED_EDGE ( 'NONE', *, *, #2011, .T. ) ;
#915 = AXIS2_PLACEMENT_3D ( 'NONE', #1784, #1017, #216 ) ;
#916 = FACE_OUTER_BOUND ( 'NONE', #1898, .T. ) ;
#917 = LINE ( 'NONE', #1354, #59 ) ;
#918 = CARTESIAN_POINT ( 'NONE',  ( -0.2474999999999999145, 7.015092134724295247E-18, -0.1380788655293195555 ) ) ;
#919 = DIRECTION ( 'NONE',  ( 1.000000000000000000, 0.000000000000000000, 0.000000000000000000 ) ) ;
#920 = ORIENTED_EDGE ( 'NONE', *, *, #1857, .T. ) ;
#921 = EDGE_CURVE ( 'NONE', #2516, #131, #17, .T. ) ;
#922 = EDGE_CURVE ( 'NONE', #893, #1374, #1735, .T. ) ;
#923 = DIRECTION ( 'NONE',  ( 0.000000000000000000, 0.000000000000000000, -1.000000000000000000 ) ) ;
#924 = AXIS2_PLACEMENT_3D ( 'NONE', #2468, #796, #2035 ) ;
#925 = CARTESIAN_POINT ( 'NONE',  ( 0.1249999999999999306, 0.000000000000000000, 0.000000000000000000 ) ) ;
#926 = CARTESIAN_POINT ( 'NONE',  ( -0.2474999999999999145, 7.015092134724295247E-18, 0.1000000000000000056 ) ) ;
#927 = VECTOR ( 'NONE', #1119, 39.37007874015748143 ) ;
#928 = ORIENTED_EDGE ( 'NONE', *, *, #741, .T. ) ;
#929 = ADVANCED_FACE ( 'NONE', ( #846 ), #576, .F. ) ;
#930 = CARTESIAN_POINT ( 'NONE',  ( 0.004499999999999993588, 0.3550000000000000377, -0.01250000000000000069 ) ) ;
#931 = LINE ( 'NONE', #371, #53 ) ;
#932 = FILL_AREA_STYLE_COLOUR ( '', #1360 ) ;
#933 = VECTOR ( 'NONE', #1243, 39.37007874015748143 ) ;
#934 = VECTOR ( 'NONE', #108, 39.37007874015748143 ) ;
#935 = ORIENTED_EDGE ( 'NONE', *, *, #247, .F. ) ;
#936 = FACE_OUTER_BOUND ( 'NONE', #2539, .T. ) ;
#937 = EDGE_CURVE ( 'NONE', #1453, #362, #871, .T. ) ;
#938 = DIRECTION ( 'NONE',  ( 0.000000000000000000, 0.000000000000000000, 1.000000000000000000 ) ) ;
#939 = DIRECTION ( 'NONE',  ( 0.000000000000000000, 0.000000000000000000, 1.000000000000000000 ) ) ;
#940 = PLANE ( 'NONE',  #2489 ) ;
#941 = LINE ( 'NONE', #1113, #1848 ) ;
#942 = VERTEX_POINT ( 'NONE', #1991 ) ;
#943 = DIRECTION ( 'NONE',  ( -0.000000000000000000, -0.000000000000000000, -1.000000000000000000 ) ) ;
#944 = PRODUCT_DEFINITION_SHAPE ( 'NONE', 'NONE',  #2642 ) ;
#945 = LINE ( 'NONE', #1000, #1830 ) ;
#946 = FACE_OUTER_BOUND ( 'NONE', #683, .T. ) ;
#947 = EDGE_LOOP ( 'NONE', ( #400, #1618, #330, #735 ) ) ;
#948 = CARTESIAN_POINT ( 'NONE',  ( -0.2599999999999999534, 0.2949999999999999289, -0.05999999999999994921 ) ) ;
#949 = DIRECTION ( 'NONE',  ( 0.000000000000000000, 1.000000000000000000, 0.000000000000000000 ) ) ;
#950 = FACE_OUTER_BOUND ( 'NONE', #1813, .T. ) ;
#951 = CARTESIAN_POINT ( 'NONE',  ( 0.1099999999999999867, 0.3150000000000000022, -0.1199999999999999956 ) ) ;
#952 = FILL_AREA_STYLE_COLOUR ( '', #2023 ) ;
#953 = FACE_OUTER_BOUND ( 'NONE', #2424, .T. ) ;
#954 = VECTOR ( 'NONE', #2117, 39.37007874015748143 ) ;
#955 = EDGE_LOOP ( 'NONE', ( #2584, #1274, #1690, #2161 ) ) ;
#956 = EDGE_CURVE ( 'NONE', #2384, #2373, #917, .T. ) ;
#957 = LINE ( 'NONE', #2414, #64 ) ;
#958 = DIRECTION ( 'NONE',  ( 0.7071067811865485719, -0.7071067811865464625, 0.000000000000000000 ) ) ;
#959 = CARTESIAN_POINT ( 'NONE',  ( -0.01249999999999999722, -0.1049999999999997324, -0.01250000000000000069 ) ) ;
#960 = CARTESIAN_POINT ( 'NONE',  ( -0.01249999999999999722, 0.3550000000000000377, 0.01250000000000000069 ) ) ;
#961 = LINE ( 'NONE', #652, #1825 ) ;
#962 = PLANE ( 'NONE',  #1859 ) ;
#963 = VECTOR ( 'NONE', #2037, 39.37007874015748143 ) ;
#964 = VECTOR ( 'NONE', #1653, 39.37007874015748143 ) ;
#965 = AXIS2_PLACEMENT_3D ( 'NONE', #1553, #2524, #2333 ) ;
#966 = ORIENTED_EDGE ( 'NONE', *, *, #788, .F. ) ;
#967 = DIRECTION ( 'NONE',  ( -1.000000000000000000, 0.000000000000000000, 0.000000000000000000 ) ) ;
#968 = FACE_OUTER_BOUND ( 'NONE', #2323, .T. ) ;
#969 = FACE_OUTER_BOUND ( 'NONE', #2199, .T. ) ;
#970 = VECTOR ( 'NONE', #1433, 39.37007874015748143 ) ;
#971 = ORIENTED_EDGE ( 'NONE', *, *, #2601, .F. ) ;
#972 = DIRECTION ( 'NONE',  ( 0.000000000000000000, 0.000000000000000000, -1.000000000000000000 ) ) ;
#973 =( CONVERSION_BASED_UNIT ( 'INCH', #2126 ) LENGTH_UNIT ( ) NAMED_UNIT ( #1096 ) );
#974 = FACE_OUTER_BOUND ( 'NONE', #1524, .T. ) ;
#975 = LINE ( 'NONE', #633, #1832 ) ;
#976 = ORIENTED_EDGE ( 'NONE', *, *, #1846, .T. ) ;
#977 = EDGE_CURVE ( 'NONE', #2416, #2094, #2636, .T. ) ;
#978 = VECTOR ( 'NONE', #70, 39.37007874015748143 ) ;
#979 = CARTESIAN_POINT ( 'NONE',  ( 0.01037516600265608185, -0.1116401062416995660, -0.01037516600265608012 ) ) ;
#980 = CARTESIAN_POINT ( 'NONE',  ( 0.2674999999999999600, 0.01500000000000003934, -0.1380788655293195555 ) ) ;
#981 = DIRECTION ( 'NONE',  ( -0.000000000000000000, 0.3047757271037809801, -0.9524241471993251107 ) ) ;
#982 = ORIENTED_EDGE ( 'NONE', *, *, #2570, .T. ) ;
#983 =( NAMED_UNIT ( * ) SI_UNIT ( $, .STERADIAN. ) SOLID_ANGLE_UNIT ( ) );
#984 = ADVANCED_FACE ( 'NONE', ( #946 ), #2347, .F. ) ;
#985 = EDGE_CURVE ( 'NONE', #839, #1728, #43, .T. ) ;
#986 = VECTOR ( 'NONE', #2022, 39.37007874015748143 ) ;
#987 = ORIENTED_EDGE ( 'NONE', *, *, #1133, .F. ) ;
#988 = MECHANICAL_DESIGN_GEOMETRIC_PRESENTATION_REPRESENTATION (  '', ( #124 ), #2610 ) ;
#989 = CARTESIAN_POINT ( 'NONE',  ( 0.2324999999999998457, 0.01499999999999997169, -0.1000000000000000056 ) ) ;
#990 = CARTESIAN_POINT ( 'NONE',  ( 0.2399999999999999079, 0.3850000000000000089, -0.09800000000000000377 ) ) ;
#991 = VECTOR ( 'NONE', #1416, 39.37007874015748143 ) ;
#992 = ORIENTED_EDGE ( 'NONE', *, *, #2549, .F. ) ;
#993 = CARTESIAN_POINT ( 'NONE',  ( -0.01249999999999999722, 0.3299999999999997380, 0.01250000000000000069 ) ) ;
#994 = EDGE_CURVE ( 'NONE', #434, #2557, #13, .T. ) ;
#995 = ORIENTED_EDGE ( 'NONE', *, *, #2253, .T. ) ;
#996 = EDGE_CURVE ( 'NONE', #2240, #1254, #1775, .T. ) ;
#997 = DIRECTION ( 'NONE',  ( 0.000000000000000000, 0.000000000000000000, -1.000000000000000000 ) ) ;
#998 = CARTESIAN_POINT ( 'NONE',  ( -0.01249999999999999722, -0.1300000000000000044, -0.01250000000000000069 ) ) ;
#999 = ORIENTED_EDGE ( 'NONE', *, *, #1871, .F. ) ;
#1000 = CARTESIAN_POINT ( 'NONE',  ( 0.2079999999999999349, 0.4649999999999999689, 0.004449987798925545378 ) ) ;
#1001 = FACE_OUTER_BOUND ( 'NONE', #384, .T. ) ;
#1002 = DIRECTION ( 'NONE',  ( 1.000000000000000000, 0.000000000000000000, 0.000000000000000000 ) ) ;
#1003 = DIRECTION ( 'NONE',  ( 0.000000000000000000, -0.7071067811865485719, 0.7071067811865464625 ) ) ;
#1004 =( LENGTH_UNIT ( ) NAMED_UNIT ( * ) SI_UNIT ( $, .METRE. ) );
#1005 = VECTOR ( 'NONE', #655, 39.37007874015748143 ) ;
#1006 = LINE ( 'NONE', #2625, #60 ) ;
#1007 = VERTEX_POINT ( 'NONE', #751 ) ;
#1008 = EDGE_CURVE ( 'NONE', #1703, #2186, #1790, .T. ) ;
#1009 = CARTESIAN_POINT ( 'NONE',  ( -0.2324999999999999012, 0.01499999999999997689, -0.1380788655293195555 ) ) ;
#1010 = DIRECTION ( 'NONE',  ( 0.000000000000000000, 1.000000000000000000, 0.000000000000000000 ) ) ;
#1011 = ORIENTED_EDGE ( 'NONE', *, *, #788, .T. ) ;
#1012 = DIRECTION ( 'NONE',  ( 1.000000000000000000, 0.000000000000000000, 0.000000000000000000 ) ) ;
#1013 = LINE ( 'NONE', #200, #970 ) ;
#1014 = ORIENTED_EDGE ( 'NONE', *, *, #2169, .F. ) ;
#1015 = LINE ( 'NONE', #1214, #164 ) ;
#1016 = CARTESIAN_POINT ( 'NONE',  ( 0.000000000000000000, 0.4649999999999999689, 0.000000000000000000 ) ) ;
#1017 = DIRECTION ( 'NONE',  ( -0.9284766908852595257, -0.3713906763541034439, 0.000000000000000000 ) ) ;
#1018 = EDGE_LOOP ( 'NONE', ( #157, #1531, #1389 ) ) ;
#1019 = FACE_OUTER_BOUND ( 'NONE', #2623, .T. ) ;
#1020 = EDGE_CURVE ( 'NONE', #1339, #632, #30, .T. ) ;
#1021 = CARTESIAN_POINT ( 'NONE',  ( -0.2999999999999999334, -0.6174555320336757580, 0.1000000000000000056 ) ) ;
#1022 =( GEOMETRIC_REPRESENTATION_CONTEXT ( 3 ) GLOBAL_UNCERTAINTY_ASSIGNED_CONTEXT ( ( #1976 ) ) GLOBAL_UNIT_ASSIGNED_CONTEXT ( ( #1998, #722, #777 ) ) REPRESENTATION_CONTEXT ( 'NONE', 'WORKASPACE' ) );
#1023 = DIRECTION ( 'NONE',  ( 1.000000000000000000, 0.000000000000000000, 0.000000000000000000 ) ) ;
#1024 = FACE_OUTER_BOUND ( 'NONE', #1058, .T. ) ;
#1025 = LINE ( 'NONE', #251, #1064 ) ;
#1026 = FACE_OUTER_BOUND ( 'NONE', #1223, .T. ) ;
#1027 = AXIS2_PLACEMENT_3D ( 'NONE', #1077, #949, #726 ) ;
#1028 = LINE ( 'NONE', #671, #1059 ) ;
#1029 = CARTESIAN_POINT ( 'NONE',  ( 0.05999999999999997696, 0.2949999999999999289, -0.05999999999999999084 ) ) ;
#1030 = VECTOR ( 'NONE', #478, 39.37007874015748143 ) ;
#1031 = LINE ( 'NONE', #2541, #1831 ) ;
#1032 = DIRECTION ( 'NONE',  ( 1.000000000000000000, -0.000000000000000000, 0.000000000000000000 ) ) ;
#1033 = CARTESIAN_POINT ( 'NONE',  ( 0.01250000000000000590, 0.3550000000000000377, 0.01250000000000000069 ) ) ;
#1034 = VECTOR ( 'NONE', #190, 39.37007874015748143 ) ;
#1035 = EDGE_LOOP ( 'NONE', ( #747, #1625, #2525, #318 ) ) ;
#1036 = VECTOR ( 'NONE', #2189, 39.37007874015748143 ) ;
#1037 = EDGE_CURVE ( 'NONE', #1462, #1657, #957, .T. ) ;
#1038 = PLANE ( 'NONE',  #68 ) ;
#1039 = APPLICATION_PROTOCOL_DEFINITION ( 'draft international standard', 'automotive_design', 1998, #831 ) ;
#1040 = VECTOR ( 'NONE', #1269, 39.37007874015748854 ) ;
#1041 = DIRECTION ( 'NONE',  ( 0.7071067811865485719, -0.7071067811865464625, 0.000000000000000000 ) ) ;
#1042 = LINE ( 'NONE', #895, #1932 ) ;
#1043 = LINE ( 'NONE', #2064, #1913 ) ;
#1044 = DIRECTION ( 'NONE',  ( 0.000000000000000000, 0.000000000000000000, 1.000000000000000000 ) ) ;
#1045 = LINE ( 'NONE', #2491, #172 ) ;
#1046 = EDGE_CURVE ( 'NONE', #2535, #1453, #145, .T. ) ;
#1047 = CARTESIAN_POINT ( 'NONE',  ( 0.2999999999999999334, 0.4649999999999999689, 0.1000000000000000056 ) ) ;
#1048 = CARTESIAN_POINT ( 'NONE',  ( 0.2474999999999999145, 6.763510869251826341E-17, -0.1000000000000000056 ) ) ;
#1049 = VECTOR ( 'NONE', #1083, 39.37007874015748143 ) ;
#1050 = EDGE_CURVE ( 'NONE', #1644, #2143, #86, .T. ) ;
#1051 = LINE ( 'NONE', #829, #80 ) ;
#1052 = AXIS2_PLACEMENT_3D ( 'NONE', #1363, #2172, #355 ) ;
#1053 = DIRECTION ( 'NONE',  ( 0.9524241471993251107, 0.3047757271037810356, 0.000000000000000000 ) ) ;
#1054 = CARTESIAN_POINT ( 'NONE',  ( -0.2599999999999999534, 0.1150000000000000050, -0.05999999999999994921 ) ) ;
#1055 = LINE ( 'NONE', #45, #147 ) ;
#1056 = VECTOR ( 'NONE', #2596, 39.37007874015748854 ) ;
#1057 = CARTESIAN_POINT ( 'NONE',  ( 0.2800000000000000822, 0.4649999999999999689, 0.08000000000000009881 ) ) ;
#1058 = EDGE_LOOP ( 'NONE', ( #1011, #1642, #2349, #118 ) ) ;
#1059 = VECTOR ( 'NONE', #268, 39.37007874015748854 ) ;
#1060 = DIRECTION ( 'NONE',  ( -0.000000000000000000, -1.000000000000000000, -0.000000000000000000 ) ) ;
#1061 = DIRECTION ( 'NONE',  ( 2.134256245050204715E-16, 0.000000000000000000, 1.000000000000000000 ) ) ;
#1062 = ADVANCED_FACE ( 'NONE', ( #1847 ), #1880, .T. ) ;
#1063 = EDGE_CURVE ( 'NONE', #646, #663, #1015, .T. ) ;
#1064 = VECTOR ( 'NONE', #600, 39.37007874015748143 ) ;
#1065 = CARTESIAN_POINT ( 'NONE',  ( 0.2079999999999999349, 0.4649999999999999689, -0.09800000000000000377 ) ) ;
#1066 = PLANE ( 'NONE',  #23 ) ;
#1067 = LINE ( 'NONE', #1437, #964 ) ;
#1068 = EDGE_CURVE ( 'NONE', #654, #1213, #1025, .T. ) ;
#1069 = DIRECTION ( 'NONE',  ( 1.000000000000000000, 0.000000000000000000, 0.000000000000000000 ) ) ;
#1070 = FILL_AREA_STYLE_COLOUR ( '', #1309 ) ;
#1071 = LINE ( 'NONE', #136, #1943 ) ;
#1072 = LINE ( 'NONE', #558, #218 ) ;
#1073 = AXIS2_PLACEMENT_3D ( 'NONE', #1929, #2381, #2561 ) ;
#1074 = CARTESIAN_POINT ( 'NONE',  ( -0.01249999999999999722, 0.1150000000000000050, 0.01250000000000000069 ) ) ;
#1075 = LINE ( 'NONE', #838, #167 ) ;
#1076 = FACE_OUTER_BOUND ( 'NONE', #597, .T. ) ;
#1077 = CARTESIAN_POINT ( 'NONE',  ( 0.000000000000000000, 0.01499999999999999944, 0.000000000000000000 ) ) ;
#1078 = ADVANCED_FACE ( 'NONE', ( #92 ), #445, .F. ) ;
#1079 = DIRECTION ( 'NONE',  ( -1.000000000000000000, 0.000000000000000000, 0.000000000000000000 ) ) ;
#1080 = EDGE_CURVE ( 'NONE', #1866, #766, #1045, .T. ) ;
#1081 = VECTOR ( 'NONE', #1489, 39.37007874015748854 ) ;
#1082 = LINE ( 'NONE', #1341, #1110 ) ;
#1083 = DIRECTION ( 'NONE',  ( -0.000000000000000000, 0.7071067811865489050, -0.7071067811865461294 ) ) ;
#1084 = VECTOR ( 'NONE', #1529, 39.37007874015748143 ) ;
#1085 =( GEOMETRIC_REPRESENTATION_CONTEXT ( 3 ) GLOBAL_UNCERTAINTY_ASSIGNED_CONTEXT ( ( #1816 ) ) GLOBAL_UNIT_ASSIGNED_CONTEXT ( ( #848, #1757, #499 ) ) REPRESENTATION_CONTEXT ( 'NONE', 'WORKASPACE' ) );
#1086 = DIRECTION ( 'NONE',  ( -1.000000000000000000, 0.000000000000000000, 0.000000000000000000 ) ) ;
#1087 = CARTESIAN_POINT ( 'NONE',  ( 0.1249999999999999306, 0.4649999999999999689, 0.08000000000000009881 ) ) ;
#1088 = APPLICATION_CONTEXT ( 'automotive_design' ) ;
#1089 = CARTESIAN_POINT ( 'NONE',  ( 0.01250000000000000590, -0.1049999999999997324, 0.01250000000000000069 ) ) ;
#1090 = LINE ( 'NONE', #2096, #1908 ) ;
#1091 = LINE ( 'NONE', #2594, #1116 ) ;
#1092 = LINE ( 'NONE', #1547, #1034 ) ;
#1093 = DIRECTION ( 'NONE',  ( 0.9284766908852591927, -0.3713906763541041101, 0.000000000000000000 ) ) ;
#1094 = EDGE_CURVE ( 'NONE', #2121, #1707, #1956, .T. ) ;
#1095 = VECTOR ( 'NONE', #2497, 39.37007874015748143 ) ;
#1096 = DIMENSIONAL_EXPONENTS ( 1.000000000000000000, 0.000000000000000000, 0.000000000000000000, 0.000000000000000000, 0.000000000000000000, 0.000000000000000000, 0.000000000000000000 ) ;
#1097 = DIRECTION ( 'NONE',  ( 0.000000000000000000, -0.000000000000000000, 1.000000000000000000 ) ) ;
#1098 = CARTESIAN_POINT ( 'NONE',  ( -0.2599999999999999534, 0.1150000000000000050, 0.06000000000000005329 ) ) ;
#1099 = LINE ( 'NONE', #1255, #244 ) ;
#1100 = MECHANICAL_DESIGN_GEOMETRIC_PRESENTATION_REPRESENTATION (  '', ( #94 ), #1850 ) ;
#1101 = DIRECTION ( 'NONE',  ( 1.000000000000000000, 0.000000000000000000, 0.000000000000000000 ) ) ;
#1102 = DIRECTION ( 'NONE',  ( -1.000000000000000000, -0.000000000000000000, -0.000000000000000000 ) ) ;
#1103 = VECTOR ( 'NONE', #1942, 39.37007874015748143 ) ;
#1104 = VECTOR ( 'NONE', #1598, 39.37007874015748143 ) ;
#1105 = CARTESIAN_POINT ( 'NONE',  ( -0.1499999999999999944, 0.3150000000000000022, -0.1600000000000000033 ) ) ;
#1106 = LINE ( 'NONE', #863, #1164 ) ;
#1107 = LINE ( 'NONE', #2438, #2084 ) ;
#1108 = DIRECTION ( 'NONE',  ( 0.5773502691896263972, 0.5773502691896245098, -0.5773502691896260641 ) ) ;
#1109 = EDGE_CURVE ( 'NONE', #647, #800, #1051, .T. ) ;
#1110 = VECTOR ( 'NONE', #1751, 39.37007874015748143 ) ;
#1111 = VECTOR ( 'NONE', #1750, 39.37007874015748143 ) ;
#1112 = DIRECTION ( 'NONE',  ( 0.000000000000000000, -1.000000000000000000, 0.000000000000000000 ) ) ;
#1113 = CARTESIAN_POINT ( 'NONE',  ( -0.2999999999999999334, 0.4649999999999999689, -0.1000000000000000056 ) ) ;
#1114 = PRESENTATION_LAYER_ASSIGNMENT (  '', '', ( #2329 ) ) ;
#1115 = PRESENTATION_STYLE_ASSIGNMENT (( #2184 ) ) ;
#1116 = VECTOR ( 'NONE', #160, 39.37007874015748143 ) ;
#1117 = VECTOR ( 'NONE', #2523, 39.37007874015748143 ) ;
#1118 = ADVANCED_FACE ( 'NONE', ( #969 ), #1038, .T. ) ;
#1119 = DIRECTION ( 'NONE',  ( 0.000000000000000000, 0.000000000000000000, -1.000000000000000000 ) ) ;
#1120 = CARTESIAN_POINT ( 'NONE',  ( -0.2800000000000000266, 0.4649999999999999689, 0.08000000000000009881 ) ) ;
#1121 = ORIENTED_EDGE ( 'NONE', *, *, #1333, .F. ) ;
#1122 = LINE ( 'NONE', #1170, #2050 ) ;
#1123 = FACE_OUTER_BOUND ( 'NONE', #1582, .T. ) ;
#1124 = ORIENTED_EDGE ( 'NONE', *, *, #1316, .F. ) ;
#1125 = CARTESIAN_POINT ( 'NONE',  ( -0.1499999999999999944, 0.4649999999999999689, -0.1000000000000000056 ) ) ;
#1126 = LINE ( 'NONE', #1692, #2055 ) ;
#1127 = EDGE_CURVE ( 'NONE', #823, #2405, #1067, .T. ) ;
#1128 = LINE ( 'NONE', #1135, #2036 ) ;
#1129 = DIRECTION ( 'NONE',  ( -0.000000000000000000, 0.7071067811865464625, 0.7071067811865485719 ) ) ;
#1130 =( NAMED_UNIT ( * ) SI_UNIT ( $, .STERADIAN. ) SOLID_ANGLE_UNIT ( ) );
#1131 = PRODUCT_DEFINITION ( 'UNKNOWN', '', #398, #2455 ) ;
#1132 = PRESENTATION_STYLE_ASSIGNMENT (( #2221 ) ) ;
#1133 = EDGE_CURVE ( 'NONE', #555, #794, #1905, .T. ) ;
#1134 = DIRECTION ( 'NONE',  ( 0.000000000000000000, 0.000000000000000000, -1.000000000000000000 ) ) ;
#1135 = CARTESIAN_POINT ( 'NONE',  ( -0.004117529880478079315, 0.3561952191235060461, 0.004117529880478083652 ) ) ;
#1136 = CARTESIAN_POINT ( 'NONE',  ( -0.01249999999999999722, -0.1049999999999997324, 0.01250000000000000069 ) ) ;
#1137 = LINE ( 'NONE', #1494, #2005 ) ;
#1138 = ADVANCED_FACE ( 'NONE', ( #950 ), #1608, .T. ) ;
#1139 = EDGE_CURVE ( 'NONE', #2395, #2449, #1043, .T. ) ;
#1140 = CARTESIAN_POINT ( 'NONE',  ( -0.2999999999999999334, -0.6174555320336757580, -0.1000000000000000056 ) ) ;
#1141 = LINE ( 'NONE', #1911, #1163 ) ;
#1142 = AXIS2_PLACEMENT_3D ( 'NONE', #447, #881, #1288 ) ;
#1143 = VECTOR ( 'NONE', #709, 39.37007874015748143 ) ;
#1144 = CARTESIAN_POINT ( 'NONE',  ( 0.2474999999999999145, 6.763510869251826341E-17, 0.1000000000000000056 ) ) ;
#1145 = CARTESIAN_POINT ( 'NONE',  ( -0.01249999999999999722, -0.1300000000000000044, 0.01250000000000000069 ) ) ;
#1146 = LINE ( 'NONE', #2207, #2039 ) ;
#1147 = LINE ( 'NONE', #2034, #1165 ) ;
#1148 = DIRECTION ( 'NONE',  ( -0.000000000000000000, -0.7071067811865484609, -0.7071067811865465735 ) ) ;
#1149 = SURFACE_SIDE_STYLE ('',( #1150 ) ) ;
#1150 = SURFACE_STYLE_FILL_AREA ( #719 ) ;
#1151 = LINE ( 'NONE', #180, #1994 ) ;
#1152 = CARTESIAN_POINT ( 'NONE',  ( -0.2524999999999999467, 6.402768735150616918E-18, -0.1000000000000000056 ) ) ;
#1153 = DIRECTION ( 'NONE',  ( -1.000000000000000000, 0.000000000000000000, 0.000000000000000000 ) ) ;
#1154 = DIRECTION ( 'NONE',  ( 1.000000000000000000, 0.000000000000000000, -0.000000000000000000 ) ) ;
#1155 = DIRECTION ( 'NONE',  ( 0.000000000000000000, 1.000000000000000000, 0.000000000000000000 ) ) ;
#1156 = PRODUCT_DEFINITION_SHAPE ( 'NONE', 'NONE',  #2644 ) ;
#1157 = VECTOR ( 'NONE', #1060, 39.37007874015748143 ) ;
#1158 = EDGE_CURVE ( 'NONE', #2500, #746, #1841, .T. ) ;
#1159 = CARTESIAN_POINT ( 'NONE',  ( 0.000000000000000000, 0.1150000000000000050, 0.000000000000000000 ) ) ;
#1160 = SURFACE_STYLE_FILL_AREA ( #6 ) ;
#1161 = ADVANCED_FACE ( 'NONE', ( #1852 ), #809, .F. ) ;
#1162 = DIRECTION ( 'NONE',  ( 0.000000000000000000, 0.000000000000000000, -1.000000000000000000 ) ) ;
#1163 = VECTOR ( 'NONE', #2540, 39.37007874015748854 ) ;
#1164 = VECTOR ( 'NONE', #2481, 39.37007874015748143 ) ;
#1165 = VECTOR ( 'NONE', #557, 39.37007874015748143 ) ;
#1166 = CARTESIAN_POINT ( 'NONE',  ( 0.2719999999999999085, 0.4649999999999999689, -0.1000000000000000056 ) ) ;
#1167 = VECTOR ( 'NONE', #1659, 39.37007874015748854 ) ;
#1168 = EDGE_CURVE ( 'NONE', #1888, #1498, #1836, .T. ) ;
#1169 = CARTESIAN_POINT ( 'NONE',  ( 0.2719999999999999085, 0.4649999999999999689, -0.09800000000000000377 ) ) ;
#1170 = CARTESIAN_POINT ( 'NONE',  ( -0.2599999999999999534, 0.1150000000000000050, 0.06000000000000005329 ) ) ;
#1171 = CARTESIAN_POINT ( 'NONE',  ( 0.2719999999999999085, 0.4649999999999999689, -0.09800000000000000377 ) ) ;
#1172 = LINE ( 'NONE', #2099, #2066 ) ;
#1173 = VECTOR ( 'NONE', #1327, 39.37007874015748143 ) ;
#1174 = EDGE_CURVE ( 'NONE', #644, #41, #1028, .T. ) ;
#1175 = AXIS2_PLACEMENT_3D ( 'NONE', #2299, #845, #2507 ) ;
#1176 = LINE ( 'NONE', #2160, #322 ) ;
#1177 = CARTESIAN_POINT ( 'NONE',  ( 0.1300000000000000600, 0.4649999999999999689, -0.08000000000000000167 ) ) ;
#1178 = LINE ( 'NONE', #2402, #283 ) ;
#1179 = ORIENTED_EDGE ( 'NONE', *, *, #1543, .F. ) ;
#1180 = DIRECTION ( 'NONE',  ( -0.3713906763541041101, -0.9284766908852590817, -0.000000000000000000 ) ) ;
#1181 = AXIS2_PLACEMENT_3D ( 'NONE', #1226, #2502, #1097 ) ;
#1182 = LINE ( 'NONE', #1779, #309 ) ;
#1183 = VERTEX_POINT ( 'NONE', #1673 ) ;
#1184 = CARTESIAN_POINT ( 'NONE',  ( -0.1499999999999999944, 0.3150000000000000022, -0.1000000000000000056 ) ) ;
#1185 =( NAMED_UNIT ( * ) SI_UNIT ( $, .STERADIAN. ) SOLID_ANGLE_UNIT ( ) );
#1186 = LINE ( 'NONE', #1770, #2021 ) ;
#1187 = EDGE_CURVE ( 'NONE', #792, #2535, #95, .T. ) ;
#1188 = ORIENTED_EDGE ( 'NONE', *, *, #1577, .T. ) ;
#1189 = DIRECTION ( 'NONE',  ( 1.000000000000000000, 1.224646799147354440E-16, 0.000000000000000000 ) ) ;
#1190 = DIRECTION ( 'NONE',  ( 0.000000000000000000, 0.000000000000000000, -1.000000000000000000 ) ) ;
#1191 = EDGE_LOOP ( 'NONE', ( #1259, #1508, #761, #2168 ) ) ;
#1192 = PRESENTATION_LAYER_ASSIGNMENT (  '', '', ( #94 ) ) ;
#1193 = LINE ( 'NONE', #444, #311 ) ;
#1194 = FACE_OUTER_BOUND ( 'NONE', #814, .T. ) ;
#1195 = VECTOR ( 'NONE', #1361, 39.37007874015748143 ) ;
#1196 = FACE_OUTER_BOUND ( 'NONE', #2148, .T. ) ;
#1197 = LINE ( 'NONE', #2365, #1246 ) ;
#1198 = DIRECTION ( 'NONE',  ( -1.000000000000000000, 0.000000000000000000, 0.000000000000000000 ) ) ;
#1199 = CARTESIAN_POINT ( 'NONE',  ( -0.01249999999999999722, 0.3299999999999997380, -0.01250000000000000069 ) ) ;
#1200 =( NAMED_UNIT ( * ) SI_UNIT ( $, .STERADIAN. ) SOLID_ANGLE_UNIT ( ) );
#1201 = EDGE_CURVE ( 'NONE', #886, #2423, #1926, .T. ) ;
#1202 = VECTOR ( 'NONE', #889, 39.37007874015748143 ) ;
#1203 = ADVANCED_FACE ( 'NONE', ( #1953 ), #1569, .T. ) ;
#1204 = ORIENTED_EDGE ( 'NONE', *, *, #2418, .T. ) ;
#1205 = CARTESIAN_POINT ( 'NONE',  ( 0.2399999999999999079, 0.3850000000000000089, 0.004449987798925545378 ) ) ;
#1206 = DIRECTION ( 'NONE',  ( 0.5773502691896263972, -0.5773502691896245098, -0.5773502691896260641 ) ) ;
#1207 = LINE ( 'NONE', #1105, #2087 ) ;
#1208 = CIRCLE ( 'NONE', #1755, 0.05300000000000000544 ) ;
#1209 = ORIENTED_EDGE ( 'NONE', *, *, #266, .F. ) ;
#1210 = AXIS2_PLACEMENT_3D ( 'NONE', #1546, #326, #189 ) ;
#1211 = CARTESIAN_POINT ( 'NONE',  ( -0.004499999999999984915, 0.3550000000000000377, 0.000000000000000000 ) ) ;
#1212 = VECTOR ( 'NONE', #2420, 39.37007874015748854 ) ;
#1213 = VERTEX_POINT ( 'NONE', #1968 ) ;
#1214 = CARTESIAN_POINT ( 'NONE',  ( -0.2999999999999999334, 0.01499999999999997689, -0.1000000000000000056 ) ) ;
#1215 = PLANE ( 'NONE',  #1919 ) ;
#1216 = EDGE_CURVE ( 'NONE', #2550, #861, #1856, .T. ) ;
#1217 = FACE_OUTER_BOUND ( 'NONE', #2385, .T. ) ;
#1218 = EDGE_LOOP ( 'NONE', ( #2451, #250, #781, #669 ) ) ;
#1219 = DIRECTION ( 'NONE',  ( 1.000000000000000000, -0.000000000000000000, 0.000000000000000000 ) ) ;
#1220 = EDGE_CURVE ( 'NONE', #886, #1644, #1909, .T. ) ;
#1221 = CARTESIAN_POINT ( 'NONE',  ( 0.004499999999999993588, 0.3550000000000000377, -0.004499999999999989252 ) ) ;
#1222 = FACE_OUTER_BOUND ( 'NONE', #1452, .T. ) ;
#1223 = EDGE_LOOP ( 'NONE', ( #1188, #2493, #1549, #2287 ) ) ;
#1224 = AXIS2_PLACEMENT_3D ( 'NONE', #2270, #465, #1851 ) ;
#1225 = VECTOR ( 'NONE', #37, 39.37007874015748143 ) ;
#1226 = CARTESIAN_POINT ( 'NONE',  ( 0.000000000000000000, 0.01499999999999999944, 0.000000000000000000 ) ) ;
#1227 = VECTOR ( 'NONE', #1294, 39.37007874015748143 ) ;
#1228 = CARTESIAN_POINT ( 'NONE',  ( 0.2999999999999999334, 0.01499999999999997689, -0.1000000000000000472 ) ) ;
#1229 = FACE_OUTER_BOUND ( 'NONE', #2225, .T. ) ;
#1230 = FACE_OUTER_BOUND ( 'NONE', #61, .T. ) ;
#1231 = ORIENTED_EDGE ( 'NONE', *, *, #1804, .T. ) ;
#1232 = DIRECTION ( 'NONE',  ( -1.000000000000000000, 0.000000000000000000, 0.000000000000000000 ) ) ;
#1233 = CARTESIAN_POINT ( 'NONE',  ( 0.004499999999999993588, 0.3550000000000000377, 0.000000000000000000 ) ) ;
#1234 = APPLICATION_CONTEXT ( 'automotive_design' ) ;
#1235 = PLANE ( 'NONE',  #2044 ) ;
#1236 = VECTOR ( 'NONE', #1275, 39.37007874015748143 ) ;
#1237 = FACE_OUTER_BOUND ( 'NONE', #1401, .T. ) ;
#1238 = ORIENTED_EDGE ( 'NONE', *, *, #376, .T. ) ;
#1239 = DIRECTION ( 'NONE',  ( 0.000000000000000000, 0.000000000000000000, -1.000000000000000000 ) ) ;
#1240 = LINE ( 'NONE', #906, #1173 ) ;
#1241 = ORIENTED_EDGE ( 'NONE', *, *, #2364, .F. ) ;
#1242 = VECTOR ( 'NONE', #1347, 39.37007874015748143 ) ;
#1243 = DIRECTION ( 'NONE',  ( 0.000000000000000000, 0.000000000000000000, 1.000000000000000000 ) ) ;
#1244 = ADVANCED_FACE ( 'NONE', ( #974 ), #2316, .F. ) ;
#1245 = CARTESIAN_POINT ( 'NONE',  ( 0.000000000000000000, 0.000000000000000000, -0.09800000000000000377 ) ) ;
#1246 = VECTOR ( 'NONE', #112, 39.37007874015748143 ) ;
#1247 = FACE_OUTER_BOUND ( 'NONE', #615, .T. ) ;
#1248 = VERTEX_POINT ( 'NONE', #540 ) ;
#1249 = AXIS2_PLACEMENT_3D ( 'NONE', #427, #1003, #2268 ) ;
#1250 =( REPRESENTATION_RELATIONSHIP ('NONE','NONE', #208, #1270 ) REPRESENTATION_RELATIONSHIP_WITH_TRANSFORMATION ( #782 )SHAPE_REPRESENTATION_RELATIONSHIP( ) );
#1251 = PLANE ( 'NONE',  #1175 ) ;
#1252 = VECTOR ( 'NONE', #2494, 39.37007874015748143 ) ;
#1253 = LINE ( 'NONE', #2498, #2151 ) ;
#1254 = VERTEX_POINT ( 'NONE', #1087 ) ;
#1255 = CARTESIAN_POINT ( 'NONE',  ( -0.01249999999999999722, 0.01500000000000000291, 0.01250000000000000069 ) ) ;
#1256 = CARTESIAN_POINT ( 'NONE',  ( 0.05999999999999997696, 0.3150000000000000022, -0.07999999999999993228 ) ) ;
#1257 =( GEOMETRIC_REPRESENTATION_CONTEXT ( 3 ) GLOBAL_UNCERTAINTY_ASSIGNED_CONTEXT ( ( #658 ) ) GLOBAL_UNIT_ASSIGNED_CONTEXT ( ( #2032, #2218, #1130 ) ) REPRESENTATION_CONTEXT ( 'NONE', 'WORKASPACE' ) );
#1258 = VECTOR ( 'NONE', #334, 39.37007874015748143 ) ;
#1259 = ORIENTED_EDGE ( 'NONE', *, *, #679, .T. ) ;
#1260 = EDGE_CURVE ( 'NONE', #621, #2557, #1864, .T. ) ;
#1261 = FACE_OUTER_BOUND ( 'NONE', #2396, .T. ) ;
#1262 = ORIENTED_EDGE ( 'NONE', *, *, #2387, .F. ) ;
#1263 = CARTESIAN_POINT ( 'NONE',  ( -0.05699999999999962735, 0.4049999999999999711, -0.1600000000000000033 ) ) ;
#1264 = LINE ( 'NONE', #1205, #1195 ) ;
#1265 = ADVANCED_FACE ( 'NONE', ( #953 ), #1513, .T. ) ;
#1266 = ORIENTED_EDGE ( 'NONE', *, *, #2620, .F. ) ;
#1267 = STYLED_ITEM ( 'NONE', ( #1132 ), #1405 ) ;
#1268 = CARTESIAN_POINT ( 'NONE',  ( 0.000000000000000000, 0.3150000000000000022, -0.07999999999999993228 ) ) ;
#1269 = DIRECTION ( 'NONE',  ( -0.5773502691896265082, 0.5773502691896245098, -0.5773502691896260641 ) ) ;
#1270 = SHAPE_REPRESENTATION ( '705430001_Pins_Gold_Tin_2_705430001_Pins_Gold_Tin_2', ( #1938 ), #1257 ) ;
#1271 = CARTESIAN_POINT ( 'NONE',  ( 0.2000000000000000389, 0.000000000000000000, 0.000000000000000000 ) ) ;
#1272 = CARTESIAN_POINT ( 'NONE',  ( 0.2999999999999999334, 0.4649999999999999689, 0.1000000000000000056 ) ) ;
#1273 = VECTOR ( 'NONE', #221, 39.37007874015748143 ) ;
#1274 = ORIENTED_EDGE ( 'NONE', *, *, #707, .T. ) ;
#1275 = DIRECTION ( 'NONE',  ( 0.7071067811865485719, -0.7071067811865464625, -0.000000000000000000 ) ) ;
#1276 = PLANE ( 'NONE',  #1592 ) ;
#1277 = VECTOR ( 'NONE', #2206, 39.37007874015748143 ) ;
#1278 = EDGE_LOOP ( 'NONE', ( #2496, #640, #2278, #1671 ) ) ;
#1279 = AXIS2_PLACEMENT_3D ( 'NONE', #899, #2080, #690 ) ;
#1280 = DIRECTION ( 'NONE',  ( -0.000000000000000000, -0.000000000000000000, 1.000000000000000000 ) ) ;
#1281 = ORIENTED_EDGE ( 'NONE', *, *, #2434, .T. ) ;
#1282 = ADVANCED_FACE ( 'NONE', ( #177 ), #125, .T. ) ;
#1283 = EDGE_CURVE ( 'NONE', #2158, #2576, #1031, .T. ) ;
#1284 = ORIENTED_EDGE ( 'NONE', *, *, #548, .T. ) ;
#1285 = CARTESIAN_POINT ( 'NONE',  ( 0.2600000000000000089, 0.4449999999999999512, 0.06000000000000005329 ) ) ;
#1286 = CARTESIAN_POINT ( 'NONE',  ( -0.004499999999999984915, 0.3550000000000000377, -0.004499999999999989252 ) ) ;
#1287 = PRODUCT_CONTEXT ( 'NONE', #831, 'mechanical' ) ;
#1288 = DIRECTION ( 'NONE',  ( 0.7071067811865484609, 0.7071067811865464625, 0.000000000000000000 ) ) ;
#1289 = LINE ( 'NONE', #801, #451 ) ;
#1290 = VERTEX_POINT ( 'NONE', #109 ) ;
#1291 = SHAPE_REPRESENTATION_RELATIONSHIP ( 'NONE' , 'NONE' ,  #1604, #2602 ) ;
#1292 = PRODUCT ( '705430004', '705430004', '', ( #2082 ) ) ;
#1293 = PLANE ( 'NONE',  #106 ) ;
#1294 = DIRECTION ( 'NONE',  ( -0.000000000000000000, 1.000000000000000000, -0.000000000000000000 ) ) ;
#1295 = VECTOR ( 'NONE', #1328, 39.37007874015748854 ) ;
#1296 = ORIENTED_EDGE ( 'NONE', *, *, #2235, .F. ) ;
#1297 = EDGE_CURVE ( 'NONE', #1648, #300, #1917, .T. ) ;
#1298 = VECTOR ( 'NONE', #2282, 39.37007874015748143 ) ;
#1299 = CARTESIAN_POINT ( 'NONE',  ( 0.004500000000000003129, -0.1300000000000000044, -0.004499999999999998793 ) ) ;
#1300 = LINE ( 'NONE', #2605, #1338 ) ;
#1301 = ORIENTED_EDGE ( 'NONE', *, *, #734, .F. ) ;
#1302 = CARTESIAN_POINT ( 'NONE',  ( -0.2474999999999999145, 7.015092134724295247E-18, 0.1000000000000000056 ) ) ;
#1303 = AXIS2_PLACEMENT_3D ( 'NONE', #297, #1912, #482 ) ;
#1304 = LINE ( 'NONE', #1803, #424 ) ;
#1305 = CARTESIAN_POINT ( 'NONE',  ( -0.2999999999999999334, 0.01499999999999997689, -0.1000000000000000056 ) ) ;
#1306 = DIRECTION ( 'NONE',  ( 1.224646799147354440E-16, -1.000000000000000000, 0.000000000000000000 ) ) ;
#1307 = DIRECTION ( 'NONE',  ( 0.000000000000000000, -1.000000000000000000, 0.000000000000000000 ) ) ;
#1308 = ADVANCED_FACE ( 'NONE', ( #1019 ), #879, .T. ) ;
#1309 = COLOUR_RGB ( '',1.000000000000000000, 0.8117647058823529438, 0.5019607843137254832 ) ;
#1310 = FACE_OUTER_BOUND ( 'NONE', #1683, .T. ) ;
#1311 = ORIENTED_EDGE ( 'NONE', *, *, #1158, .F. ) ;
#1312 = PLANE ( 'NONE',  #9 ) ;
#1313 = PLANE ( 'NONE',  #2589 ) ;
#1314 = VECTOR ( 'NONE', #1974, 39.37007874015748143 ) ;
#1315 = VERTEX_POINT ( 'NONE', #1342 ) ;
#1316 = EDGE_CURVE ( 'NONE', #644, #632, #158, .T. ) ;
#1317 = CARTESIAN_POINT ( 'NONE',  ( 0.2674999999999999600, 0.01499999999999997689, -0.1000000000000000056 ) ) ;
#1318 = LINE ( 'NONE', #2006, #1314 ) ;
#1319 = VERTEX_POINT ( 'NONE', #1286 ) ;
#1320 = DIRECTION ( 'NONE',  ( -0.000000000000000000, 0.000000000000000000, 1.000000000000000000 ) ) ;
#1321 = EDGE_CURVE ( 'NONE', #1007, #1666, #1923, .T. ) ;
#1322 = AXIS2_PLACEMENT_3D ( 'NONE', #1609, #2554, #2478 ) ;
#1323 = VERTEX_POINT ( 'NONE', #143 ) ;
#1324 = CARTESIAN_POINT ( 'NONE',  ( -0.1249999999999999306, 0.1150000000000000050, 0.1000000000000000056 ) ) ;
#1325 = CARTESIAN_POINT ( 'NONE',  ( -0.1749999999999999334, 0.1150000000000000050, 0.06000000000000005329 ) ) ;
#1326 = PLANE ( 'NONE',  #1980 ) ;
#1327 = DIRECTION ( 'NONE',  ( 0.000000000000000000, 0.000000000000000000, 1.000000000000000000 ) ) ;
#1328 = DIRECTION ( 'NONE',  ( -0.2915362068315989763, 0.9110506463487559881, -0.2915362068315989763 ) ) ;
#1329 = ADVANCED_FACE ( 'NONE', ( #1940 ), #1326, .T. ) ;
#1330 = DIRECTION ( 'NONE',  ( -2.134256245050204715E-16, 0.000000000000000000, -1.000000000000000000 ) ) ;
#1331 = VECTOR ( 'NONE', #2458, 39.37007874015748143 ) ;
#1332 = ORIENTED_EDGE ( 'NONE', *, *, #1780, .T. ) ;
#1333 = EDGE_CURVE ( 'NONE', #2395, #792, #76, .T. ) ;
#1334 = VECTOR ( 'NONE', #2466, 39.37007874015748143 ) ;
#1335 = VECTOR ( 'NONE', #168, 39.37007874015748143 ) ;
#1336 = ORIENTED_EDGE ( 'NONE', *, *, #1727, .F. ) ;
#1337 = CARTESIAN_POINT ( 'NONE',  ( 0.000000000000000000, 0.3550000000000000377, 0.004499999999999989252 ) ) ;
#1338 = VECTOR ( 'NONE', #377, 39.37007874015748143 ) ;
#1339 = VERTEX_POINT ( 'NONE', #2404 ) ;
#1340 = DIRECTION ( 'NONE',  ( 1.224646799147354440E-16, -1.000000000000000000, 0.000000000000000000 ) ) ;
#1341 = CARTESIAN_POINT ( 'NONE',  ( 0.2719999999999999085, 0.4649999999999999689, -0.09800000000000000377 ) ) ;
#1342 = CARTESIAN_POINT ( 'NONE',  ( 0.1499999999999999944, 0.3150000000000000022, -0.1600000000000000033 ) ) ;
#1343 = DIRECTION ( 'NONE',  ( 1.000000000000000000, 0.000000000000000000, 0.000000000000000000 ) ) ;
#1344 = VECTOR ( 'NONE', #467, 39.37007874015748143 ) ;
#1345 = LINE ( 'NONE', #185, #1355 ) ;
#1346 = EDGE_LOOP ( 'NONE', ( #693, #405, #1554, #2369 ) ) ;
#1347 = DIRECTION ( 'NONE',  ( 0.000000000000000000, 1.000000000000000000, 0.000000000000000000 ) ) ;
#1348 = CARTESIAN_POINT ( 'NONE',  ( -0.2599999999999999534, 0.4449999999999999512, 0.06000000000000005329 ) ) ;
#1349 = EDGE_CURVE ( 'NONE', #1556, #1720, #183, .T. ) ;
#1350 = FACE_OUTER_BOUND ( 'NONE', #1640, .T. ) ;
#1351 = ORIENTED_EDGE ( 'NONE', *, *, #994, .F. ) ;
#1352 = ADVANCED_FACE ( 'NONE', ( #1946 ), #940, .F. ) ;
#1353 = EDGE_CURVE ( 'NONE', #2251, #568, #187, .T. ) ;
#1354 = CARTESIAN_POINT ( 'NONE',  ( 0.1099999999999999867, 0.3150000000000000022, -0.1600000000000000033 ) ) ;
#1355 = VECTOR ( 'NONE', #1988, 39.37007874015748143 ) ;
#1356 =( LENGTH_UNIT ( ) NAMED_UNIT ( * ) SI_UNIT ( $, .METRE. ) );
#1357 = ORIENTED_EDGE ( 'NONE', *, *, #660, .F. ) ;
#1358 = AXIS2_PLACEMENT_3D ( 'NONE', #1145, #1079, #1506 ) ;
#1359 = EDGE_CURVE ( 'NONE', #457, #2583, #2043, .T. ) ;
#1360 = COLOUR_RGB ( '',0.7921568627450980005, 0.8196078431372548767, 0.9333333333333333481 ) ;
#1361 = DIRECTION ( 'NONE',  ( 0.000000000000000000, 0.000000000000000000, -1.000000000000000000 ) ) ;
#1362 = CARTESIAN_POINT ( 'NONE',  ( 0.1749999999999999334, 0.1150000000000000050, 0.06000000000000005329 ) ) ;
#1363 = CARTESIAN_POINT ( 'NONE',  ( 0.2399999999999999079, 0.3850000000000000089, -0.09800000000000000377 ) ) ;
#1364 = CARTESIAN_POINT ( 'NONE',  ( 0.05699999999999961348, 0.4049999999999999711, -0.1200000000000000233 ) ) ;
#1365 = VECTOR ( 'NONE', #2075, 39.37007874015748143 ) ;
#1366 = PRESENTATION_STYLE_ASSIGNMENT (( #2415 ) ) ;
#1367 = EDGE_CURVE ( 'NONE', #2186, #2251, #1151, .T. ) ;
#1368 = DIRECTION ( 'NONE',  ( -1.000000000000000000, 0.000000000000000000, 0.000000000000000000 ) ) ;
#1369 = AXIS2_PLACEMENT_3D ( 'NONE', #2408, #1987, #967 ) ;
#1370 = PLANE ( 'NONE',  #1798 ) ;
#1371 = DIRECTION ( 'NONE',  ( -0.000000000000000000, 0.000000000000000000, 1.000000000000000000 ) ) ;
#1372 = CARTESIAN_POINT ( 'NONE',  ( -0.01249999999999999722, 0.01500000000000000291, 0.01250000000000000069 ) ) ;
#1373 = VECTOR ( 'NONE', #342, 39.37007874015748143 ) ;
#1374 = VERTEX_POINT ( 'NONE', #370 ) ;
#1375 =( LENGTH_UNIT ( ) NAMED_UNIT ( * ) SI_UNIT ( $, .METRE. ) );
#1376 = ORIENTED_EDGE ( 'NONE', *, *, #1425, .F. ) ;
#1377 = ADVANCED_FACE ( 'NONE', ( #231 ), #1999, .T. ) ;
#1378 = LINE ( 'NONE', #1348, #1335 ) ;
#1379 = DIRECTION ( 'NONE',  ( 0.000000000000000000, 0.3047757271037809801, 0.9524241471993251107 ) ) ;
#1380 = CARTESIAN_POINT ( 'NONE',  ( -0.2999999999999999334, 0.4649999999999999689, 0.1000000000000000056 ) ) ;
#1381 = EDGE_LOOP ( 'NONE', ( #2106, #1651, #768, #2098 ) ) ;
#1382 = EDGE_CURVE ( 'NONE', #942, #2500, #217, .T. ) ;
#1383 = PLANE ( 'NONE',  #1466 ) ;
#1384 = CARTESIAN_POINT ( 'NONE',  ( -0.1499999999999999944, 0.3150000000000000022, -0.1600000000000000033 ) ) ;
#1385 = ORIENTED_EDGE ( 'NONE', *, *, #1139, .F. ) ;
#1386 = LENGTH_MEASURE_WITH_UNIT ( LENGTH_MEASURE( 0.02539999999999999897 ), #1004 );
#1387 = CARTESIAN_POINT ( 'NONE',  ( 0.2600000000000000089, 0.1150000000000000050, 0.06000000000000005329 ) ) ;
#1388 = CARTESIAN_POINT ( 'NONE',  ( -0.2524999999999999467, 6.402768735150616918E-18, 0.1000000000000000056 ) ) ;
#1389 = ORIENTED_EDGE ( 'NONE', *, *, #2400, .T. ) ;
#1390 = PRODUCT_DEFINITION ( 'UNKNOWN', '', #744, #1632 ) ;
#1391 = DIRECTION ( 'NONE',  ( -0.3713906763541034439, 0.9284766908852594147, 0.000000000000000000 ) ) ;
#1392 = EDGE_LOOP ( 'NONE', ( #813, #2399, #1446, #97 ) ) ;
#1393 = EDGE_CURVE ( 'NONE', #2557, #2536, #230, .T. ) ;
#1394 = DIRECTION ( 'NONE',  ( 1.000000000000000000, 0.000000000000000000, -0.000000000000000000 ) ) ;
#1395 = CARTESIAN_POINT ( 'NONE',  ( -0.06000000000000003247, 0.1150000000000000050, -0.05999999999999999084 ) ) ;
#1396 = DIRECTION ( 'NONE',  ( -1.000000000000000000, 0.000000000000000000, -0.000000000000000000 ) ) ;
#1397 = EDGE_CURVE ( 'NONE', #794, #1434, #2033, .T. ) ;
#1398 = VERTEX_POINT ( 'NONE', #1951 ) ;
#1399 = DIRECTION ( 'NONE',  ( -0.2915362068315989763, 0.9110506463487559881, 0.2915362068315989763 ) ) ;
#1400 = CARTESIAN_POINT ( 'NONE',  ( 0.01250000000000000590, 0.3550000000000000377, 0.01250000000000000069 ) ) ;
#1401 = EDGE_LOOP ( 'NONE', ( #635, #2330, #2259, #79 ) ) ;
#1402 = CARTESIAN_POINT ( 'NONE',  ( -0.2999999999999999334, 0.01499999999999997689, 0.1000000000000000056 ) ) ;
#1403 = DIRECTION ( 'NONE',  ( 0.000000000000000000, 0.000000000000000000, -1.000000000000000000 ) ) ;
#1404 = DIRECTION ( 'NONE',  ( 1.000000000000000000, 0.000000000000000000, 0.000000000000000000 ) ) ;
#1405 = MANIFOLD_SOLID_BREP ( 'Chamfer1', #2319 ) ;
#1406 = AXIS2_PLACEMENT_3D ( 'NONE', #5, #1567, #1394 ) ;
#1407 = ORIENTED_EDGE ( 'NONE', *, *, #1458, .T. ) ;
#1408 = CARTESIAN_POINT ( 'NONE',  ( 0.000000000000000000, 0.3150000000000000022, 0.000000000000000000 ) ) ;
#1409 = ORIENTED_EDGE ( 'NONE', *, *, #1978, .F. ) ;
#1410 = CARTESIAN_POINT ( 'NONE',  ( -0.1749999999999999334, 0.4649999999999999689, 0.1000000000000000056 ) ) ;
#1411 = EDGE_CURVE ( 'NONE', #911, #2445, #239, .T. ) ;
#1412 = EDGE_LOOP ( 'NONE', ( #2328, #1904, #1519, #971 ) ) ;
#1413 = ORIENTED_EDGE ( 'NONE', *, *, #2582, .F. ) ;
#1414 = ORIENTED_EDGE ( 'NONE', *, *, #691, .T. ) ;
#1415 = DIMENSIONAL_EXPONENTS ( 1.000000000000000000, 0.000000000000000000, 0.000000000000000000, 0.000000000000000000, 0.000000000000000000, 0.000000000000000000, 0.000000000000000000 ) ;
#1416 = DIRECTION ( 'NONE',  ( 0.000000000000000000, 1.000000000000000000, 0.000000000000000000 ) ) ;
#1417 = PRODUCT_DEFINITION_CONTEXT ( 'detailed design', #1088, 'design' ) ;
#1418 = ORIENTED_EDGE ( 'NONE', *, *, #1216, .F. ) ;
#1419 = VERTEX_POINT ( 'NONE', #2380 ) ;
#1420 = CARTESIAN_POINT ( 'NONE',  ( 0.2600000000000000089, 0.1150000000000000050, 0.06000000000000005329 ) ) ;
#1421 = ORIENTED_EDGE ( 'NONE', *, *, #1638, .F. ) ;
#1422 = ORIENTED_EDGE ( 'NONE', *, *, #1971, .F. ) ;
#1423 = DIRECTION ( 'NONE',  ( 0.7071067811865485719, -0.7071067811865464625, 0.000000000000000000 ) ) ;
#1424 = ORIENTED_EDGE ( 'NONE', *, *, #2273, .T. ) ;
#1425 = EDGE_CURVE ( 'NONE', #2294, #1315, #1979, .T. ) ;
#1426 = ORIENTED_EDGE ( 'NONE', *, *, #1127, .F. ) ;
#1427 = ORIENTED_EDGE ( 'NONE', *, *, #909, .F. ) ;
#1428 = VERTEX_POINT ( 'NONE', #1120 ) ;
#1429 = DIRECTION ( 'NONE',  ( -0.000000000000000000, 0.000000000000000000, 1.000000000000000000 ) ) ;
#1430 = VERTEX_POINT ( 'NONE', #1814 ) ;
#1431 = ORIENTED_EDGE ( 'NONE', *, *, #193, .F. ) ;
#1432 = DIRECTION ( 'NONE',  ( 0.000000000000000000, 0.000000000000000000, 1.000000000000000000 ) ) ;
#1433 = DIRECTION ( 'NONE',  ( 0.000000000000000000, 1.000000000000000000, 0.000000000000000000 ) ) ;
#1434 = VERTEX_POINT ( 'NONE', #1362 ) ;
#1435 = ORIENTED_EDGE ( 'NONE', *, *, #1382, .T. ) ;
#1436 = PLANE ( 'NONE',  #1249 ) ;
#1437 = CARTESIAN_POINT ( 'NONE',  ( -0.1099999999999999867, 0.3519999999999996465, 0.1176972864800942681 ) ) ;
#1438 = DIRECTION ( 'NONE',  ( -0.000000000000000000, -0.000000000000000000, -1.000000000000000000 ) ) ;
#1439 = EDGE_CURVE ( 'NONE', #886, #1721, #1128, .T. ) ;
#1440 = ORIENTED_EDGE ( 'NONE', *, *, #305, .T. ) ;
#1441 = SHAPE_REPRESENTATION_RELATIONSHIP ( 'NONE' , 'NONE' ,  #1270, #902 ) ;
#1442 = ORIENTED_EDGE ( 'NONE', *, *, #2462, .F. ) ;
#1443 = DIRECTION ( 'NONE',  ( -0.000000000000000000, -0.000000000000000000, 1.000000000000000000 ) ) ;
#1444 = ORIENTED_EDGE ( 'NONE', *, *, #1822, .F. ) ;
#1445 = DIRECTION ( 'NONE',  ( 1.000000000000000000, 0.000000000000000000, 0.000000000000000000 ) ) ;
#1446 = ORIENTED_EDGE ( 'NONE', *, *, #1947, .F. ) ;
#1447 = PRODUCT_RELATED_PRODUCT_CATEGORY ( 'part', '', ( #329 ) ) ;
#1448 = ORIENTED_EDGE ( 'NONE', *, *, #1046, .F. ) ;
#1449 = DIRECTION ( 'NONE',  ( 1.000000000000000000, 0.000000000000000000, 0.000000000000000000 ) ) ;
#1450 = LINE ( 'NONE', #301, #2344 ) ;
#1451 = ORIENTED_EDGE ( 'NONE', *, *, #645, .F. ) ;
#1452 = EDGE_LOOP ( 'NONE', ( #2229, #1786, #1413, #1427, #844, #905, #1769, #900, #487, #456, #634, #2266, #1357, #1854, #419, #1723, #896, #1442, #2246, #460, #2284, #2216, #928, #995, #1448 ) ) ;
#1453 = VERTEX_POINT ( 'NONE', #539 ) ;
#1454 = PLANE ( 'NONE',  #323 ) ;
#1455 = CARTESIAN_POINT ( 'NONE',  ( -0.2599999999999999534, 0.1150000000000000050, 0.06000000000000005329 ) ) ;
#1456 = PRODUCT_CONTEXT ( 'NONE', #2641, 'mechanical' ) ;
#1457 = ORIENTED_EDGE ( 'NONE', *, *, #772, .F. ) ;
#1458 = EDGE_CURVE ( 'NONE', #2583, #2449, #1146, .T. ) ;
#1459 = DIRECTION ( 'NONE',  ( 0.000000000000000000, 0.000000000000000000, -1.000000000000000000 ) ) ;
#1460 = ORIENTED_EDGE ( 'NONE', *, *, #1787, .F. ) ;
#1461 = ADVANCED_FACE ( 'NONE', ( #2020 ), #524, .T. ) ;
#1462 = VERTEX_POINT ( 'NONE', #1395 ) ;
#1463 = ORIENTED_EDGE ( 'NONE', *, *, #2205, .T. ) ;
#1464 = CARTESIAN_POINT ( 'NONE',  ( 0.01250000000000000590, -0.1049999999999997324, 0.01250000000000000069 ) ) ;
#1465 = ORIENTED_EDGE ( 'NONE', *, *, #2008, .F. ) ;
#1466 = AXIS2_PLACEMENT_3D ( 'NONE', #1211, #531, #2443 ) ;
#1467 = DIRECTION ( 'NONE',  ( 0.3713906763541040545, 0.9284766908852590817, 0.000000000000000000 ) ) ;
#1468 = DIRECTION ( 'NONE',  ( 0.000000000000000000, 0.000000000000000000, 1.000000000000000000 ) ) ;
#1469 = ITEM_DEFINED_TRANSFORMATION ( 'NONE', 'NONE', #240,  #1938 ) ;
#1470 = VECTOR ( 'NONE', #1280, 39.37007874015748143 ) ;
#1471 = ORIENTED_EDGE ( 'NONE', *, *, #1672, .T. ) ;
#1472 = ORIENTED_EDGE ( 'NONE', *, *, #1127, .T. ) ;
#1473 = PLANE ( 'NONE',  #1955 ) ;
#1474 = CARTESIAN_POINT ( 'NONE',  ( 0.000000000000000000, 0.3150000000000000022, 0.000000000000000000 ) ) ;
#1475 = ORIENTED_EDGE ( 'NONE', *, *, #1393, .T. ) ;
#1476 = EDGE_CURVE ( 'NONE', #1434, #73, #1122, .T. ) ;
#1477 = CARTESIAN_POINT ( 'NONE',  ( 0.000000000000000000, 0.4649999999999999689, -0.08000000000000000167 ) ) ;
#1478 = CARTESIAN_POINT ( 'NONE',  ( 0.1249999999999999306, 0.1150000000000000050, 0.1000000000000000056 ) ) ;
#1479 = DIRECTION ( 'NONE',  ( -1.000000000000000000, 0.000000000000000000, 0.000000000000000000 ) ) ;
#1480 = ORIENTED_EDGE ( 'NONE', *, *, #396, .T. ) ;
#1481 = EDGE_CURVE ( 'NONE', #1888, #1720, #1072, .T. ) ;
#1482 = VERTEX_POINT ( 'NONE', #2635 ) ;
#1483 = CARTESIAN_POINT ( 'NONE',  ( -0.1499999999999999944, 0.4649999999999999689, -0.1000000000000000056 ) ) ;
#1484 = DIRECTION ( 'NONE',  ( 0.000000000000000000, 0.000000000000000000, 1.000000000000000000 ) ) ;
#1485 = AXIS2_PLACEMENT_3D ( 'NONE', #1271, #880, #2047 ) ;
#1486 = ORIENTED_EDGE ( 'NONE', *, *, #645, .T. ) ;
#1487 = ORIENTED_EDGE ( 'NONE', *, *, #2310, .F. ) ;
#1488 = PLANE ( 'NONE',  #702 ) ;
#1489 = DIRECTION ( 'NONE',  ( 0.5773502691896263972, 0.5773502691896245098, -0.5773502691896260641 ) ) ;
#1490 = ORIENTED_EDGE ( 'NONE', *, *, #1964, .T. ) ;
#1491 = ORIENTED_EDGE ( 'NONE', *, *, #1393, .F. ) ;
#1492 = EDGE_CURVE ( 'NONE', #1721, #1703, #1963, .T. ) ;
#1493 = PRESENTATION_LAYER_ASSIGNMENT (  '', '', ( #1267 ) ) ;
#1494 = CARTESIAN_POINT ( 'NONE',  ( -0.2999999999999999334, 0.3150000000000000577, -0.1000000000000000056 ) ) ;
#1495 = LINE ( 'NONE', #2095, #1722 ) ;
#1496 = DIRECTION ( 'NONE',  ( -0.3713906763541034439, 0.9284766908852594147, 0.000000000000000000 ) ) ;
#1497 = APPLICATION_CONTEXT ( 'automotive_design' ) ;
#1498 = VERTEX_POINT ( 'NONE', #195 ) ;
#1499 = CARTESIAN_POINT ( 'NONE',  ( -0.2599999999999999534, 0.1150000000000000050, 0.06000000000000005329 ) ) ;
#1500 = ORIENTED_EDGE ( 'NONE', *, *, #1787, .T. ) ;
#1501 = EDGE_LOOP ( 'NONE', ( #1523, #1677, #2542, #1579 ) ) ;
#1502 = CARTESIAN_POINT ( 'NONE',  ( -0.06000000000000003247, 0.3150000000000000022, -0.07999999999999993228 ) ) ;
#1503 = ORIENTED_EDGE ( 'NONE', *, *, #1710, .F. ) ;
#1504 =( NAMED_UNIT ( * ) SI_UNIT ( $, .STERADIAN. ) SOLID_ANGLE_UNIT ( ) );
#1505 = ADVANCED_FACE ( 'NONE', ( #2015 ), #2357, .F. ) ;
#1506 = DIRECTION ( 'NONE',  ( 0.000000000000000000, 0.000000000000000000, 1.000000000000000000 ) ) ;
#1507 = ITEM_DEFINED_TRANSFORMATION ( 'NONE', 'NONE', #1322,  #1938 ) ;
#1508 = ORIENTED_EDGE ( 'NONE', *, *, #1767, .F. ) ;
#1509 = DIRECTION ( 'NONE',  ( -1.000000000000000000, 0.000000000000000000, -0.000000000000000000 ) ) ;
#1510 = ORIENTED_EDGE ( 'NONE', *, *, #492, .T. ) ;
#1511 = ORIENTED_EDGE ( 'NONE', *, *, #2059, .F. ) ;
#1512 = DIRECTION ( 'NONE',  ( 0.000000000000000000, 1.000000000000000000, 0.000000000000000000 ) ) ;
#1513 = PLANE ( 'NONE',  #1073 ) ;
#1514 = ORIENTED_EDGE ( 'NONE', *, *, #402, .T. ) ;
#1515 = FACE_OUTER_BOUND ( 'NONE', #2638, .T. ) ;
#1516 = VERTEX_POINT ( 'NONE', #1796 ) ;
#1517 = PRODUCT_DEFINITION_FORMATION_WITH_SPECIFIED_SOURCE ( 'ANY', '', #1292, .NOT_KNOWN. ) ;
#1518 = DIRECTION ( 'NONE',  ( -1.000000000000000000, -0.000000000000000000, -0.000000000000000000 ) ) ;
#1519 = ORIENTED_EDGE ( 'NONE', *, *, #977, .F. ) ;
#1520 = CARTESIAN_POINT ( 'NONE',  ( 0.2600000000000000089, 0.4449999999999999512, 0.06000000000000005329 ) ) ;
#1521 = CARTESIAN_POINT ( 'NONE',  ( -0.06000000000000003247, -0.01149110640673522282, -0.1000000000000000056 ) ) ;
#1522 = LINE ( 'NONE', #2317, #1334 ) ;
#1523 = ORIENTED_EDGE ( 'NONE', *, *, #1063, .T. ) ;
#1524 = EDGE_LOOP ( 'NONE', ( #2461, #2079, #1121, #1561 ) ) ;
#1525 = EDGE_CURVE ( 'NONE', #1707, #1728, #237, .T. ) ;
#1526 = ORIENTED_EDGE ( 'NONE', *, *, #2359, .T. ) ;
#1527 = ADVANCED_FACE ( 'NONE', ( #1076 ), #738, .F. ) ;
#1528 = CARTESIAN_POINT ( 'NONE',  ( 0.2999999999999999334, -0.6174555320336757580, -0.1000000000000000056 ) ) ;
#1529 = DIRECTION ( 'NONE',  ( -0.000000000000000000, -0.000000000000000000, 1.000000000000000000 ) ) ;
#1530 = EDGE_CURVE ( 'NONE', #1666, #839, #1975, .T. ) ;
#1531 = ORIENTED_EDGE ( 'NONE', *, *, #2620, .T. ) ;
#1532 = ORIENTED_EDGE ( 'NONE', *, *, #1168, .T. ) ;
#1533 = ORIENTED_EDGE ( 'NONE', *, *, #436, .F. ) ;
#1534 = AXIS2_PLACEMENT_3D ( 'NONE', #1594, #1724, #1977 ) ;
#1535 = CARTESIAN_POINT ( 'NONE',  ( -0.01249999999999999722, 0.01500000000000000291, 0.01250000000000000069 ) ) ;
#1536 = DIRECTION ( 'NONE',  ( 0.3713906763541040545, 0.9284766908852590817, 0.000000000000000000 ) ) ;
#1537 = CARTESIAN_POINT ( 'NONE',  ( 0.000000000000000000, 0.000000000000000000, -0.09800000000000000377 ) ) ;
#1538 = PLANE ( 'NONE',  #1646 ) ;
#1539 = DIRECTION ( 'NONE',  ( -1.000000000000000000, -0.000000000000000000, -0.000000000000000000 ) ) ;
#1540 = VERTEX_POINT ( 'NONE', #1730 ) ;
#1541 = CARTESIAN_POINT ( 'NONE',  ( -0.1749999999999999334, 0.1150000000000000050, 0.1000000000000000056 ) ) ;
#1542 = CARTESIAN_POINT ( 'NONE',  ( -0.2599999999999999534, 0.1150000000000000050, -0.05999999999999994921 ) ) ;
#1543 = EDGE_CURVE ( 'NONE', #583, #644, #1082, .T. ) ;
#1544 = VERTEX_POINT ( 'NONE', #2403 ) ;
#1545 = EDGE_LOOP ( 'NONE', ( #2398, #1451, #1533, #36, #739 ) ) ;
#1546 = CARTESIAN_POINT ( 'NONE',  ( 0.05699999999999961348, 0.4049999999999999711, 0.1176972864800942681 ) ) ;
#1547 = CARTESIAN_POINT ( 'NONE',  ( 0.2719999999999999085, 0.4649999999999999689, -0.09800000000000000377 ) ) ;
#1548 = EDGE_CURVE ( 'NONE', #1398, #757, #1091, .T. ) ;
#1549 = ORIENTED_EDGE ( 'NONE', *, *, #116, .T. ) ;
#1550 = ADVANCED_FACE ( 'NONE', ( #2009 ), #406, .T. ) ;
#1551 = PLANE ( 'NONE',  #1406 ) ;
#1552 = FILL_AREA_STYLE ('',( #1967 ) ) ;
#1553 = CARTESIAN_POINT ( 'NONE',  ( -0.01249999999999999722, -0.1300000000000000044, 0.01250000000000000069 ) ) ;
#1554 = ORIENTED_EDGE ( 'NONE', *, *, #2202, .T. ) ;
#1555 = DIRECTION ( 'NONE',  ( 0.7071067811865484609, 0.7071067811865464625, 0.000000000000000000 ) ) ;
#1556 = VERTEX_POINT ( 'NONE', #1855 ) ;
#1557 = CARTESIAN_POINT ( 'NONE',  ( -0.004499999999999994456, -0.1300000000000000044, -0.004499999999999998793 ) ) ;
#1558 = EDGE_CURVE ( 'NONE', #498, #621, #2000, .T. ) ;
#1559 = DIRECTION ( 'NONE',  ( 0.000000000000000000, -1.000000000000000000, 0.000000000000000000 ) ) ;
#1560 = EDGE_CURVE ( 'NONE', #2331, #1878, #1986, .T. ) ;
#1561 = ORIENTED_EDGE ( 'NONE', *, *, #1139, .T. ) ;
#1562 = DIRECTION ( 'NONE',  ( -0.000000000000000000, 0.000000000000000000, 1.000000000000000000 ) ) ;
#1563 =( CONVERSION_BASED_UNIT ( 'INCH', #2048 ) LENGTH_UNIT ( ) NAMED_UNIT ( #2108 ) );
#1564 = AXIS2_PLACEMENT_3D ( 'NONE', #2553, #1112, #551 ) ;
#1565 = ORIENTED_EDGE ( 'NONE', *, *, #1321, .F. ) ;
#1566 = CLOSED_SHELL ( 'NONE', ( #1606, #749, #2394, #2175, #1308, #1789, #2599, #1062, #574, #372 ) ) ;
#1567 = DIRECTION ( 'NONE',  ( -0.000000000000000000, 0.3047757271037810356, -0.9524241471993251107 ) ) ;
#1568 = DIRECTION ( 'NONE',  ( -1.000000000000000000, 0.000000000000000000, 0.000000000000000000 ) ) ;
#1569 = PLANE ( 'NONE',  #965 ) ;
#1570 = CARTESIAN_POINT ( 'NONE',  ( 0.000000000000000000, 0.3150000000000000022, -0.07999999999999993228 ) ) ;
#1571 = ORIENTED_EDGE ( 'NONE', *, *, #2260, .T. ) ;
#1572 = ADVANCED_FACE ( 'NONE', ( #224 ), #2512, .T. ) ;
#1573 = ORIENTED_EDGE ( 'NONE', *, *, #996, .T. ) ;
#1574 = CARTESIAN_POINT ( 'NONE',  ( -0.2999999999999999334, 0.4649999999999999689, 0.1000000000000000056 ) ) ;
#1575 = VERTEX_POINT ( 'NONE', #21 ) ;
#1576 = CARTESIAN_POINT ( 'NONE',  ( -0.1099999999999999867, 0.3150000000000000022, -0.05999999999999999084 ) ) ;
#1577 = EDGE_CURVE ( 'NONE', #131, #611, #1099, .T. ) ;
#1578 = ORIENTED_EDGE ( 'NONE', *, *, #2549, .T. ) ;
#1579 = ORIENTED_EDGE ( 'NONE', *, *, #374, .F. ) ;
#1580 = ORIENTED_EDGE ( 'NONE', *, *, #1560, .T. ) ;
#1581 = CARTESIAN_POINT ( 'NONE',  ( 0.01250000000000000590, 0.1150000000000000050, -0.01250000000000000069 ) ) ;
#1582 = EDGE_LOOP ( 'NONE', ( #390, #2309, #698, #1296 ) ) ;
#1583 = CARTESIAN_POINT ( 'NONE',  ( 0.2524999999999999467, 6.824743209209193866E-17, 0.1000000000000000056 ) ) ;
#1584 = DIRECTION ( 'NONE',  ( 1.000000000000000000, 0.000000000000000000, -0.000000000000000000 ) ) ;
#1585 = ORIENTED_EDGE ( 'NONE', *, *, #455, .T. ) ;
#1586 =( NAMED_UNIT ( * ) PLANE_ANGLE_UNIT ( ) SI_UNIT ( $, .RADIAN. ) );
#1587 = ORIENTED_EDGE ( 'NONE', *, *, #1964, .F. ) ;
#1588 = ORIENTED_EDGE ( 'NONE', *, *, #1068, .T. ) ;
#1589 = EDGE_CURVE ( 'NONE', #611, #815, #1989, .T. ) ;
#1590 = DIRECTION ( 'NONE',  ( 0.9524241471993251107, 0.3047757271037809801, -0.000000000000000000 ) ) ;
#1591 = ORIENTED_EDGE ( 'NONE', *, *, #840, .F. ) ;
#1592 = AXIS2_PLACEMENT_3D ( 'NONE', #925, #907, #1484 ) ;
#1593 = CARTESIAN_POINT ( 'NONE',  ( 0.2399999999999999079, 0.3850000000000000089, -0.09800000000000000377 ) ) ;
#1594 = CARTESIAN_POINT ( 'NONE',  ( -0.1099999999999999867, 0.3150000000000000022, -0.1199999999999999956 ) ) ;
#1595 = CARTESIAN_POINT ( 'NONE',  ( -0.2599999999999999534, 0.4449999999999999512, 0.06000000000000005329 ) ) ;
#1596 = ORIENTED_EDGE ( 'NONE', *, *, #493, .T. ) ;
#1597 = CARTESIAN_POINT ( 'NONE',  ( 0.2999999999999999334, 0.4649999999999999689, -0.1000000000000000056 ) ) ;
#1598 = DIRECTION ( 'NONE',  ( 1.000000000000000000, 0.000000000000000000, 0.000000000000000000 ) ) ;
#1599 = CARTESIAN_POINT ( 'NONE',  ( -0.05699999999999962735, 0.4049999999999999711, 0.1176972864800942681 ) ) ;
#1600 = EDGE_CURVE ( 'NONE', #2386, #2158, #1106, .T. ) ;
#1601 = ORIENTED_EDGE ( 'NONE', *, *, #820, .T. ) ;
#1602 = CARTESIAN_POINT ( 'NONE',  ( 0.2524999999999999467, 6.824743209209193866E-17, -0.1000000000000000056 ) ) ;
#1603 = DIRECTION ( 'NONE',  ( -1.000000000000000000, 0.000000000000000000, 0.000000000000000000 ) ) ;
#1604 = SHAPE_REPRESENTATION ( '705430002_Body_5', ( #1938 ), #1664 ) ;
#1605 = UNCERTAINTY_MEASURE_WITH_UNIT (LENGTH_MEASURE( 1.000000000000000082E-05 ), #973, 'distance_accuracy_value', 'NONE');
#1606 = ADVANCED_FACE ( 'NONE', ( #316 ), #2285, .F. ) ;
#1607 = DIRECTION ( 'NONE',  ( -1.000000000000000000, 0.000000000000000000, 0.000000000000000000 ) ) ;
#1608 = PLANE ( 'NONE',  #2366 ) ;
#1609 = CARTESIAN_POINT ( 'NONE',  ( -0.09999999999999997780, 0.000000000000000000, 0.000000000000000000 ) ) ;
#1610 = ORIENTED_EDGE ( 'NONE', *, *, #431, .T. ) ;
#1611 = DIRECTION ( 'NONE',  ( -0.3713906763541034439, 0.9284766908852594147, 0.000000000000000000 ) ) ;
#1612 = CARTESIAN_POINT ( 'NONE',  ( -0.01249999999999999722, 0.3550000000000000377, -0.01250000000000000069 ) ) ;
#1613 = CARTESIAN_POINT ( 'NONE',  ( -0.1499999999999999944, 0.3150000000000000022, -0.1000000000000000056 ) ) ;
#1614 = ORIENTED_EDGE ( 'NONE', *, *, #1109, .F. ) ;
#1615 = EDGE_CURVE ( 'NONE', #279, #532, #2119, .T. ) ;
#1616 = STYLED_ITEM ( 'NONE', ( #393 ), #2003 ) ;
#1617 = ORIENTED_EDGE ( 'NONE', *, *, #849, .T. ) ;
#1618 = ORIENTED_EDGE ( 'NONE', *, *, #594, .T. ) ;
#1619 = CARTESIAN_POINT ( 'NONE',  ( 0.05999999999999996309, -0.01149110640673522282, -0.1000000000000000056 ) ) ;
#1620 = ORIENTED_EDGE ( 'NONE', *, *, #1822, .T. ) ;
#1621 = CARTESIAN_POINT ( 'NONE',  ( -0.01249999999999999722, 0.1150000000000000050, 0.01250000000000000069 ) ) ;
#1622 = CARTESIAN_POINT ( 'NONE',  ( -0.2474999999999999145, 7.015092134724295247E-18, -0.1380788655293195555 ) ) ;
#1623 = VERTEX_POINT ( 'NONE', #1900 ) ;
#1624 = DIRECTION ( 'NONE',  ( 0.000000000000000000, 0.000000000000000000, -1.000000000000000000 ) ) ;
#1625 = ORIENTED_EDGE ( 'NONE', *, *, #691, .F. ) ;
#1626 = EDGE_CURVE ( 'NONE', #663, #2510, #288, .T. ) ;
#1627 = ORIENTED_EDGE ( 'NONE', *, *, #252, .T. ) ;
#1628 = EDGE_LOOP ( 'NONE', ( #57, #675, #127, #2476 ) ) ;
#1629 = ORIENTED_EDGE ( 'NONE', *, *, #849, .F. ) ;
#1630 = DIRECTION ( 'NONE',  ( -1.000000000000000000, 0.000000000000000000, -0.000000000000000000 ) ) ;
#1631 = CARTESIAN_POINT ( 'NONE',  ( 0.01250000000000000590, -0.1049999999999997324, 0.01250000000000000069 ) ) ;
#1632 = PRODUCT_DEFINITION_CONTEXT ( 'detailed design', #1497, 'design' ) ;
#1633 = VERTEX_POINT ( 'NONE', #1057 ) ;
#1634 = AXIS2_PLACEMENT_3D ( 'NONE', #1400, #1603, #763 ) ;
#1635 = PLANE ( 'NONE',  #2219 ) ;
#1636 = CARTESIAN_POINT ( 'NONE',  ( 0.1499999999999999944, 0.3150000000000000022, -0.1600000000000000033 ) ) ;
#1637 = ORIENTED_EDGE ( 'NONE', *, *, #436, .T. ) ;
#1638 = EDGE_CURVE ( 'NONE', #1183, #1866, #328, .T. ) ;
#1639 = CONTEXT_DEPENDENT_SHAPE_REPRESENTATION ( #234, #156 ) ;
#1640 = EDGE_LOOP ( 'NONE', ( #1500, #2425, #729, #2464, #773, #2345, #1471, #1426 ) ) ;
#1641 = CARTESIAN_POINT ( 'NONE',  ( 0.2474999999999999145, 6.763510869251826341E-17, 0.1000000000000000056 ) ) ;
#1642 = ORIENTED_EDGE ( 'NONE', *, *, #104, .T. ) ;
#1643 = DIRECTION ( 'NONE',  ( 0.000000000000000000, 0.000000000000000000, -1.000000000000000000 ) ) ;
#1644 = VERTEX_POINT ( 'NONE', #1074 ) ;
#1645 = DIMENSIONAL_EXPONENTS ( 1.000000000000000000, 0.000000000000000000, 0.000000000000000000, 0.000000000000000000, 0.000000000000000000, 0.000000000000000000, 0.000000000000000000 ) ;
#1646 = AXIS2_PLACEMENT_3D ( 'NONE', #2619, #1307, #1954 ) ;
#1647 = ORIENTED_EDGE ( 'NONE', *, *, #1094, .T. ) ;
#1648 = VERTEX_POINT ( 'NONE', #75 ) ;
#1649 = DIRECTION ( 'NONE',  ( 0.000000000000000000, 0.000000000000000000, -1.000000000000000000 ) ) ;
#1650 = PLANE ( 'NONE',  #2133 ) ;
#1651 = ORIENTED_EDGE ( 'NONE', *, *, #1201, .T. ) ;
#1652 = DIRECTION ( 'NONE',  ( 0.2915362068315990873, 0.9110506463487559881, 0.2915362068315990873 ) ) ;
#1653 = DIRECTION ( 'NONE',  ( -0.000000000000000000, -0.000000000000000000, -1.000000000000000000 ) ) ;
#1654 = DIRECTION ( 'NONE',  ( -1.000000000000000000, -0.000000000000000000, -0.000000000000000000 ) ) ;
#1655 = EDGE_CURVE ( 'NONE', #1689, #479, #2093, .T. ) ;
#1656 = ORIENTED_EDGE ( 'NONE', *, *, #521, .T. ) ;
#1657 = VERTEX_POINT ( 'NONE', #2104 ) ;
#1658 = ORIENTED_EDGE ( 'NONE', *, *, #1425, .T. ) ;
#1659 = DIRECTION ( 'NONE',  ( -0.2915362068315989763, -0.9110506463487559881, -0.2915362068315989763 ) ) ;
#1660 = DIRECTION ( 'NONE',  ( 1.000000000000000000, 0.000000000000000000, 0.000000000000000000 ) ) ;
#1661 = EDGE_CURVE ( 'NONE', #1544, #647, #366, .T. ) ;
#1662 = CARTESIAN_POINT ( 'NONE',  ( -0.2474999999999999145, 7.015092134724295247E-18, 0.1000000000000000056 ) ) ;
#1663 = ORIENTED_EDGE ( 'NONE', *, *, #1046, .T. ) ;
#1664 =( GEOMETRIC_REPRESENTATION_CONTEXT ( 3 ) GLOBAL_UNCERTAINTY_ASSIGNED_CONTEXT ( ( #853 ) ) GLOBAL_UNIT_ASSIGNED_CONTEXT ( ( #1563, #733, #1829 ) ) REPRESENTATION_CONTEXT ( 'NONE', 'WORKASPACE' ) );
#1665 = ORIENTED_EDGE ( 'NONE', *, *, #2288, .F. ) ;
#1666 = VERTEX_POINT ( 'NONE', #1885 ) ;
#1667 = ORIENTED_EDGE ( 'NONE', *, *, #193, .T. ) ;
#1668 = CARTESIAN_POINT ( 'NONE',  ( 0.05699999999999961348, 0.4049999999999999711, -0.1600000000000000033 ) ) ;
#1669 = ADVANCED_FACE ( 'NONE', ( #2062 ), #834, .F. ) ;
#1670 = ORIENTED_EDGE ( 'NONE', *, *, #2474, .T. ) ;
#1671 = ORIENTED_EDGE ( 'NONE', *, *, #1655, .F. ) ;
#1672 = EDGE_CURVE ( 'NONE', #549, #2405, #2068, .T. ) ;
#1673 = CARTESIAN_POINT ( 'NONE',  ( -0.06000000000000004635, 0.3150000000000000577, -0.1000000000000000056 ) ) ;
#1674 = CARTESIAN_POINT ( 'NONE',  ( 0.000000000000000000, 0.1150000000000000050, 0.000000000000000000 ) ) ;
#1675 = ORIENTED_EDGE ( 'NONE', *, *, #1846, .F. ) ;
#1676 = VERTEX_POINT ( 'NONE', #420 ) ;
#1677 = ORIENTED_EDGE ( 'NONE', *, *, #1915, .T. ) ;
#1678 = DIRECTION ( 'NONE',  ( 0.000000000000000000, 0.000000000000000000, -1.000000000000000000 ) ) ;
#1679 = AXIS2_PLACEMENT_3D ( 'NONE', #605, #1219, #1624 ) ;
#1680 = ORIENTED_EDGE ( 'NONE', *, *, #2582, .T. ) ;
#1681 = ORIENTED_EDGE ( 'NONE', *, *, #402, .F. ) ;
#1682 = MANIFOLD_SOLID_BREP ( 'Cut-Extrude7', #593 ) ;
#1683 = EDGE_LOOP ( 'NONE', ( #1503, #123, #1665, #935 ) ) ;
#1684 = ADVANCED_FACE ( 'NONE', ( #2123 ), #2530, .F. ) ;
#1685 = EDGE_LOOP ( 'NONE', ( #536, #1526, #2320, #1675 ) ) ;
#1686 = CARTESIAN_POINT ( 'NONE',  ( -0.004499999999999994456, -0.1300000000000000044, 0.004499999999999998793 ) ) ;
#1687 = DIRECTION ( 'NONE',  ( -1.000000000000000000, 0.000000000000000000, 0.000000000000000000 ) ) ;
#1688 = ORIENTED_EDGE ( 'NONE', *, *, #840, .T. ) ;
#1689 = VERTEX_POINT ( 'NONE', #1973 ) ;
#1690 = ORIENTED_EDGE ( 'NONE', *, *, #629, .T. ) ;
#1691 = EDGE_CURVE ( 'NONE', #300, #1516, #2111, .T. ) ;
#1692 = CARTESIAN_POINT ( 'NONE',  ( 0.1249999999999999306, 0.4649999999999999689, 0.1000000000000000056 ) ) ;
#1693 = CARTESIAN_POINT ( 'NONE',  ( -0.2599999999999999534, 0.4449999999999999512, -0.05999999999999994921 ) ) ;
#1694 = CARTESIAN_POINT ( 'NONE',  ( 0.000000000000000000, 0.000000000000000000, 0.000000000000000000 ) ) ;
#1695 = EDGE_LOOP ( 'NONE', ( #1884, #602, #582, #2472, #966, #1587 ) ) ;
#1696 = LINE ( 'NONE', #1402, #2597 ) ;
#1697 = ORIENTED_EDGE ( 'NONE', *, *, #1525, .T. ) ;
#1698 = DIRECTION ( 'NONE',  ( 1.000000000000000000, -0.000000000000000000, 0.000000000000000000 ) ) ;
#1699 = ORIENTED_EDGE ( 'NONE', *, *, #1947, .T. ) ;
#1700 =( CONVERSION_BASED_UNIT ( 'INCH', #340 ) LENGTH_UNIT ( ) NAMED_UNIT ( #1415 ) );
#1702 = CIRCLE ( 'NONE', #296, 0.05300000000000000544 ) ;
#1701 = DIRECTION ( 'NONE',  ( -1.000000000000000000, 0.000000000000000000, -0.000000000000000000 ) ) ;
#1703 = VERTEX_POINT ( 'NONE', #713 ) ;
#1704 = AXIS2_PLACEMENT_3D ( 'NONE', #578, #793, #1404 ) ;
#1705 = FACE_OUTER_BOUND ( 'NONE', #1392, .T. ) ;
#1706 = LINE ( 'NONE', #2030, #872 ) ;
#1707 = VERTEX_POINT ( 'NONE', #2321 ) ;
#1708 = CARTESIAN_POINT ( 'NONE',  ( -0.1499999999999999944, 0.3150000000000000022, -0.1000000000000000056 ) ) ;
#1709 = CARTESIAN_POINT ( 'NONE',  ( -0.2999999999999999334, 0.01499999999999997689, -0.1000000000000000056 ) ) ;
#1710 = EDGE_CURVE ( 'NONE', #1633, #423, #1450, .T. ) ;
#1711 = LINE ( 'NONE', #1570, #875 ) ;
#1712 = AXIS2_PLACEMENT_3D ( 'NONE', #2374, #1148, #519 ) ;
#1713 = PLANE ( 'NONE',  #1279 ) ;
#1714 = DIRECTION ( 'NONE',  ( 0.7071067811865485719, -0.7071067811865464625, -0.000000000000000000 ) ) ;
#1715 = ORIENTED_EDGE ( 'NONE', *, *, #2091, .T. ) ;
#1716 = ORIENTED_EDGE ( 'NONE', *, *, #2341, .T. ) ;
#1717 = ORIENTED_EDGE ( 'NONE', *, *, #956, .F. ) ;
#1718 = CARTESIAN_POINT ( 'NONE',  ( -0.1099999999999999867, 0.3150000000000000022, -0.1199999999999999956 ) ) ;
#1719 = DIRECTION ( 'NONE',  ( 0.7071067811865463515, -0.7071067811865487940, 0.000000000000000000 ) ) ;
#1720 = VERTEX_POINT ( 'NONE', #696 ) ;
#1721 = VERTEX_POINT ( 'NONE', #272 ) ;
#1722 = VECTOR ( 'NONE', #2470, 39.37007874015748143 ) ;
#1723 = ORIENTED_EDGE ( 'NONE', *, *, #2264, .F. ) ;
#1724 = DIRECTION ( 'NONE',  ( 0.000000000000000000, 0.000000000000000000, -1.000000000000000000 ) ) ;
#1725 = PLANE ( 'NONE',  #2577 ) ;
#1726 = VECTOR ( 'NONE', #760, 39.37007874015748143 ) ;
#1727 = EDGE_CURVE ( 'NONE', #1315, #2373, #1182, .T. ) ;
#1728 = VERTEX_POINT ( 'NONE', #128 ) ;
#1729 = CARTESIAN_POINT ( 'NONE',  ( 0.01250000000000000590, 0.1150000000000000050, 0.01250000000000000069 ) ) ;
#1730 = CARTESIAN_POINT ( 'NONE',  ( -0.1499999999999999944, 0.3150000000000000022, -0.1600000000000000033 ) ) ;
#1731 = CARTESIAN_POINT ( 'NONE',  ( 0.2399999999999999079, 0.3850000000000000089, -0.09800000000000000377 ) ) ;
#1732 = CARTESIAN_POINT ( 'NONE',  ( -0.1499999999999999944, 0.3150000000000000022, -0.1000000000000000056 ) ) ;
#1733 = CYLINDRICAL_SURFACE ( 'NONE', #281, 0.05300000000000000544 ) ;
#1734 = ADVANCED_FACE ( 'NONE', ( #1194 ), #1312, .T. ) ;
#1735 = LINE ( 'NONE', #2431, #1738 ) ;
#1736 = FACE_OUTER_BOUND ( 'NONE', #764, .T. ) ;
#1737 = CARTESIAN_POINT ( 'NONE',  ( -0.2474999999999999145, 7.015092134724295247E-18, -0.1380788655293195555 ) ) ;
#1738 = VECTOR ( 'NONE', #731, 39.37007874015748143 ) ;
#1739 = ORIENTED_EDGE ( 'NONE', *, *, #1589, .F. ) ;
#1740 = EDGE_CURVE ( 'NONE', #800, #1858, #2129, .T. ) ;
#1741 = FACE_OUTER_BOUND ( 'NONE', #2377, .T. ) ;
#1742 = LINE ( 'NONE', #1387, #35 ) ;
#1743 = DIRECTION ( 'NONE',  ( -0.000000000000000000, -0.000000000000000000, -1.000000000000000000 ) ) ;
#1744 = CARTESIAN_POINT ( 'NONE',  ( 0.000000000000000000, 0.000000000000000000, 0.000000000000000000 ) ) ;
#1745 = AXIS2_PLACEMENT_3D ( 'NONE', #677, #1698, #2141 ) ;
#1746 = LINE ( 'NONE', #1380, #2600 ) ;
#1747 = VECTOR ( 'NONE', #1743, 39.37007874015748143 ) ;
#1748 = FACE_OUTER_BOUND ( 'NONE', #2301, .T. ) ;
#1749 = ORIENTED_EDGE ( 'NONE', *, *, #1548, .T. ) ;
#1750 = DIRECTION ( 'NONE',  ( 0.000000000000000000, -0.000000000000000000, -1.000000000000000000 ) ) ;
#1751 = DIRECTION ( 'NONE',  ( 1.000000000000000000, 0.000000000000000000, 0.000000000000000000 ) ) ;
#1752 = DIRECTION ( 'NONE',  ( 1.000000000000000000, 0.000000000000000000, 0.000000000000000000 ) ) ;
#1753 = LINE ( 'NONE', #2256, #2 ) ;
#1754 = LINE ( 'NONE', #1581, #1783 ) ;
#1755 = AXIS2_PLACEMENT_3D ( 'NONE', #96, #500, #2569 ) ;
#1756 = VECTOR ( 'NONE', #2608, 39.37007874015748143 ) ;
#1757 =( NAMED_UNIT ( * ) PLANE_ANGLE_UNIT ( ) SI_UNIT ( $, .RADIAN. ) );
#1758 = CARTESIAN_POINT ( 'NONE',  ( -0.01249999999999999722, -0.1049999999999997324, -0.01250000000000000069 ) ) ;
#1759 = ADVANCED_FACE ( 'NONE', ( #1217 ), #1935, .T. ) ;
#1760 = LINE ( 'NONE', #2183, #38 ) ;
#1761 = ORIENTED_EDGE ( 'NONE', *, *, #2435, .T. ) ;
#1762 = VECTOR ( 'NONE', #1155, 39.37007874015748143 ) ;
#1763 = LINE ( 'NONE', #1810, #1800 ) ;
#1764 = VECTOR ( 'NONE', #2628, 39.37007874015748143 ) ;
#1765 = VERTEX_POINT ( 'NONE', #2339 ) ;
#1766 =( NAMED_UNIT ( * ) PLANE_ANGLE_UNIT ( ) SI_UNIT ( $, .RADIAN. ) );
#1767 = EDGE_CURVE ( 'NONE', #682, #375, #1240, .T. ) ;
#1768 = VECTOR ( 'NONE', #1445, 39.37007874015748143 ) ;
#1769 = ORIENTED_EDGE ( 'NONE', *, *, #462, .F. ) ;
#1770 = CARTESIAN_POINT ( 'NONE',  ( -0.2599999999999999534, 0.1150000000000000050, -0.05999999999999994921 ) ) ;
#1771 = CARTESIAN_POINT ( 'NONE',  ( 0.1499999999999999944, 0.3150000000000000022, -0.1600000000000000033 ) ) ;
#1772 = DIRECTION ( 'NONE',  ( 0.000000000000000000, 0.000000000000000000, -1.000000000000000000 ) ) ;
#1773 = SURFACE_STYLE_USAGE ( .BOTH. , #1985 ) ;
#1774 = FACE_OUTER_BOUND ( 'NONE', #2134, .T. ) ;
#1775 = LINE ( 'NONE', #718, #898 ) ;
#1776 = ORIENTED_EDGE ( 'NONE', *, *, #1283, .T. ) ;
#1777 = ORIENTED_EDGE ( 'NONE', *, *, #1727, .T. ) ;
#1778 = UNCERTAINTY_MEASURE_WITH_UNIT (LENGTH_MEASURE( 1.000000000000000082E-05 ), #2190, 'distance_accuracy_value', 'NONE');
#1779 = CARTESIAN_POINT ( 'NONE',  ( -0.1499999999999999944, 0.3150000000000000022, -0.1600000000000000033 ) ) ;
#1780 = EDGE_CURVE ( 'NONE', #549, #1540, #1207, .T. ) ;
#1781 = LINE ( 'NONE', #2499, #20 ) ;
#1782 = DIRECTION ( 'NONE',  ( 0.000000000000000000, 0.000000000000000000, 1.000000000000000000 ) ) ;
#1783 = VECTOR ( 'NONE', #769, 39.37007874015748143 ) ;
#1785 = ORIENTED_EDGE ( 'NONE', *, *, #305, .F. ) ;
#1784 = CARTESIAN_POINT ( 'NONE',  ( 0.2399999999999999079, 0.3850000000000000089, 0.004449987798925545378 ) ) ;
#1786 = ORIENTED_EDGE ( 'NONE', *, *, #1458, .F. ) ;
#1787 = EDGE_CURVE ( 'NONE', #823, #1888, #312, .T. ) ;
#1788 = PRODUCT_DEFINITION_SHAPE ( 'NONE', 'NONE',  #2647 ) ;
#1789 = ADVANCED_FACE ( 'NONE', ( #1229 ), #1293, .F. ) ;
#1790 = LINE ( 'NONE', #930, #904 ) ;
#1791 = VECTOR ( 'NONE', #2155, 39.37007874015748143 ) ;
#1792 = CARTESIAN_POINT ( 'NONE',  ( 0.000000000000000000, 0.3150000000000000022, 0.000000000000000000 ) ) ;
#1793 = DIRECTION ( 'NONE',  ( 1.000000000000000000, -0.000000000000000000, -0.000000000000000000 ) ) ;
#1794 = ORIENTED_EDGE ( 'NONE', *, *, #888, .T. ) ;
#1795 = CARTESIAN_POINT ( 'NONE',  ( -0.01249999999999999722, -0.1049999999999997324, 0.01250000000000000069 ) ) ;
#1796 = CARTESIAN_POINT ( 'NONE',  ( -0.2999999999999999334, 0.4649999999999999689, -0.1000000000000000056 ) ) ;
#1797 = CARTESIAN_POINT ( 'NONE',  ( 0.01250000000000000590, 0.3550000000000000377, -0.01250000000000000069 ) ) ;
#1798 = AXIS2_PLACEMENT_3D ( 'NONE', #1576, #546, #762 ) ;
#1799 = DIRECTION ( 'NONE',  ( 1.000000000000000000, 0.000000000000000000, 0.000000000000000000 ) ) ;
#1800 = VECTOR ( 'NONE', #1961, 39.37007874015748143 ) ;
#1801 = ORIENTED_EDGE ( 'NONE', *, *, #2614, .F. ) ;
#1802 = LINE ( 'NONE', #2543, #2616 ) ;
#1803 = CARTESIAN_POINT ( 'NONE',  ( -0.01249999999999999722, -0.1049999999999997324, 0.01250000000000000069 ) ) ;
#1804 = EDGE_CURVE ( 'NONE', #1575, #1428, #1197, .T. ) ;
#1805 = DIRECTION ( 'NONE',  ( 0.000000000000000000, 1.000000000000000000, 0.000000000000000000 ) ) ;
#1806 = ORIENTED_EDGE ( 'NONE', *, *, #493, .F. ) ;
#1807 = LINE ( 'NONE', #110, #1726 ) ;
#1808 = VECTOR ( 'NONE', #2590, 39.37007874015748854 ) ;
#1809 = ORIENTED_EDGE ( 'NONE', *, *, #2518, .T. ) ;
#1810 = CARTESIAN_POINT ( 'NONE',  ( -0.2599999999999999534, 0.4449999999999999512, -0.05999999999999994921 ) ) ;
#1811 = CARTESIAN_POINT ( 'NONE',  ( 0.000000000000000000, 0.000000000000000000, 0.000000000000000000 ) ) ;
#1812 = VECTOR ( 'NONE', #291, 39.37007874015748143 ) ;
#1813 = EDGE_LOOP ( 'NONE', ( #2261, #2313, #1658, #26 ) ) ;
#1814 = CARTESIAN_POINT ( 'NONE',  ( -0.2474999999999999145, 7.015092134724293707E-18, -0.1000000000000000056 ) ) ;
#1815 = DIRECTION ( 'NONE',  ( -0.000000000000000000, -0.000000000000000000, -1.000000000000000000 ) ) ;
#1816 = UNCERTAINTY_MEASURE_WITH_UNIT (LENGTH_MEASURE( 1.000000000000000082E-05 ), #848, 'distance_accuracy_value', 'NONE');
#1817 = PLANE ( 'NONE',  #228 ) ;
#1818 = VECTOR ( 'NONE', #1371, 39.37007874015748143 ) ;
#1819 = ORIENTED_EDGE ( 'NONE', *, *, #1297, .F. ) ;
#1820 = ORIENTED_EDGE ( 'NONE', *, *, #591, .T. ) ;
#1821 = EDGE_CURVE ( 'NONE', #2331, #2384, #1176, .T. ) ;
#1822 = EDGE_CURVE ( 'NONE', #687, #2130, #2102, .T. ) ;
#1823 = LINE ( 'NONE', #951, #55 ) ;
#1824 = CARTESIAN_POINT ( 'NONE',  ( 0.2999999999999999334, 0.01499999999999997689, 0.1000000000000000056 ) ) ;
#1825 = VECTOR ( 'NONE', #2410, 39.37007874015748143 ) ;
#1826 = ORIENTED_EDGE ( 'NONE', *, *, #1260, .F. ) ;
#1827 = FACE_OUTER_BOUND ( 'NONE', #1628, .T. ) ;
#1828 = DIRECTION ( 'NONE',  ( 0.000000000000000000, 0.000000000000000000, 1.000000000000000000 ) ) ;
#1829 =( NAMED_UNIT ( * ) SI_UNIT ( $, .STERADIAN. ) SOLID_ANGLE_UNIT ( ) );
#1830 = VECTOR ( 'NONE', #1643, 39.37007874015748143 ) ;
#1831 = VECTOR ( 'NONE', #89, 39.37007874015748143 ) ;
#1832 = VECTOR ( 'NONE', #667, 39.37007874015748143 ) ;
#1833 = ORIENTED_EDGE ( 'NONE', *, *, #2513, .F. ) ;
#1834 = DIRECTION ( 'NONE',  ( 1.000000000000000000, 0.000000000000000000, 0.000000000000000000 ) ) ;
#1835 = LINE ( 'NONE', #1613, #963 ) ;
#1836 = LINE ( 'NONE', #843, #1040 ) ;
#1837 = FACE_OUTER_BOUND ( 'NONE', #804, .T. ) ;
#1838 = ORIENTED_EDGE ( 'NONE', *, *, #1600, .T. ) ;
#1839 = EDGE_CURVE ( 'NONE', #1462, #766, #339, .T. ) ;
#1840 = PLANE ( 'NONE',  #380 ) ;
#1841 = LINE ( 'NONE', #590, #978 ) ;
#1842 = LINE ( 'NONE', #249, #934 ) ;
#1843 = VECTOR ( 'NONE', #2532, 39.37007874015748854 ) ;
#1844 = ORIENTED_EDGE ( 'NONE', *, *, #2435, .F. ) ;
#1845 = PRODUCT_DEFINITION_SHAPE ( 'NONE', 'NONE',  #2643 ) ;
#1846 = EDGE_CURVE ( 'NONE', #503, #2240, #357, .T. ) ;
#1847 = FACE_OUTER_BOUND ( 'NONE', #1218, .T. ) ;
#1848 = VECTOR ( 'NONE', #2293, 39.37007874015748143 ) ;
#1849 = ORIENTED_EDGE ( 'NONE', *, *, #2187, .F. ) ;
#1850 =( GEOMETRIC_REPRESENTATION_CONTEXT ( 3 ) GLOBAL_UNCERTAINTY_ASSIGNED_CONTEXT ( ( #1605 ) ) GLOBAL_UNIT_ASSIGNED_CONTEXT ( ( #973, #1766, #1200 ) ) REPRESENTATION_CONTEXT ( 'NONE', 'WORKASPACE' ) );
#1851 = DIRECTION ( 'NONE',  ( 1.000000000000000000, 0.000000000000000000, 0.000000000000000000 ) ) ;
#1852 = FACE_OUTER_BOUND ( 'NONE', #1412, .T. ) ;
#1853 = VECTOR ( 'NONE', #474, 39.37007874015748143 ) ;
#1854 = ORIENTED_EDGE ( 'NONE', *, *, #1691, .T. ) ;
#1855 = CARTESIAN_POINT ( 'NONE',  ( -0.1300000000000000600, 0.4649999999999999689, -0.08000000000000000167 ) ) ;
#1856 = LINE ( 'NONE', #161, #1934 ) ;
#1857 = EDGE_CURVE ( 'NONE', #434, #2182, #2115, .T. ) ;
#1858 = VERTEX_POINT ( 'NONE', #1557 ) ;
#1859 = AXIS2_PLACEMENT_3D ( 'NONE', #126, #2137, #1343 ) ;
#1860 = VECTOR ( 'NONE', #2269, 39.37007874015748143 ) ;
#1861 = LINE ( 'NONE', #1729, #927 ) ;
#1862 = VECTOR ( 'NONE', #1180, 39.37007874015748854 ) ;
#1863 = VERTEX_POINT ( 'NONE', #146 ) ;
#1864 = LINE ( 'NONE', #1693, #151 ) ;
#1865 = FACE_OUTER_BOUND ( 'NONE', #2545, .T. ) ;
#1866 = VERTEX_POINT ( 'NONE', #1502 ) ;
#1867 = APPLICATION_PROTOCOL_DEFINITION ( 'draft international standard', 'automotive_design', 1998, #1234 ) ;
#1868 = CARTESIAN_POINT ( 'NONE',  ( 0.1749999999999999334, 0.000000000000000000, 0.000000000000000000 ) ) ;
#1869 = LINE ( 'NONE', #1521, #113 ) ;
#1870 = ORIENTED_EDGE ( 'NONE', *, *, #789, .T. ) ;
#1871 = EDGE_CURVE ( 'NONE', #653, #2241, #282, .T. ) ;
#1872 = DIRECTION ( 'NONE',  ( -1.000000000000000000, 0.000000000000000000, -0.000000000000000000 ) ) ;
#1873 = CARTESIAN_POINT ( 'NONE',  ( 0.1099999999999999867, 0.4449999999999998956, -0.1199999999999999956 ) ) ;
#1874 = VECTOR ( 'NONE', #1108, 39.37007874015748854 ) ;
#1875 = ORIENTED_EDGE ( 'NONE', *, *, #2011, .F. ) ;
#1876 = ADVANCED_FACE ( 'NONE', ( #2163 ), #2083, .T. ) ;
#1877 = FACE_OUTER_BOUND ( 'NONE', #704, .T. ) ;
#1878 = VERTEX_POINT ( 'NONE', #673 ) ;
#1879 = CARTESIAN_POINT ( 'NONE',  ( 0.2474999999999999145, 6.763510869251826341E-17, -0.1380788655293195555 ) ) ;
#1880 = PLANE ( 'NONE',  #472 ) ;
#1881 = CARTESIAN_POINT ( 'NONE',  ( 0.2600000000000000089, 0.1150000000000000050, 0.06000000000000005329 ) ) ;
#1882 = EDGE_CURVE ( 'NONE', #766, #1290, #2211, .T. ) ;
#1883 = LINE ( 'NONE', #1824, #1818 ) ;
#1884 = ORIENTED_EDGE ( 'NONE', *, *, #1839, .T. ) ;
#1885 = CARTESIAN_POINT ( 'NONE',  ( -0.1749999999999999334, 0.1150000000000000050, 0.1000000000000000056 ) ) ;
#1886 = CARTESIAN_POINT ( 'NONE',  ( 0.1099999999999999867, 0.3150000000000000022, -0.1199999999999999956 ) ) ;
#1887 = LINE ( 'NONE', #1033, #100 ) ;
#1888 = VERTEX_POINT ( 'NONE', #620 ) ;
#1889 = CARTESIAN_POINT ( 'NONE',  ( -0.2599999999999999534, 0.1150000000000000050, 0.06000000000000005329 ) ) ;
#1890 = ORIENTED_EDGE ( 'NONE', *, *, #874, .F. ) ;
#1891 = ADVANCED_FACE ( 'NONE', ( #2233 ), #2271, .T. ) ;
#1892 = ORIENTED_EDGE ( 'NONE', *, *, #575, .T. ) ;
#1893 = CARTESIAN_POINT ( 'NONE',  ( 0.000000000000000000, 0.01499999999999999944, 0.000000000000000000 ) ) ;
#1894 = DIRECTION ( 'NONE',  ( -0.000000000000000000, 1.000000000000000000, 0.000000000000000000 ) ) ;
#1895 = AXIS2_PLACEMENT_3D ( 'NONE', #1268, #463, #1101 ) ;
#1896 = ADVANCED_FACE ( 'NONE', ( #586 ), #1251, .F. ) ;
#1897 = FACE_OUTER_BOUND ( 'NONE', #1191, .T. ) ;
#1898 = EDGE_LOOP ( 'NONE', ( #1794, #1336, #1376, #2230 ) ) ;
#1899 = VECTOR ( 'NONE', #1496, 39.37007874015748143 ) ;
#1900 = CARTESIAN_POINT ( 'NONE',  ( -0.1099999999999999867, 0.3150000000000000022, -0.07999999999999993228 ) ) ;
#1901 = SURFACE_SIDE_STYLE ('',( #2105 ) ) ;
#1902 = DIRECTION ( 'NONE',  ( 1.000000000000000000, 0.000000000000000000, -2.134256245050204715E-16 ) ) ;
#1903 = LINE ( 'NONE', #2342, #1853 ) ;
#1904 = ORIENTED_EDGE ( 'NONE', *, *, #104, .F. ) ;
#1905 = LINE ( 'NONE', #1478, #170 ) ;
#1906 = CARTESIAN_POINT ( 'NONE',  ( 0.01250000000000000590, 0.01500000000000000291, -0.01250000000000000069 ) ) ;
#1907 = CARTESIAN_POINT ( 'NONE',  ( 0.000000000000000000, 0.01499999999999999944, 0.000000000000000000 ) ) ;
#1908 = VECTOR ( 'NONE', #870, 39.37007874015748143 ) ;
#1909 = LINE ( 'NONE', #960, #71 ) ;
#1910 = ORIENTED_EDGE ( 'NONE', *, *, #2305, .T. ) ;
#1911 = CARTESIAN_POINT ( 'NONE',  ( 0.004117529880478087989, 0.3561952191235060461, 0.004117529880478083652 ) ) ;
#1912 = DIRECTION ( 'NONE',  ( 0.000000000000000000, 1.000000000000000000, 0.000000000000000000 ) ) ;
#1913 = VECTOR ( 'NONE', #2046, 39.37007874015748143 ) ;
#1914 =( REPRESENTATION_RELATIONSHIP ('NONE','NONE', #208, #1270 ) REPRESENTATION_RELATIONSHIP_WITH_TRANSFORMATION ( #563 )SHAPE_REPRESENTATION_RELATIONSHIP( ) );
#1915 = EDGE_CURVE ( 'NONE', #663, #1689, #1522, .T. ) ;
#1916 = ADVANCED_FACE ( 'NONE', ( #388 ), #1235, .F. ) ;
#1917 = LINE ( 'NONE', #285, #134 ) ;
#1918 = DIRECTION ( 'NONE',  ( -0.5773502691896263972, -0.5773502691896243988, -0.5773502691896261751 ) ) ;
#1919 = AXIS2_PLACEMENT_3D ( 'NONE', #638, #812, #1423 ) ;
#1920 = DIRECTION ( 'NONE',  ( 0.000000000000000000, 0.000000000000000000, -1.000000000000000000 ) ) ;
#1921 = CARTESIAN_POINT ( 'NONE',  ( 0.2399999999999999079, 0.3850000000000000089, -0.1000000000000000056 ) ) ;
#1922 = ORIENTED_EDGE ( 'NONE', *, *, #2260, .F. ) ;
#1923 = LINE ( 'NONE', #495, #1930 ) ;
#1924 = CARTESIAN_POINT ( 'NONE',  ( 0.1099999999999999867, 0.4449999999999999512, -0.1199999999999999956 ) ) ;
#1925 = DIRECTION ( 'NONE',  ( 1.000000000000000000, -0.000000000000000000, 0.000000000000000000 ) ) ;
#1926 = LINE ( 'NONE', #1199, #1959 ) ;
#1927 = EDGE_CURVE ( 'NONE', #830, #468, #379, .T. ) ;
#1928 = CARTESIAN_POINT ( 'NONE',  ( -0.2599999999999999534, 0.4449999999999999512, 0.06000000000000005329 ) ) ;
#1929 = CARTESIAN_POINT ( 'NONE',  ( 0.2719999999999999085, 0.4649999999999999689, 0.004449987798925545378 ) ) ;
#1930 = VECTOR ( 'NONE', #710, 39.37007874015748143 ) ;
#1931 = PLANE ( 'NONE',  #2407 ) ;
#1932 = VECTOR ( 'NONE', #2327, 39.37007874015748854 ) ;
#1933 = VERTEX_POINT ( 'NONE', #2480 ) ;
#1934 = VECTOR ( 'NONE', #1714, 39.37007874015748143 ) ;
#1935 = PLANE ( 'NONE',  #1745 ) ;
#1936 = DIRECTION ( 'NONE',  ( 0.000000000000000000, 0.000000000000000000, -1.000000000000000000 ) ) ;
#1937 = ADVANCED_FACE ( 'NONE', ( #433 ), #2223, .F. ) ;
#1938 = AXIS2_PLACEMENT_3D ( 'NONE', #1744, #502, #535 ) ;
#1939 = FACE_OUTER_BOUND ( 'NONE', #805, .T. ) ;
#1940 = FACE_OUTER_BOUND ( 'NONE', #2567, .T. ) ;
#1941 = CARTESIAN_POINT ( 'NONE',  ( -0.1749999999999999334, 0.1150000000000000050, 0.06000000000000005329 ) ) ;
#1942 = DIRECTION ( 'NONE',  ( -1.000000000000000000, 0.000000000000000000, 0.000000000000000000 ) ) ;
#1943 = VECTOR ( 'NONE', #327, 39.37007874015748143 ) ;
#1944 = ORIENTED_EDGE ( 'NONE', *, *, #1174, .T. ) ;
#1945 = PRODUCT ( '705430001_Pins_Gold_Tin_2_705430001_Pins_Gold_Tin_2', '705430001_Pins_Gold_Tin_2_705430001_Pins_Gold_Tin_2', '', ( #1287 ) ) ;
#1946 = FACE_OUTER_BOUND ( 'NONE', #2613, .T. ) ;
#1947 = EDGE_CURVE ( 'NONE', #1398, #434, #2185, .T. ) ;
#1948 = EDGE_CURVE ( 'NONE', #1544, #504, #450, .T. ) ;
#1949 = LINE ( 'NONE', #293, #1081 ) ;
#1950 = DIRECTION ( 'NONE',  ( 1.000000000000000000, 1.224646799147354440E-16, 0.000000000000000000 ) ) ;
#1951 = CARTESIAN_POINT ( 'NONE',  ( 0.1099999999999999867, 0.3150000000000000022, -0.07999999999999993228 ) ) ;
#1952 = CARTESIAN_POINT ( 'NONE',  ( -0.1600000000000001144, 0.4949999999999998845, -0.1100000000000000422 ) ) ;
#1953 = FACE_OUTER_BOUND ( 'NONE', #2165, .T. ) ;
#1954 = DIRECTION ( 'NONE',  ( 0.000000000000000000, -0.000000000000000000, -1.000000000000000000 ) ) ;
#1955 = AXIS2_PLACEMENT_3D ( 'NONE', #703, #2060, #1449 ) ;
#1956 = LINE ( 'NONE', #1455, #140 ) ;
#1957 = PLANE ( 'NONE',  #1358 ) ;
#1958 = LINE ( 'NONE', #85, #1030 ) ;
#1959 = VECTOR ( 'NONE', #1403, 39.37007874015748143 ) ;
#1960 = ADVANCED_FACE ( 'NONE', ( #2147 ), #1215, .T. ) ;
#1961 = DIRECTION ( 'NONE',  ( -1.000000000000000000, 0.000000000000000000, 0.000000000000000000 ) ) ;
#1962 =( NAMED_UNIT ( * ) PLANE_ANGLE_UNIT ( ) SI_UNIT ( $, .RADIAN. ) );
#1963 = LINE ( 'NONE', #2560, #1104 ) ;
#1964 = EDGE_CURVE ( 'NONE', #1462, #613, #373, .T. ) ;
#1965 = LINE ( 'NONE', #1595, #203 ) ;
#1966 = CARTESIAN_POINT ( 'NONE',  ( 0.2600000000000000089, 0.4449999999999999512, 0.06000000000000005329 ) ) ;
#1967 = FILL_AREA_STYLE_COLOUR ( '', #275 ) ;
#1968 = CARTESIAN_POINT ( 'NONE',  ( 0.2524999999999999467, 6.824743209209193866E-17, 0.1000000000000000056 ) ) ;
#1969 = VECTOR ( 'NONE', #1984, 39.37007874015748143 ) ;
#1970 = CARTESIAN_POINT ( 'NONE',  ( -0.2599999999999999534, 0.1150000000000000050, 0.06000000000000005329 ) ) ;
#1971 = EDGE_CURVE ( 'NONE', #73, #423, #418, .T. ) ;
#1972 = VECTOR ( 'NONE', #2208, 39.37007874015748143 ) ;
#1973 = CARTESIAN_POINT ( 'NONE',  ( 0.2324999999999999012, 0.01500000000000003414, 0.1000000000000000056 ) ) ;
#1974 = DIRECTION ( 'NONE',  ( 0.000000000000000000, 1.000000000000000000, 0.000000000000000000 ) ) ;
#1975 = LINE ( 'NONE', #1325, #1969 ) ;
#1976 = UNCERTAINTY_MEASURE_WITH_UNIT (LENGTH_MEASURE( 1.000000000000000082E-05 ), #1998, 'distance_accuracy_value', 'NONE');
#1977 = DIRECTION ( 'NONE',  ( -1.000000000000000000, 0.000000000000000000, -0.000000000000000000 ) ) ;
#1978 = EDGE_CURVE ( 'NONE', #1540, #893, #2198, .T. ) ;
#1979 = LINE ( 'NONE', #1771, #1143 ) ;
#1980 = AXIS2_PLACEMENT_3D ( 'NONE', #1537, #509, #1154 ) ;
#1981 = ADVANCED_FACE ( 'NONE', ( #1261 ), #253, .T. ) ;
#1982 = LINE ( 'NONE', #520, #152 ) ;
#1983 = CARTESIAN_POINT ( 'NONE',  ( -0.2599999999999999534, 0.1150000000000000050, -0.05999999999999994921 ) ) ;
#1984 = DIRECTION ( 'NONE',  ( 0.000000000000000000, -0.000000000000000000, -1.000000000000000000 ) ) ;
#1985 = SURFACE_SIDE_STYLE ('',( #2167 ) ) ;
#1986 = CIRCLE ( 'NONE', #2465, 0.05300000000000000544 ) ;
#1987 = DIRECTION ( 'NONE',  ( -0.000000000000000000, -0.7071067811865485719, -0.7071067811865464625 ) ) ;
#1988 = DIRECTION ( 'NONE',  ( 1.000000000000000000, 0.000000000000000000, 0.000000000000000000 ) ) ;
#1989 = LINE ( 'NONE', #2272, #248 ) ;
#1990 = DIRECTION ( 'NONE',  ( 0.000000000000000000, -0.000000000000000000, -1.000000000000000000 ) ) ;
#1991 = CARTESIAN_POINT ( 'NONE',  ( -0.05699999999999962735, 0.4049999999999999711, -0.1200000000000000233 ) ) ;
#1993 = VECTOR ( 'NONE', #507, 39.37007874015748143 ) ;
#1992 = FILL_AREA_STYLE ('',( #932 ) ) ;
#1994 = VECTOR ( 'NONE', #559, 39.37007874015748854 ) ;
#1995 = LINE ( 'NONE', #1583, #2016 ) ;
#1996 = EDGE_CURVE ( 'NONE', #1430, #2515, #382, .T. ) ;
#1997 = CARTESIAN_POINT ( 'NONE',  ( -0.2599999999999999534, 0.1150000000000000050, 0.06000000000000005329 ) ) ;
#1998 =( CONVERSION_BASED_UNIT ( 'INCH', #259 ) LENGTH_UNIT ( ) NAMED_UNIT ( #246 ) );
#1999 = PLANE ( 'NONE',  #2014 ) ;
#2000 = LINE ( 'NONE', #453, #1095 ) ;
#2001 = DIRECTION ( 'NONE',  ( -0.000000000000000000, -0.000000000000000000, 1.000000000000000000 ) ) ;
#2002 = AXIS2_PLACEMENT_3D ( 'NONE', #2007, #1590, #803 ) ;
#2003 = MANIFOLD_SOLID_BREP ( 'Chamfer2', #1566 ) ;
#2004 = VECTOR ( 'NONE', #2617, 39.37007874015748143 ) ;
#2005 = VECTOR ( 'NONE', #1086, 39.37007874015748143 ) ;
#2006 = CARTESIAN_POINT ( 'NONE',  ( 0.2999999999999999334, -0.6174555320336757580, 0.1000000000000000056 ) ) ;
#2007 = CARTESIAN_POINT ( 'NONE',  ( -0.01249999999999999722, -0.1049999999999997324, 0.01250000000000000069 ) ) ;
#2008 = EDGE_CURVE ( 'NONE', #1878, #942, #24, .T. ) ;
#2009 = FACE_OUTER_BOUND ( 'NONE', #565, .T. ) ;
#2010 = FACE_OUTER_BOUND ( 'NONE', #1035, .T. ) ;
#2011 = EDGE_CURVE ( 'NONE', #2517, #830, #2634, .T. ) ;
#2012 = CARTESIAN_POINT ( 'NONE',  ( 0.05699999999999961348, 0.4049999999999999711, 0.1176972864800942681 ) ) ;
#2013 = DIRECTION ( 'NONE',  ( 1.000000000000000000, 0.000000000000000000, 0.000000000000000000 ) ) ;
#2014 = AXIS2_PLACEMENT_3D ( 'NONE', #998, #1190, #1396 ) ;
#2015 = FACE_OUTER_BOUND ( 'NONE', #367, .T. ) ;
#2016 = VECTOR ( 'NONE', #385, 39.37007874015748854 ) ;
#2017 = DIRECTION ( 'NONE',  ( -1.000000000000000000, 0.000000000000000000, -0.000000000000000000 ) ) ;
#2018 = CARTESIAN_POINT ( 'NONE',  ( -0.2599999999999999534, 0.4449999999999999512, -0.05999999999999994921 ) ) ;
#2019 = CARTESIAN_POINT ( 'NONE',  ( 0.1099999999999999867, 0.4449999999999999512, -0.1199999999999999956 ) ) ;
#2020 = FACE_OUTER_BOUND ( 'NONE', #550, .T. ) ;
#2021 = VECTOR ( 'NONE', #2593, 39.37007874015748143 ) ;
#2022 = DIRECTION ( 'NONE',  ( 1.000000000000000000, 1.224646799147354440E-16, -0.000000000000000000 ) ) ;
#2023 = COLOUR_RGB ( '',0.7921568627450980005, 0.8196078431372548767, 0.9333333333333333481 ) ;
#2024 = SURFACE_STYLE_FILL_AREA ( #1552 ) ;
#2025 = FACE_OUTER_BOUND ( 'NONE', #2446, .T. ) ;
#2026 = DIRECTION ( 'NONE',  ( -0.000000000000000000, 1.000000000000000000, -0.000000000000000000 ) ) ;
#2027 = ADVANCED_FACE ( 'NONE', ( #827 ), #1931, .T. ) ;
#2028 = EDGE_CURVE ( 'NONE', #1648, #653, #2611, .T. ) ;
#2029 = PLANE ( 'NONE',  #2191 ) ;
#2030 = CARTESIAN_POINT ( 'NONE',  ( -0.2999999999999999334, 0.01499999999999997689, 0.1000000000000000056 ) ) ;
#2031 = DIRECTION ( 'NONE',  ( 0.000000000000000000, 0.000000000000000000, 1.000000000000000000 ) ) ;
#2032 =( CONVERSION_BASED_UNIT ( 'INCH', #454 ) LENGTH_UNIT ( ) NAMED_UNIT ( #287 ) );
#2033 = LINE ( 'NONE', #2422, #278 ) ;
#2034 = CARTESIAN_POINT ( 'NONE',  ( 0.05999999999999997696, -0.01149110640673522282, -0.05999999999999999084 ) ) ;
#2035 = DIRECTION ( 'NONE',  ( 1.000000000000000000, 0.000000000000000000, 0.000000000000000000 ) ) ;
#2036 = VECTOR ( 'NONE', #179, 39.37007874015748854 ) ;
#2037 = DIRECTION ( 'NONE',  ( 0.000000000000000000, 1.000000000000000000, 0.000000000000000000 ) ) ;
#2038 = FACE_OUTER_BOUND ( 'NONE', #1501, .T. ) ;
#2039 = VECTOR ( 'NONE', #2421, 39.37007874015748854 ) ;
#2040 = VECTOR ( 'NONE', #1652, 39.37007874015748854 ) ;
#2041 = EDGE_CURVE ( 'NONE', #1434, #1863, #1802, .T. ) ;
#2042 = CARTESIAN_POINT ( 'NONE',  ( 0.2719999999999999085, 0.4649999999999999689, -0.1000000000000000056 ) ) ;
#2043 = LINE ( 'NONE', #1171, #2004 ) ;
#2044 = AXIS2_PLACEMENT_3D ( 'NONE', #1499, #91, #2049 ) ;
#2045 = CARTESIAN_POINT ( 'NONE',  ( -0.05700000000000000205, 0.3519999999999999796, -0.1600000000000000033 ) ) ;
#2046 = DIRECTION ( 'NONE',  ( -0.000000000000000000, -0.000000000000000000, -1.000000000000000000 ) ) ;
#2047 = DIRECTION ( 'NONE',  ( 1.000000000000000000, 0.000000000000000000, 0.000000000000000000 ) ) ;
#2048 = LENGTH_MEASURE_WITH_UNIT ( LENGTH_MEASURE( 0.02539999999999999897 ), #2166 );
#2049 = DIRECTION ( 'NONE',  ( 1.000000000000000000, 0.000000000000000000, 0.000000000000000000 ) ) ;
#2050 = VECTOR ( 'NONE', #336, 39.37007874015748143 ) ;
#2051 = LINE ( 'NONE', #1009, #255 ) ;
#2052 = ORIENTED_EDGE ( 'NONE', *, *, #2400, .F. ) ;
#2053 = AXIS2_PLACEMENT_3D ( 'NONE', #2322, #1093, #1467 ) ;
#2054 = VECTOR ( 'NONE', #1368, 39.37007874015748143 ) ;
#2055 = VECTOR ( 'NONE', #2490, 39.37007874015748143 ) ;
#2056 = CARTESIAN_POINT ( 'NONE',  ( 0.1249999999999999306, 0.4449999999999999512, 0.06000000000000005329 ) ) ;
#2057 = VECTOR ( 'NONE', #938, 39.37007874015748143 ) ;
#2058 = VECTOR ( 'NONE', #1023, 39.37007874015748143 ) ;
#2059 = EDGE_CURVE ( 'NONE', #1623, #1866, #1711, .T. ) ;
#2060 = DIRECTION ( 'NONE',  ( 0.000000000000000000, -0.7071067811865485719, 0.7071067811865464625 ) ) ;
#2061 = PLANE ( 'NONE',  #1634 ) ;
#2062 = FACE_OUTER_BOUND ( 'NONE', #1685, .T. ) ;
#2063 = DIRECTION ( 'NONE',  ( 0.000000000000000000, 0.000000000000000000, -1.000000000000000000 ) ) ;
#2064 = CARTESIAN_POINT ( 'NONE',  ( 0.2399999999999999079, 0.3850000000000000089, -0.09800000000000000377 ) ) ;
#2066 = VECTOR ( 'NONE', #708, 39.37007874015748143 ) ;
#2065 =( REPRESENTATION_RELATIONSHIP ('NONE','NONE', #208, #1604 ) REPRESENTATION_RELATIONSHIP_WITH_TRANSFORMATION ( #1469 )SHAPE_REPRESENTATION_RELATIONSHIP( ) );
#2067 = CARTESIAN_POINT ( 'NONE',  ( -0.2599999999999999534, 0.2949999999999999289, -0.05999999999999994921 ) ) ;
#2068 = LINE ( 'NONE', #225, #2074 ) ;
#2069 = ADVANCED_FACE ( 'NONE', ( #916 ), #2173, .T. ) ;
#2070 = DIRECTION ( 'NONE',  ( 1.000000000000000000, -0.000000000000000000, 0.000000000000000000 ) ) ;
#2071 = LINE ( 'NONE', #585, #1111 ) ;
#2072 = EDGE_CURVE ( 'NONE', #375, #1544, #1807, .T. ) ;
#2073 = LINE ( 'NONE', #1477, #264 ) ;
#2074 = VECTOR ( 'NONE', #1010, 39.37007874015748143 ) ;
#2075 = DIRECTION ( 'NONE',  ( -1.000000000000000000, 0.000000000000000000, 0.000000000000000000 ) ) ;
#2076 = DIRECTION ( 'NONE',  ( -0.000000000000000000, -0.000000000000000000, 1.000000000000000000 ) ) ;
#2077 = LENGTH_MEASURE_WITH_UNIT ( LENGTH_MEASURE( 0.02539999999999999897 ), #641 );
#2078 = LINE ( 'NONE', #1997, #289 ) ;
#2079 = ORIENTED_EDGE ( 'NONE', *, *, #1187, .F. ) ;
#2080 = DIRECTION ( 'NONE',  ( -1.000000000000000000, 0.000000000000000000, 0.000000000000000000 ) ) ;
#2081 = CARTESIAN_POINT ( 'NONE',  ( 0.2079999999999999349, 0.4649999999999999689, -0.09800000000000000377 ) ) ;
#2082 = PRODUCT_CONTEXT ( 'NONE', #414, 'mechanical' ) ;
#2083 = PLANE ( 'NONE',  #2586 ) ;
#2084 = VECTOR ( 'NONE', #1611, 39.37007874015748143 ) ;
#2085 = LINE ( 'NONE', #1285, #306 ) ;
#2086 = CARTESIAN_POINT ( 'NONE',  ( 0.2474999999999999145, 6.763510869251826341E-17, -0.1000000000000000056 ) ) ;
#2087 = VECTOR ( 'NONE', #1518, 39.37007874015748143 ) ;
#2088 =( LENGTH_UNIT ( ) NAMED_UNIT ( * ) SI_UNIT ( $, .METRE. ) );
#2089 = PLANE ( 'NONE',  #552 ) ;
#2090 = ADVANCED_FACE ( 'NONE', ( #1741 ), #1733, .F. ) ;
#2091 = EDGE_CURVE ( 'NONE', #1430, #646, #10, .T. ) ;
#2092 = LINE ( 'NONE', #2356, #2040 ) ;
#2093 = LINE ( 'NONE', #1641, #1236 ) ;
#2094 = VERTEX_POINT ( 'NONE', #901 ) ;
#2095 = CARTESIAN_POINT ( 'NONE',  ( -0.1749999999999999334, 0.4649999999999999689, 0.08000000000000009881 ) ) ;
#2096 = CARTESIAN_POINT ( 'NONE',  ( 0.2474999999999999145, 6.763510869251826341E-17, 0.1000000000000000056 ) ) ;
#2097 = LINE ( 'NONE', #715, #394 ) ;
#2098 = ORIENTED_EDGE ( 'NONE', *, *, #165, .T. ) ;
#2099 = CARTESIAN_POINT ( 'NONE',  ( 0.1749999999999999334, 0.4649999999999999689, 0.08000000000000009881 ) ) ;
#2100 = EDGE_CURVE ( 'NONE', #362, #279, #2640, .T. ) ;
#2101 = DIRECTION ( 'NONE',  ( 0.000000000000000000, -0.000000000000000000, 1.000000000000000000 ) ) ;
#2102 = LINE ( 'NONE', #2388, #332 ) ;
#2103 = ORIENTED_EDGE ( 'NONE', *, *, #165, .F. ) ;
#2104 = CARTESIAN_POINT ( 'NONE',  ( -0.06000000000000003247, 0.1150000000000000050, -0.1000000000000000056 ) ) ;
#2105 = SURFACE_STYLE_FILL_AREA ( #78 ) ;
#2106 = ORIENTED_EDGE ( 'NONE', *, *, #1220, .F. ) ;
#2107 = PLANE ( 'NONE',  #2053 ) ;
#2108 = DIMENSIONAL_EXPONENTS ( 1.000000000000000000, 0.000000000000000000, 0.000000000000000000, 0.000000000000000000, 0.000000000000000000, 0.000000000000000000, 0.000000000000000000 ) ;
#2109 = DIRECTION ( 'NONE',  ( 0.000000000000000000, 0.000000000000000000, -1.000000000000000000 ) ) ;
#2110 = STYLED_ITEM ( 'NONE', ( #304 ), #1682 ) ;
#2111 = LINE ( 'NONE', #1140, #369 ) ;
#2112 = ORIENTED_EDGE ( 'NONE', *, *, #1, .F. ) ;
#2113 = CARTESIAN_POINT ( 'NONE',  ( -0.1499999999999999944, 0.3150000000000000022, -0.1600000000000000033 ) ) ;
#2114 = DIRECTION ( 'NONE',  ( 0.000000000000000000, 1.000000000000000000, 0.000000000000000000 ) ) ;
#2115 = LINE ( 'NONE', #948, #2054 ) ;
#2116 = EDGE_LOOP ( 'NONE', ( #2194, #416, #1809, #1204 ) ) ;
#2117 = DIRECTION ( 'NONE',  ( 0.000000000000000000, 0.000000000000000000, 1.000000000000000000 ) ) ;
#2118 = DIRECTION ( 'NONE',  ( 0.000000000000000000, 0.000000000000000000, 1.000000000000000000 ) ) ;
#2119 = LINE ( 'NONE', #1483, #1225 ) ;
#2120 = VECTOR ( 'NONE', #1189, 39.37007874015748143 ) ;
#2121 = VERTEX_POINT ( 'NONE', #1970 ) ;
#2122 = DIRECTION ( 'NONE',  ( 1.000000000000000000, 0.000000000000000000, 0.000000000000000000 ) ) ;
#2123 = FACE_OUTER_BOUND ( 'NONE', #111, .T. ) ;
#2124 = LINE ( 'NONE', #979, #1212 ) ;
#2125 = ORIENTED_EDGE ( 'NONE', *, *, #2450, .T. ) ;
#2126 = LENGTH_MEASURE_WITH_UNIT ( LENGTH_MEASURE( 0.02539999999999999897 ), #1356 );
#2127 = DIRECTION ( 'NONE',  ( 0.000000000000000000, 0.000000000000000000, 1.000000000000000000 ) ) ;
#2128 = PRODUCT_DEFINITION_SHAPE ( 'NONE', 'NONE',  #2456 ) ;
#2129 = LINE ( 'NONE', #471, #350 ) ;
#2130 = VERTEX_POINT ( 'NONE', #496 ) ;
#2131 = ADVANCED_FACE ( 'NONE', ( #1705 ), #962, .F. ) ;
#2132 = DIRECTION ( 'NONE',  ( 0.000000000000000000, 0.000000000000000000, 1.000000000000000000 ) ) ;
#2133 = AXIS2_PLACEMENT_3D ( 'NONE', #1098, #1509, #1320 ) ;
#2134 = EDGE_LOOP ( 'NONE', ( #748, #836, #1647, #1697 ) ) ;
#2135 = DIRECTION ( 'NONE',  ( 0.000000000000000000, -0.7071067811865485719, 0.7071067811865464625 ) ) ;
#2136 = CARTESIAN_POINT ( 'NONE',  ( 0.2719999999999999085, 0.4649999999999999689, 0.004449987798925545378 ) ) ;
#2137 = DIRECTION ( 'NONE',  ( 0.000000000000000000, -0.7071067811865461294, -0.7071067811865489050 ) ) ;
#2138 = VECTOR ( 'NONE', #2568, 39.37007874015748143 ) ;
#2139 = ORIENTED_EDGE ( 'NONE', *, *, #2364, .T. ) ;
#2140 = EDGE_CURVE ( 'NONE', #1516, #653, #1746, .T. ) ;
#2141 = DIRECTION ( 'NONE',  ( 0.000000000000000000, 0.000000000000000000, -1.000000000000000000 ) ) ;
#2142 = VECTOR ( 'NONE', #256, 39.37007874015748143 ) ;
#2143 = VERTEX_POINT ( 'NONE', #2209 ) ;
#2144 = AXIS2_PLACEMENT_3D ( 'NONE', #1886, #181, #387 ) ;
#2145 = FILL_AREA_STYLE_COLOUR ( '', #351 ) ;
#2146 = CARTESIAN_POINT ( 'NONE',  ( 0.2199999999999999456, 0.4050000000000000266, -0.01999999999999987899 ) ) ;
#2147 = FACE_OUTER_BOUND ( 'NONE', #395, .T. ) ;
#2148 = EDGE_LOOP ( 'NONE', ( #676, #2595, #2555, #783 ) ) ;
#2149 = DIRECTION ( 'NONE',  ( 0.000000000000000000, 1.000000000000000000, 0.000000000000000000 ) ) ;
#2150 = DIRECTION ( 'NONE',  ( 0.000000000000000000, 1.000000000000000000, 0.000000000000000000 ) ) ;
#2151 = VECTOR ( 'NONE', #1920, 39.37007874015748143 ) ;
#2152 = ORIENTED_EDGE ( 'NONE', *, *, #921, .F. ) ;
#2153 = ADVANCED_FACE ( 'NONE', ( #833 ), #1538, .T. ) ;
#2154 = EDGE_CURVE ( 'NONE', #549, #1374, #618, .T. ) ;
#2155 = DIRECTION ( 'NONE',  ( -1.000000000000000000, 0.000000000000000000, 0.000000000000000000 ) ) ;
#2156 = SURFACE_SIDE_STYLE ('',( #2024 ) ) ;
#2157 = FACE_OUTER_BOUND ( 'NONE', #1278, .T. ) ;
#2158 = VERTEX_POINT ( 'NONE', #797 ) ;
#2159 = EDGE_CURVE ( 'NONE', #1765, #687, #1753, .T. ) ;
#2160 = CARTESIAN_POINT ( 'NONE',  ( 0.1100000000000000006, 0.3519999999999996465, 0.1176972864800942681 ) ) ;
#2161 = ORIENTED_EDGE ( 'NONE', *, *, #116, .F. ) ;
#2162 = CARTESIAN_POINT ( 'NONE',  ( 0.2600000000000000089, 0.1150000000000000050, -0.05999999999999994921 ) ) ;
#2163 = FACE_OUTER_BOUND ( 'NONE', #1545, .T. ) ;
#2164 = LINE ( 'NONE', #352, #1258 ) ;
#2165 = EDGE_LOOP ( 'NONE', ( #1241, #799, #824, #873 ) ) ;
#2166 =( LENGTH_UNIT ( ) NAMED_UNIT ( * ) SI_UNIT ( $, .METRE. ) );
#2167 = SURFACE_STYLE_FILL_AREA ( #417 ) ;
#2168 = ORIENTED_EDGE ( 'NONE', *, *, #1740, .F. ) ;
#2169 = EDGE_CURVE ( 'NONE', #1657, #1419, #883, .T. ) ;
#2170 = DIRECTION ( 'NONE',  ( 0.000000000000000000, 0.000000000000000000, 1.000000000000000000 ) ) ;
#2171 = CARTESIAN_POINT ( 'NONE',  ( 0.2399999999999999079, 0.3850000000000000089, 0.004449987798925545378 ) ) ;
#2172 = DIRECTION ( 'NONE',  ( -0.9284766908852595257, -0.3713906763541034439, 0.000000000000000000 ) ) ;
#2173 = PLANE ( 'NONE',  #890 ) ;
#2174 = ORIENTED_EDGE ( 'NONE', *, *, #707, .F. ) ;
#2175 = ADVANCED_FACE ( 'NONE', ( #16 ), #2089, .F. ) ;
#2176 = PRESENTATION_LAYER_ASSIGNMENT (  '', '', ( #2110 ) ) ;
#2177 = DIRECTION ( 'NONE',  ( 0.7071067811865465735, -0.7071067811865485719, 0.000000000000000000 ) ) ;
#2178 = ORIENTED_EDGE ( 'NONE', *, *, #1, .T. ) ;
#2179 = DIRECTION ( 'NONE',  ( 0.000000000000000000, 1.000000000000000000, 0.000000000000000000 ) ) ;
#2180 = DIRECTION ( 'NONE',  ( 0.7071067811865484609, 0.7071067811865464625, 0.000000000000000000 ) ) ;
#2181 = FACE_OUTER_BOUND ( 'NONE', #780, .T. ) ;
#2182 = VERTEX_POINT ( 'NONE', #1029 ) ;
#2183 = CARTESIAN_POINT ( 'NONE',  ( 0.1099999999999999867, 0.3150000000000000022, -0.1199999999999999956 ) ) ;
#2184 = SURFACE_STYLE_USAGE ( .BOTH. , #1149 ) ;
#2185 = LINE ( 'NONE', #235, #2227 ) ;
#2186 = VERTEX_POINT ( 'NONE', #1221 ) ;
#2187 = EDGE_CURVE ( 'NONE', #1419, #730, #12, .T. ) ;
#2188 = PLANE ( 'NONE',  #802 ) ;
#2189 = DIRECTION ( 'NONE',  ( 0.000000000000000000, 0.000000000000000000, -1.000000000000000000 ) ) ;
#2190 =( CONVERSION_BASED_UNIT ( 'INCH', #903 ) LENGTH_UNIT ( ) NAMED_UNIT ( #63 ) );
#2191 = AXIS2_PLACEMENT_3D ( 'NONE', #1631, #378, #1162 ) ;
#2192 = DIRECTION ( 'NONE',  ( 0.7071067811865484609, 0.7071067811865464625, 0.000000000000000000 ) ) ;
#2193 = VECTOR ( 'NONE', #832, 39.37007874015748143 ) ;
#2194 = ORIENTED_EDGE ( 'NONE', *, *, #48, .T. ) ;
#2195 = CARTESIAN_POINT ( 'NONE',  ( -0.01249999999999999722, -0.1300000000000000044, -0.01250000000000000069 ) ) ;
#2196 = ADVANCED_FACE ( 'NONE', ( #1774 ), #1817, .F. ) ;
#2197 = CARTESIAN_POINT ( 'NONE',  ( -0.1249999999999999306, 0.1150000000000000050, 0.06000000000000005329 ) ) ;
#2198 = LINE ( 'NONE', #657, #1252 ) ;
#2199 = EDGE_LOOP ( 'NONE', ( #101, #2304, #561, #999, #2406, #1457, #626, #1463, #1424, #2343, #2248, #2354, #1480, #2338, #67, #1875, #1486, #987, #47, #1844 ) ) ;
#2200 = CARTESIAN_POINT ( 'NONE',  ( -0.2474999999999999145, 7.015092134724295247E-18, -0.1000000000000000056 ) ) ;
#2201 = DIRECTION ( 'NONE',  ( -0.000000000000000000, -0.000000000000000000, -1.000000000000000000 ) ) ;
#2202 = EDGE_CURVE ( 'NONE', #732, #647, #1781, .T. ) ;
#2203 = FACE_OUTER_BOUND ( 'NONE', #2447, .T. ) ;
#2204 = ORIENTED_EDGE ( 'NONE', *, *, #280, .T. ) ;
#2205 = EDGE_CURVE ( 'NONE', #861, #2515, #897, .T. ) ;
#2206 = DIRECTION ( 'NONE',  ( -0.000000000000000000, -0.000000000000000000, 1.000000000000000000 ) ) ;
#2207 = CARTESIAN_POINT ( 'NONE',  ( 0.2399999999999999079, 0.3850000000000000089, -0.1000000000000000056 ) ) ;
#2208 = DIRECTION ( 'NONE',  ( 0.000000000000000000, 0.000000000000000000, -1.000000000000000000 ) ) ;
#2209 = CARTESIAN_POINT ( 'NONE',  ( 0.01250000000000000590, 0.1150000000000000050, 0.01250000000000000069 ) ) ;
#2210 = LINE ( 'NONE', #567, #2212 ) ;
#2211 = LINE ( 'NONE', #2067, #2193 ) ;
#2212 = VECTOR ( 'NONE', #1002, 39.37007874015748143 ) ;
#2213 = CARTESIAN_POINT ( 'NONE',  ( 0.004500000000000003129, -0.1300000000000000044, 0.004499999999999998793 ) ) ;
#2214 = AXIS2_PLACEMENT_3D ( 'NONE', #2579, #141, #958 ) ;
#2215 = LINE ( 'NONE', #1541, #459 ) ;
#2216 = ORIENTED_EDGE ( 'NONE', *, *, #280, .F. ) ;
#2217 = PLANE ( 'NONE',  #1712 ) ;
#2218 =( NAMED_UNIT ( * ) PLANE_ANGLE_UNIT ( ) SI_UNIT ( $, .RADIAN. ) );
#2219 = AXIS2_PLACEMENT_3D ( 'NONE', #205, #2475, #1828 ) ;
#2220 = LINE ( 'NONE', #1619, #2245 ) ;
#2221 = SURFACE_STYLE_USAGE ( .BOTH. , #2156 ) ;
#2222 = CARTESIAN_POINT ( 'NONE',  ( 0.05999999999999996309, 0.1150000000000000050, -0.1000000000000000056 ) ) ;
#2223 = CYLINDRICAL_SURFACE ( 'NONE', #2522, 0.05300000000000000544 ) ;
#2224 = FACE_OUTER_BOUND ( 'NONE', #425, .T. ) ;
#2225 = EDGE_LOOP ( 'NONE', ( #2103, #1629, #324, #752 ) ) ;
#2226 = AXIS2_PLACEMENT_3D ( 'NONE', #1811, #2348, #2013 ) ;
#2227 = VECTOR ( 'NONE', #401, 39.37007874015748143 ) ;
#2228 = LINE ( 'NONE', #1602, #2257 ) ;
#2229 = ORIENTED_EDGE ( 'NONE', *, *, #331, .F. ) ;
#2230 = ORIENTED_EDGE ( 'NONE', *, *, #741, .F. ) ;
#2231 = DIRECTION ( 'NONE',  ( 0.000000000000000000, -1.000000000000000000, -0.000000000000000000 ) ) ;
#2232 = CARTESIAN_POINT ( 'NONE',  ( 0.2399999999999999079, 0.3850000000000000089, -0.1000000000000000056 ) ) ;
#2233 = FACE_OUTER_BOUND ( 'NONE', #847, .T. ) ;
#2234 = ORIENTED_EDGE ( 'NONE', *, *, #359, .F. ) ;
#2235 = EDGE_CURVE ( 'NONE', #1428, #1707, #122, .T. ) ;
#2236 = CARTESIAN_POINT ( 'NONE',  ( 0.2600000000000000089, 0.1150000000000000050, 0.06000000000000005329 ) ) ;
#2237 = APPLICATION_PROTOCOL_DEFINITION ( 'draft international standard', 'automotive_design', 1998, #1088 ) ;
#2238 = VECTOR ( 'NONE', #1459, 39.37007874015748143 ) ;
#2239 = LINE ( 'NONE', #358, #469 ) ;
#2240 = VERTEX_POINT ( 'NONE', #2056 ) ;
#2241 = VERTEX_POINT ( 'NONE', #1410 ) ;
#2242 = ADVANCED_FACE ( 'NONE', ( #968 ), #226, .F. ) ;
#2243 = DIRECTION ( 'NONE',  ( 1.000000000000000000, 0.000000000000000000, 0.000000000000000000 ) ) ;
#2244 = DIRECTION ( 'NONE',  ( 0.000000000000000000, -0.000000000000000000, 1.000000000000000000 ) ) ;
#2245 = VECTOR ( 'NONE', #2026, 39.37007874015748143 ) ;
#2246 = ORIENTED_EDGE ( 'NONE', *, *, #2277, .F. ) ;
#2247 = LINE ( 'NONE', #2340, #1295 ) ;
#2248 = ORIENTED_EDGE ( 'NONE', *, *, #1655, .T. ) ;
#2249 = CARTESIAN_POINT ( 'NONE',  ( -0.01249999999999999722, -0.1049999999999997324, -0.01250000000000000069 ) ) ;
#2250 = FACE_OUTER_BOUND ( 'NONE', #186, .T. ) ;
#2251 = VERTEX_POINT ( 'NONE', #2639 ) ;
#2252 = SURFACE_STYLE_FILL_AREA ( #1992 ) ;
#2253 = EDGE_CURVE ( 'NONE', #2294, #1453, #931, .T. ) ;
#2254 = ORIENTED_EDGE ( 'NONE', *, *, #222, .T. ) ;
#2255 = DIRECTION ( 'NONE',  ( -1.000000000000000000, 0.000000000000000000, 0.000000000000000000 ) ) ;
#2256 = CARTESIAN_POINT ( 'NONE',  ( 0.1300000000000000600, 0.4649999999999999689, -0.000000000000000000 ) ) ;
#2257 = VECTOR ( 'NONE', #610, 39.37007874015748854 ) ;
#2258 = EDGE_LOOP ( 'NONE', ( #2312, #592, #1910 ) ) ;
#2259 = ORIENTED_EDGE ( 'NONE', *, *, #772, .T. ) ;
#2260 = EDGE_CURVE ( 'NONE', #583, #1339, #945, .T. ) ;
#2261 = ORIENTED_EDGE ( 'NONE', *, *, #937, .F. ) ;
#2262 = CARTESIAN_POINT ( 'NONE',  ( 0.05999999999999996309, 0.1150000000000000050, -0.05999999999999999084 ) ) ;
#2263 = DIRECTION ( 'NONE',  ( -0.000000000000000000, -1.000000000000000000, -0.000000000000000000 ) ) ;
#2264 = EDGE_CURVE ( 'NONE', #893, #532, #1835, .T. ) ;
#2265 = VECTOR ( 'NONE', #260, 39.37007874015748143 ) ;
#2266 = ORIENTED_EDGE ( 'NONE', *, *, #591, .F. ) ;
#2267 = MECHANICAL_DESIGN_GEOMETRIC_PRESENTATION_REPRESENTATION (  '', ( #2110 ), #1085 ) ;
#2268 = DIRECTION ( 'NONE',  ( 1.000000000000000000, 0.000000000000000000, 0.000000000000000000 ) ) ;
#2269 = DIRECTION ( 'NONE',  ( 1.000000000000000000, 0.000000000000000000, 0.000000000000000000 ) ) ;
#2270 = CARTESIAN_POINT ( 'NONE',  ( 0.1000000000000000194, 0.000000000000000000, 0.000000000000000000 ) ) ;
#2271 = PLANE ( 'NONE',  #664 ) ;
#2272 = CARTESIAN_POINT ( 'NONE',  ( 0.01250000000000000590, 0.01500000000000000291, 0.01250000000000000069 ) ) ;
#2273 = EDGE_CURVE ( 'NONE', #2515, #484, #90, .T. ) ;
#2274 = PLANE ( 'NONE',  #2441 ) ;
#2275 = ADVANCED_FACE ( 'NONE', ( #1837 ), #98, .F. ) ;
#2276 = CARTESIAN_POINT ( 'NONE',  ( 0.2674999999999999600, 0.01499999999999997689, 0.1000000000000000056 ) ) ;
#2277 = EDGE_CURVE ( 'NONE', #1657, #1183, #1869, .T. ) ;
#2278 = ORIENTED_EDGE ( 'NONE', *, *, #149, .T. ) ;
#2279 = ORIENTED_EDGE ( 'NONE', *, *, #4, .F. ) ;
#2280 = DIRECTION ( 'NONE',  ( 1.000000000000000000, -0.000000000000000000, 0.000000000000000000 ) ) ;
#2281 = AXIS2_PLACEMENT_3D ( 'NONE', #1542, #2109, #1701 ) ;
#2282 = DIRECTION ( 'NONE',  ( -0.000000000000000000, 1.000000000000000000, -0.000000000000000000 ) ) ;
#2283 = ORIENTED_EDGE ( 'NONE', *, *, #867, .F. ) ;
#2284 = ORIENTED_EDGE ( 'NONE', *, *, #695, .T. ) ;
#2285 = PLANE ( 'NONE',  #598 ) ;
#2286 = CARTESIAN_POINT ( 'NONE',  ( -0.2599999999999999534, 0.4449999999999999512, 0.06000000000000005329 ) ) ;
#2287 = ORIENTED_EDGE ( 'NONE', *, *, #921, .T. ) ;
#2288 = EDGE_CURVE ( 'NONE', #621, #2130, #117, .T. ) ;
#2289 = EDGE_CURVE ( 'NONE', #736, #1398, #1903, .T. ) ;
#2290 = ADVANCED_FACE ( 'NONE', ( #72 ), #662, .F. ) ;
#2291 = ORIENTED_EDGE ( 'NONE', *, *, #2187, .T. ) ;
#2292 = PLANE ( 'NONE',  #137 ) ;
#2293 = DIRECTION ( 'NONE',  ( -1.000000000000000000, -0.000000000000000000, -0.000000000000000000 ) ) ;
#2294 = VERTEX_POINT ( 'NONE', #716 ) ;
#2295 = ADVANCED_FACE ( 'NONE', ( #1865 ), #1957, .T. ) ;
#2296 = EDGE_LOOP ( 'NONE', ( #1833, #2378, #2355, #1511 ) ) ;
#2297 = DIRECTION ( 'NONE',  ( 0.000000000000000000, 0.000000000000000000, -1.000000000000000000 ) ) ;
#2298 = DIRECTION ( 'NONE',  ( 1.000000000000000000, 0.000000000000000000, 0.000000000000000000 ) ) ;
#2299 = CARTESIAN_POINT ( 'NONE',  ( 0.000000000000000000, 0.000000000000000000, -0.1000000000000000056 ) ) ;
#2300 = ORIENTED_EDGE ( 'NONE', *, *, #1996, .F. ) ;
#2301 = EDGE_LOOP ( 'NONE', ( #1838, #2370, #115, #588 ) ) ;
#2302 = CARTESIAN_POINT ( 'NONE',  ( 0.05700000000000000205, 0.3519999999999999796, -0.1200000000000000233 ) ) ;
#2303 = PLANE ( 'NONE',  #74 ) ;
#2304 = ORIENTED_EDGE ( 'NONE', *, *, #1321, .T. ) ;
#2305 = EDGE_CURVE ( 'NONE', #632, #2419, #129, .T. ) ;
#2306 = EDGE_LOOP ( 'NONE', ( #806, #1262, #466, #14 ) ) ;
#2307 = CARTESIAN_POINT ( 'NONE',  ( -0.06000000000000003247, 0.2949999999999999289, -0.05999999999999999084 ) ) ;
#2308 = DIRECTION ( 'NONE',  ( 0.000000000000000000, -0.000000000000000000, 1.000000000000000000 ) ) ;
#2309 = ORIENTED_EDGE ( 'NONE', *, *, #820, .F. ) ;
#2310 = EDGE_CURVE ( 'NONE', #555, #503, #133, .T. ) ;
#2311 = ADVANCED_FACE ( 'NONE', ( #1897 ), #612, .F. ) ;
#2312 = ORIENTED_EDGE ( 'NONE', *, *, #2632, .T. ) ;
#2313 = ORIENTED_EDGE ( 'NONE', *, *, #2253, .F. ) ;
#2314 = ORIENTED_EDGE ( 'NONE', *, *, #1037, .F. ) ;
#2315 = DIRECTION ( 'NONE',  ( 1.000000000000000000, 0.000000000000000000, 0.000000000000000000 ) ) ;
#2316 = PLANE ( 'NONE',  #1052 ) ;
#2317 = CARTESIAN_POINT ( 'NONE',  ( 0.2324999999999999012, 0.01500000000000003414, -0.1380788655293195555 ) ) ;
#2318 = ORIENTED_EDGE ( 'NONE', *, *, #985, .T. ) ;
#2319 = CLOSED_SHELL ( 'NONE', ( #1759, #1203, #2295, #1377, #2153, #2578, #1352, #2368, #2311, #1527 ) ) ;
#2320 = ORIENTED_EDGE ( 'NONE', *, *, #608, .T. ) ;
#2321 = CARTESIAN_POINT ( 'NONE',  ( -0.2599999999999999534, 0.4449999999999999512, 0.06000000000000005329 ) ) ;
#2322 = CARTESIAN_POINT ( 'NONE',  ( 0.2399999999999999079, 0.3850000000000000089, -0.09800000000000000377 ) ) ;
#2323 = EDGE_LOOP ( 'NONE', ( #753, #1475, #2283, #572, #649, #2457, #2437, #1699 ) ) ;
#2324 = ORIENTED_EDGE ( 'NONE', *, *, #2028, .T. ) ;
#2325 = AXIS2_PLACEMENT_3D ( 'NONE', #2018, #2439, #1568 ) ;
#2326 = ORIENTED_EDGE ( 'NONE', *, *, #2159, .F. ) ;
#2327 = DIRECTION ( 'NONE',  ( 0.5773502691896265082, 0.5773502691896245098, -0.5773502691896260641 ) ) ;
#2328 = ORIENTED_EDGE ( 'NONE', *, *, #2235, .T. ) ;
#2329 = STYLED_ITEM ( 'NONE', ( #383 ), #517 ) ;
#2330 = ORIENTED_EDGE ( 'NONE', *, *, #516, .T. ) ;
#2331 = VERTEX_POINT ( 'NONE', #169 ) ;
#2332 = PLANE ( 'NONE',  #1895 ) ;
#2333 = DIRECTION ( 'NONE',  ( 1.000000000000000000, 0.000000000000000000, -0.000000000000000000 ) ) ;
#2334 =( LENGTH_UNIT ( ) NAMED_UNIT ( * ) SI_UNIT ( $, .METRE. ) );
#2335 = ADVANCED_FACE ( 'NONE', ( #1877 ), #2459, .T. ) ;
#2336 = ORIENTED_EDGE ( 'NONE', *, *, #149, .F. ) ;
#2337 = EDGE_LOOP ( 'NONE', ( #544, #982, #1460, #992, #1465, #2392 ) ) ;
#2338 = ORIENTED_EDGE ( 'NONE', *, *, #48, .F. ) ;
#2339 = CARTESIAN_POINT ( 'NONE',  ( 0.1300000000000000600, 0.4649999999999999689, -0.1400000000000000411 ) ) ;
#2340 = CARTESIAN_POINT ( 'NONE',  ( -0.01037516600265607318, -0.1116401062416995660, -0.01037516600265608012 ) ) ;
#2341 = EDGE_CURVE ( 'NONE', #1323, #2143, #1887, .T. ) ;
#2342 = CARTESIAN_POINT ( 'NONE',  ( 0.000000000000000000, 0.3150000000000000022, -0.07999999999999993228 ) ) ;
#2343 = ORIENTED_EDGE ( 'NONE', *, *, #33, .F. ) ;
#2344 = VECTOR ( 'NONE', #1918, 39.37007874015748854 ) ;
#2345 = ORIENTED_EDGE ( 'NONE', *, *, #2154, .F. ) ;
#2346 = ORIENTED_EDGE ( 'NONE', *, *, #1691, .F. ) ;
#2347 = PLANE ( 'NONE',  #1564 ) ;
#2348 = DIRECTION ( 'NONE',  ( 0.000000000000000000, 0.000000000000000000, 1.000000000000000000 ) ) ;
#2349 = ORIENTED_EDGE ( 'NONE', *, *, #1094, .F. ) ;
#2350 = AXIS2_PLACEMENT_3D ( 'NONE', #1907, #2114, #2308 ) ;
#2351 = SHAPE_DEFINITION_REPRESENTATION ( #700, #1604 ) ;
#2352 = LINE ( 'NONE', #1889, #1470 ) ;
#2353 = ORIENTED_EDGE ( 'NONE', *, *, #236, .F. ) ;
#2354 = ORIENTED_EDGE ( 'NONE', *, *, #2534, .T. ) ;
#2355 = ORIENTED_EDGE ( 'NONE', *, *, #1080, .F. ) ;
#2356 = CARTESIAN_POINT ( 'NONE',  ( -0.004117529880478079315, 0.3561952191235060461, -0.004117529880478083652 ) ) ;
#2357 = PLANE ( 'NONE',  #2325 ) ;
#2358 = DIRECTION ( 'NONE',  ( -1.000000000000000000, 0.000000000000000000, 0.000000000000000000 ) ) ;
#2359 = EDGE_CURVE ( 'NONE', #2433, #2386, #1006, .T. ) ;
#2360 = CONTEXT_DEPENDENT_SHAPE_REPRESENTATION ( #1914, #1845 ) ;
#2361 = DIRECTION ( 'NONE',  ( 0.000000000000000000, -0.000000000000000000, -1.000000000000000000 ) ) ;
#2362 = ORIENTED_EDGE ( 'NONE', *, *, #132, .T. ) ;
#2363 = VERTEX_POINT ( 'NONE', #1228 ) ;
#2364 = EDGE_CURVE ( 'NONE', #375, #131, #1013, .T. ) ;
#2365 = CARTESIAN_POINT ( 'NONE',  ( 0.000000000000000000, 0.4649999999999999689, 0.08000000000000009881 ) ) ;
#2366 = AXIS2_PLACEMENT_3D ( 'NONE', #1636, #1069, #206 ) ;
#2367 = CARTESIAN_POINT ( 'NONE',  ( 0.01250000000000000590, -0.1049999999999997324, -0.01250000000000000069 ) ) ;
#2368 = ADVANCED_FACE ( 'NONE', ( #138 ), #2029, .F. ) ;
#2369 = ORIENTED_EDGE ( 'NONE', *, *, #1109, .T. ) ;
#2370 = ORIENTED_EDGE ( 'NONE', *, *, #807, .F. ) ;
#2371 = VECTOR ( 'NONE', #894, 39.37007874015748143 ) ;
#2372 = UNCERTAINTY_MEASURE_WITH_UNIT (LENGTH_MEASURE( 1.000000000000000082E-05 ), #15, 'distance_accuracy_value', 'NONE');
#2373 = VERTEX_POINT ( 'NONE', #570 ) ;
#2374 = CARTESIAN_POINT ( 'NONE',  ( -0.1099999999999999867, 0.4449999999999999512, -0.1199999999999999956 ) ) ;
#2375 = ORIENTED_EDGE ( 'NONE', *, *, #391, .T. ) ;
#2376 = ORIENTED_EDGE ( 'NONE', *, *, #1201, .F. ) ;
#2377 = EDGE_LOOP ( 'NONE', ( #1580, #1688, #1596, #537 ) ) ;
#2378 = ORIENTED_EDGE ( 'NONE', *, *, #1882, .F. ) ;
#2379 = AXIS2_PLACEMENT_3D ( 'NONE', #918, #1340, #1950 ) ;
#2380 = CARTESIAN_POINT ( 'NONE',  ( 0.05999999999999996309, 0.1150000000000000050, -0.1000000000000000056 ) ) ;
#2381 = DIRECTION ( 'NONE',  ( 0.000000000000000000, 1.000000000000000000, 0.000000000000000000 ) ) ;
#2382 = SHAPE_DEFINITION_REPRESENTATION ( #2128, #208 ) ;
#2383 = DIRECTION ( 'NONE',  ( -1.000000000000000000, 0.000000000000000000, 0.000000000000000000 ) ) ;
#2384 = VERTEX_POINT ( 'NONE', #785 ) ;
#2385 = EDGE_LOOP ( 'NONE', ( #810, #2506, #1670, #1739 ) ) ;
#2386 = VERTEX_POINT ( 'NONE', #360 ) ;
#2387 = EDGE_CURVE ( 'NONE', #1540, #279, #77, .T. ) ;
#2388 = CARTESIAN_POINT ( 'NONE',  ( 0.000000000000000000, 0.4649999999999999689, -0.08000000000000000167 ) ) ;
#2389 = DIRECTION ( 'NONE',  ( -0.000000000000000000, -1.000000000000000000, -0.000000000000000000 ) ) ;
#2390 = VECTOR ( 'NONE', #684, 39.37007874015748143 ) ;
#2391 = ORIENTED_EDGE ( 'NONE', *, *, #1439, .F. ) ;
#2392 = ORIENTED_EDGE ( 'NONE', *, *, #1560, .F. ) ;
#2393 = ORIENTED_EDGE ( 'NONE', *, *, #31, .F. ) ;
#2394 = ADVANCED_FACE ( 'NONE', ( #1001 ), #2061, .F. ) ;
#2395 = VERTEX_POINT ( 'NONE', #2606 ) ;
#2396 = EDGE_LOOP ( 'NONE', ( #714, #706, #267, #2460 ) ) ;
#2397 = DIRECTION ( 'NONE',  ( -0.000000000000000000, -1.000000000000000000, -0.000000000000000000 ) ) ;
#2398 = ORIENTED_EDGE ( 'NONE', *, *, #1397, .F. ) ;
#2399 = ORIENTED_EDGE ( 'NONE', *, *, #1857, .F. ) ;
#2400 = EDGE_CURVE ( 'NONE', #457, #2395, #46, .T. ) ;
#2401 = ORIENTED_EDGE ( 'NONE', *, *, #213, .T. ) ;
#2402 = CARTESIAN_POINT ( 'NONE',  ( 0.2800000000000000822, 0.4649999999999999689, -0.000000000000000000 ) ) ;
#2403 = CARTESIAN_POINT ( 'NONE',  ( 0.01250000000000000590, -0.1049999999999997324, 0.01250000000000000069 ) ) ;
#2404 = CARTESIAN_POINT ( 'NONE',  ( 0.2079999999999999349, 0.4649999999999999689, -0.1000000000000000056 ) ) ;
#2405 = VERTEX_POINT ( 'NONE', #2444 ) ;
#2406 = ORIENTED_EDGE ( 'NONE', *, *, #2028, .F. ) ;
#2407 = AXIS2_PLACEMENT_3D ( 'NONE', #1732, #2383, #162 ) ;
#2408 = CARTESIAN_POINT ( 'NONE',  ( -0.2599999999999999534, 0.4449999999999999512, -0.05999999999999994921 ) ) ;
#2409 = CARTESIAN_POINT ( 'NONE',  ( 0.2719999999999999085, 0.4649999999999999689, -0.09800000000000000377 ) ) ;
#2410 = DIRECTION ( 'NONE',  ( 0.000000000000000000, -0.000000000000000000, 1.000000000000000000 ) ) ;
#2411 = ORIENTED_EDGE ( 'NONE', *, *, #1397, .T. ) ;
#2412 = EDGE_LOOP ( 'NONE', ( #852, #775, #1422, #2612 ) ) ;
#2413 = ORIENTED_EDGE ( 'NONE', *, *, #1476, .T. ) ;
#2414 = CARTESIAN_POINT ( 'NONE',  ( -0.06000000000000003247, 0.1150000000000000050, -0.1000000000000000056 ) ) ;
#2415 = SURFACE_STYLE_USAGE ( .BOTH. , #120 ) ;
#2416 = VERTEX_POINT ( 'NONE', #2587 ) ;
#2417 = DIMENSIONAL_EXPONENTS ( 1.000000000000000000, 0.000000000000000000, 0.000000000000000000, 0.000000000000000000, 0.000000000000000000, 0.000000000000000000, 0.000000000000000000 ) ;
#2418 = EDGE_CURVE ( 'NONE', #2363, #347, #1883, .T. ) ;
#2419 = VERTEX_POINT ( 'NONE', #2232 ) ;
#2420 = DIRECTION ( 'NONE',  ( -0.2915362068315989763, -0.9110506463487559881, 0.2915362068315989763 ) ) ;
#2421 = DIRECTION ( 'NONE',  ( -0.3713906763541041101, -0.9284766908852590817, -0.000000000000000000 ) ) ;
#2422 = CARTESIAN_POINT ( 'NONE',  ( 0.1749999999999999334, 0.1150000000000000050, 0.06000000000000005329 ) ) ;
#2423 = VERTEX_POINT ( 'NONE', #150 ) ;
#2424 = EDGE_LOOP ( 'NONE', ( #1922, #491, #694, #717 ) ) ;
#2425 = ORIENTED_EDGE ( 'NONE', *, *, #1481, .T. ) ;
#2426 = CARTESIAN_POINT ( 'NONE',  ( 0.01250000000000000590, 0.01500000000000000291, 0.01250000000000000069 ) ) ;
#2427 = ORIENTED_EDGE ( 'NONE', *, *, #594, .F. ) ;
#2428 = ORIENTED_EDGE ( 'NONE', *, *, #516, .F. ) ;
#2429 = SHAPE_DEFINITION_REPRESENTATION ( #2509, #1270 ) ;
#2430 = FACE_OUTER_BOUND ( 'NONE', #2116, .T. ) ;
#2431 = CARTESIAN_POINT ( 'NONE',  ( -0.1499999999999999944, 0.3150000000000000022, -0.1000000000000000056 ) ) ;
#2432 = CARTESIAN_POINT ( 'NONE',  ( 0.000000000000000000, 0.000000000000000000, 0.000000000000000000 ) ) ;
#2433 = VERTEX_POINT ( 'NONE', #2197 ) ;
#2434 = EDGE_CURVE ( 'NONE', #2251, #1323, #961, .T. ) ;
#2435 = EDGE_CURVE ( 'NONE', #2576, #1933, #975, .T. ) ;
#2436 = ORIENTED_EDGE ( 'NONE', *, *, #2310, .T. ) ;
#2437 = ORIENTED_EDGE ( 'NONE', *, *, #1548, .F. ) ;
#2438 = CARTESIAN_POINT ( 'NONE',  ( 0.2399999999999999079, 0.3850000000000000089, -0.1000000000000000056 ) ) ;
#2439 = DIRECTION ( 'NONE',  ( -0.000000000000000000, -0.7071067811865485719, -0.7071067811865464625 ) ) ;
#2440 = CARTESIAN_POINT ( 'NONE',  ( -0.2599999999999999534, 0.1150000000000000050, 0.06000000000000005329 ) ) ;
#2441 = AXIS2_PLACEMENT_3D ( 'NONE', #2113, #62, #1630 ) ;
#2442 = ORIENTED_EDGE ( 'NONE', *, *, #1174, .F. ) ;
#2443 = DIRECTION ( 'NONE',  ( 0.000000000000000000, 0.000000000000000000, -1.000000000000000000 ) ) ;
#2444 = CARTESIAN_POINT ( 'NONE',  ( -0.1099999999999999867, 0.3519999999999996465, -0.1600000000000000033 ) ) ;
#2445 = VERTEX_POINT ( 'NONE', #2276 ) ;
#2446 = EDGE_LOOP ( 'NONE', ( #1351, #920, #2234, #27, #19, #497 ) ) ;
#2447 = EDGE_LOOP ( 'NONE', ( #335, #2112, #1209, #2376 ) ) ;
#2448 = DIRECTION ( 'NONE',  ( 1.000000000000000000, 0.000000000000000000, 0.000000000000000000 ) ) ;
#2449 = VERTEX_POINT ( 'NONE', #651 ) ;
#2450 = EDGE_CURVE ( 'NONE', #532, #1516, #941, .T. ) ;
#2451 = ORIENTED_EDGE ( 'NONE', *, *, #184, .T. ) ;
#2452 = ORIENTED_EDGE ( 'NONE', *, *, #2454, .T. ) ;
#2453 = DIRECTION ( 'NONE',  ( -1.509147063664734505E-16, 0.7071067811865489050, -0.7071067811865461294 ) ) ;
#2454 = EDGE_CURVE ( 'NONE', #1374, #1623, #81, .T. ) ;
#2455 = PRODUCT_DEFINITION_CONTEXT ( 'detailed design', #1234, 'design' ) ;
#2456 = PRODUCT_DEFINITION ( 'UNKNOWN', '', #1517, #1417 ) ;
#2457 = ORIENTED_EDGE ( 'NONE', *, *, #888, .F. ) ;
#2458 = DIRECTION ( 'NONE',  ( -1.000000000000000000, 0.000000000000000000, 0.000000000000000000 ) ) ;
#2459 = PLANE ( 'NONE',  #915 ) ;
#2460 = ORIENTED_EDGE ( 'NONE', *, *, #396, .F. ) ;
#2461 = ORIENTED_EDGE ( 'NONE', *, *, #331, .T. ) ;
#2462 = EDGE_CURVE ( 'NONE', #1183, #1374, #198, .T. ) ;
#2463 = DIRECTION ( 'NONE',  ( 0.000000000000000000, 0.000000000000000000, 1.000000000000000000 ) ) ;
#2464 = ORIENTED_EDGE ( 'NONE', *, *, #2513, .T. ) ;
#2465 = AXIS2_PLACEMENT_3D ( 'NONE', #2302, #1443, #2255 ) ;
#2466 = DIRECTION ( 'NONE',  ( 0.000000000000000000, 0.000000000000000000, 1.000000000000000000 ) ) ;
#2467 = ITEM_DEFINED_TRANSFORMATION ( 'NONE', 'NONE', #1224,  #1938 ) ;
#2468 = CARTESIAN_POINT ( 'NONE',  ( -0.2599999999999999534, 0.1150000000000000050, 0.06000000000000005329 ) ) ;
#2469 = ORIENTED_EDGE ( 'NONE', *, *, #431, .F. ) ;
#2470 = DIRECTION ( 'NONE',  ( 0.000000000000000000, 0.7071067811865464625, 0.7071067811865485719 ) ) ;
#2471 = CARTESIAN_POINT ( 'NONE',  ( -0.05700000000000000205, 0.3519999999999999796, -0.1200000000000000233 ) ) ;
#2472 = ORIENTED_EDGE ( 'NONE', *, *, #874, .T. ) ;
#2473 = ORIENTED_EDGE ( 'NONE', *, *, #2462, .T. ) ;
#2474 = EDGE_CURVE ( 'NONE', #504, #815, #1075, .T. ) ;
#2475 = DIRECTION ( 'NONE',  ( 1.000000000000000000, 0.000000000000000000, -0.000000000000000000 ) ) ;
#2476 = ORIENTED_EDGE ( 'NONE', *, *, #2570, .F. ) ;
#2477 = DIRECTION ( 'NONE',  ( -0.7071067811865463515, -0.7071067811865487940, 0.000000000000000000 ) ) ;
#2478 = DIRECTION ( 'NONE',  ( 1.000000000000000000, 0.000000000000000000, 0.000000000000000000 ) ) ;
#2479 = ORIENTED_EDGE ( 'NONE', *, *, #1037, .T. ) ;
#2480 = CARTESIAN_POINT ( 'NONE',  ( 0.1249999999999999306, 0.4649999999999999689, 0.1000000000000000056 ) ) ;
#2481 = DIRECTION ( 'NONE',  ( 0.000000000000000000, 0.7071067811865464625, 0.7071067811865485719 ) ) ;
#2482 = CARTESIAN_POINT ( 'NONE',  ( -0.06000000000000003247, 0.1150000000000000050, -0.1000000000000000056 ) ) ;
#2483 = PRODUCT_RELATED_PRODUCT_CATEGORY ( 'part', '', ( #1292 ) ) ;
#2484 = ITEM_DEFINED_TRANSFORMATION ( 'NONE', 'NONE', #155,  #1938 ) ;
#2485 = EDGE_CURVE ( 'NONE', #2536, #1765, #1042, .T. ) ;
#2486 = PLANE ( 'NONE',  #1181 ) ;
#2487 = CARTESIAN_POINT ( 'NONE',  ( 0.1099999999999999867, 0.4449999999999998956, -0.05999999999999999084 ) ) ;
#2488 = ORIENTED_EDGE ( 'NONE', *, *, #2273, .F. ) ;
#2489 = AXIS2_PLACEMENT_3D ( 'NONE', #1136, #981, #1584 ) ;
#2490 = DIRECTION ( 'NONE',  ( -0.000000000000000000, -0.000000000000000000, 1.000000000000000000 ) ) ;
#2491 = CARTESIAN_POINT ( 'NONE',  ( -0.06000000000000003247, 0.3150000000000000022, -0.07999999999999993228 ) ) ;
#2492 = APPLICATION_PROTOCOL_DEFINITION ( 'draft international standard', 'automotive_design', 1998, #1497 ) ;
#2493 = ORIENTED_EDGE ( 'NONE', *, *, #1589, .T. ) ;
#2494 = DIRECTION ( 'NONE',  ( -0.000000000000000000, -0.000000000000000000, 1.000000000000000000 ) ) ;
#2495 = DIMENSIONAL_EXPONENTS ( 1.000000000000000000, 0.000000000000000000, 0.000000000000000000, 0.000000000000000000, 0.000000000000000000, 0.000000000000000000, 0.000000000000000000 ) ;
#2496 = ORIENTED_EDGE ( 'NONE', *, *, #1915, .F. ) ;
#2497 = DIRECTION ( 'NONE',  ( -0.000000000000000000, 1.000000000000000000, -0.000000000000000000 ) ) ;
#2498 = CARTESIAN_POINT ( 'NONE',  ( -0.1300000000000000600, 0.4649999999999999689, -0.000000000000000000 ) ) ;
#2499 = CARTESIAN_POINT ( 'NONE',  ( 0.004500000000000003129, -0.1300000000000000044, 0.000000000000000000 ) ) ;
#2500 = VERTEX_POINT ( 'NONE', #1263 ) ;
#2501 = AXIS2_PLACEMENT_3D ( 'NONE', #1928, #2135, #523 ) ;
#2502 = DIRECTION ( 'NONE',  ( 0.000000000000000000, 1.000000000000000000, 0.000000000000000000 ) ) ;
#2503 = ORIENTED_EDGE ( 'NONE', *, *, #2305, .F. ) ;
#2504 = EDGE_CURVE ( 'NONE', #2557, #687, #1949, .T. ) ;
#2505 = DIRECTION ( 'NONE',  ( -0.000000000000000000, 1.000000000000000000, -0.000000000000000000 ) ) ;
#2506 = ORIENTED_EDGE ( 'NONE', *, *, #1948, .T. ) ;
#2507 = DIRECTION ( 'NONE',  ( 1.000000000000000000, 0.000000000000000000, -0.000000000000000000 ) ) ;
#2508 = ADVANCED_FACE ( 'NONE', ( #1024 ), #1650, .F. ) ;
#2509 = PRODUCT_DEFINITION_SHAPE ( 'NONE', 'NONE',  #1390 ) ;
#2510 = VERTEX_POINT ( 'NONE', #1048 ) ;
#2511 = ORIENTED_EDGE ( 'NONE', *, *, #1353, .F. ) ;
#2512 = PLANE ( 'NONE',  #197 ) ;
#2513 = EDGE_CURVE ( 'NONE', #1290, #1623, #176, .T. ) ;
#2514 = EDGE_LOOP ( 'NONE', ( #2391, #2427, #596, #642 ) ) ;
#2515 = VERTEX_POINT ( 'NONE', #1302 ) ;
#2516 = VERTEX_POINT ( 'NONE', #2538 ) ;
#2517 = VERTEX_POINT ( 'NONE', #277 ) ;
#2518 = EDGE_CURVE ( 'NONE', #911, #2363, #223, .T. ) ;
#2519 = CARTESIAN_POINT ( 'NONE',  ( -0.1749999999999999334, 0.4649999999999999689, 0.1000000000000000056 ) ) ;
#2520 = CARTESIAN_POINT ( 'NONE',  ( 0.05999999999999996309, 0.3150000000000000022, -0.1000000000000000056 ) ) ;
#2521 = ORIENTED_EDGE ( 'NONE', *, *, #1615, .T. ) ;
#2522 = AXIS2_PLACEMENT_3D ( 'NONE', #34, #1438, #2526 ) ;
#2523 = DIRECTION ( 'NONE',  ( 1.000000000000000000, 0.000000000000000000, 0.000000000000000000 ) ) ;
#2524 = DIRECTION ( 'NONE',  ( 0.000000000000000000, 0.000000000000000000, 1.000000000000000000 ) ) ;
#2525 = ORIENTED_EDGE ( 'NONE', *, *, #266, .T. ) ;
#2526 = DIRECTION ( 'NONE',  ( -1.000000000000000000, 0.000000000000000000, 0.000000000000000000 ) ) ;
#2527 = LINE ( 'NONE', #2012, #1747 ) ;
#2528 = ORIENTED_EDGE ( 'NONE', *, *, #734, .T. ) ;
#2529 = EDGE_LOOP ( 'NONE', ( #2452, #740, #1421, #2473 ) ) ;
#2530 = PLANE ( 'NONE',  #1369 ) ;
#2531 = ADVANCED_FACE ( 'NONE', ( #1939 ), #1725, .F. ) ;
#2532 = DIRECTION ( 'NONE',  ( -0.3713906763541041101, -0.9284766908852590817, -0.000000000000000000 ) ) ;
#2533 = ORIENTED_EDGE ( 'NONE', *, *, #1283, .F. ) ;
#2534 = EDGE_CURVE ( 'NONE', #479, #1213, #1090, .T. ) ;
#2535 = VERTEX_POINT ( 'NONE', #261 ) ;
#2536 = VERTEX_POINT ( 'NONE', #1873 ) ;
#2537 = CARTESIAN_POINT ( 'NONE',  ( 0.1099999999999999034, 0.3150000000000000022, -0.1000000000000000056 ) ) ;
#2538 = CARTESIAN_POINT ( 'NONE',  ( -0.01249999999999999722, 0.01500000000000000291, -0.01250000000000000069 ) ) ;
#2539 = EDGE_LOOP ( 'NONE', ( #1819, #2324, #527, #2346 ) ) ;
#2540 = DIRECTION ( 'NONE',  ( 0.2915362068315990873, -0.9110506463487559881, 0.2915362068315990873 ) ) ;
#2541 = CARTESIAN_POINT ( 'NONE',  ( -0.1249999999999999306, 0.4649999999999999689, 0.1000000000000000056 ) ) ;
#2542 = ORIENTED_EDGE ( 'NONE', *, *, #33, .T. ) ;
#2543 = CARTESIAN_POINT ( 'NONE',  ( 0.1749999999999999334, 0.1150000000000000050, 0.06000000000000005329 ) ) ;
#2544 = ORIENTED_EDGE ( 'NONE', *, *, #1839, .F. ) ;
#2545 = EDGE_LOOP ( 'NONE', ( #408, #2546, #2139, #2152 ) ) ;
#2546 = ORIENTED_EDGE ( 'NONE', *, *, #1767, .T. ) ;
#2547 = DIRECTION ( 'NONE',  ( 0.000000000000000000, 1.000000000000000000, 0.000000000000000000 ) ) ;
#2548 = CARTESIAN_POINT ( 'NONE',  ( -0.1099999999999999867, 0.3150000000000000022, -0.1600000000000000033 ) ) ;
#2549 = EDGE_CURVE ( 'NONE', #942, #823, #214, .T. ) ;
#2550 = VERTEX_POINT ( 'NONE', #29 ) ;
#2551 = ORIENTED_EDGE ( 'NONE', *, *, #1948, .F. ) ;
#2552 = ADVANCED_FACE ( 'NONE', ( #182 ), #1066, .F. ) ;
#2553 = CARTESIAN_POINT ( 'NONE',  ( 0.000000000000000000, 0.4649999999999999689, 0.000000000000000000 ) ) ;
#2554 = DIRECTION ( 'NONE',  ( 0.000000000000000000, 0.000000000000000000, 1.000000000000000000 ) ) ;
#2555 = ORIENTED_EDGE ( 'NONE', *, *, #1996, .T. ) ;
#2556 = ORIENTED_EDGE ( 'NONE', *, *, #1927, .T. ) ;
#2557 = VERTEX_POINT ( 'NONE', #2487 ) ;
#2558 = EDGE_LOOP ( 'NONE', ( #580, #1435, #541, #1591 ) ) ;
#2559 = PLANE ( 'NONE',  #210 ) ;
#2560 = CARTESIAN_POINT ( 'NONE',  ( 0.01250000000000000590, 0.3550000000000000377, 0.004499999999999989252 ) ) ;
#2561 = DIRECTION ( 'NONE',  ( 0.000000000000000000, -0.000000000000000000, 1.000000000000000000 ) ) ;
#2562 = ORIENTED_EDGE ( 'NONE', *, *, #2601, .T. ) ;
#2563 = ORIENTED_EDGE ( 'NONE', *, *, #2140, .T. ) ;
#2564 = CARTESIAN_POINT ( 'NONE',  ( -0.1499999999999999944, 0.4649999999999999689, -0.1600000000000000033 ) ) ;
#2565 = ORIENTED_EDGE ( 'NONE', *, *, #359, .T. ) ;
#2566 = EDGE_LOOP ( 'NONE', ( #607, #562, #681, #2393 ) ) ;
#2567 = EDGE_LOOP ( 'NONE', ( #743, #2442, #1179 ) ) ;
#2568 = DIRECTION ( 'NONE',  ( -0.000000000000000000, 1.000000000000000000, -0.000000000000000000 ) ) ;
#2569 = DIRECTION ( 'NONE',  ( 1.000000000000000000, 0.000000000000000000, 0.000000000000000000 ) ) ;
#2570 = EDGE_CURVE ( 'NONE', #2536, #1888, #1055, .T. ) ;
#2571 = ORIENTED_EDGE ( 'NONE', *, *, #363, .F. ) ;
#2572 = ORIENTED_EDGE ( 'NONE', *, *, #1008, .T. ) ;
#2573 = DIRECTION ( 'NONE',  ( -0.000000000000000000, 1.000000000000000000, -0.000000000000000000 ) ) ;
#2574 = CARTESIAN_POINT ( 'NONE',  ( 0.2719999999999999085, 0.4649999999999999689, -0.1000000000000000056 ) ) ;
#2575 = EDGE_LOOP ( 'NONE', ( #2336, #560, #1588, #529 ) ) ;
#2576 = VERTEX_POINT ( 'NONE', #243 ) ;
#2577 = AXIS2_PLACEMENT_3D ( 'NONE', #1474, #490, #851 ) ;
#2578 = ADVANCED_FACE ( 'NONE', ( #1026 ), #458, .T. ) ;
#2579 = CARTESIAN_POINT ( 'NONE',  ( 0.2474999999999999145, 6.763510869251826341E-17, -0.1380788655293195555 ) ) ;
#2580 = CARTESIAN_POINT ( 'NONE',  ( 0.2474999999999999145, 6.763510869251826341E-17, -0.1380788655293195555 ) ) ;
#2581 = VERTEX_POINT ( 'NONE', #2520 ) ;
#2582 = EDGE_CURVE ( 'NONE', #468, #2583, #1958, .T. ) ;
#2583 = VERTEX_POINT ( 'NONE', #2574 ) ;
#2584 = ORIENTED_EDGE ( 'NONE', *, *, #2474, .F. ) ;
#2585 = CARTESIAN_POINT ( 'NONE',  ( -0.06000000000000003247, -0.01149110640673522282, -0.05999999999999999084 ) ) ;
#2586 = AXIS2_PLACEMENT_3D ( 'NONE', #1868, #1479, #2118 ) ;
#2587 = CARTESIAN_POINT ( 'NONE',  ( -0.2800000000000000266, 0.4649999999999999689, -0.08000000000000000167 ) ) ;
#2588 = ORIENTED_EDGE ( 'NONE', *, *, #1359, .F. ) ;
#2589 = AXIS2_PLACEMENT_3D ( 'NONE', #1520, #1719, #1936 ) ;
#2590 = DIRECTION ( 'NONE',  ( 0.5773502691896263972, -0.5773502691896243988, 0.5773502691896261751 ) ) ;
#2591 = ORIENTED_EDGE ( 'NONE', *, *, #1530, .T. ) ;
#2592 = ORIENTED_EDGE ( 'NONE', *, *, #937, .T. ) ;
#2593 = DIRECTION ( 'NONE',  ( -1.000000000000000000, -0.000000000000000000, -0.000000000000000000 ) ) ;
#2594 = CARTESIAN_POINT ( 'NONE',  ( 0.1099999999999999867, 0.3150000000000000022, -0.1199999999999999956 ) ) ;
#2595 = ORIENTED_EDGE ( 'NONE', *, *, #99, .T. ) ;
#2596 = DIRECTION ( 'NONE',  ( 0.5773502691896263972, -0.5773502691896243988, 0.5773502691896261751 ) ) ;
#2597 = VECTOR ( 'NONE', #1607, 39.37007874015748143 ) ;
#2598 = CARTESIAN_POINT ( 'NONE',  ( 0.000000000000000000, 0.3150000000000000022, 0.000000000000000000 ) ) ;
#2599 = ADVANCED_FACE ( 'NONE', ( #191 ), #175, .T. ) ;
#2600 = VECTOR ( 'NONE', #2001, 39.37007874015748143 ) ;
#2601 = EDGE_CURVE ( 'NONE', #1428, #2416, #1071, .T. ) ;
#2602 = ADVANCED_BREP_SHAPE_REPRESENTATION ( '', ( #1682, #517, #1938 ), #1664 ) ;
#2603 = VECTOR ( 'NONE', #808, 39.37007874015748854 ) ;
#2604 = DIRECTION ( 'NONE',  ( 0.000000000000000000, 1.000000000000000000, 0.000000000000000000 ) ) ;
#2605 = CARTESIAN_POINT ( 'NONE',  ( -0.2524999999999999467, 6.402768735150616918E-18, -0.1000000000000000056 ) ) ;
#2606 = CARTESIAN_POINT ( 'NONE',  ( 0.2399999999999999079, 0.3850000000000000089, -0.09800000000000000377 ) ) ;
#2607 = FACE_OUTER_BOUND ( 'NONE', #2529, .T. ) ;
#2608 = DIRECTION ( 'NONE',  ( 1.000000000000000000, 1.224646799147354440E-16, 0.000000000000000000 ) ) ;
#2609 = DIRECTION ( 'NONE',  ( -0.000000000000000000, -0.000000000000000000, -1.000000000000000000 ) ) ;
#2610 =( GEOMETRIC_REPRESENTATION_CONTEXT ( 3 ) GLOBAL_UNCERTAINTY_ASSIGNED_CONTEXT ( ( #825 ) ) GLOBAL_UNIT_ASSIGNED_CONTEXT ( ( #365, #1962, #1185 ) ) REPRESENTATION_CONTEXT ( 'NONE', 'WORKASPACE' ) );
#2611 = LINE ( 'NONE', #510, #1762 ) ;
#2612 = ORIENTED_EDGE ( 'NONE', *, *, #1476, .F. ) ;
#2613 = EDGE_LOOP ( 'NONE', ( #724, #1614, #341, #245 ) ) ;
#2614 = EDGE_CURVE ( 'NONE', #1863, #423, #1965, .T. ) ;
#2615 = CARTESIAN_POINT ( 'NONE',  ( 0.2474999999999999145, 6.763510869251826341E-17, -0.1000000000000000056 ) ) ;
#2616 = VECTOR ( 'NONE', #723, 39.37007874015748143 ) ;
#2617 = DIRECTION ( 'NONE',  ( -0.000000000000000000, -0.000000000000000000, -1.000000000000000000 ) ) ;
#2618 = LINE ( 'NONE', #2200, #1756 ) ;
#2619 = CARTESIAN_POINT ( 'NONE',  ( 0.000000000000000000, -0.1300000000000000044, 0.000000000000000000 ) ) ;
#2620 = EDGE_CURVE ( 'NONE', #792, #457, #1092, .T. ) ;
#2621 = MECHANICAL_DESIGN_GEOMETRIC_PRESENTATION_REPRESENTATION (  '', ( #1616 ), #522 ) ;
#2622 = VECTOR ( 'NONE', #1562, 39.37007874015748143 ) ;
#2623 = EDGE_LOOP ( 'NONE', ( #2572, #1510, #2178, #344 ) ) ;
#2624 = CARTESIAN_POINT ( 'NONE',  ( 0.2524999999999999467, 6.824743209209193866E-17, -0.1000000000000000056 ) ) ;
#2625 = CARTESIAN_POINT ( 'NONE',  ( -0.1249999999999999306, 0.1150000000000000050, 0.06000000000000005329 ) ) ;
#2626 = VECTOR ( 'NONE', #2149, 39.37007874015748143 ) ;
#2627 = LINE ( 'NONE', #412, #910 ) ;
#2628 = DIRECTION ( 'NONE',  ( 0.000000000000000000, 0.000000000000000000, 1.000000000000000000 ) ) ;
#2629 = PLANE ( 'NONE',  #1210 ) ;
#2630 = DIRECTION ( 'NONE',  ( 0.000000000000000000, 0.000000000000000000, 1.000000000000000000 ) ) ;
#2631 = VECTOR ( 'NONE', #1555, 39.37007874015748854 ) ;
#2632 = EDGE_CURVE ( 'NONE', #2419, #1339, #1982, .T. ) ;
#2633 = DIRECTION ( 'NONE',  ( 0.000000000000000000, 0.000000000000000000, -1.000000000000000000 ) ) ;
#2634 = LINE ( 'NONE', #542, #854 ) ;
#2635 = CARTESIAN_POINT ( 'NONE',  ( 0.1749999999999999056, 0.4649999999999999689, 0.08000000000000009881 ) ) ;
#2636 = LINE ( 'NONE', #307, #1808 ) ;
#2637 = LINE ( 'NONE', #636, #2603 ) ;
#2638 = EDGE_LOOP ( 'NONE', ( #639, #2326, #543, #1491 ) ) ;
#2639 = CARTESIAN_POINT ( 'NONE',  ( 0.01250000000000000590, 0.3299999999999997380, -0.01250000000000000069 ) ) ;
#2640 = LINE ( 'NONE', #2564, #860 ) ;
#2641 = APPLICATION_CONTEXT ( 'automotive_design' ) ;
#2642 = NEXT_ASSEMBLY_USAGE_OCCURRENCE ( 'NAUO1', ' ', ' ', #2456, #1131, $ ) ;
#2643 = NEXT_ASSEMBLY_USAGE_OCCURRENCE ( 'NAUO2', ' ', ' ', #2456, #1390, $ ) ;
#2644 = NEXT_ASSEMBLY_USAGE_OCCURRENCE ( 'NAUO3', ' ', ' ', #2456, #1390, $ ) ;
#2645 = NEXT_ASSEMBLY_USAGE_OCCURRENCE ( 'NAUO4', ' ', ' ', #2456, #1390, $ ) ;
#2646 = NEXT_ASSEMBLY_USAGE_OCCURRENCE ( 'NAUO5', ' ', ' ', #2456, #1390, $ ) ;
#2647 = NEXT_ASSEMBLY_USAGE_OCCURRENCE ( 'NAUO6', ' ', ' ', #2456, #1390, $ ) ;
ENDSEC;
END-ISO-10303-21;
